{
  "metadata": {
    "generated_at_utc": "2026-04-08T20:26:10.673341+00:00",
    "row_count": 6,
    "columns": [
      "model_year",
      "eval_year",
      "n_test_samples",
      "threshold_used",
      "threshold_source",
      "threshold_reason",
      "n_val_threshold_samples",
      "accuracy",
      "precision",
      "recall",
      "f1_score",
      "roc_auc",
      "pr_auc",
      "family_id",
      "family_label",
      "table_type",
      "scaler_year_used",
      "scaler_policy_used"
    ]
  },
  "rows": [
    {
      "model_year": 2017,
      "eval_year": 2017,
      "n_test_samples": 1281614,
      "threshold_used": 0.8712008353658363,
      "threshold_source": "computed_pr_f1",
      "threshold_reason": "max F1 on validation PR curve",
      "n_val_threshold_samples": 1272012,
      "accuracy": 0.9485336458559286,
      "precision": 0.12722677357503923,
      "recall": 0.3147748835604623,
      "f1_score": 0.18121105290598077,
      "roc_auc": 0.8389579681709342,
      "pr_auc": 0.1029652008952401,
      "family_id": "baseline",
      "family_label": "SGD Baseline",
      "table_type": "own_year",
      "scaler_year_used": 2017,
      "scaler_policy_used": "evaluation_year_scaler"
    },
    {
      "model_year": 2018,
      "eval_year": 2018,
      "n_test_samples": 1281670,
      "threshold_used": 0.9256933623982523,
      "threshold_source": "computed_pr_f1",
      "threshold_reason": "max F1 on validation PR curve",
      "n_val_threshold_samples": 1272044,
      "accuracy": 0.9769043513540927,
      "precision": 0.4783665773543713,
      "recall": 0.33558425284555676,
      "f1_score": 0.39445205899801566,
      "roc_auc": 0.8867725903178909,
      "pr_auc": 0.37907272369366946,
      "family_id": "baseline",
      "family_label": "SGD Baseline",
      "table_type": "own_year",
      "scaler_year_used": 2018,
      "scaler_policy_used": "evaluation_year_scaler"
    },
    {
      "model_year": 2019,
      "eval_year": 2019,
      "n_test_samples": 1281599,
      "threshold_used": 0.8503069899827396,
      "threshold_source": "computed_pr_f1",
      "threshold_reason": "max F1 on validation PR curve",
      "n_val_threshold_samples": 1271918,
      "accuracy": 0.9506226206481122,
      "precision": 0.1622320429831478,
      "recall": 0.3345686949287146,
      "f1_score": 0.21850918790752816,
      "roc_auc": 0.8346533811103686,
      "pr_auc": 0.1608391287475569,
      "family_id": "baseline",
      "family_label": "SGD Baseline",
      "table_type": "own_year",
      "scaler_year_used": 2019,
      "scaler_policy_used": "evaluation_year_scaler"
    },
    {
      "model_year": 2020,
      "eval_year": 2020,
      "n_test_samples": 1281825,
      "threshold_used": 0.8905772332045088,
      "threshold_source": "computed_pr_f1",
      "threshold_reason": "max F1 on validation PR curve",
      "n_val_threshold_samples": 1271971,
      "accuracy": 0.96276480798861,
      "precision": 0.25118064653727795,
      "recall": 0.2625812205376481,
      "f1_score": 0.2567544419701948,
      "roc_auc": 0.845932363106879,
      "pr_auc": 0.1934447762408028,
      "family_id": "baseline",
      "family_label": "SGD Baseline",
      "table_type": "own_year",
      "scaler_year_used": 2020,
      "scaler_policy_used": "evaluation_year_scaler"
    },
    {
      "model_year": 2021,
      "eval_year": 2021,
      "n_test_samples": 1281603,
      "threshold_used": 0.8834852025198524,
      "threshold_source": "computed_pr_f1",
      "threshold_reason": "max F1 on validation PR curve",
      "n_val_threshold_samples": 1271903,
      "accuracy": 0.9691745415702054,
      "precision": 0.19950200208620747,
      "recall": 0.27392007392007395,
      "f1_score": 0.23086208239233705,
      "roc_auc": 0.8637231457858812,
      "pr_auc": 0.163036713607982,
      "family_id": "baseline",
      "family_label": "SGD Baseline",
      "table_type": "own_year",
      "scaler_year_used": 2021,
      "scaler_policy_used": "evaluation_year_scaler"
    },
    {
      "model_year": 2022,
      "eval_year": 2022,
      "n_test_samples": 1282491,
      "threshold_used": 0.8673232612193428,
      "threshold_source": "computed_pr_f1",
      "threshold_reason": "max F1 on validation PR curve",
      "n_val_threshold_samples": 1272654,
      "accuracy": 0.9213109487707906,
      "precision": 0.18382837248690526,
      "recall": 0.43484604921478914,
      "f1_score": 0.25841392081361514,
      "roc_auc": 0.8551301684250567,
      "pr_auc": 0.19586134988290246,
      "family_id": "baseline",
      "family_label": "SGD Baseline",
      "table_type": "own_year",
      "scaler_year_used": 2022,
      "scaler_policy_used": "evaluation_year_scaler"
    }
  ]
}