{
  "metadata": {
    "generated_at_utc": "2026-04-08T20:36:07.121315+00:00",
    "row_count": 21,
    "columns": [
      "model_year",
      "eval_year",
      "n_test_samples",
      "threshold_used",
      "threshold_source",
      "threshold_reason",
      "n_val_threshold_samples",
      "accuracy",
      "precision",
      "recall",
      "f1_score",
      "roc_auc",
      "pr_auc",
      "family_id",
      "family_label",
      "table_type",
      "scaler_year_used",
      "scaler_policy_used"
    ]
  },
  "rows": [
    {
      "model_year": 2017,
      "eval_year": 2017,
      "n_test_samples": 1281614,
      "threshold_used": 0.8712008353658363,
      "threshold_source": "computed_pr_f1",
      "threshold_reason": "max F1 on validation PR curve",
      "n_val_threshold_samples": 1272012,
      "accuracy": 0.9485336458559286,
      "precision": 0.12722677357503923,
      "recall": 0.3147748835604623,
      "f1_score": 0.18121105290598077,
      "roc_auc": 0.8389579681709342,
      "pr_auc": 0.1029652008952401,
      "family_id": "baseline",
      "family_label": "SGD Baseline",
      "table_type": "prior_years",
      "scaler_year_used": 2017,
      "scaler_policy_used": "evaluation_year_scaler"
    },
    {
      "model_year": 2018,
      "eval_year": 2017,
      "n_test_samples": 1281614,
      "threshold_used": 0.9848336867974612,
      "threshold_source": "computed_pr_f1",
      "threshold_reason": "max F1 on validation PR curve",
      "n_val_threshold_samples": 1272012,
      "accuracy": 0.9592404577353244,
      "precision": 0.12940756238199724,
      "recall": 0.21873382784198722,
      "f1_score": 0.16261100958609856,
      "roc_auc": 0.8241681810564783,
      "pr_auc": 0.09879837053543554,
      "family_id": "baseline",
      "family_label": "SGD Baseline",
      "table_type": "prior_years",
      "scaler_year_used": 2017,
      "scaler_policy_used": "evaluation_year_scaler"
    },
    {
      "model_year": 2018,
      "eval_year": 2018,
      "n_test_samples": 1281670,
      "threshold_used": 0.9256933623982523,
      "threshold_source": "computed_pr_f1",
      "threshold_reason": "max F1 on validation PR curve",
      "n_val_threshold_samples": 1272044,
      "accuracy": 0.9769043513540927,
      "precision": 0.4783665773543713,
      "recall": 0.33558425284555676,
      "f1_score": 0.39445205899801566,
      "roc_auc": 0.8867725903178909,
      "pr_auc": 0.37907272369366946,
      "family_id": "baseline",
      "family_label": "SGD Baseline",
      "table_type": "prior_years",
      "scaler_year_used": 2018,
      "scaler_policy_used": "evaluation_year_scaler"
    },
    {
      "model_year": 2019,
      "eval_year": 2017,
      "n_test_samples": 1281614,
      "threshold_used": 0.8728077229088975,
      "threshold_source": "computed_pr_f1",
      "threshold_reason": "max F1 on validation PR curve",
      "n_val_threshold_samples": 1272012,
      "accuracy": 0.957585513266865,
      "precision": 0.14313191216541113,
      "recall": 0.2695790926341211,
      "f1_score": 0.18698493890309748,
      "roc_auc": 0.8181842993693429,
      "pr_auc": 0.12331468926553044,
      "family_id": "baseline",
      "family_label": "SGD Baseline",
      "table_type": "prior_years",
      "scaler_year_used": 2017,
      "scaler_policy_used": "evaluation_year_scaler"
    },
    {
      "model_year": 2019,
      "eval_year": 2018,
      "n_test_samples": 1281670,
      "threshold_used": 0.8657434894092075,
      "threshold_source": "computed_pr_f1",
      "threshold_reason": "max F1 on validation PR curve",
      "n_val_threshold_samples": 1272044,
      "accuracy": 0.956378787051269,
      "precision": 0.2031888172982418,
      "recall": 0.32381913745692503,
      "f1_score": 0.24969804332071827,
      "roc_auc": 0.828434268284087,
      "pr_auc": 0.18701865540604878,
      "family_id": "baseline",
      "family_label": "SGD Baseline",
      "table_type": "prior_years",
      "scaler_year_used": 2018,
      "scaler_policy_used": "evaluation_year_scaler"
    },
    {
      "model_year": 2019,
      "eval_year": 2019,
      "n_test_samples": 1281599,
      "threshold_used": 0.8503069899827396,
      "threshold_source": "computed_pr_f1",
      "threshold_reason": "max F1 on validation PR curve",
      "n_val_threshold_samples": 1271918,
      "accuracy": 0.9506226206481122,
      "precision": 0.1622320429831478,
      "recall": 0.3345686949287146,
      "f1_score": 0.21850918790752816,
      "roc_auc": 0.8346533811103686,
      "pr_auc": 0.1608391287475569,
      "family_id": "baseline",
      "family_label": "SGD Baseline",
      "table_type": "prior_years",
      "scaler_year_used": 2019,
      "scaler_policy_used": "evaluation_year_scaler"
    },
    {
      "model_year": 2020,
      "eval_year": 2017,
      "n_test_samples": 1281614,
      "threshold_used": 0.8680949766621104,
      "threshold_source": "computed_pr_f1",
      "threshold_reason": "max F1 on validation PR curve",
      "n_val_threshold_samples": 1272012,
      "accuracy": 0.9572632633538647,
      "precision": 0.14677462646506217,
      "recall": 0.2829912023460411,
      "f1_score": 0.19329562860846,
      "roc_auc": 0.8357208737519805,
      "pr_auc": 0.12638023630436726,
      "family_id": "baseline",
      "family_label": "SGD Baseline",
      "table_type": "prior_years",
      "scaler_year_used": 2017,
      "scaler_policy_used": "evaluation_year_scaler"
    },
    {
      "model_year": 2020,
      "eval_year": 2018,
      "n_test_samples": 1281670,
      "threshold_used": 0.820757480391927,
      "threshold_source": "computed_pr_f1",
      "threshold_reason": "max F1 on validation PR curve",
      "n_val_threshold_samples": 1272044,
      "accuracy": 0.9609618700601559,
      "precision": 0.24584257867487413,
      "recall": 0.35866197918479586,
      "f1_score": 0.2917244698621217,
      "roc_auc": 0.8626203596383379,
      "pr_auc": 0.2545686054385174,
      "family_id": "baseline",
      "family_label": "SGD Baseline",
      "table_type": "prior_years",
      "scaler_year_used": 2018,
      "scaler_policy_used": "evaluation_year_scaler"
    },
    {
      "model_year": 2020,
      "eval_year": 2019,
      "n_test_samples": 1281599,
      "threshold_used": 0.8604247832699663,
      "threshold_source": "computed_pr_f1",
      "threshold_reason": "max F1 on validation PR curve",
      "n_val_threshold_samples": 1271918,
      "accuracy": 0.9530258684658774,
      "precision": 0.16306365650637764,
      "recall": 0.30892863895927086,
      "f1_score": 0.2134570159393781,
      "roc_auc": 0.843421085538199,
      "pr_auc": 0.1495924059061985,
      "family_id": "baseline",
      "family_label": "SGD Baseline",
      "table_type": "prior_years",
      "scaler_year_used": 2019,
      "scaler_policy_used": "evaluation_year_scaler"
    },
    {
      "model_year": 2020,
      "eval_year": 2020,
      "n_test_samples": 1281825,
      "threshold_used": 0.8905772332045088,
      "threshold_source": "computed_pr_f1",
      "threshold_reason": "max F1 on validation PR curve",
      "n_val_threshold_samples": 1271971,
      "accuracy": 0.96276480798861,
      "precision": 0.25118064653727795,
      "recall": 0.2625812205376481,
      "f1_score": 0.2567544419701948,
      "roc_auc": 0.845932363106879,
      "pr_auc": 0.1934447762408028,
      "family_id": "baseline",
      "family_label": "SGD Baseline",
      "table_type": "prior_years",
      "scaler_year_used": 2020,
      "scaler_policy_used": "evaluation_year_scaler"
    },
    {
      "model_year": 2021,
      "eval_year": 2017,
      "n_test_samples": 1281614,
      "threshold_used": 0.8564407487505286,
      "threshold_source": "computed_pr_f1",
      "threshold_reason": "max F1 on validation PR curve",
      "n_val_threshold_samples": 1272012,
      "accuracy": 0.9540423247561278,
      "precision": 0.13975305653068637,
      "recall": 0.2987321028117992,
      "f1_score": 0.19042251972400143,
      "roc_auc": 0.8367039403517764,