{
  "metadata": {
    "generated_at_utc": "2026-04-08T14:56:14.203521+00:00",
    "row_count": 5,
    "columns": [
      "model_year",
      "eval_year",
      "n_test_samples",
      "threshold_used",
      "threshold_source",
      "threshold_reason",
      "n_val_threshold_samples",
      "accuracy",
      "precision",
      "recall",
      "f1_score",
      "roc_auc",
      "pr_auc",
      "family_id",
      "family_label",
      "table_type",
      "scaler_year_used",
      "scaler_policy_used"
    ]
  },
  "rows": [
    {
      "model_year": 2017,
      "eval_year": 2018,
      "n_test_samples": 1281670,
      "threshold_used": 0.8151470070847606,
      "threshold_source": "computed_pr_f1",
      "threshold_reason": "max F1 on validation PR curve",
      "n_val_threshold_samples": 1272044,
      "accuracy": 0.9512206730281586,
      "precision": 0.1890185539684877,
      "recall": 0.3574436980054997,
      "f1_score": 0.24727596710692656,
      "roc_auc": 0.8576201826158724,
      "pr_auc": 0.20782375578324094,
      "family_id": "lagged_features",
      "family_label": "SGD Lagged Features",
      "table_type": "next_year",
      "scaler_year_used": 2018,
      "scaler_policy_used": "evaluation_year_scaler"
    },
    {
      "model_year": 2018,
      "eval_year": 2019,
      "n_test_samples": 1281599,
      "threshold_used": 0.9774209190021912,
      "threshold_source": "computed_pr_f1",
      "threshold_reason": "max F1 on validation PR curve",
      "n_val_threshold_samples": 1271918,
      "accuracy": 0.9632295281129277,
      "precision": 0.20973446359400438,
      "recall": 0.2825700563476156,
      "f1_score": 0.24076431068649407,
      "roc_auc": 0.8168262521066609,
      "pr_auc": 0.1722286420667659,
      "family_id": "lagged_features",
      "family_label": "SGD Lagged Features",
      "table_type": "next_year",
      "scaler_year_used": 2019,
      "scaler_policy_used": "evaluation_year_scaler"
    },
    {
      "model_year": 2019,
      "eval_year": 2020,
      "n_test_samples": 1281825,
      "threshold_used": 0.9257350228588683,
      "threshold_source": "computed_pr_f1",
      "threshold_reason": "max F1 on validation PR curve",
      "n_val_threshold_samples": 1271971,
      "accuracy": 0.9747547442123535,
      "precision": 0.47910344229602014,
      "recall": 0.35198751433303604,
      "f1_score": 0.40582424442730713,
      "roc_auc": 0.8780954956460243,
      "pr_auc": 0.36797840315869157,
      "family_id": "lagged_features",
      "family_label": "SGD Lagged Features",
      "table_type": "next_year",
      "scaler_year_used": 2020,
      "scaler_policy_used": "evaluation_year_scaler"
    },
    {
      "model_year": 2020,
      "eval_year": 2021,
      "n_test_samples": 1281603,
      "threshold_used": 0.9395320334805852,
      "threshold_source": "computed_pr_f1",
      "threshold_reason": "max F1 on validation PR curve",
      "n_val_threshold_samples": 1271903,
      "accuracy": 0.982237089020547,
      "precision": 0.46393146979260597,
      "recall": 0.3327789327789328,
      "f1_score": 0.387560194775497,
      "roc_auc": 0.8811124319007916,
      "pr_auc": 0.3639476400295868,
      "family_id": "lagged_features",
      "family_label": "SGD Lagged Features",
      "table_type": "next_year",
      "scaler_year_used": 2021,
      "scaler_policy_used": "evaluation_year_scaler"
    },
    {
      "model_year": 2021,
      "eval_year": 2022,
      "n_test_samples": 1282491,
      "threshold_used": 0.8214421534904067,
      "threshold_source": "computed_pr_f1",
      "threshold_reason": "max F1 on validation PR curve",
      "n_val_threshold_samples": 1272654,
      "accuracy": 0.9623521724518924,
      "precision": 0.40190490475476226,
      "recall": 0.39760108816619266,
      "f1_score": 0.39974141253403284,
      "roc_auc": 0.8691120406652453,
      "pr_auc": 0.37592395083057295,
      "family_id": "lagged_features",
      "family_label": "SGD Lagged Features",
      "table_type": "next_year",
      "scaler_year_used": 2022,
      "scaler_policy_used": "evaluation_year_scaler"
    }
  ]
}