{
  "metadata": {
    "generated_at_utc": "2026-04-08T16:10:03.940821+00:00",
    "row_count": 5,
    "columns": [
      "model_year",
      "eval_year",
      "n_test_samples",
      "threshold_used",
      "threshold_source",
      "threshold_reason",
      "n_val_threshold_samples",
      "accuracy",
      "precision",
      "recall",
      "f1_score",
      "roc_auc",
      "pr_auc",
      "family_id",
      "family_label",
      "table_type",
      "scaler_year_used",
      "scaler_policy_used"
    ]
  },
  "rows": [
    {
      "model_year": 2017,
      "eval_year": 2018,
      "n_test_samples": 1274070,
      "threshold_used": 0.8249293309182167,
      "threshold_source": "computed_pr_f1",
      "threshold_reason": "max F1 on validation PR curve",
      "n_val_threshold_samples": 1265334,
      "accuracy": 0.9542199408195782,
      "precision": 0.19252089021262514,
      "recall": 0.32551145305123275,
      "f1_score": 0.2419453361579351,
      "roc_auc": 0.8645040227929705,
      "pr_auc": 0.18557348414961103,
      "family_id": "neighbours",
      "family_label": "SGD Neighbours",
      "table_type": "next_year",
      "scaler_year_used": 2018,
      "scaler_policy_used": "evaluation_year_scaler"
    },
    {
      "model_year": 2018,
      "eval_year": 2019,
      "n_test_samples": 1273719,
      "threshold_used": 0.9272531594904824,
      "threshold_source": "computed_pr_f1",
      "threshold_reason": "max F1 on validation PR curve",
      "n_val_threshold_samples": 1265245,
      "accuracy": 0.8967849266596478,
      "precision": 0.08621990318727604,
      "recall": 0.41949913974383485,
      "f1_score": 0.14304059030969096,
      "roc_auc": 0.8071115325466743,
      "pr_auc": 0.09815438821968439,
      "family_id": "neighbours",
      "family_label": "SGD Neighbours",
      "table_type": "next_year",
      "scaler_year_used": 2019,
      "scaler_policy_used": "evaluation_year_scaler"
    },
    {
      "model_year": 2019,
      "eval_year": 2020,
      "n_test_samples": 1273887,
      "threshold_used": 0.9440662356262557,
      "threshold_source": "computed_pr_f1",
      "threshold_reason": "max F1 on validation PR curve",
      "n_val_threshold_samples": 1265338,
      "accuracy": 0.9650267252903908,
      "precision": 0.22392919762878852,
      "recall": 0.17123156483432292,
      "f1_score": 0.19406657018813314,
      "roc_auc": 0.8347517510750616,
      "pr_auc": 0.13531658555227713,
      "family_id": "neighbours",
      "family_label": "SGD Neighbours",
      "table_type": "next_year",
      "scaler_year_used": 2020,
      "scaler_policy_used": "evaluation_year_scaler"
    },
    {
      "model_year": 2020,
      "eval_year": 2021,
      "n_test_samples": 1274011,
      "threshold_used": 0.8941766245905723,
      "threshold_source": "computed_pr_f1",
      "threshold_reason": "max F1 on validation PR curve",
      "n_val_threshold_samples": 1265207,
      "accuracy": 0.9614132060084254,
      "precision": 0.14534299193111805,
      "recall": 0.26047586047586047,
      "f1_score": 0.1865775365676087,
      "roc_auc": 0.8606701787778247,
      "pr_auc": 0.12007792410491956,
      "family_id": "neighbours",
      "family_label": "SGD Neighbours",
      "table_type": "next_year",
      "scaler_year_used": 2021,
      "scaler_policy_used": "evaluation_year_scaler"
    },
    {
      "model_year": 2021,
      "eval_year": 2022,
      "n_test_samples": 1274149,
      "threshold_used": 0.7204267993947184,
      "threshold_source": "computed_pr_f1",
      "threshold_reason": "max F1 on validation PR curve",
      "n_val_threshold_samples": 1265561,
      "accuracy": 0.892758225293902,
      "precision": 0.1405020383173802,
      "recall": 0.46643862780091216,
      "f1_score": 0.21595382090682702,
      "roc_auc": 0.847595005977757,
      "pr_auc": 0.14277579209360614,
      "family_id": "neighbours",
      "family_label": "SGD Neighbours",
      "table_type": "next_year",
      "scaler_year_used": 2022,
      "scaler_policy_used": "evaluation_year_scaler"
    }
  ]
}