family_id,family_label,baseline_family_id,table_type,model_year,eval_year,metric,strategy_threshold,baseline_threshold,point_estimate,ci_lower,ci_upper,bootstrap_mean,bootstrap_std,n_bootstrap,ci_method,ci_alpha,strategy_point_estimate,baseline_point_estimate,p_value_one_sided,q_value_bh
"mlp_combined_HE=0.1_CC=0.1_UP=0.1_PR=(0.2,10)_RR=0.5","MLP Combined (HE=0.1, CC=0.1, UP=0.1, PR=(0.2,10), RR=0.5)",mlp_prevyears_monthly_features_incremental_scaler,next_year,2017,2018,f1_score,0.8968576105519968,0.8921898347654866,-0.0009707599451811433,-0.009259791316436877,0.007125440435788278,-0.0010072068964081086,0.004279103872855136,2000,percentile,0.05,0.2874094298015331,0.28838018974671425,0.5882058970514743,0.9658452023988007
"mlp_combined_HE=0.1_CC=0.1_UP=0.1_PR=(0.2,10)_RR=0.5","MLP Combined (HE=0.1, CC=0.1, UP=0.1, PR=(0.2,10), RR=0.5)",mlp_prevyears_monthly_features_incremental_scaler,next_year,2017,2018,pr_auc,0.8968576105519968,0.8921898347654866,-0.0022577685052579677,-0.013736883880485426,0.011335402506877265,-0.0016773923290511422,0.006413458540149,2000,percentile,0.05,0.24545547128587059,0.24771323979112855,0.6176911544227887,0.9479418706488341
"mlp_combined_HE=0_CC=0.15_UP=0_PR=(0,10)_MC=0.1_RWS=1_RR=0.4","MLP Combined (HE=0, CC=0.15, UP=0, PR=(0,10), MC=0.1, RWS=1, RR=0.4)",mlp_prevyears_monthly_features_incremental_scaler,next_year,2017,2018,f1_score,0.8968576105519968,0.8921898347654866,-0.0009707599451811433,-0.009259791316436877,0.007125440435788278,-0.0010072068964081086,0.004279103872855136,2000,percentile,0.05,0.2874094298015331,0.28838018974671425,0.5882058970514743,0.9658452023988007
"mlp_combined_HE=0_CC=0.15_UP=0_PR=(0,10)_MC=0.1_RWS=1_RR=0.4","MLP Combined (HE=0, CC=0.15, UP=0, PR=(0,10), MC=0.1, RWS=1, RR=0.4)",mlp_prevyears_monthly_features_incremental_scaler,next_year,2017,2018,pr_auc,0.8968576105519968,0.8921898347654866,-0.0022577685052579677,-0.013736883880485426,0.011335402506877265,-0.0016773923290511422,0.006413458540149,2000,percentile,0.05,0.24545547128587059,0.24771323979112855,0.6176911544227887,0.9479418706488341
"mlp_combined_HE=0_CC=0.1_UP=0.1_PR=(0,10)_MC=0.1_RWS=1_RR=0.5","MLP Combined (HE=0, CC=0.1, UP=0.1, PR=(0,10), MC=0.1, RWS=1, RR=0.5)",mlp_prevyears_monthly_features_incremental_scaler,next_year,2017,2018,f1_score,0.8968576105519968,0.8921898347654866,-0.0009707599451811433,-0.009259791316436877,0.007125440435788278,-0.0010072068964081086,0.004279103872855136,2000,percentile,0.05,0.2874094298015331,0.28838018974671425,0.5882058970514743,0.9658452023988007
"mlp_combined_HE=0_CC=0.1_UP=0.1_PR=(0,10)_MC=0.1_RWS=1_RR=0.5","MLP Combined (HE=0, CC=0.1, UP=0.1, PR=(0,10), MC=0.1, RWS=1, RR=0.5)",mlp_prevyears_monthly_features_incremental_scaler,next_year,2017,2018,pr_auc,0.8968576105519968,0.8921898347654866,-0.0022577685052579677,-0.013736883880485426,0.011335402506877265,-0.0016773923290511422,0.006413458540149,2000,percentile,0.05,0.24545547128587059,0.24771323979112855,0.6176911544227887,0.9479418706488341
"mlp_combined_HE=0_CC=0.1_UP=0.2_PR=(0.1,10)_RR=0.5","MLP Combined (HE=0, CC=0.1, UP=0.2, PR=(0.1,10), RR=0.5)",mlp_prevyears_monthly_features_incremental_scaler,next_year,2017,2018,f1_score,0.8968576105519968,0.8921898347654866,-0.0009707599451811433,-0.009259791316436877,0.007125440435788278,-0.0010072068964081086,0.004279103872855136,2000,percentile,0.05,0.2874094298015331,0.28838018974671425,0.5882058970514743,0.9658452023988007
"mlp_combined_HE=0_CC=0.1_UP=0.2_PR=(0.1,10)_RR=0.5","MLP Combined (HE=0, CC=0.1, UP=0.2, PR=(0.1,10), RR=0.5)",mlp_prevyears_monthly_features_incremental_scaler,next_year,2017,2018,pr_auc,0.8968576105519968,0.8921898347654866,-0.0022577685052579677,-0.013736883880485426,0.011335402506877265,-0.0016773923290511422,0.006413458540149,2000,percentile,0.05,0.24545547128587059,0.24771323979112855,0.6176911544227887,0.9479418706488341
"mlp_combined_HE=0_CC=0.2_UP=0.1_PR=(0.2,10)_RR=0.5","MLP Combined (HE=0, CC=0.2, UP=0.1, PR=(0.2,10), RR=0.5)",mlp_prevyears_monthly_features_incremental_scaler,next_year,2017,2018,f1_score,0.8968576105519968,0.8921898347654866,-0.0009707599451811433,-0.009259791316436877,0.007125440435788278,-0.0010072068964081086,0.004279103872855136,2000,percentile,0.05,0.2874094298015331,0.28838018974671425,0.5882058970514743,0.9658452023988007
"mlp_combined_HE=0_CC=0.2_UP=0.1_PR=(0.2,10)_RR=0.5","MLP Combined (HE=0, CC=0.2, UP=0.1, PR=(0.2,10), RR=0.5)",mlp_prevyears_monthly_features_incremental_scaler,next_year,2017,2018,pr_auc,0.8968576105519968,0.8921898347654866,-0.0022577685052579677,-0.013736883880485426,0.011335402506877265,-0.0016773923290511422,0.006413458540149,2000,percentile,0.05,0.24545547128587059,0.24771323979112855,0.6176911544227887,0.9479418706488341
"mlp_combined_HE=0_CC=0.2_UP=0.2_PR=(0.1,10)_RR=0.5","MLP Combined (HE=0, CC=0.2, UP=0.2, PR=(0.1,10), RR=0.5)",mlp_prevyears_monthly_features_incremental_scaler,next_year,2017,2018,f1_score,0.8968576105519968,0.8921898347654866,-0.0009707599451811433,-0.009259791316436877,0.007125440435788278,-0.0010072068964081086,0.004279103872855136,2000,percentile,0.05,0.2874094298015331,0.28838018974671425,0.5882058970514743,0.9658452023988007
"mlp_combined_HE=0_CC=0.2_UP=0.2_PR=(0.1,10)_RR=0.5","MLP Combined (HE=0, CC=0.2, UP=0.2, PR=(0.1,10), RR=0.5)",mlp_prevyears_monthly_features_incremental_scaler,next_year,2017,2018,pr_auc,0.8968576105519968,0.8921898347654866,-0.0022577685052579677,-0.013736883880485426,0.011335402506877265,-0.0016773923290511422,0.006413458540149,2000,percentile,0.05,0.24545547128587059,0.24771323979112855,0.6176911544227887,0.9479418706488341
mlp_prevyears_monthly_features_incremental_scaler_experience_replay_RR_0.2,MLP Prevyears + Monthly (Incremental Scaler + Replay RR=0.2),mlp_prevyears_monthly_features_incremental_scaler,next_year,2017,2018,f1_score,0.8819689727807036,0.8921898347654866,-0.0030883289116497847,-0.011822141320731103,0.00524641794293235,-0.003083073190879477,0.004406877789593614,2000,percentile,0.05,0.28529186083506447,0.28838018974671425,0.760119940029985,1.0
mlp_prevyears_monthly_features_incremental_scaler_experience_replay_RR_0.2,MLP Prevyears + Monthly (Incremental Scaler + Replay RR=0.2),mlp_prevyears_monthly_features_incremental_scaler,next_year,2017,2018,pr_auc,0.8819689727807036,0.8921898347654866,-0.007000318018797191,-0.01919872246204467,0.005303773569619477,-0.006753311507302753,0.006231430780198687,2000,percentile,0.05,0.24071292177233136,0.24771323979112855,0.8600699650174912,1.0
mlp_prevyears_monthly_features_incremental_scaler_experience_replay_RR_0.2_PR_0.10,"MLP Prevyears + Monthly (Incremental Scaler + Replay RR=0.2, PR=0.10)",mlp_prevyears_monthly_features_incremental_scaler,next_year,2017,2018,f1_score,0.8968576105519968,0.8921898347654866,-0.0009707599451811433,-0.009259791316436877,0.007125440435788278,-0.0010072068964081086,0.004279103872855136,2000,percentile,0.05,0.2874094298015331,0.28838018974671425,0.5882058970514743,0.9658452023988007
mlp_prevyears_monthly_features_incremental_scaler_experience_replay_RR_0.2_PR_0.10,"MLP Prevyears + Monthly (Incremental Scaler + Replay RR=0.2, PR=0.10)",mlp_prevyears_monthly_features_incremental_scaler,next_year,2017,2018,pr_auc,0.8968576105519968,0.8921898347654866,-0.0022577685052579677,-0.013736883880485426,0.011335402506877265,-0.0016773923290511422,0.006413458540149,2000,percentile,0.05,0.24545547128587059,0.24771323979112855,0.6176911544227887,0.9479418706488341
mlp_prevyears_monthly_features_incremental_scaler_experience_replay_RR_0.2_PR_0.15,"MLP Prevyears + Monthly (Incremental Scaler + Replay RR=0.2, PR=0.15)",mlp_prevyears_monthly_features_incremental_scaler,next_year,2017,2018,f1_score,0.866190462826853,0.8921898347654866,-0.0053362673769492,-0.027771450275677057,0.023647359297332075,-0.006100691798738822,0.013132561635987307,2000,percentile,0.05,0.28304392236976506,0.28838018974671425,0.6981509245377311,1.0
mlp_prevyears_monthly_features_incremental_scaler_experience_replay_RR_0.2_PR_0.15,"MLP Prevyears + Monthly (Incremental Scaler + Replay RR=0.2, PR=0.15)",mlp_prevyears_monthly_features_incremental_scaler,next_year,2017,2018,pr_auc,0.866190462826853,0.8921898347654866,-0.0057567945688042355,-0.023578968511354673,0.010808407953317186,-0.006831067258165811,0.00900906925754131,2000,percentile,0.05,0.24195644522232432,0.24771323979112855,0.7701149425287356,1.0
mlp_prevyears_monthly_features_incremental_scaler_experience_replay_RR_0.3,MLP Prevyears + Monthly (Incremental Scaler + Replay RR=0.3),mlp_prevyears_monthly_features_incremental_scaler,next_year,2017,2018,f1_score,0.8819689727807036,0.8921898347654866,-0.0030883289116497847,-0.011822141320731103,0.00524641794293235,-0.003083073190879477,0.004406877789593614,2000,percentile,0.05,0.28529186083506447,0.28838018974671425,0.760119940029985,1.0
mlp_prevyears_monthly_features_incremental_scaler_experience_replay_RR_0.3,MLP Prevyears + Monthly (Incremental Scaler + Replay RR=0.3),mlp_prevyears_monthly_features_incremental_scaler,next_year,2017,2018,pr_auc,0.8819689727807036,0.8921898347654866,-0.007000318018797191,-0.01919872246204467,0.005303773569619477,-0.006753311507302753,0.006231430780198687,2000,percentile,0.05,0.24071292177233136,0.24771323979112855,0.8600699650174912,1.0
mlp_prevyears_monthly_features_incremental_scaler_experience_replay_RR_0.3_PR_0.10,"MLP Prevyears + Monthly (Incremental Scaler + Replay RR=0.3, PR=0.10)",mlp_prevyears_monthly_features_incremental_scaler,next_year,2017,2018,f1_score,0.8968576105519968,0.8921898347654866,-0.0009707599451811433,-0.009259791316436877,0.007125440435788278,-0.0010072068964081086,0.004279103872855136,2000,percentile,0.05,0.2874094298015331,0.28838018974671425,0.5882058970514743,0.9658452023988007
mlp_prevyears_monthly_features_incremental_scaler_experience_replay_RR_0.3_PR_0.10,"MLP Prevyears + Monthly (Incremental Scaler + Replay RR=0.3, PR=0.10)",mlp_prevyears_monthly_features_incremental_scaler,next_year,2017,2018,pr_auc,0.8968576105519968,0.8921898347654866,-0.0022577685052579677,-0.013736883880485426,0.011335402506877265,-0.0016773923290511422,0.006413458540149,2000,percentile,0.05,0.24545547128587059,0.24771323979112855,0.6176911544227887,0.9479418706488341
mlp_prevyears_monthly_features_incremental_scaler_experience_replay_RR_0.3_PR_0.15,"MLP Prevyears + Monthly (Incremental Scaler + Replay RR=0.3, PR=0.15)",mlp_prevyears_monthly_features_incremental_scaler,next_year,2017,2018,f1_score,0.9120173437469553,0.8921898347654866,-0.0020893586204688286,-0.009759960801767924,0.006002528747018741,-0.002137004163084923,0.0040010681086300424,2000,percentile,0.05,0.2862908311262454,0.28838018974671425,0.7101449275362319,1.0
mlp_prevyears_monthly_features_incremental_scaler_experience_replay_RR_0.3_PR_0.15,"MLP Prevyears + Monthly (Incremental Scaler + Replay RR=0.3, PR=0.15)",mlp_prevyears_monthly_features_incremental_scaler,next_year,2017,2018,pr_auc,0.9120173437469553,0.8921898347654866,-0.004606102133121931,-0.016504419718435845,0.005705394046979259,-0.004789834734291866,0.005572881384238251,2000,percentile,0.05,0.24310713765800662,0.24771323979112855,0.8040979510244878,1.0
mlp_prevyears_monthly_features_incremental_scaler_experience_replay_RR_0.4,MLP Prevyears + Monthly (Incremental Scaler + Replay RR=0.4),mlp_prevyears_monthly_features_incremental_scaler,next_year,2017,2018,f1_score,0.8819689727807036,0.8921898347654866,-0.0030883289116497847,-0.011822141320731103,0.00524641794293235,-0.003083073190879477,0.004406877789593614,2000,percentile,0.05,0.28529186083506447,0.28838018974671425,0.760119940029985,1.0
mlp_prevyears_monthly_features_incremental_scaler_experience_replay_RR_0.4,MLP Prevyears + Monthly (Incremental Scaler + Replay RR=0.4),mlp_prevyears_monthly_features_incremental_scaler,next_year,2017,2018,pr_auc,0.8819689727807036,0.8921898347654866,-0.007000318018797191,-0.01919872246204467,0.005303773569619477,-0.006753311507302753,0.006231430780198687,2000,percentile,0.05,0.24071292177233136,0.24771323979112855,0.8600699650174912,1.0
mlp_prevyears_monthly_features_incremental_scaler_experience_replay_RR_0.4_PR_0.10,"MLP Prevyears + Monthly (Incremental Scaler + Replay RR=0.4, PR=0.10)",mlp_prevyears_monthly_features_incremental_scaler,next_year,2017,2018,f1_score,0.8968576105519968,0.8921898347654866,-0.0009707599451811433,-0.009259791316436877,0.007125440435788278,-0.0010072068964081086,0.004279103872855136,2000,percentile,0.05,0.2874094298015331,0.28838018974671425,0.5882058970514743,0.9658452023988007
mlp_prevyears_monthly_features_incremental_scaler_experience_replay_RR_0.4_PR_0.10,"MLP Prevyears + Monthly (Incremental Scaler + Replay RR=0.4, PR=0.10)",mlp_prevyears_monthly_features_incremental_scaler,next_year,2017,2018,pr_auc,0.8968576105519968,0.8921898347654866,-0.0022577685052579677,-0.013736883880485426,0.011335402506877265,-0.0016773923290511422,0.006413458540149,2000,percentile,0.05,0.24545547128587059,0.24771323979112855,0.6176911544227887,0.9479418706488341
mlp_prevyears_monthly_features_incremental_scaler_experience_replay_RR_0.4_PR_0.15,"MLP Prevyears + Monthly (Incremental Scaler + Replay RR=0.4, PR=0.15)",mlp_prevyears_monthly_features_incremental_scaler,next_year,2017,2018,f1_score,0.8901455492223633,0.8921898347654866,0.007014965278358154,-0.006160508988118249,0.0209079419304508,0.006800996988583005,0.006936861562910716,2000,percentile,0.05,0.2953951550250724,0.28838018974671425,0.16741629185407297,0.7530956743850298
mlp_prevyears_monthly_features_incremental_scaler_experience_replay_RR_0.4_PR_0.15,"MLP Prevyears + Monthly (Incremental Scaler + Replay RR=0.4, PR=0.15)",mlp_prevyears_monthly_features_incremental_scaler,next_year,2017,2018,pr_auc,0.8901455492223633,0.8921898347654866,0.0035310994675295804,-0.012760894267940194,0.02024862872405466,0.003803805589967312,0.008411631359180301,2000,percentile,0.05,0.25124433925865813,0.24771323979112855,0.3243378310844578,0.7386886267011421
mlp_prevyears_monthly_features_incremental_scaler_experience_replay_RR_0.5,MLP Prevyears + Monthly (Incremental Scaler + Replay RR=0.5),mlp_prevyears_monthly_features_incremental_scaler,next_year,2017,2018,f1_score,0.8819689727807036,0.8921898347654866,-0.0030883289116497847,-0.011822141320731103,0.00524641794293235,-0.003083073190879477,0.004406877789593614,2000,percentile,0.05,0.28529186083506447,0.28838018974671425,0.760119940029985,1.0
mlp_prevyears_monthly_features_incremental_scaler_experience_replay_RR_0.5,MLP Prevyears + Monthly (Incremental Scaler + Replay RR=0.5),mlp_prevyears_monthly_features_incremental_scaler,next_year,2017,2018,pr_auc,0.8819689727807036,0.8921898347654866,-0.007000318018797191,-0.01919872246204467,0.005303773569619477,-0.006753311507302753,0.006231430780198687,2000,percentile,0.05,0.24071292177233136,0.24771323979112855,0.8600699650174912,1.0
mlp_prevyears_monthly_features_incremental_scaler_experience_replay_RR_0.5_PR_0.10,"MLP Prevyears + Monthly (Incremental Scaler + Replay RR=0.5, PR=0.10)",mlp_prevyears_monthly_features_incremental_scaler,next_year,2017,2018,f1_score,0.8968576105519968,0.8921898347654866,-0.0009707599451811433,-0.009259791316436877,0.007125440435788278,-0.0010072068964081086,0.004279103872855136,2000,percentile,0.05,0.2874094298015331,0.28838018974671425,0.5882058970514743,0.9658452023988007
mlp_prevyears_monthly_features_incremental_scaler_experience_replay_RR_0.5_PR_0.10,"MLP Prevyears + Monthly (Incremental Scaler + Replay RR=0.5, PR=0.10)",mlp_prevyears_monthly_features_incremental_scaler,next_year,2017,2018,pr_auc,0.8968576105519968,0.8921898347654866,-0.0022577685052579677,-0.013736883880485426,0.011335402506877265,-0.0016773923290511422,0.006413458540149,2000,percentile,0.05,0.24545547128587059,0.24771323979112855,0.6176911544227887,0.9479418706488341
mlp_prevyears_monthly_features_incremental_scaler_experience_replay_RR_0.5_PR_0.15,"MLP Prevyears + Monthly (Incremental Scaler + Replay RR=0.5, PR=0.15)",mlp_prevyears_monthly_features_incremental_scaler,next_year,2017,2018,f1_score,0.9049169000365893,0.8921898347654866,0.0012484961595986555,-0.012096578196657546,0.013778859319240567,0.0010752229489880962,0.006675806491019493,2000,percentile,0.05,0.2896286859063129,0.28838018974671425,0.4307846076961519,0.9658452023988007
mlp_prevyears_monthly_features_incremental_scaler_experience_replay_RR_0.5_PR_0.15,"MLP Prevyears + Monthly (Incremental Scaler + Replay RR=0.5, PR=0.15)",mlp_prevyears_monthly_features_incremental_scaler,next_year,2017,2018,pr_auc,0.9049169000365893,0.8921898347654866,0.0031442830336528005,-0.014325516531547233,0.020180548904735744,0.0034068731861793336,0.008907807847437336,2000,percentile,0.05,0.25085752282478135,0.24771323979112855,0.3488255872063968,0.77239951452845
mlp_prevyears_monthly_features_incremental_scaler_experience_replay_confidently_correct_memory_RR_0.2,MLP Prevyears + Monthly (Incremental Scaler + Replay Confidently Correct RR=0.2),mlp_prevyears_monthly_features_incremental_scaler,next_year,2017,2018,f1_score,0.8968576105519968,0.8921898347654866,-0.0009707599451811433,-0.009259791316436877,0.007125440435788278,-0.0010072068964081086,0.004279103872855136,2000,percentile,0.05,0.2874094298015331,0.28838018974671425,0.5882058970514743,0.9658452023988007
mlp_prevyears_monthly_features_incremental_scaler_experience_replay_confidently_correct_memory_RR_0.2,MLP Prevyears + Monthly (Incremental Scaler + Replay Confidently Correct RR=0.2),mlp_prevyears_monthly_features_incremental_scaler,next_year,2017,2018,pr_auc,0.8968576105519968,0.8921898347654866,-0.0022577685052579677,-0.013736883880485426,0.011335402506877265,-0.0016773923290511422,0.006413458540149,2000,percentile,0.05,0.24545547128587059,0.24771323979112855,0.6176911544227887,0.9479418706488341
mlp_prevyears_monthly_features_incremental_scaler_experience_replay_confidently_correct_memory_RR_0.3,MLP Prevyears + Monthly (Incremental Scaler + Replay Confidently Correct RR=0.3),mlp_prevyears_monthly_features_incremental_scaler,next_year,2017,2018,f1_score,0.8968576105519968,0.8921898347654866,-0.0009707599451811433,-0.009259791316436877,0.007125440435788278,-0.0010072068964081086,0.004279103872855136,2000,percentile,0.05,0.2874094298015331,0.28838018974671425,0.5882058970514743,0.9658452023988007
mlp_prevyears_monthly_features_incremental_scaler_experience_replay_confidently_correct_memory_RR_0.3,MLP Prevyears + Monthly (Incremental Scaler + Replay Confidently Correct RR=0.3),mlp_prevyears_monthly_features_incremental_scaler,next_year,2017,2018,pr_auc,0.8968576105519968,0.8921898347654866,-0.0022577685052579677,-0.013736883880485426,0.011335402506877265,-0.0016773923290511422,0.006413458540149,2000,percentile,0.05,0.24545547128587059,0.24771323979112855,0.6176911544227887,0.9479418706488341
mlp_prevyears_monthly_features_incremental_scaler_experience_replay_confidently_correct_memory_RR_0.4,MLP Prevyears + Monthly (Incremental Scaler + Replay Confidently Correct RR=0.4),mlp_prevyears_monthly_features_incremental_scaler,next_year,2017,2018,f1_score,0.8968576105519968,0.8921898347654866,-0.0009707599451811433,-0.009259791316436877,0.007125440435788278,-0.0010072068964081086,0.004279103872855136,2000,percentile,0.05,0.2874094298015331,0.28838018974671425,0.5882058970514743,0.9658452023988007
mlp_prevyears_monthly_features_incremental_scaler_experience_replay_confidently_correct_memory_RR_0.4,MLP Prevyears + Monthly (Incremental Scaler + Replay Confidently Correct RR=0.4),mlp_prevyears_monthly_features_incremental_scaler,next_year,2017,2018,pr_auc,0.8968576105519968,0.8921898347654866,-0.0022577685052579677,-0.013736883880485426,0.011335402506877265,-0.0016773923290511422,0.006413458540149,2000,percentile,0.05,0.24545547128587059,0.24771323979112855,0.6176911544227887,0.9479418706488341
mlp_prevyears_monthly_features_incremental_scaler_experience_replay_confidently_correct_memory_RR_0.5,MLP Prevyears + Monthly (Incremental Scaler + Replay Confidently Correct RR=0.5),mlp_prevyears_monthly_features_incremental_scaler,next_year,2017,2018,f1_score,0.8968576105519968,0.8921898347654866,-0.0009707599451811433,-0.009259791316436877,0.007125440435788278,-0.0010072068964081086,0.004279103872855136,2000,percentile,0.05,0.2874094298015331,0.28838018974671425,0.5882058970514743,0.9658452023988007
mlp_prevyears_monthly_features_incremental_scaler_experience_replay_confidently_correct_memory_RR_0.5,MLP Prevyears + Monthly (Incremental Scaler + Replay Confidently Correct RR=0.5),mlp_prevyears_monthly_features_incremental_scaler,next_year,2017,2018,pr_auc,0.8968576105519968,0.8921898347654866,-0.0022577685052579677,-0.013736883880485426,0.011335402506877265,-0.0016773923290511422,0.006413458540149,2000,percentile,0.05,0.24545547128587059,0.24771323979112855,0.6176911544227887,0.9479418706488341
mlp_prevyears_monthly_features_incremental_scaler_experience_replay_hard_example_mining_RR_0.2,MLP Prevyears + Monthly (Incremental Scaler + Replay Hard Example Mining RR=0.2),mlp_prevyears_monthly_features_incremental_scaler,next_year,2017,2018,f1_score,0.8968576105519968,0.8921898347654866,-0.0009707599451811433,-0.009259791316436877,0.007125440435788278,-0.0010072068964081086,0.004279103872855136,2000,percentile,0.05,0.2874094298015331,0.28838018974671425,0.5882058970514743,0.9658452023988007
mlp_prevyears_monthly_features_incremental_scaler_experience_replay_hard_example_mining_RR_0.2,MLP Prevyears + Monthly (Incremental Scaler + Replay Hard Example Mining RR=0.2),mlp_prevyears_monthly_features_incremental_scaler,next_year,2017,2018,pr_auc,0.8968576105519968,0.8921898347654866,-0.0022577685052579677,-0.013736883880485426,0.011335402506877265,-0.0016773923290511422,0.006413458540149,2000,percentile,0.05,0.24545547128587059,0.24771323979112855,0.6176911544227887,0.9479418706488341
mlp_prevyears_monthly_features_incremental_scaler_experience_replay_hard_example_mining_RR_0.3,MLP Prevyears + Monthly (Incremental Scaler + Replay Hard Example Mining RR=0.3),mlp_prevyears_monthly_features_incremental_scaler,next_year,2017,2018,f1_score,0.8968576105519968,0.8921898347654866,-0.0009707599451811433,-0.009259791316436877,0.007125440435788278,-0.0010072068964081086,0.004279103872855136,2000,percentile,0.05,0.2874094298015331,0.28838018974671425,0.5882058970514743,0.9658452023988007
mlp_prevyears_monthly_features_incremental_scaler_experience_replay_hard_example_mining_RR_0.3,MLP Prevyears + Monthly (Incremental Scaler + Replay Hard Example Mining RR=0.3),mlp_prevyears_monthly_features_incremental_scaler,next_year,2017,2018,pr_auc,0.8968576105519968,0.8921898347654866,-0.0022577685052579677,-0.013736883880485426,0.011335402506877265,-0.0016773923290511422,0.006413458540149,2000,percentile,0.05,0.24545547128587059,0.24771323979112855,0.6176911544227887,0.9479418706488341
mlp_prevyears_monthly_features_incremental_scaler_experience_replay_hard_example_mining_RR_0.4,MLP Prevyears + Monthly (Incremental Scaler + Replay Hard Example Mining RR=0.4),mlp_prevyears_monthly_features_incremental_scaler,next_year,2017,2018,f1_score,0.8968576105519968,0.8921898347654866,-0.0009707599451811433,-0.009259791316436877,0.007125440435788278,-0.0010072068964081086,0.004279103872855136,2000,percentile,0.05,0.2874094298015331,0.28838018974671425,0.5882058970514743,0.9658452023988007
mlp_prevyears_monthly_features_incremental_scaler_experience_replay_hard_example_mining_RR_0.4,MLP Prevyears + Monthly (Incremental Scaler + Replay Hard Example Mining RR=0.4),mlp_prevyears_monthly_features_incremental_scaler,next_year,2017,2018,pr_auc,0.8968576105519968,0.8921898347654866,-0.0022577685052579677,-0.013736883880485426,0.011335402506877265,-0.0016773923290511422,0.006413458540149,2000,percentile,0.05,0.24545547128587059,0.24771323979112855,0.6176911544227887,0.9479418706488341
mlp_prevyears_monthly_features_incremental_scaler_experience_replay_hard_example_mining_RR_0.5,MLP Prevyears + Monthly (Incremental Scaler + Replay Hard Example Mining RR=0.5),mlp_prevyears_monthly_features_incremental_scaler,next_year,2017,2018,f1_score,0.8968576105519968,0.8921898347654866,-0.0009707599451811433,-0.009259791316436877,0.007125440435788278,-0.0010072068964081086,0.004279103872855136,2000,percentile,0.05,0.2874094298015331,0.28838018974671425,0.5882058970514743,0.9658452023988007
mlp_prevyears_monthly_features_incremental_scaler_experience_replay_hard_example_mining_RR_0.5,MLP Prevyears + Monthly (Incremental Scaler + Replay Hard Example Mining RR=0.5),mlp_prevyears_monthly_features_incremental_scaler,next_year,2017,2018,pr_auc,0.8968576105519968,0.8921898347654866,-0.0022577685052579677,-0.013736883880485426,0.011335402506877265,-0.0016773923290511422,0.006413458540149,2000,percentile,0.05,0.24545547128587059,0.24771323979112855,0.6176911544227887,0.9479418706488341
mlp_prevyears_monthly_features_incremental_scaler_experience_replay_uncertainity_prioritization_RR_0.2,MLP Prevyears + Monthly (Incremental Scaler + Replay Uncertainty Prioritization RR=0.2),mlp_prevyears_monthly_features_incremental_scaler,next_year,2017,2018,f1_score,0.8819689727807036,0.8921898347654866,-0.0030883289116497847,-0.011822141320731103,0.00524641794293235,-0.003083073190879477,0.004406877789593614,2000,percentile,0.05,0.28529186083506447,0.28838018974671425,0.760119940029985,1.0
mlp_prevyears_monthly_features_incremental_scaler_experience_replay_uncertainity_prioritization_RR_0.2,MLP Prevyears + Monthly (Incremental Scaler + Replay Uncertainty Prioritization RR=0.2),mlp_prevyears_monthly_features_incremental_scaler,next_year,2017,2018,pr_auc,0.8819689727807036,0.8921898347654866,-0.007000318018797191,-0.01919872246204467,0.005303773569619477,-0.006753311507302753,0.006231430780198687,2000,percentile,0.05,0.24071292177233136,0.24771323979112855,0.8600699650174912,1.0
mlp_prevyears_monthly_features_incremental_scaler_experience_replay_uncertainity_prioritization_RR_0.3,MLP Prevyears + Monthly (Incremental Scaler + Replay Uncertainty Prioritization RR=0.3),mlp_prevyears_monthly_features_incremental_scaler,next_year,2017,2018,f1_score,0.8819689727807036,0.8921898347654866,-0.0030883289116497847,-0.011822141320731103,0.00524641794293235,-0.003083073190879477,0.004406877789593614,2000,percentile,0.05,0.28529186083506447,0.28838018974671425,0.760119940029985,1.0
mlp_prevyears_monthly_features_incremental_scaler_experience_replay_uncertainity_prioritization_RR_0.3,MLP Prevyears + Monthly (Incremental Scaler + Replay Uncertainty Prioritization RR=0.3),mlp_prevyears_monthly_features_incremental_scaler,next_year,2017,2018,pr_auc,0.8819689727807036,0.8921898347654866,-0.007000318018797191,-0.01919872246204467,0.005303773569619477,-0.006753311507302753,0.006231430780198687,2000,percentile,0.05,0.24071292177233136,0.24771323979112855,0.8600699650174912,1.0
mlp_prevyears_monthly_features_incremental_scaler_experience_replay_uncertainity_prioritization_RR_0.4,MLP Prevyears + Monthly (Incremental Scaler + Replay Uncertainty Prioritization RR=0.4),mlp_prevyears_monthly_features_incremental_scaler,next_year,2017,2018,f1_score,0.8819689727807036,0.8921898347654866,-0.0030883289116497847,-0.011822141320731103,0.00524641794293235,-0.003083073190879477,0.004406877789593614,2000,percentile,0.05,0.28529186083506447,0.28838018974671425,0.760119940029985,1.0
mlp_prevyears_monthly_features_incremental_scaler_experience_replay_uncertainity_prioritization_RR_0.4,MLP Prevyears + Monthly (Incremental Scaler + Replay Uncertainty Prioritization RR=0.4),mlp_prevyears_monthly_features_incremental_scaler,next_year,2017,2018,pr_auc,0.8819689727807036,0.8921898347654866,-0.007000318018797191,-0.01919872246204467,0.005303773569619477,-0.006753311507302753,0.006231430780198687,2000,percentile,0.05,0.24071292177233136,0.24771323979112855,0.8600699650174912,1.0
mlp_prevyears_monthly_features_incremental_scaler_experience_replay_uncertainity_prioritization_RR_0.5,MLP Prevyears + Monthly (Incremental Scaler + Replay Uncertainty Prioritization RR=0.5),mlp_prevyears_monthly_features_incremental_scaler,next_year,2017,2018,f1_score,0.8819689727807036,0.8921898347654866,-0.0030883289116497847,-0.011822141320731103,0.00524641794293235,-0.003083073190879477,0.004406877789593614,2000,percentile,0.05,0.28529186083506447,0.28838018974671425,0.760119940029985,1.0
mlp_prevyears_monthly_features_incremental_scaler_experience_replay_uncertainity_prioritization_RR_0.5,MLP Prevyears + Monthly (Incremental Scaler + Replay Uncertainty Prioritization RR=0.5),mlp_prevyears_monthly_features_incremental_scaler,next_year,2017,2018,pr_auc,0.8819689727807036,0.8921898347654866,-0.007000318018797191,-0.01919872246204467,0.005303773569619477,-0.006753311507302753,0.006231430780198687,2000,percentile,0.05,0.24071292177233136,0.24771323979112855,0.8600699650174912,1.0
mlp_prevyears_monthly_features_incremental_scaler_missclassification_buffer_RR_0.3,MLP Prevyears + Monthly (Incremental Scaler + Misclassification Buffer RR=0.3),mlp_prevyears_monthly_features_incremental_scaler,next_year,2017,2018,f1_score,0.8757126103085986,0.8921898347654866,-0.0036340604411862487,-0.01761785322465477,0.009341873518014588,-0.003799643362253356,0.006802391707102759,2000,percentile,0.05,0.284746129305528,0.28838018974671425,0.7086456771614192,1.0
mlp_prevyears_monthly_features_incremental_scaler_missclassification_buffer_RR_0.3,MLP Prevyears + Monthly (Incremental Scaler + Misclassification Buffer RR=0.3),mlp_prevyears_monthly_features_incremental_scaler,next_year,2017,2018,pr_auc,0.8757126103085986,0.8921898347654866,-0.007446428911853459,-0.02205612743352561,0.007467076630688711,-0.007326127801879529,0.007431528103327252,2000,percentile,0.05,0.2402668108792751,0.24771323979112855,0.8440779610194903,1.0
"mlp_combined_HE=0.1_CC=0.1_UP=0.1_PR=(0.2,10)_RR=0.5","MLP Combined (HE=0.1, CC=0.1, UP=0.1, PR=(0.2,10), RR=0.5)",mlp_prevyears_monthly_features_incremental_scaler,next_year,2018,2019,f1_score,0.8292473317060407,0.9117726813218416,-0.06026145432615665,-0.10050786696478702,-0.017200917812750897,-0.05910817239949978,0.021827087987971054,2000,percentile,0.05,0.25002661151746475,0.3102880658436214,0.9945027486256871,1.0
"mlp_combined_HE=0.1_CC=0.1_UP=0.1_PR=(0.2,10)_RR=0.5","MLP Combined (HE=0.1, CC=0.1, UP=0.1, PR=(0.2,10), RR=0.5)",mlp_prevyears_monthly_features_incremental_scaler,next_year,2018,2019,pr_auc,0.8292473317060407,0.9117726813218416,-0.05140521932099443,-0.1067832580449215,0.013984379791545038,-0.050735573328540666,0.03148180929842553,2000,percentile,0.05,0.20045860722902833,0.25186382655002276,0.9395302348825587,1.0
"mlp_combined_HE=0_CC=0.15_UP=0_PR=(0,10)_MC=0.1_RWS=1_RR=0.4","MLP Combined (HE=0, CC=0.15, UP=0, PR=(0,10), MC=0.1, RWS=1, RR=0.4)",mlp_prevyears_monthly_features_incremental_scaler,next_year,2018,2019,f1_score,0.8367242308130586,0.9117726813218416,-0.06770464632372591,-0.10610558351615902,-0.026363036067019955,-0.06636897286154973,0.020168400906495788,2000,percentile,0.05,0.24258341951989548,0.3102880658436214,1.0,1.0
"mlp_combined_HE=0_CC=0.15_UP=0_PR=(0,10)_MC=0.1_RWS=1_RR=0.4","MLP Combined (HE=0, CC=0.15, UP=0, PR=(0,10), MC=0.1, RWS=1, RR=0.4)",mlp_prevyears_monthly_features_incremental_scaler,next_year,2018,2019,pr_auc,0.8367242308130586,0.9117726813218416,-0.04746398740596838,-0.09122740368347844,-0.0014628636991756657,-0.04661138290658238,0.022590843759311207,2000,percentile,0.05,0.20439983914405438,0.25186382655002276,0.9785107446276862,1.0
"mlp_combined_HE=0_CC=0.1_UP=0.1_PR=(0,10)_MC=0.1_RWS=1_RR=0.5","MLP Combined (HE=0, CC=0.1, UP=0.1, PR=(0,10), MC=0.1, RWS=1, RR=0.5)",mlp_prevyears_monthly_features_incremental_scaler,next_year,2018,2019,f1_score,0.8614554719933697,0.9117726813218416,-0.07718915938400922,-0.12081240563215943,-0.032834086850288,-0.07583847429109156,0.022618470678066053,2000,percentile,0.05,0.23309890645961218,0.3102880658436214,1.0,1.0
"mlp_combined_HE=0_CC=0.1_UP=0.1_PR=(0,10)_MC=0.1_RWS=1_RR=0.5","MLP Combined (HE=0, CC=0.1, UP=0.1, PR=(0,10), MC=0.1, RWS=1, RR=0.5)",mlp_prevyears_monthly_features_incremental_scaler,next_year,2018,2019,pr_auc,0.8614554719933697,0.9117726813218416,-0.058343849086265276,-0.10178023052395843,-0.010756113631747633,-0.0571718740199783,0.022903092714515853,2000,percentile,0.05,0.1935199774637575,0.25186382655002276,0.9905047476261869,1.0
"mlp_combined_HE=0_CC=0.1_UP=0.2_PR=(0.1,10)_RR=0.5","MLP Combined (HE=0, CC=0.1, UP=0.2, PR=(0.1,10), RR=0.5)",mlp_prevyears_monthly_features_incremental_scaler,next_year,2018,2019,f1_score,0.8859280528928314,0.9117726813218416,-0.04085075554710027,-0.07824845176415757,0.002414909612776674,-0.04027692500587564,0.020871801875889648,2000,percentile,0.05,0.2694373102965211,0.3102880658436214,0.9685157421289355,1.0
"mlp_combined_HE=0_CC=0.1_UP=0.2_PR=(0.1,10)_RR=0.5","MLP Combined (HE=0, CC=0.1, UP=0.2, PR=(0.1,10), RR=0.5)",mlp_prevyears_monthly_features_incremental_scaler,next_year,2018,2019,pr_auc,0.8859280528928314,0.9117726813218416,-0.040621115111032,-0.087406549798965,0.0181075470010373,-0.03972307778906068,0.027271037131156788,2000,percentile,0.05,0.21124271143899076,0.25186382655002276,0.9220389805097451,1.0
"mlp_combined_HE=0_CC=0.2_UP=0.1_PR=(0.2,10)_RR=0.5","MLP Combined (HE=0, CC=0.2, UP=0.1, PR=(0.2,10), RR=0.5)",mlp_prevyears_monthly_features_incremental_scaler,next_year,2018,2019,f1_score,0.8405567605417255,0.9117726813218416,-0.06335100290655846,-0.1026341703327026,-0.021257882886205733,-0.062276473326938295,0.020327114322756863,2000,percentile,0.05,0.24693706293706294,0.3102880658436214,0.999000499750125,1.0
"mlp_combined_HE=0_CC=0.2_UP=0.1_PR=(0.2,10)_RR=0.5","MLP Combined (HE=0, CC=0.2, UP=0.1, PR=(0.2,10), RR=0.5)",mlp_prevyears_monthly_features_incremental_scaler,next_year,2018,2019,pr_auc,0.8405567605417255,0.9117726813218416,-0.03965920518545216,-0.08902450930279696,0.018956787096580885,-0.03924153946009896,0.027256754926068424,2000,percentile,0.05,0.2122046213645706,0.25186382655002276,0.9240379810094953,1.0
"mlp_combined_HE=0_CC=0.2_UP=0.2_PR=(0.1,10)_RR=0.5","MLP Combined (HE=0, CC=0.2, UP=0.2, PR=(0.1,10), RR=0.5)",mlp_prevyears_monthly_features_incremental_scaler,next_year,2018,2019,f1_score,0.8670616971122788,0.9117726813218416,-0.04118402008422617,-0.07635285702750219,-0.0029816501808101756,-0.04059060417217772,0.01894403666317401,2000,percentile,0.05,0.2691040457593952,0.3102880658436214,0.9795102448775612,1.0
"mlp_combined_HE=0_CC=0.2_UP=0.2_PR=(0.1,10)_RR=0.5","MLP Combined (HE=0, CC=0.2, UP=0.2, PR=(0.1,10), RR=0.5)",mlp_prevyears_monthly_features_incremental_scaler,next_year,2018,2019,pr_auc,0.8670616971122788,0.9117726813218416,-0.029889141503238403,-0.07554094769007916,0.023531727022034668,-0.02961758574827895,0.02640812908891756,2000,percentile,0.05,0.22197468504678436,0.25186382655002276,0.863568215892054,1.0
mlp_prevyears_monthly_features_incremental_scaler_experience_replay_RR_0.2,MLP Prevyears + Monthly (Incremental Scaler + Replay RR=0.2),mlp_prevyears_monthly_features_incremental_scaler,next_year,2018,2019,f1_score,0.8846828916972465,0.9117726813218416,-0.008507143667480899,-0.04910876407076916,0.03626769915853933,-0.00794640572950787,0.021976543215745103,2000,percentile,0.05,0.3017809221761405,0.3102880658436214,0.6526736631684158,1.0
mlp_prevyears_monthly_features_incremental_scaler_experience_replay_RR_0.2,MLP Prevyears + Monthly (Incremental Scaler + Replay RR=0.2),mlp_prevyears_monthly_features_incremental_scaler,next_year,2018,2019,pr_auc,0.8846828916972465,0.9117726813218416,0.01358444520234714,-0.03146888545019653,0.06880535010066674,0.013676093517134853,0.0260442969056761,2000,percentile,0.05,0.2654482717523699,0.25186382655002276,0.3288355822088955,0.7386886267011421
mlp_prevyears_monthly_features_incremental_scaler_experience_replay_RR_0.2_PR_0.10,"MLP Prevyears + Monthly (Incremental Scaler + Replay RR=0.2, PR=0.10)",mlp_prevyears_monthly_features_incremental_scaler,next_year,2018,2019,f1_score,0.8682868437523487,0.9117726813218416,0.005925613931142604,-0.015525251756209984,0.02801027848208119,0.006070077658946584,0.010977417701753351,2000,percentile,0.05,0.316213679774764,0.3102880658436214,0.2813593203398301,0.8900451734916855
mlp_prevyears_monthly_features_incremental_scaler_experience_replay_RR_0.2_PR_0.10,"MLP Prevyears + Monthly (Incremental Scaler + Replay RR=0.2, PR=0.10)",mlp_prevyears_monthly_features_incremental_scaler,next_year,2018,2019,pr_auc,0.8682868437523487,0.9117726813218416,0.01188440267747809,-0.01586556216090172,0.04213225718153153,0.011526366370203127,0.015296583818151839,2000,percentile,0.05,0.26374822922750085,0.25186382655002276,0.23438280859570215,0.615751446310743
mlp_prevyears_monthly_features_incremental_scaler_experience_replay_RR_0.2_PR_0.15,"MLP Prevyears + Monthly (Incremental Scaler + Replay RR=0.2, PR=0.15)",mlp_prevyears_monthly_features_incremental_scaler,next_year,2018,2019,f1_score,0.8889144681656376,0.9117726813218416,-0.013637686975269292,-0.04916655299135377,0.026942706643867283,-0.012929853432849974,0.01956140343589354,2000,percentile,0.05,0.2966503788683521,0.3102880658436214,0.7521239380309845,1.0
mlp_prevyears_monthly_features_incremental_scaler_experience_replay_RR_0.2_PR_0.15,"MLP Prevyears + Monthly (Incremental Scaler + Replay RR=0.2, PR=0.15)",mlp_prevyears_monthly_features_incremental_scaler,next_year,2018,2019,pr_auc,0.8889144681656376,0.9117726813218416,-0.008372846753235713,-0.04624216614542652,0.04257487551277132,-0.007685509042001835,0.02318537128283318,2000,percentile,0.05,0.24349097979678705,0.25186382655002276,0.6446776611694153,0.9608176680890324
mlp_prevyears_monthly_features_incremental_scaler_experience_replay_RR_0.3,MLP Prevyears + Monthly (Incremental Scaler + Replay RR=0.3),mlp_prevyears_monthly_features_incremental_scaler,next_year,2018,2019,f1_score,0.8972676634704918,0.9117726813218416,-0.056686725810120575,-0.09754035077909555,-0.010402296090418818,-0.055590951489822474,0.022115634469343497,2000,percentile,0.05,0.2536013400335008,0.3102880658436214,0.9880059970014993,1.0
mlp_prevyears_monthly_features_incremental_scaler_experience_replay_RR_0.3,MLP Prevyears + Monthly (Incremental Scaler + Replay RR=0.3),mlp_prevyears_monthly_features_incremental_scaler,next_year,2018,2019,pr_auc,0.8972676634704918,0.9117726813218416,-0.06512695516610789,-0.116863790071318,0.0029377158388728735,-0.06269519973911823,0.03019560864172786,2000,percentile,0.05,0.18673687138391487,0.25186382655002276,0.9715142428785607,1.0
mlp_prevyears_monthly_features_incremental_scaler_experience_replay_RR_0.3_PR_0.10,"MLP Prevyears + Monthly (Incremental Scaler + Replay RR=0.3, PR=0.10)",mlp_prevyears_monthly_features_incremental_scaler,next_year,2018,2019,f1_score,0.8831943950053297,0.9117726813218416,-0.04727855930521979,-0.08992362598673297,-0.004003137122609609,-0.04630989649908341,0.022022111239745897,2000,percentile,0.05,0.2630095065384016,0.3102880658436214,0.9835082458770614,1.0
mlp_prevyears_monthly_features_incremental_scaler_experience_replay_RR_0.3_PR_0.10,"MLP Prevyears + Monthly (Incremental Scaler + Replay RR=0.3, PR=0.10)",mlp_prevyears_monthly_features_incremental_scaler,next_year,2018,2019,pr_auc,0.8831943950053297,0.9117726813218416,-0.022109223014040863,-0.07912214541165959,0.05013300189926897,-0.02195784309248348,0.034292557905412274,2000,percentile,0.05,0.2297546035359819,0.25186382655002276,0.7436281859070465,1.0
mlp_prevyears_monthly_features_incremental_scaler_experience_replay_RR_0.3_PR_0.15,"MLP Prevyears + Monthly (Incremental Scaler + Replay RR=0.3, PR=0.15)",mlp_prevyears_monthly_features_incremental_scaler,next_year,2018,2019,f1_score,0.9321643467788373,0.9117726813218416,-0.06948362893300145,-0.10821406070043763,-0.03148082207397834,-0.06809052655991309,0.019449045661805556,2000,percentile,0.05,0.24080443691061995,0.3102880658436214,1.0,1.0
mlp_prevyears_monthly_features_incremental_scaler_experience_replay_RR_0.3_PR_0.15,"MLP Prevyears + Monthly (Incremental Scaler + Replay RR=0.3, PR=0.15)",mlp_prevyears_monthly_features_incremental_scaler,next_year,2018,2019,pr_auc,0.9321643467788373,0.9117726813218416,-0.06547166208363658,-0.09930762630179177,-0.02986773600344374,-0.06365621291843468,0.017682625136324216,2000,percentile,0.05,0.18639216446638618,0.25186382655002276,1.0,1.0
mlp_prevyears_monthly_features_incremental_scaler_experience_replay_RR_0.4,MLP Prevyears + Monthly (Incremental Scaler + Replay RR=0.4),mlp_prevyears_monthly_features_incremental_scaler,next_year,2018,2019,f1_score,0.9089043091668835,0.9117726813218416,-0.018060224925047996,-0.05585736031972258,0.02479556640882345,-0.01779199473996065,0.021009842146290675,2000,percentile,0.05,0.2922278409185734,0.3102880658436214,0.7991004497751124,1.0
mlp_prevyears_monthly_features_incremental_scaler_experience_replay_RR_0.4,MLP Prevyears + Monthly (Incremental Scaler + Replay RR=0.4),mlp_prevyears_monthly_features_incremental_scaler,next_year,2018,2019,pr_auc,0.9089043091668835,0.9117726813218416,-0.0032299101988747803,-0.051570876041322586,0.05620792968626156,-0.003235775123093944,0.02903545654877758,2000,percentile,0.05,0.24863391635114798,0.25186382655002276,0.5577211394302849,0.9479418706488341
mlp_prevyears_monthly_features_incremental_scaler_experience_replay_RR_0.4_PR_0.10,"MLP Prevyears + Monthly (Incremental Scaler + Replay RR=0.4, PR=0.10)",mlp_prevyears_monthly_features_incremental_scaler,next_year,2018,2019,f1_score,0.9098753359385541,0.9117726813218416,-0.054057591295622376,-0.09899104013059833,-0.007445539657745175,-0.052999959116358464,0.02340915832658,2000,percentile,0.05,0.256230474547999,0.3102880658436214,0.9860069965017492,1.0
mlp_prevyears_monthly_features_incremental_scaler_experience_replay_RR_0.4_PR_0.10,"MLP Prevyears + Monthly (Incremental Scaler + Replay RR=0.4, PR=0.10)",mlp_prevyears_monthly_features_incremental_scaler,next_year,2018,2019,pr_auc,0.9098753359385541,0.9117726813218416,-0.03263033249790176,-0.08627849150873447,0.03817562315718757,-0.03223351353795637,0.03246653914305439,2000,percentile,0.05,0.219233494052121,0.25186382655002276,0.84007996001999,1.0
mlp_prevyears_monthly_features_incremental_scaler_experience_replay_RR_0.4_PR_0.15,"MLP Prevyears + Monthly (Incremental Scaler + Replay RR=0.4, PR=0.15)",mlp_prevyears_monthly_features_incremental_scaler,next_year,2018,2019,f1_score,0.8687505184340646,0.9117726813218416,-0.0052906910166441445,-0.0435683869180489,0.03680093104412181,-0.004746468047787986,0.021073335447022314,2000,percentile,0.05,0.30499737482697725,0.3102880658436214,0.5897051474262869,0.9658452023988007
mlp_prevyears_monthly_features_incremental_scaler_experience_replay_RR_0.4_PR_0.15,"MLP Prevyears + Monthly (Incremental Scaler + Replay RR=0.4, PR=0.15)",mlp_prevyears_monthly_features_incremental_scaler,next_year,2018,2019,pr_auc,0.8687505184340646,0.9117726813218416,0.020528837447224557,-0.027723895002266047,0.08431054550000937,0.020495412611116214,0.029781028075414218,2000,percentile,0.05,0.2723926639972473,0.25186382655002276,0.28835582208895555,0.7094468638696525
mlp_prevyears_monthly_features_incremental_scaler_experience_replay_RR_0.5,MLP Prevyears + Monthly (Incremental Scaler + Replay RR=0.5),mlp_prevyears_monthly_features_incremental_scaler,next_year,2018,2019,f1_score,0.8832793299627184,0.9117726813218416,-0.013223969026050775,-0.03993102012708969,0.014289822277636975,-0.01281015315533291,0.014112203250006448,2000,percentile,0.05,0.2970640968175706,0.3102880658436214,0.815592203898051,1.0
mlp_prevyears_monthly_features_incremental_scaler_experience_replay_RR_0.5,MLP Prevyears + Monthly (Incremental Scaler + Replay RR=0.5),mlp_prevyears_monthly_features_incremental_scaler,next_year,2018,2019,pr_auc,0.8832793299627184,0.9117726813218416,-0.0014706278686490992,-0.02648995809648428,0.02582216887928286,-0.001568070871551521,0.013509262887944823,2000,percentile,0.05,0.25039319868137366,0.25186382655002276,0.543728135932034,0.9479418706488341
mlp_prevyears_monthly_features_incremental_scaler_experience_replay_RR_0.5_PR_0.10,"MLP Prevyears + Monthly (Incremental Scaler + Replay RR=0.5, PR=0.10)",mlp_prevyears_monthly_features_incremental_scaler,next_year,2018,2019,f1_score,0.9026085810699976,0.9117726813218416,-0.07744687030887168,-0.12303027016236874,-0.0313742385401038,-0.07580031725294127,0.02359463137970907,2000,percentile,0.05,0.23284119553474972,0.3102880658436214,0.9995002498750625,1.0
mlp_prevyears_monthly_features_incremental_scaler_experience_replay_RR_0.5_PR_0.10,"MLP Prevyears + Monthly (Incremental Scaler + Replay RR=0.5, PR=0.10)",mlp_prevyears_monthly_features_incremental_scaler,next_year,2018,2019,pr_auc,0.9026085810699976,0.9117726813218416,-0.06126061537511779,-0.11616066952049632,0.008490979583966527,-0.059378553035595985,0.03178402021410746,2000,percentile,0.05,0.19060321117490497,0.25186382655002276,0.9630184907546226,1.0
mlp_prevyears_monthly_features_incremental_scaler_experience_replay_RR_0.5_PR_0.15,"MLP Prevyears + Monthly (Incremental Scaler + Replay RR=0.5, PR=0.15)",mlp_prevyears_monthly_features_incremental_scaler,next_year,2018,2019,f1_score,0.9354735480697077,0.9117726813218416,0.009719977590925133,-0.02245842631854782,0.051457732624744956,0.009487565353713225,0.019842705602069462,2000,percentile,0.05,0.32000804343454653,0.3102880658436214,0.3523238380809595,0.9041380948869828
mlp_prevyears_monthly_features_incremental_scaler_experience_replay_RR_0.5_PR_0.15,"MLP Prevyears + Monthly (Incremental Scaler + Replay RR=0.5, PR=0.15)",mlp_prevyears_monthly_features_incremental_scaler,next_year,2018,2019,pr_auc,0.9354735480697077,0.9117726813218416,0.01860908707667941,-0.017030581693259817,0.06724213496136364,0.018253505925021615,0.022704114437336248,2000,percentile,0.05,0.27047291362670217,0.25186382655002276,0.26286856571714146,0.667944716166507
mlp_prevyears_monthly_features_incremental_scaler_experience_replay_confidently_correct_memory_RR_0.2,MLP Prevyears + Monthly (Incremental Scaler + Replay Confidently Correct RR=0.2),mlp_prevyears_monthly_features_incremental_scaler,next_year,2018,2019,f1_score,0.8895368694941822,0.9117726813218416,-0.04946677330248739,-0.08578264034881372,-0.012523359733838788,-0.048388448745226485,0.018164258927175873,2000,percentile,0.05,0.260821292541134,0.3102880658436214,0.9965017491254373,1.0
mlp_prevyears_monthly_features_incremental_scaler_experience_replay_confidently_correct_memory_RR_0.2,MLP Prevyears + Monthly (Incremental Scaler + Replay Confidently Correct RR=0.2),mlp_prevyears_monthly_features_incremental_scaler,next_year,2018,2019,pr_auc,0.8895368694941822,0.9117726813218416,-0.02596976005115348,-0.05941080451289637,0.009805022684003831,-0.025694498500109873,0.017602877056351152,2000,percentile,0.05,0.22589406649886928,0.25186382655002276,0.9230384807596201,1.0
mlp_prevyears_monthly_features_incremental_scaler_experience_replay_confidently_correct_memory_RR_0.3,MLP Prevyears + Monthly (Incremental Scaler + Replay Confidently Correct RR=0.3),mlp_prevyears_monthly_features_incremental_scaler,next_year,2018,2019,f1_score,0.8812769548296621,0.9117726813218416,-0.0711749655529611,-0.10787597036782424,-0.03141248261304819,-0.06975124654791261,0.01865797155127264,2000,percentile,0.05,0.2391131002906603,0.3102880658436214,1.0,1.0
mlp_prevyears_monthly_features_incremental_scaler_experience_replay_confidently_correct_memory_RR_0.3,MLP Prevyears + Monthly (Incremental Scaler + Replay Confidently Correct RR=0.3),mlp_prevyears_monthly_features_incremental_scaler,next_year,2018,2019,pr_auc,0.8812769548296621,0.9117726813218416,-0.07340364720195347,-0.11130656198280711,-0.026621955761456713,-0.07138101225716596,0.021313780491751044,2000,percentile,0.05,0.1784601793480693,0.25186382655002276,0.999000499750125,1.0
mlp_prevyears_monthly_features_incremental_scaler_experience_replay_confidently_correct_memory_RR_0.4,MLP Prevyears + Monthly (Incremental Scaler + Replay Confidently Correct RR=0.4),mlp_prevyears_monthly_features_incremental_scaler,next_year,2018,2019,f1_score,0.8907794178802699,0.9117726813218416,-0.026438147409689916,-0.06010180054752261,0.009080674481392886,-0.025741709239274484,0.01826241695149499,2000,percentile,0.05,0.2838499184339315,0.3102880658436214,0.9230384807596201,1.0
mlp_prevyears_monthly_features_incremental_scaler_experience_replay_confidently_correct_memory_RR_0.4,MLP Prevyears + Monthly (Incremental Scaler + Replay Confidently Correct RR=0.4),mlp_prevyears_monthly_features_incremental_scaler,next_year,2018,2019,pr_auc,0.8907794178802699,0.9117726813218416,-0.013737949721230214,-0.05174123689917922,0.03172862119036753,-0.013145442410522606,0.02164412568840908,2000,percentile,0.05,0.23812587682879255,0.25186382655002276,0.7341329335332334,1.0
mlp_prevyears_monthly_features_incremental_scaler_experience_replay_confidently_correct_memory_RR_0.5,MLP Prevyears + Monthly (Incremental Scaler + Replay Confidently Correct RR=0.5),mlp_prevyears_monthly_features_incremental_scaler,next_year,2018,2019,f1_score,0.9333400845649075,0.9117726813218416,-0.07669186658111915,-0.12150268851275801,-0.02811210645911801,-0.07494409911663324,0.02383179016927106,2000,percentile,0.05,0.23359619926250225,0.3102880658436214,0.9985007496251874,1.0
mlp_prevyears_monthly_features_incremental_scaler_experience_replay_confidently_correct_memory_RR_0.5,MLP Prevyears + Monthly (Incremental Scaler + Replay Confidently Correct RR=0.5),mlp_prevyears_monthly_features_incremental_scaler,next_year,2018,2019,pr_auc,0.9333400845649075,0.9117726813218416,-0.06517027230550956,-0.112511506018884,-0.00551086285822525,-0.06304438717438537,0.02736065998248356,2000,percentile,0.05,0.1866935542445132,0.25186382655002276,0.9805097451274363,1.0
mlp_prevyears_monthly_features_incremental_scaler_experience_replay_hard_example_mining_RR_0.2,MLP Prevyears + Monthly (Incremental Scaler + Replay Hard Example Mining RR=0.2),mlp_prevyears_monthly_features_incremental_scaler,next_year,2018,2019,f1_score,0.7761478786334667,0.9117726813218416,-0.09426842769469876,-0.13967497502001572,-0.04759751935379934,-0.09298681068892256,0.02312166594334257,2000,percentile,0.05,0.21601963814892264,0.3102880658436214,1.0,1.0
mlp_prevyears_monthly_features_incremental_scaler_experience_replay_hard_example_mining_RR_0.2,MLP Prevyears + Monthly (Incremental Scaler + Replay Hard Example Mining RR=0.2),mlp_prevyears_monthly_features_incremental_scaler,next_year,2018,2019,pr_auc,0.7761478786334667,0.9117726813218416,-0.0974673694058319,-0.15750509137931246,-0.023838266974157845,-0.09392525686810345,0.033822663038697076,2000,percentile,0.05,0.15439645714419087,0.25186382655002276,0.993503248375812,1.0
mlp_prevyears_monthly_features_incremental_scaler_experience_replay_hard_example_mining_RR_0.3,MLP Prevyears + Monthly (Incremental Scaler + Replay Hard Example Mining RR=0.3),mlp_prevyears_monthly_features_incremental_scaler,next_year,2018,2019,f1_score,0.8458185191255903,0.9117726813218416,-0.07381032901724427,-0.11209150426493163,-0.031424844725480225,-0.07223242418920939,0.02008626634717391,2000,percentile,0.05,0.23647773682637713,0.3102880658436214,1.0,1.0
mlp_prevyears_monthly_features_incremental_scaler_experience_replay_hard_example_mining_RR_0.3,MLP Prevyears + Monthly (Incremental Scaler + Replay Hard Example Mining RR=0.3),mlp_prevyears_monthly_features_incremental_scaler,next_year,2018,2019,pr_auc,0.8458185191255903,0.9117726813218416,-0.07715467898871395,-0.11635605121635009,-0.03269436870525108,-0.0749013723744205,0.021313048684873534,2000,percentile,0.05,0.17470914756130881,0.25186382655002276,0.9995002498750625,1.0
mlp_prevyears_monthly_features_incremental_scaler_experience_replay_hard_example_mining_RR_0.4,MLP Prevyears + Monthly (Incremental Scaler + Replay Hard Example Mining RR=0.4),mlp_prevyears_monthly_features_incremental_scaler,next_year,2018,2019,f1_score,0.8699715084629064,0.9117726813218416,-0.03574446324235209,-0.07187832782768644,-0.0005671883167196061,-0.034983251592887246,0.01829171613838868,2000,percentile,0.05,0.2745436026012693,0.3102880658436214,0.9765117441279361,1.0
mlp_prevyears_monthly_features_incremental_scaler_experience_replay_hard_example_mining_RR_0.4,MLP Prevyears + Monthly (Incremental Scaler + Replay Hard Example Mining RR=0.4),mlp_prevyears_monthly_features_incremental_scaler,next_year,2018,2019,pr_auc,0.8699715084629064,0.9117726813218416,-0.029297840631148264,-0.07204189335892171,0.020752296144126204,-0.028440056283997043,0.023927738470252702,2000,percentile,0.05,0.2225659859188745,0.25186382655002276,0.8790604697651174,1.0
mlp_prevyears_monthly_features_incremental_scaler_experience_replay_hard_example_mining_RR_0.5,MLP Prevyears + Monthly (Incremental Scaler + Replay Hard Example Mining RR=0.5),mlp_prevyears_monthly_features_incremental_scaler,next_year,2018,2019,f1_score,0.8309445651086916,0.9117726813218416,-0.07031192922575866,-0.10799535161065721,-0.035249490713600035,-0.06933224111053994,0.018597764058557634,2000,percentile,0.05,0.23997613661786274,0.3102880658436214,1.0,1.0
mlp_prevyears_monthly_features_incremental_scaler_experience_replay_hard_example_mining_RR_0.5,MLP Prevyears + Monthly (Incremental Scaler + Replay Hard Example Mining RR=0.5),mlp_prevyears_monthly_features_incremental_scaler,next_year,2018,2019,pr_auc,0.8309445651086916,0.9117726813218416,-0.06860140996653297,-0.11326839735790785,-0.009341663380895848,-0.0655456930685425,0.026058200424977095,2000,percentile,0.05,0.1832624165834898,0.25186382655002276,0.9900049975012494,1.0
mlp_prevyears_monthly_features_incremental_scaler_experience_replay_uncertainity_prioritization_RR_0.2,MLP Prevyears + Monthly (Incremental Scaler + Replay Uncertainty Prioritization RR=0.2),mlp_prevyears_monthly_features_incremental_scaler,next_year,2018,2019,f1_score,0.9149698835500796,0.9117726813218416,-0.036858758950685966,-0.08146736066768029,0.014574594683123403,-0.03623218488691946,0.02453042968427699,2000,percentile,0.05,0.27342930689293543,0.3102880658436214,0.9325337331334332,1.0
mlp_prevyears_monthly_features_incremental_scaler_experience_replay_uncertainity_prioritization_RR_0.2,MLP Prevyears + Monthly (Incremental Scaler + Replay Uncertainty Prioritization RR=0.2),mlp_prevyears_monthly_features_incremental_scaler,next_year,2018,2019,pr_auc,0.9149698835500796,0.9117726813218416,-0.02211574829137508,-0.08478324208749839,0.057239315392204865,-0.022369818984131668,0.03774666816728642,2000,percentile,0.05,0.22974807825864768,0.25186382655002276,0.7236381809095452,1.0
mlp_prevyears_monthly_features_incremental_scaler_experience_replay_uncertainity_prioritization_RR_0.3,MLP Prevyears + Monthly (Incremental Scaler + Replay Uncertainty Prioritization RR=0.3),mlp_prevyears_monthly_features_incremental_scaler,next_year,2018,2019,f1_score,0.9184050358680081,0.9117726813218416,-0.003944326664061304,-0.036055652212696916,0.037745571371555216,-0.0038800842983162218,0.019675098665179212,2000,percentile,0.05,0.3063437391795601,0.3102880658436214,0.5982008995502249,0.9658452023988007
mlp_prevyears_monthly_features_incremental_scaler_experience_replay_uncertainity_prioritization_RR_0.3,MLP Prevyears + Monthly (Incremental Scaler + Replay Uncertainty Prioritization RR=0.3),mlp_prevyears_monthly_features_incremental_scaler,next_year,2018,2019,pr_auc,0.9184050358680081,0.9117726813218416,0.002011039426937533,-0.04233531210427812,0.060367856362382205,0.0017130524298155734,0.027959220969838414,2000,percentile,0.05,0.2538748659769603,0.25186382655002276,0.4832583708145927,0.9479418706488341
mlp_prevyears_monthly_features_incremental_scaler_experience_replay_uncertainity_prioritization_RR_0.4,MLP Prevyears + Monthly (Incremental Scaler + Replay Uncertainty Prioritization RR=0.4),mlp_prevyears_monthly_features_incremental_scaler,next_year,2018,2019,f1_score,0.9048230623799429,0.9117726813218416,-0.03872278670386553,-0.07227993352925152,-0.0011052704125573101,-0.03803271583010293,0.018097599318367227,2000,percentile,0.05,0.27156527913975587,0.3102880658436214,0.9770114942528736,1.0
mlp_prevyears_monthly_features_incremental_scaler_experience_replay_uncertainity_prioritization_RR_0.4,MLP Prevyears + Monthly (Incremental Scaler + Replay Uncertainty Prioritization RR=0.4),mlp_prevyears_monthly_features_incremental_scaler,next_year,2018,2019,pr_auc,0.9048230623799429,0.9117726813218416,-0.038743699420134836,-0.0736962692055108,0.00203793850742008,-0.03766573187697286,0.019289576560579533,2000,percentile,0.05,0.21312012712988793,0.25186382655002276,0.9700149925037481,1.0
mlp_prevyears_monthly_features_incremental_scaler_experience_replay_uncertainity_prioritization_RR_0.5,MLP Prevyears + Monthly (Incremental Scaler + Replay Uncertainty Prioritization RR=0.5),mlp_prevyears_monthly_features_incremental_scaler,next_year,2018,2019,f1_score,0.8845101502128582,0.9117726813218416,-0.0026151506400487468,-0.03970981177273902,0.044228391188578485,-0.0025063888377875546,0.02254380951246811,2000,percentile,0.05,0.30767291520357265,0.3102880658436214,0.5552223888055972,0.9658452023988007
mlp_prevyears_monthly_features_incremental_scaler_experience_replay_uncertainity_prioritization_RR_0.5,MLP Prevyears + Monthly (Incremental Scaler + Replay Uncertainty Prioritization RR=0.5),mlp_prevyears_monthly_features_incremental_scaler,next_year,2018,2019,pr_auc,0.8845101502128582,0.9117726813218416,-0.0033973934925901894,-0.0481040644262002,0.05164654758139136,-0.0030233943812830308,0.02654147778945388,2000,percentile,0.05,0.24846643305743257,0.25186382655002276,0.5667166416791605,0.9479418706488341
mlp_prevyears_monthly_features_incremental_scaler_missclassification_buffer_RR_0.3,MLP Prevyears + Monthly (Incremental Scaler + Misclassification Buffer RR=0.3),mlp_prevyears_monthly_features_incremental_scaler,next_year,2018,2019,f1_score,0.7830831643609409,0.9117726813218416,-0.07808592908528963,-0.12430981719360781,-0.029113257264874272,-0.07732283938280676,0.024302693139198233,2000,percentile,0.05,0.23220213675833176,0.3102880658436214,0.9995002498750625,1.0
mlp_prevyears_monthly_features_incremental_scaler_missclassification_buffer_RR_0.3,MLP Prevyears + Monthly (Incremental Scaler + Misclassification Buffer RR=0.3),mlp_prevyears_monthly_features_incremental_scaler,next_year,2018,2019,pr_auc,0.7830831643609409,0.9117726813218416,-0.05242489899664818,-0.1092841817704403,0.023081968247241774,-0.05156133770755583,0.03398717459111166,2000,percentile,0.05,0.19943892755337458,0.25186382655002276,0.927536231884058,1.0
"mlp_combined_HE=0.1_CC=0.1_UP=0.1_PR=(0.2,10)_RR=0.5","MLP Combined (HE=0.1, CC=0.1, UP=0.1, PR=(0.2,10), RR=0.5)",mlp_prevyears_monthly_features_incremental_scaler,next_year,2019,2020,f1_score,0.8989462961155663,0.9184536923232308,0.007004973871621967,-0.0009554771938863505,0.013593535562997321,0.006908421940150456,0.0036258576879640673,2000,percentile,0.05,0.4834157046764323,0.47641073080481033,0.03698150924537731,0.30169125963334126
"mlp_combined_HE=0.1_CC=0.1_UP=0.1_PR=(0.2,10)_RR=0.5","MLP Combined (HE=0.1, CC=0.1, UP=0.1, PR=(0.2,10), RR=0.5)",mlp_prevyears_monthly_features_incremental_scaler,next_year,2019,2020,pr_auc,0.8989462961155663,0.9184536923232308,0.012225566282774492,0.005157179456224873,0.01948911468488705,0.012255400629877719,0.0036122583786557597,2000,percentile,0.05,0.44429187004015963,0.43206630375738514,0.0004997501249375312,0.007041933578665213
"mlp_combined_HE=0_CC=0.15_UP=0_PR=(0,10)_MC=0.1_RWS=1_RR=0.4","MLP Combined (HE=0, CC=0.15, UP=0, PR=(0,10), MC=0.1, RWS=1, RR=0.4)",mlp_prevyears_monthly_features_incremental_scaler,next_year,2019,2020,f1_score,0.9059061324163526,0.9184536923232308,0.004249120326336897,-0.005107344651487124,0.011250528742198411,0.003611546731660602,0.004284291090456072,2000,percentile,0.05,0.48065985113114723,0.47641073080481033,0.20439780109945027,0.7939780109945027
"mlp_combined_HE=0_CC=0.15_UP=0_PR=(0,10)_MC=0.1_RWS=1_RR=0.4","MLP Combined (HE=0, CC=0.15, UP=0, PR=(0,10), MC=0.1, RWS=1, RR=0.4)",mlp_prevyears_monthly_features_incremental_scaler,next_year,2019,2020,pr_auc,0.9059061324163526,0.9184536923232308,0.00868210807858405,-0.003491355461287873,0.01880523735501729,0.008042887603473076,0.0057168784653153825,2000,percentile,0.05,0.4407484118359692,0.43206630375738514,0.08545727136431784,0.3311469265367316
"mlp_combined_HE=0_CC=0.1_UP=0.1_PR=(0,10)_MC=0.1_RWS=1_RR=0.5","MLP Combined (HE=0, CC=0.1, UP=0.1, PR=(0,10), MC=0.1, RWS=1, RR=0.5)",mlp_prevyears_monthly_features_incremental_scaler,next_year,2019,2020,f1_score,0.8919075262478523,0.9184536923232308,0.0011889256755446276,-0.006122739841426787,0.007884669483993214,0.0012072920183742275,0.003516671479922925,2000,percentile,0.05,0.47759965648035496,0.47641073080481033,0.3503248375812094,0.9041380948869828
"mlp_combined_HE=0_CC=0.1_UP=0.1_PR=(0,10)_MC=0.1_RWS=1_RR=0.5","MLP Combined (HE=0, CC=0.1, UP=0.1, PR=(0,10), MC=0.1, RWS=1, RR=0.5)",mlp_prevyears_monthly_features_incremental_scaler,next_year,2019,2020,pr_auc,0.8919075262478523,0.9184536923232308,0.007822957850162238,-0.00039281500482302026,0.014127499290693835,0.007362304723762353,0.003596506433469953,2000,percentile,0.05,0.4398892616075474,0.43206630375738514,0.030984507746126936,0.16560685174654052
"mlp_combined_HE=0_CC=0.1_UP=0.2_PR=(0.1,10)_RR=0.5","MLP Combined (HE=0, CC=0.1, UP=0.2, PR=(0.1,10), RR=0.5)",mlp_prevyears_monthly_features_incremental_scaler,next_year,2019,2020,f1_score,0.9111927268471356,0.9184536923232308,-0.009922795147973895,-0.016837062616983763,-0.001800032980945579,-0.009862000291160933,0.003882954368331003,2000,percentile,0.05,0.46648793565683644,0.47641073080481033,0.993503248375812,1.0
"mlp_combined_HE=0_CC=0.1_UP=0.2_PR=(0.1,10)_RR=0.5","MLP Combined (HE=0, CC=0.1, UP=0.2, PR=(0.1,10), RR=0.5)",mlp_prevyears_monthly_features_incremental_scaler,next_year,2019,2020,pr_auc,0.9111927268471356,0.9184536923232308,-0.0009607169172151653,-0.008797083424867702,0.006551840208787609,-0.001293825632402168,0.00391955419248025,2000,percentile,0.05,0.43110558684017,0.43206630375738514,0.6326836581709145,0.954352920627065
"mlp_combined_HE=0_CC=0.2_UP=0.1_PR=(0.2,10)_RR=0.5","MLP Combined (HE=0, CC=0.2, UP=0.1, PR=(0.2,10), RR=0.5)",mlp_prevyears_monthly_features_incremental_scaler,next_year,2019,2020,f1_score,0.8921353236763068,0.9184536923232308,0.008156504248071184,-0.0032059704506509122,0.015341292358294513,0.007616316112422335,0.00480386462899427,2000,percentile,0.05,0.4845672350528815,0.47641073080481033,0.06946526736631684,0.4306846576711644
"mlp_combined_HE=0_CC=0.2_UP=0.1_PR=(0.2,10)_RR=0.5","MLP Combined (HE=0, CC=0.2, UP=0.1, PR=(0.2,10), RR=0.5)",mlp_prevyears_monthly_features_incremental_scaler,next_year,2019,2020,pr_auc,0.8921353236763068,0.9184536923232308,0.012085973413074658,-0.0007613260198569213,0.022089524016315025,0.011102316236586652,0.005976510426696727,2000,percentile,0.05,0.4441522771704598,0.43206630375738514,0.03298350824587706,0.1699150424787606
"mlp_combined_HE=0_CC=0.2_UP=0.2_PR=(0.1,10)_RR=0.5","MLP Combined (HE=0, CC=0.2, UP=0.2, PR=(0.1,10), RR=0.5)",mlp_prevyears_monthly_features_incremental_scaler,next_year,2019,2020,f1_score,0.9032339001484521,0.9184536923232308,0.007487636873747927,0.0006382827637996427,0.013283542530429024,0.00715436066842402,0.0032526333588938365,2000,percentile,0.05,0.48389836767855826,0.47641073080481033,0.019490254872563718,0.232383808095952
"mlp_combined_HE=0_CC=0.2_UP=0.2_PR=(0.1,10)_RR=0.5","MLP Combined (HE=0, CC=0.2, UP=0.2, PR=(0.1,10), RR=0.5)",mlp_prevyears_monthly_features_incremental_scaler,next_year,2019,2020,pr_auc,0.9032339001484521,0.9184536923232308,0.006724099467593503,-0.004982136886007295,0.017491293529228104,0.006396120496273067,0.005846680043566225,2000,percentile,0.05,0.43879040322497864,0.43206630375738514,0.14042978510744628,0.45347118107612855
mlp_prevyears_monthly_features_incremental_scaler_experience_replay_RR_0.2,MLP Prevyears + Monthly (Incremental Scaler + Replay RR=0.2),mlp_prevyears_monthly_features_incremental_scaler,next_year,2019,2020,f1_score,0.9205428045711155,0.9184536923232308,-0.005756287671470961,-0.011569831732758,1.3828944735362703e-05,-0.005764600769453784,0.003004110241720392,2000,percentile,0.05,0.4706544431333394,0.47641073080481033,0.9740129935032483,1.0
mlp_prevyears_monthly_features_incremental_scaler_experience_replay_RR_0.2,MLP Prevyears + Monthly (Incremental Scaler + Replay RR=0.2),mlp_prevyears_monthly_features_incremental_scaler,next_year,2019,2020,pr_auc,0.9205428045711155,0.9184536923232308,0.0007275324509203318,-0.007036387077907745,0.008675472963622012,0.0008285245187246928,0.004032012534297533,2000,percentile,0.05,0.43279383620830547,0.43206630375738514,0.42328835582208896,0.9112457660058859
mlp_prevyears_monthly_features_incremental_scaler_experience_replay_RR_0.2_PR_0.10,"MLP Prevyears + Monthly (Incremental Scaler + Replay RR=0.2, PR=0.10)",mlp_prevyears_monthly_features_incremental_scaler,next_year,2019,2020,f1_score,0.9012259514539736,0.9184536923232308,-0.009624181623008488,-0.015946569035065868,-0.001784549447077524,-0.009353945520467888,0.0035856721085765816,2000,percentile,0.05,0.46678654918180185,0.47641073080481033,0.993503248375812,1.0
mlp_prevyears_monthly_features_incremental_scaler_experience_replay_RR_0.2_PR_0.10,"MLP Prevyears + Monthly (Incremental Scaler + Replay RR=0.2, PR=0.10)",mlp_prevyears_monthly_features_incremental_scaler,next_year,2019,2020,pr_auc,0.9012259514539736,0.9184536923232308,-0.009646322977787558,-0.019496571538614234,0.002430352002892095,-0.009147998813303882,0.005530957142732649,2000,percentile,0.05,0.4224199807795976,0.43206630375738514,0.9440279860069966,1.0
mlp_prevyears_monthly_features_incremental_scaler_experience_replay_RR_0.2_PR_0.15,"MLP Prevyears + Monthly (Incremental Scaler + Replay RR=0.2, PR=0.15)",mlp_prevyears_monthly_features_incremental_scaler,next_year,2019,2020,f1_score,0.9056740496303456,0.9184536923232308,-0.0066567821640023395,-0.016090205401769624,0.004517622242085636,-0.006351116467821458,0.00537533788196327,2000,percentile,0.05,0.469753948640808,0.47641073080481033,0.88055972013993,1.0
mlp_prevyears_monthly_features_incremental_scaler_experience_replay_RR_0.2_PR_0.15,"MLP Prevyears + Monthly (Incremental Scaler + Replay RR=0.2, PR=0.15)",mlp_prevyears_monthly_features_incremental_scaler,next_year,2019,2020,pr_auc,0.9056740496303456,0.9184536923232308,-0.006921553653434609,-0.016484657650652663,0.006210367162638792,-0.006208556614179336,0.005871388683494373,2000,percentile,0.05,0.42514475010395053,0.43206630375738514,0.8395802098950524,1.0
mlp_prevyears_monthly_features_incremental_scaler_experience_replay_RR_0.3,MLP Prevyears + Monthly (Incremental Scaler + Replay RR=0.3),mlp_prevyears_monthly_features_incremental_scaler,next_year,2019,2020,f1_score,0.9191216749309131,0.9184536923232308,0.0024112413990282078,-0.0058408753493811305,0.011107093623299188,0.0024289365740666337,0.004377947954535116,2000,percentile,0.05,0.47882197220383854,0.47641073080481033,0.2888555722138931,0.8900451734916855
mlp_prevyears_monthly_features_incremental_scaler_experience_replay_RR_0.3,MLP Prevyears + Monthly (Incremental Scaler + Replay RR=0.3),mlp_prevyears_monthly_features_incremental_scaler,next_year,2019,2020,pr_auc,0.9191216749309131,0.9184536923232308,0.007164295038351864,-0.0005207811298995876,0.014304077613005384,0.0068023237988576015,0.0037863835336258223,2000,percentile,0.05,0.439230598795737,0.43206630375738514,0.03398300849575212,0.1699150424787606
mlp_prevyears_monthly_features_incremental_scaler_experience_replay_RR_0.3_PR_0.10,"MLP Prevyears + Monthly (Incremental Scaler + Replay RR=0.3, PR=0.10)",mlp_prevyears_monthly_features_incremental_scaler,next_year,2019,2020,f1_score,0.9093741783050223,0.9184536923232308,0.009336425017764105,0.0015165882896163829,0.01533506664894202,0.00895454385699282,0.0035368136110160067,2000,percentile,0.05,0.48574715582257444,0.47641073080481033,0.010994502748625687,0.17041479260369816
mlp_prevyears_monthly_features_incremental_scaler_experience_replay_RR_0.3_PR_0.10,"MLP Prevyears + Monthly (Incremental Scaler + Replay RR=0.3, PR=0.10)",mlp_prevyears_monthly_features_incremental_scaler,next_year,2019,2020,pr_auc,0.9093741783050223,0.9184536923232308,0.005917951994875437,-0.002829487549138253,0.018203817233460862,0.006610051664051231,0.005443908187078259,2000,percentile,0.05,0.4379842557522606,0.43206630375738514,0.10194902548725637,0.35913861251192586
mlp_prevyears_monthly_features_incremental_scaler_experience_replay_RR_0.3_PR_0.15,"MLP Prevyears + Monthly (Incremental Scaler + Replay RR=0.3, PR=0.15)",mlp_prevyears_monthly_features_incremental_scaler,next_year,2019,2020,f1_score,0.9037047483637987,0.9184536923232308,0.0008193078243848295,-0.007160674040238839,0.00831150697757845,0.0006765268868828757,0.003969754212752662,2000,percentile,0.05,0.47723003862919516,0.47641073080481033,0.42978510744627685,0.9658452023988007
mlp_prevyears_monthly_features_incremental_scaler_experience_replay_RR_0.3_PR_0.15,"MLP Prevyears + Monthly (Incremental Scaler + Replay RR=0.3, PR=0.15)",mlp_prevyears_monthly_features_incremental_scaler,next_year,2019,2020,pr_auc,0.9037047483637987,0.9184536923232308,-6.270484601855753e-05,-0.006175869448365292,0.007990311213445046,0.0004823901568327906,0.003541931750980448,2000,percentile,0.05,0.4320035989113666,0.43206630375738514,0.45827086456771615,0.9479418706488341
mlp_prevyears_monthly_features_incremental_scaler_experience_replay_RR_0.4,MLP Prevyears + Monthly (Incremental Scaler + Replay RR=0.4),mlp_prevyears_monthly_features_incremental_scaler,next_year,2019,2020,f1_score,0.9027840698922923,0.9184536923232308,-0.000793654572931568,-0.008565615218918124,0.0057036032023134115,-0.0010348196545116007,0.003681982816830672,2000,percentile,0.05,0.47561707623187877,0.47641073080481033,0.5957021489255372,0.9658452023988007
mlp_prevyears_monthly_features_incremental_scaler_experience_replay_RR_0.4,MLP Prevyears + Monthly (Incremental Scaler + Replay RR=0.4),mlp_prevyears_monthly_features_incremental_scaler,next_year,2019,2020,pr_auc,0.9027840698922923,0.9184536923232308,0.0001961319998510791,-0.009416027459732954,0.008681928750871022,-0.0002520030666974668,0.004609016769896669,2000,percentile,0.05,0.4322624357572362,0.43206630375738514,0.5237381309345327,0.9479418706488341
mlp_prevyears_monthly_features_incremental_scaler_experience_replay_RR_0.4_PR_0.10,"MLP Prevyears + Monthly (Incremental Scaler + Replay RR=0.4, PR=0.10)",mlp_prevyears_monthly_features_incremental_scaler,next_year,2019,2020,f1_score,0.9358768018642184,0.9184536923232308,0.0018991898589934553,-0.008890960981482033,0.009312861744295714,0.0012466766911478269,0.004643945071683078,2000,percentile,0.05,0.4783099206638038,0.47641073080481033,0.36231884057971014,0.9057971014492753
mlp_prevyears_monthly_features_incremental_scaler_experience_replay_RR_0.4_PR_0.10,"MLP Prevyears + Monthly (Incremental Scaler + Replay RR=0.4, PR=0.10)",mlp_prevyears_monthly_features_incremental_scaler,next_year,2019,2020,pr_auc,0.9358768018642184,0.9184536923232308,0.005064291220025441,-0.008733781899020375,0.01606259131734394,0.004392819888661279,0.006436953042016309,2000,percentile,0.05,0.4371305949774106,0.43206630375738514,0.24987506246876562,0.6455105780443111
mlp_prevyears_monthly_features_incremental_scaler_experience_replay_RR_0.4_PR_0.15,"MLP Prevyears + Monthly (Incremental Scaler + Replay RR=0.4, PR=0.15)",mlp_prevyears_monthly_features_incremental_scaler,next_year,2019,2020,f1_score,0.9066100908087449,0.9184536923232308,0.00021458297988791175,-0.006938491744434634,0.009349601453886273,0.0004484474510407822,0.004099132858603106,2000,percentile,0.05,0.47662531378469825,0.47641073080481033,0.4832583708145927,0.9658452023988007
mlp_prevyears_monthly_features_incremental_scaler_experience_replay_RR_0.4_PR_0.15,"MLP Prevyears + Monthly (Incremental Scaler + Replay RR=0.4, PR=0.15)",mlp_prevyears_monthly_features_incremental_scaler,next_year,2019,2020,pr_auc,0.9066100908087449,0.9184536923232308,0.0006244564722497903,-0.007169845366008716,0.009023366735625147,0.0009122900756591257,0.004080217292967596,2000,percentile,0.05,0.43269076022963493,0.43206630375738514,0.42028985507246375,0.9112457660058859
mlp_prevyears_monthly_features_incremental_scaler_experience_replay_RR_0.5,MLP Prevyears + Monthly (Incremental Scaler + Replay RR=0.5),mlp_prevyears_monthly_features_incremental_scaler,next_year,2019,2020,f1_score,0.9105761160139635,0.9184536923232308,-0.004894890486583314,-0.011064384176210796,0.0003161057902443122,-0.004910135874603417,0.002952470811668785,2000,percentile,0.05,0.471515840318227,0.47641073080481033,0.9620189905047476,1.0
mlp_prevyears_monthly_features_incremental_scaler_experience_replay_RR_0.5,MLP Prevyears + Monthly (Incremental Scaler + Replay RR=0.5),mlp_prevyears_monthly_features_incremental_scaler,next_year,2019,2020,pr_auc,0.9105761160139635,0.9184536923232308,-0.0020681335521613997,-0.013124824235620534,0.006519155983538144,-0.002608661853504279,0.005042170335684004,2000,percentile,0.05,0.42999817020522374,0.43206630375738514,0.679160419790105,1.0
mlp_prevyears_monthly_features_incremental_scaler_experience_replay_RR_0.5_PR_0.10,"MLP Prevyears + Monthly (Incremental Scaler + Replay RR=0.5, PR=0.10)",mlp_prevyears_monthly_features_incremental_scaler,next_year,2019,2020,f1_score,0.9063697778036736,0.9184536923232308,0.010298380378240657,-0.0013009038455582336,0.019277572316823744,0.009516137033503807,0.005289084710487226,2000,percentile,0.05,0.486709111183051,0.47641073080481033,0.04447776111944028,0.32828823683396396
mlp_prevyears_monthly_features_incremental_scaler_experience_replay_RR_0.5_PR_0.10,"MLP Prevyears + Monthly (Incremental Scaler + Replay RR=0.5, PR=0.10)",mlp_prevyears_monthly_features_incremental_scaler,next_year,2019,2020,pr_auc,0.9063697778036736,0.9184536923232308,0.011036590833575999,-0.0015651864005037665,0.021699399836764045,0.010230077319966441,0.006190038518954592,2000,percentile,0.05,0.44310289459096114,0.43206630375738514,0.05247376311844078,0.24646767525328242
mlp_prevyears_monthly_features_incremental_scaler_experience_replay_RR_0.5_PR_0.15,"MLP Prevyears + Monthly (Incremental Scaler + Replay RR=0.5, PR=0.15)",mlp_prevyears_monthly_features_incremental_scaler,next_year,2019,2020,f1_score,0.92448528638708,0.9184536923232308,-0.007921563494943329,-0.014136922289619849,-0.0004872840273625212,-0.007786011810015847,0.003488567929384098,2000,percentile,0.05,0.468489167309867,0.47641073080481033,0.9845077461269365,1.0
mlp_prevyears_monthly_features_incremental_scaler_experience_replay_RR_0.5_PR_0.15,"MLP Prevyears + Monthly (Incremental Scaler + Replay RR=0.5, PR=0.15)",mlp_prevyears_monthly_features_incremental_scaler,next_year,2019,2020,pr_auc,0.92448528638708,0.9184536923232308,-0.012034127558355368,-0.021319108536573185,0.001559120429746592,-0.010960162872833003,0.0058411626102726445,2000,percentile,0.05,0.42003217619902977,0.43206630375738514,0.9545227386306847,1.0
mlp_prevyears_monthly_features_incremental_scaler_experience_replay_confidently_correct_memory_RR_0.2,MLP Prevyears + Monthly (Incremental Scaler + Replay Confidently Correct RR=0.2),mlp_prevyears_monthly_features_incremental_scaler,next_year,2019,2020,f1_score,0.918395192102787,0.9184536923232308,0.005315774702270182,-0.0027086353225870244,0.011780261953784224,0.004779657644795793,0.0038008383108917186,2000,percentile,0.05,0.4817265055070805,0.47641073080481033,0.11344327836081959,0.6041979010494753
mlp_prevyears_monthly_features_incremental_scaler_experience_replay_confidently_correct_memory_RR_0.2,MLP Prevyears + Monthly (Incremental Scaler + Replay Confidently Correct RR=0.2),mlp_prevyears_monthly_features_incremental_scaler,next_year,2019,2020,pr_auc,0.918395192102787,0.9184536923232308,0.006660974750015314,-0.006206138736544152,0.01798834856055794,0.005879595406974848,0.006558633071210498,2000,percentile,0.05,0.43872727850740045,0.43206630375738514,0.20239880059970014,0.5809595202398801
mlp_prevyears_monthly_features_incremental_scaler_experience_replay_confidently_correct_memory_RR_0.3,MLP Prevyears + Monthly (Incremental Scaler + Replay Confidently Correct RR=0.3),mlp_prevyears_monthly_features_incremental_scaler,next_year,2019,2020,f1_score,0.9413881804840857,0.9184536923232308,0.008292372859802,0.00022100251390293622,0.014946442512160166,0.007776601246185536,0.0037963246899604835,2000,percentile,0.05,0.48470310366461233,0.47641073080481033,0.022988505747126436,0.2545155993431855
mlp_prevyears_monthly_features_incremental_scaler_experience_replay_confidently_correct_memory_RR_0.3,MLP Prevyears + Monthly (Incremental Scaler + Replay Confidently Correct RR=0.3),mlp_prevyears_monthly_features_incremental_scaler,next_year,2019,2020,pr_auc,0.9413881804840857,0.9184536923232308,0.00816486969180752,-0.0024405285561232017,0.017517824698125645,0.007587430460134502,0.005260013214827043,2000,percentile,0.05,0.44023117344919266,0.43206630375738514,0.07846076961519241,0.32003734974617953
mlp_prevyears_monthly_features_incremental_scaler_experience_replay_confidently_correct_memory_RR_0.4,MLP Prevyears + Monthly (Incremental Scaler + Replay Confidently Correct RR=0.4),mlp_prevyears_monthly_features_incremental_scaler,next_year,2019,2020,f1_score,0.8987198114492245,0.9184536923232308,0.005216159025406286,-0.002708127226485424,0.011697757177955626,0.0049011851964452235,0.003710182040499958,2000,percentile,0.05,0.4816268898302166,0.47641073080481033,0.10194902548725637,0.5643606768044549
mlp_prevyears_monthly_features_incremental_scaler_experience_replay_confidently_correct_memory_RR_0.4,MLP Prevyears + Monthly (Incremental Scaler + Replay Confidently Correct RR=0.4),mlp_prevyears_monthly_features_incremental_scaler,next_year,2019,2020,pr_auc,0.8987198114492245,0.9184536923232308,0.006507346189116692,-0.0016347686773817525,0.01305467012921514,0.0062702518732608275,0.0038197990443738046,2000,percentile,0.05,0.43857364994650183,0.43206630375738514,0.05647176411794103,0.2574448070082606
mlp_prevyears_monthly_features_incremental_scaler_experience_replay_confidently_correct_memory_RR_0.5,MLP Prevyears + Monthly (Incremental Scaler + Replay Confidently Correct RR=0.5),mlp_prevyears_monthly_features_incremental_scaler,next_year,2019,2020,f1_score,0.9281138062789621,0.9184536923232308,-0.004000769607572063,-0.010423747978272141,0.0028151733357651768,-0.004030427708623529,0.003346595902568037,2000,percentile,0.05,0.47240996119723827,0.47641073080481033,0.8840579710144928,1.0
mlp_prevyears_monthly_features_incremental_scaler_experience_replay_confidently_correct_memory_RR_0.5,MLP Prevyears + Monthly (Incremental Scaler + Replay Confidently Correct RR=0.5),mlp_prevyears_monthly_features_incremental_scaler,next_year,2019,2020,pr_auc,0.9281138062789621,0.9184536923232308,-0.0036229357523204775,-0.010450910452894927,0.004928823806294269,-0.002986833741648201,0.003843390658164621,2000,percentile,0.05,0.42844336800506466,0.43206630375738514,0.7946026986506747,1.0
mlp_prevyears_monthly_features_incremental_scaler_experience_replay_hard_example_mining_RR_0.2,MLP Prevyears + Monthly (Incremental Scaler + Replay Hard Example Mining RR=0.2),mlp_prevyears_monthly_features_incremental_scaler,next_year,2019,2020,f1_score,0.916843584047009,0.9184536923232308,-0.00090857543472872,-0.00868949725875016,0.008066038742707208,-0.0008210200482626112,0.004333593546121606,2000,percentile,0.05,0.4755021553700816,0.47641073080481033,0.5957021489255372,0.9658452023988007
mlp_prevyears_monthly_features_incremental_scaler_experience_replay_hard_example_mining_RR_0.2,MLP Prevyears + Monthly (Incremental Scaler + Replay Hard Example Mining RR=0.2),mlp_prevyears_monthly_features_incremental_scaler,next_year,2019,2020,pr_auc,0.916843584047009,0.9184536923232308,-0.005029378529865736,-0.015742430173875627,0.01060874801310717,-0.0036279122253054384,0.006672669559175568,2000,percentile,0.05,0.4270369252275194,0.43206630375738514,0.7261369315342329,1.0
mlp_prevyears_monthly_features_incremental_scaler_experience_replay_hard_example_mining_RR_0.3,MLP Prevyears + Monthly (Incremental Scaler + Replay Hard Example Mining RR=0.3),mlp_prevyears_monthly_features_incremental_scaler,next_year,2019,2020,f1_score,0.9026917094100093,0.9184536923232308,-0.006920912858491002,-0.013722649175509916,0.0007445534981376606,-0.006742464945690759,0.0037761255558822707,2000,percentile,0.05,0.46948981794631933,0.47641073080481033,0.9600199900049975,1.0
mlp_prevyears_monthly_features_incremental_scaler_experience_replay_hard_example_mining_RR_0.3,MLP Prevyears + Monthly (Incremental Scaler + Replay Hard Example Mining RR=0.3),mlp_prevyears_monthly_features_incremental_scaler,next_year,2019,2020,pr_auc,0.9026917094100093,0.9184536923232308,-0.0023371287255513074,-0.012003779451625644,0.006401286017861673,-0.0026513279747193245,0.004696649755876789,2000,percentile,0.05,0.42972917503183383,0.43206630375738514,0.7251374312843578,1.0
mlp_prevyears_monthly_features_incremental_scaler_experience_replay_hard_example_mining_RR_0.4,MLP Prevyears + Monthly (Incremental Scaler + Replay Hard Example Mining RR=0.4),mlp_prevyears_monthly_features_incremental_scaler,next_year,2019,2020,f1_score,0.9110402419546055,0.9184536923232308,0.008430116091344086,0.0009629824163187723,0.013733194859228562,0.008040999429028204,0.003237313683843279,2000,percentile,0.05,0.4848408468961544,0.47641073080481033,0.012993503248375811,0.18074296185240712
mlp_prevyears_monthly_features_incremental_scaler_experience_replay_hard_example_mining_RR_0.4,MLP Prevyears + Monthly (Incremental Scaler + Replay Hard Example Mining RR=0.4),mlp_prevyears_monthly_features_incremental_scaler,next_year,2019,2020,pr_auc,0.9110402419546055,0.9184536923232308,0.012234697459170607,-0.0014460503044520705,0.022978482995959375,0.011239338752353351,0.00636894687256126,2000,percentile,0.05,0.44430100121655575,0.43206630375738514,0.04297851074462768,0.20817716141929035
mlp_prevyears_monthly_features_incremental_scaler_experience_replay_hard_example_mining_RR_0.5,MLP Prevyears + Monthly (Incremental Scaler + Replay Hard Example Mining RR=0.5),mlp_prevyears_monthly_features_incremental_scaler,next_year,2019,2020,f1_score,0.9053038135392161,0.9184536923232308,0.006095300080365129,-0.004532187775241618,0.015425662866510943,0.005596447873720818,0.0052319912312329235,2000,percentile,0.05,0.48250603088517546,0.47641073080481033,0.15292353823088456,0.7182772250238517
mlp_prevyears_monthly_features_incremental_scaler_experience_replay_hard_example_mining_RR_0.5,MLP Prevyears + Monthly (Incremental Scaler + Replay Hard Example Mining RR=0.5),mlp_prevyears_monthly_features_incremental_scaler,next_year,2019,2020,pr_auc,0.9053038135392161,0.9184536923232308,-0.0005274274695069026,-0.009813504082213046,0.009874728043361411,-0.0001809668347197504,0.005031303633410379,2000,percentile,0.05,0.43153887628787824,0.43206630375738514,0.5172413793103449,0.9479418706488341
mlp_prevyears_monthly_features_incremental_scaler_experience_replay_uncertainity_prioritization_RR_0.2,MLP Prevyears + Monthly (Incremental Scaler + Replay Uncertainty Prioritization RR=0.2),mlp_prevyears_monthly_features_incremental_scaler,next_year,2019,2020,f1_score,0.9184746008475981,0.9184536923232308,0.0012659210512882546,-0.010438012318447206,0.010077655414227506,0.0007421594973949266,0.005345823568502613,2000,percentile,0.05,0.4776766518560986,0.47641073080481033,0.41579210394802596,0.9619071061484182
mlp_prevyears_monthly_features_incremental_scaler_experience_replay_uncertainity_prioritization_RR_0.2,MLP Prevyears + Monthly (Incremental Scaler + Replay Uncertainty Prioritization RR=0.2),mlp_prevyears_monthly_features_incremental_scaler,next_year,2019,2020,pr_auc,0.9184746008475981,0.9184536923232308,0.009342909683168865,-0.004169922023452051,0.01952478987374054,0.008504115639217123,0.006143445752729495,2000,percentile,0.05,0.441409213440554,0.43206630375738514,0.09645177411294353,0.3559529758930059
mlp_prevyears_monthly_features_incremental_scaler_experience_replay_uncertainity_prioritization_RR_0.3,MLP Prevyears + Monthly (Incremental Scaler + Replay Uncertainty Prioritization RR=0.3),mlp_prevyears_monthly_features_incremental_scaler,next_year,2019,2020,f1_score,0.9170726218482833,0.9184536923232308,-0.004367817812720165,-0.011597174858505883,0.0029550643395902373,-0.004404831251969209,0.0036341066126310546,2000,percentile,0.05,0.47204291299209017,0.47641073080481033,0.8915542228885557,1.0
mlp_prevyears_monthly_features_incremental_scaler_experience_replay_uncertainity_prioritization_RR_0.3,MLP Prevyears + Monthly (Incremental Scaler + Replay Uncertainty Prioritization RR=0.3),mlp_prevyears_monthly_features_incremental_scaler,next_year,2019,2020,pr_auc,0.9170726218482833,0.9184536923232308,-0.003837230119832946,-0.017185669934417797,0.008640267886847158,-0.0036106639665780555,0.006601675034228073,2000,percentile,0.05,0.4282290736375522,0.43206630375738514,0.6976511744127936,1.0
mlp_prevyears_monthly_features_incremental_scaler_experience_replay_uncertainity_prioritization_RR_0.4,MLP Prevyears + Monthly (Incremental Scaler + Replay Uncertainty Prioritization RR=0.4),mlp_prevyears_monthly_features_incremental_scaler,next_year,2019,2020,f1_score,0.9197143661370888,0.9184536923232308,-0.002051054298247368,-0.007817169209588182,0.004734592227935055,-0.0018964150510041617,0.003279473059945568,2000,percentile,0.05,0.47435967650656297,0.47641073080481033,0.7326336831584208,1.0
mlp_prevyears_monthly_features_incremental_scaler_experience_replay_uncertainity_prioritization_RR_0.4,MLP Prevyears + Monthly (Incremental Scaler + Replay Uncertainty Prioritization RR=0.4),mlp_prevyears_monthly_features_incremental_scaler,next_year,2019,2020,pr_auc,0.9197143661370888,0.9184536923232308,0.003338739921299849,-0.004510034723742703,0.010664590986600093,0.0029947862106623627,0.0038491299045945435,2000,percentile,0.05,0.435405043678685,0.43206630375738514,0.21989005497251374,0.6020235496286944
mlp_prevyears_monthly_features_incremental_scaler_experience_replay_uncertainity_prioritization_RR_0.5,MLP Prevyears + Monthly (Incremental Scaler + Replay Uncertainty Prioritization RR=0.5),mlp_prevyears_monthly_features_incremental_scaler,next_year,2019,2020,f1_score,0.9180140782580153,0.9184536923232308,-0.012233021451975912,-0.02096251233489995,-0.001690452542122392,-0.011706692352263463,0.004815640588061123,2000,percentile,0.05,0.4641777093528344,0.47641073080481033,0.9905047476261869,1.0
mlp_prevyears_monthly_features_incremental_scaler_experience_replay_uncertainity_prioritization_RR_0.5,MLP Prevyears + Monthly (Incremental Scaler + Replay Uncertainty Prioritization RR=0.5),mlp_prevyears_monthly_features_incremental_scaler,next_year,2019,2020,pr_auc,0.9180140782580153,0.9184536923232308,-0.010804912065162042,-0.02065867260052561,0.0014837606414529925,-0.010020978094269687,0.005765518215334083,2000,percentile,0.05,0.4212613916922231,0.43206630375738514,0.9555222388805598,1.0
mlp_prevyears_monthly_features_incremental_scaler_missclassification_buffer_RR_0.3,MLP Prevyears + Monthly (Incremental Scaler + Misclassification Buffer RR=0.3),mlp_prevyears_monthly_features_incremental_scaler,next_year,2019,2020,f1_score,0.9251362386925488,0.9184536923232308,0.002530259904990284,-0.00401111156883216,0.009454931851753254,0.002547368441230055,0.003475261249681221,2000,percentile,0.05,0.4789409907098006,0.47641073080481033,0.2283858070964518,0.8400244322283302
mlp_prevyears_monthly_features_incremental_scaler_missclassification_buffer_RR_0.3,MLP Prevyears + Monthly (Incremental Scaler + Misclassification Buffer RR=0.3),mlp_prevyears_monthly_features_incremental_scaler,next_year,2019,2020,pr_auc,0.9251362386925488,0.9184536923232308,0.008136678884186566,-0.00016884613842241546,0.017189441727505243,0.008429985759558698,0.004455401740515791,2000,percentile,0.05,0.4402029826415717,0.43206630375738514,0.027486256871564217,0.16322196044834722
"mlp_combined_HE=0.1_CC=0.1_UP=0.1_PR=(0.2,10)_RR=0.5","MLP Combined (HE=0.1, CC=0.1, UP=0.1, PR=(0.2,10), RR=0.5)",mlp_prevyears_monthly_features_incremental_scaler,next_year,2020,2021,f1_score,0.921546902478272,0.9670491337271594,0.0310742478273604,0.01004012721541599,0.05291735102868081,0.030623826853699,0.010967742117944492,2000,percentile,0.05,0.4641555285540705,0.4330812807267101,0.0004997501249375312,0.012910211560886224
"mlp_combined_HE=0.1_CC=0.1_UP=0.1_PR=(0.2,10)_RR=0.5","MLP Combined (HE=0.1, CC=0.1, UP=0.1, PR=(0.2,10), RR=0.5)",mlp_prevyears_monthly_features_incremental_scaler,next_year,2020,2021,pr_auc,0.921546902478272,0.9670491337271594,0.039693028540448205,0.01907481215222931,0.06251558858193566,0.039113171546507515,0.011251152077449152,2000,percentile,0.05,0.42934251860560163,0.3896494900651534,0.0004997501249375312,0.007041933578665213
"mlp_combined_HE=0_CC=0.15_UP=0_PR=(0,10)_MC=0.1_RWS=1_RR=0.4","MLP Combined (HE=0, CC=0.15, UP=0, PR=(0,10), MC=0.1, RWS=1, RR=0.4)",mlp_prevyears_monthly_features_incremental_scaler,next_year,2020,2021,f1_score,0.9223932610196061,0.9670491337271594,0.030439373116440405,0.010692555229732299,0.05836625662080006,0.030177881765285484,0.01259349354222074,2000,percentile,0.05,0.4635206538431505,0.4330812807267101,0.0004997501249375312,0.012910211560886224
"mlp_combined_HE=0_CC=0.15_UP=0_PR=(0,10)_MC=0.1_RWS=1_RR=0.4","MLP Combined (HE=0, CC=0.15, UP=0, PR=(0,10), MC=0.1, RWS=1, RR=0.4)",mlp_prevyears_monthly_features_incremental_scaler,next_year,2020,2021,pr_auc,0.9223932610196061,0.9670491337271594,0.03482446997677041,0.01483911768414079,0.06181493287045058,0.034645295931372895,0.012154832194953261,2000,percentile,0.05,0.42447396004192384,0.3896494900651534,0.0004997501249375312,0.007041933578665213
"mlp_combined_HE=0_CC=0.1_UP=0.1_PR=(0,10)_MC=0.1_RWS=1_RR=0.5","MLP Combined (HE=0, CC=0.1, UP=0.1, PR=(0,10), MC=0.1, RWS=1, RR=0.5)",mlp_prevyears_monthly_features_incremental_scaler,next_year,2020,2021,f1_score,0.9039827350414998,0.9670491337271594,-0.012378805430750817,-0.03959887361441544,0.022895058461327375,-0.011965245339370451,0.01645834969255516,2000,percentile,0.05,0.4207024752959593,0.4330812807267101,0.7806096951524237,1.0
"mlp_combined_HE=0_CC=0.1_UP=0.1_PR=(0,10)_MC=0.1_RWS=1_RR=0.5","MLP Combined (HE=0, CC=0.1, UP=0.1, PR=(0,10), MC=0.1, RWS=1, RR=0.5)",mlp_prevyears_monthly_features_incremental_scaler,next_year,2020,2021,pr_auc,0.9039827350414998,0.9670491337271594,-0.012485906345104214,-0.04309856409954397,0.025340334944737794,-0.01187631533343618,0.01747599372382455,2000,percentile,0.05,0.3771635837200492,0.3896494900651534,0.7641179410294853,1.0
"mlp_combined_HE=0_CC=0.1_UP=0.2_PR=(0.1,10)_RR=0.5","MLP Combined (HE=0, CC=0.1, UP=0.2, PR=(0.1,10), RR=0.5)",mlp_prevyears_monthly_features_incremental_scaler,next_year,2020,2021,f1_score,0.9182898297427966,0.9670491337271594,-0.0011588184902817655,-0.024688608665689823,0.030109587728349454,-0.0012962432844911445,0.014302851275563869,2000,percentile,0.05,0.43192246223642833,0.4330812807267101,0.5762118940529735,0.9658452023988007
"mlp_combined_HE=0_CC=0.1_UP=0.2_PR=(0.1,10)_RR=0.5","MLP Combined (HE=0, CC=0.1, UP=0.2, PR=(0.1,10), RR=0.5)",mlp_prevyears_monthly_features_incremental_scaler,next_year,2020,2021,pr_auc,0.9182898297427966,0.9670491337271594,-0.0014609070188812412,-0.027605766131146073,0.030911759185275837,-0.0013157335894290214,0.01505392691685759,2000,percentile,0.05,0.3881885830462722,0.3896494900651534,0.5642178910544727,0.9479418706488341
"mlp_combined_HE=0_CC=0.2_UP=0.1_PR=(0.2,10)_RR=0.5","MLP Combined (HE=0, CC=0.2, UP=0.1, PR=(0.2,10), RR=0.5)",mlp_prevyears_monthly_features_incremental_scaler,next_year,2020,2021,f1_score,0.9330843869169616,0.9670491337271594,-0.00018596866869585726,-0.022314899808065506,0.021502360390930633,-0.00022603095714471763,0.011197976814782507,2000,percentile,0.05,0.43289531205801424,0.4330812807267101,0.5142428785607196,0.9658452023988007
"mlp_combined_HE=0_CC=0.2_UP=0.1_PR=(0.2,10)_RR=0.5","MLP Combined (HE=0, CC=0.2, UP=0.1, PR=(0.2,10), RR=0.5)",mlp_prevyears_monthly_features_incremental_scaler,next_year,2020,2021,pr_auc,0.9330843869169616,0.9670491337271594,0.009643353337761285,-0.011909771086221495,0.03382170223258059,0.009228127589164975,0.011763786023736423,2000,percentile,0.05,0.3992928434029147,0.3896494900651534,0.22138930534732634,0.6020235496286944
"mlp_combined_HE=0_CC=0.2_UP=0.2_PR=(0.1,10)_RR=0.5","MLP Combined (HE=0, CC=0.2, UP=0.2, PR=(0.1,10), RR=0.5)",mlp_prevyears_monthly_features_incremental_scaler,next_year,2020,2021,f1_score,0.9164963582282682,0.9670491337271594,0.007828155048814067,-0.01689353247305449,0.041342028114625,0.00755853117533914,0.014787002417041896,2000,percentile,0.05,0.44090943577552416,0.4330812807267101,0.3343328335832084,0.9041380948869828
"mlp_combined_HE=0_CC=0.2_UP=0.2_PR=(0.1,10)_RR=0.5","MLP Combined (HE=0, CC=0.2, UP=0.2, PR=(0.1,10), RR=0.5)",mlp_prevyears_monthly_features_incremental_scaler,next_year,2020,2021,pr_auc,0.9164963582282682,0.9670491337271594,0.012213833099536775,-0.010857304302971877,0.04056154689211023,0.011916845952356394,0.0135463853035794,2000,percentile,0.05,0.4018633231646902,0.3896494900651534,0.20089955022488756,0.5809595202398801
mlp_prevyears_monthly_features_incremental_scaler_experience_replay_RR_0.2,MLP Prevyears + Monthly (Incremental Scaler + Replay RR=0.2),mlp_prevyears_monthly_features_incremental_scaler,next_year,2020,2021,f1_score,0.9543463891889936,0.9670491337271594,0.011963347202399666,-0.003458159757495968,0.02832660314563853,0.011807344319669812,0.008282239089487399,2000,percentile,0.05,0.44504462792910976,0.4330812807267101,0.07646176911544228,0.4558297774189828
mlp_prevyears_monthly_features_incremental_scaler_experience_replay_RR_0.2,MLP Prevyears + Monthly (Incremental Scaler + Replay RR=0.2),mlp_prevyears_monthly_features_incremental_scaler,next_year,2020,2021,pr_auc,0.9543463891889936,0.9670491337271594,0.014503592166159485,-0.004396517822844473,0.03717792891318927,0.014460692989233564,0.01077182336027254,2000,percentile,0.05,0.4041530822313129,0.3896494900651534,0.07846076961519241,0.32003734974617953
mlp_prevyears_monthly_features_incremental_scaler_experience_replay_RR_0.2_PR_0.10,"MLP Prevyears + Monthly (Incremental Scaler + Replay RR=0.2, PR=0.10)",mlp_prevyears_monthly_features_incremental_scaler,next_year,2020,2021,f1_score,0.9633294183996931,0.9670491337271594,0.028848196505886603,0.015405626113164643,0.04179819832536087,0.02862254243256707,0.006700172455414763,2000,percentile,0.05,0.4619294772325967,0.4330812807267101,0.0004997501249375312,0.012910211560886224
mlp_prevyears_monthly_features_incremental_scaler_experience_replay_RR_0.2_PR_0.10,"MLP Prevyears + Monthly (Incremental Scaler + Replay RR=0.2, PR=0.10)",mlp_prevyears_monthly_features_incremental_scaler,next_year,2020,2021,pr_auc,0.9633294183996931,0.9670491337271594,0.03544317013744769,0.020003850522498125,0.05138254977328706,0.035178506956401824,0.008128614429232048,2000,percentile,0.05,0.4250926602026011,0.3896494900651534,0.0004997501249375312,0.007041933578665213
mlp_prevyears_monthly_features_incremental_scaler_experience_replay_RR_0.2_PR_0.15,"MLP Prevyears + Monthly (Incremental Scaler + Replay RR=0.2, PR=0.15)",mlp_prevyears_monthly_features_incremental_scaler,next_year,2020,2021,f1_score,0.9685453856314671,0.9670491337271594,-0.020688593568665536,-0.048386756702190004,0.0085764777929968,-0.020580690397422607,0.014346759565525637,2000,percentile,0.05,0.41239268715804456,0.4330812807267101,0.9255372313843079,1.0
mlp_prevyears_monthly_features_incremental_scaler_experience_replay_RR_0.2_PR_0.15,"MLP Prevyears + Monthly (Incremental Scaler + Replay RR=0.2, PR=0.15)",mlp_prevyears_monthly_features_incremental_scaler,next_year,2020,2021,pr_auc,0.9685453856314671,0.9670491337271594,-0.028439373235572496,-0.05259792418277223,0.0015663760533201276,-0.028059929360074783,0.014001558085407515,2000,percentile,0.05,0.36121011682958093,0.3896494900651534,0.968015992003998,1.0
mlp_prevyears_monthly_features_incremental_scaler_experience_replay_RR_0.3,MLP Prevyears + Monthly (Incremental Scaler + Replay RR=0.3),mlp_prevyears_monthly_features_incremental_scaler,next_year,2020,2021,f1_score,0.959145540416929,0.9670491337271594,0.005315068686588487,-0.011406984840065575,0.02247190358578185,0.005334384105185018,0.008742593092988861,2000,percentile,0.05,0.4383963494132986,0.4330812807267101,0.2698650674662669,0.8900451734916855
mlp_prevyears_monthly_features_incremental_scaler_experience_replay_RR_0.3,MLP Prevyears + Monthly (Incremental Scaler + Replay RR=0.3),mlp_prevyears_monthly_features_incremental_scaler,next_year,2020,2021,pr_auc,0.959145540416929,0.9670491337271594,0.018456118822960277,0.0029097227171184696,0.03582982044938267,0.018326265024483045,0.008654547628531675,2000,percentile,0.05,0.4081056088881137,0.3896494900651534,0.0074962518740629685,0.058095952023988005
mlp_prevyears_monthly_features_incremental_scaler_experience_replay_RR_0.3_PR_0.10,"MLP Prevyears + Monthly (Incremental Scaler + Replay RR=0.3, PR=0.10)",mlp_prevyears_monthly_features_incremental_scaler,next_year,2020,2021,f1_score,0.9549115297725923,0.9670491337271594,0.011859704000294957,-0.01098618243093723,0.031798146484061464,0.011390526442519273,0.010909974511884447,2000,percentile,0.05,0.44494098472700505,0.4330812807267101,0.1469265367316342,0.7182772250238517
mlp_prevyears_monthly_features_incremental_scaler_experience_replay_RR_0.3_PR_0.10,"MLP Prevyears + Monthly (Incremental Scaler + Replay RR=0.3, PR=0.10)",mlp_prevyears_monthly_features_incremental_scaler,next_year,2020,2021,pr_auc,0.9549115297725923,0.9670491337271594,0.015306210616729432,-0.007294829682565401,0.04026669594488564,0.015078660433979863,0.012062337103936435,2000,percentile,0.05,0.40495570068188286,0.3896494900651534,0.09995002498750624,0.35913861251192586
mlp_prevyears_monthly_features_incremental_scaler_experience_replay_RR_0.3_PR_0.15,"MLP Prevyears + Monthly (Incremental Scaler + Replay RR=0.3, PR=0.15)",mlp_prevyears_monthly_features_incremental_scaler,next_year,2020,2021,f1_score,0.9501150498225396,0.9670491337271594,0.020328197176519958,0.006302904551291842,0.03402183607657454,0.02011458686398405,0.007166143456235428,2000,percentile,0.05,0.45340947790323005,0.4330812807267101,0.0024987506246876563,0.055329478118083815
mlp_prevyears_monthly_features_incremental_scaler_experience_replay_RR_0.3_PR_0.15,"MLP Prevyears + Monthly (Incremental Scaler + Replay RR=0.3, PR=0.15)",mlp_prevyears_monthly_features_incremental_scaler,next_year,2020,2021,pr_auc,0.9501150498225396,0.9670491337271594,0.03031250956019843,0.014808743681539848,0.04522457180431714,0.03006491401939727,0.0077589390535024215,2000,percentile,0.05,0.41996199962535186,0.3896494900651534,0.0004997501249375312,0.007041933578665213
mlp_prevyears_monthly_features_incremental_scaler_experience_replay_RR_0.4,MLP Prevyears + Monthly (Incremental Scaler + Replay RR=0.4),mlp_prevyears_monthly_features_incremental_scaler,next_year,2020,2021,f1_score,0.9571057625211336,0.9670491337271594,0.02206717157903848,0.008323031718153904,0.03942846576888666,0.0217199447361093,0.007918310631385012,2000,percentile,0.05,0.4551484523057486,0.4330812807267101,0.0004997501249375312,0.012910211560886224
mlp_prevyears_monthly_features_incremental_scaler_experience_replay_RR_0.4,MLP Prevyears + Monthly (Incremental Scaler + Replay RR=0.4),mlp_prevyears_monthly_features_incremental_scaler,next_year,2020,2021,pr_auc,0.9571057625211336,0.9670491337271594,0.033335466493652266,0.017088803029537268,0.052472083565889366,0.03299752303361178,0.009256472991154866,2000,percentile,0.05,0.4229849565588057,0.3896494900651534,0.0004997501249375312,0.007041933578665213
mlp_prevyears_monthly_features_incremental_scaler_experience_replay_RR_0.4_PR_0.10,"MLP Prevyears + Monthly (Incremental Scaler + Replay RR=0.4, PR=0.10)",mlp_prevyears_monthly_features_incremental_scaler,next_year,2020,2021,f1_score,0.9659013597742598,0.9670491337271594,0.008953748464282374,-0.006788152128066647,0.02537097060559425,0.008714896150861651,0.008229440136335088,2000,percentile,0.05,0.44203502919099247,0.4330812807267101,0.14942528735632185,0.7182772250238517
mlp_prevyears_monthly_features_incremental_scaler_experience_replay_RR_0.4_PR_0.10,"MLP Prevyears + Monthly (Incremental Scaler + Replay RR=0.4, PR=0.10)",mlp_prevyears_monthly_features_incremental_scaler,next_year,2020,2021,pr_auc,0.9659013597742598,0.9670491337271594,0.01776433716421827,-0.0003440003157655247,0.03884746824632936,0.017781598315244024,0.010107398227186256,2000,percentile,0.05,0.4074138272293717,0.3896494900651534,0.02848575712143928,0.16322196044834722
mlp_prevyears_monthly_features_incremental_scaler_experience_replay_RR_0.4_PR_0.15,"MLP Prevyears + Monthly (Incremental Scaler + Replay RR=0.4, PR=0.15)",mlp_prevyears_monthly_features_incremental_scaler,next_year,2020,2021,f1_score,0.9502843294870168,0.9670491337271594,0.01987669354737953,-0.0007359091337669445,0.045385469909563665,0.019727730628218972,0.011791983982376677,2000,percentile,0.05,0.4529579742740896,0.4330812807267101,0.03698150924537731,0.30169125963334126
mlp_prevyears_monthly_features_incremental_scaler_experience_replay_RR_0.4_PR_0.15,"MLP Prevyears + Monthly (Incremental Scaler + Replay RR=0.4, PR=0.15)",mlp_prevyears_monthly_features_incremental_scaler,next_year,2020,2021,pr_auc,0.9502843294870168,0.9670491337271594,0.00866760487642887,-0.0129640091066499,0.035382205775618715,0.009103912817453026,0.012430697454775562,2000,percentile,0.05,0.3983170949415823,0.3896494900651534,0.23238380809595202,0.615751446310743
mlp_prevyears_monthly_features_incremental_scaler_experience_replay_RR_0.5,MLP Prevyears + Monthly (Incremental Scaler + Replay RR=0.5),mlp_prevyears_monthly_features_incremental_scaler,next_year,2020,2021,f1_score,0.9463539206813548,0.9670491337271594,0.024745587469040875,0.00893284012108023,0.04392686733123302,0.024558534338494035,0.009116057252898562,2000,percentile,0.05,0.45782686819575097,0.4330812807267101,0.0004997501249375312,0.012910211560886224
mlp_prevyears_monthly_features_incremental_scaler_experience_replay_RR_0.5,MLP Prevyears + Monthly (Incremental Scaler + Replay RR=0.5),mlp_prevyears_monthly_features_incremental_scaler,next_year,2020,2021,pr_auc,0.9463539206813548,0.9670491337271594,0.03351490097644744,0.01666852680048113,0.05448873922753802,0.0331344915803341,0.010055897121726698,2000,percentile,0.05,0.42316439104160086,0.3896494900651534,0.0004997501249375312,0.007041933578665213
mlp_prevyears_monthly_features_incremental_scaler_experience_replay_RR_0.5_PR_0.10,"MLP Prevyears + Monthly (Incremental Scaler + Replay RR=0.5, PR=0.10)",mlp_prevyears_monthly_features_incremental_scaler,next_year,2020,2021,f1_score,0.9434607398264281,0.9670491337271594,0.023952556947844095,0.005068186251916487,0.04499739452992138,0.02337892638289256,0.010296329615248819,2000,percentile,0.05,0.4570338376745542,0.4330812807267101,0.0069965017491254375,0.12049530790160475
mlp_prevyears_monthly_features_incremental_scaler_experience_replay_RR_0.5_PR_0.10,"MLP Prevyears + Monthly (Incremental Scaler + Replay RR=0.5, PR=0.10)",mlp_prevyears_monthly_features_incremental_scaler,next_year,2020,2021,pr_auc,0.9434607398264281,0.9670491337271594,0.03148697014824042,0.012667524696535008,0.054073595192944385,0.031146854420388736,0.01080376916739774,2000,percentile,0.05,0.42113646021339385,0.3896494900651534,0.0004997501249375312,0.007041933578665213
mlp_prevyears_monthly_features_incremental_scaler_experience_replay_RR_0.5_PR_0.15,"MLP Prevyears + Monthly (Incremental Scaler + Replay RR=0.5, PR=0.15)",mlp_prevyears_monthly_features_incremental_scaler,next_year,2020,2021,f1_score,0.9675857039096304,0.9670491337271594,0.004126041538083436,-0.012621198940180375,0.018881756222738303,0.0037332916497990936,0.008076852066515249,2000,percentile,0.05,0.43720732226479353,0.4330812807267101,0.31334332833583206,0.8994114054084069
mlp_prevyears_monthly_features_incremental_scaler_experience_replay_RR_0.5_PR_0.15,"MLP Prevyears + Monthly (Incremental Scaler + Replay RR=0.5, PR=0.15)",mlp_prevyears_monthly_features_incremental_scaler,next_year,2020,2021,pr_auc,0.9675857039096304,0.9670491337271594,0.016965581224237802,-0.0002775304813212323,0.03538704452905816,0.016804944817918558,0.009039849113899856,2000,percentile,0.05,0.40661507128939123,0.3896494900651534,0.02948525737131434,0.16322196044834722
mlp_prevyears_monthly_features_incremental_scaler_experience_replay_confidently_correct_memory_RR_0.2,MLP Prevyears + Monthly (Incremental Scaler + Replay Confidently Correct RR=0.2),mlp_prevyears_monthly_features_incremental_scaler,next_year,2020,2021,f1_score,0.9416870723377072,0.9670491337271594,0.018395841418429815,0.003963579433882409,0.032018010678101026,0.01803304176619552,0.007089153773236624,2000,percentile,0.05,0.4514771221451399,0.4330812807267101,0.004997501249375313,0.09682658670664668
mlp_prevyears_monthly_features_incremental_scaler_experience_replay_confidently_correct_memory_RR_0.2,MLP Prevyears + Monthly (Incremental Scaler + Replay Confidently Correct RR=0.2),mlp_prevyears_monthly_features_incremental_scaler,next_year,2020,2021,pr_auc,0.9416870723377072,0.9670491337271594,0.02341702682325708,0.00877169291456583,0.039736501799496685,0.023102056435799212,0.008142083066128536,2000,percentile,0.05,0.4130665168884105,0.3896494900651534,0.0014992503748125937,0.016598843435425146
mlp_prevyears_monthly_features_incremental_scaler_experience_replay_confidently_correct_memory_RR_0.3,MLP Prevyears + Monthly (Incremental Scaler + Replay Confidently Correct RR=0.3),mlp_prevyears_monthly_features_incremental_scaler,next_year,2020,2021,f1_score,0.9676368186570546,0.9670491337271594,-0.004863198419584547,-0.02592940948725878,0.018745489692660437,-0.00520691235699443,0.011467326037914964,2000,percentile,0.05,0.42821808230712555,0.4330812807267101,0.6866566716641679,1.0
mlp_prevyears_monthly_features_incremental_scaler_experience_replay_confidently_correct_memory_RR_0.3,MLP Prevyears + Monthly (Incremental Scaler + Replay Confidently Correct RR=0.3),mlp_prevyears_monthly_features_incremental_scaler,next_year,2020,2021,pr_auc,0.9676368186570546,0.9670491337271594,0.006725032282578813,-0.011314323307383821,0.028588020385187998,0.006648293131379007,0.010450064720883383,2000,percentile,0.05,0.39637452234773224,0.3896494900651534,0.28235882058970513,0.7058970514742628
mlp_prevyears_monthly_features_incremental_scaler_experience_replay_confidently_correct_memory_RR_0.4,MLP Prevyears + Monthly (Incremental Scaler + Replay Confidently Correct RR=0.4),mlp_prevyears_monthly_features_incremental_scaler,next_year,2020,2021,f1_score,0.9514228041384044,0.9670491337271594,0.02924467073861281,0.010361682394428369,0.05399598265287164,0.02911153953779426,0.011351058065584254,2000,percentile,0.05,0.4623259514653229,0.4330812807267101,0.0004997501249375312,0.012910211560886224
mlp_prevyears_monthly_features_incremental_scaler_experience_replay_confidently_correct_memory_RR_0.4,MLP Prevyears + Monthly (Incremental Scaler + Replay Confidently Correct RR=0.4),mlp_prevyears_monthly_features_incremental_scaler,next_year,2020,2021,pr_auc,0.9514228041384044,0.9670491337271594,0.039084479235676206,0.021281552605220067,0.061832748850509045,0.03899058392354289,0.010510051816344786,2000,percentile,0.05,0.42873396930082963,0.3896494900651534,0.0004997501249375312,0.007041933578665213
mlp_prevyears_monthly_features_incremental_scaler_experience_replay_confidently_correct_memory_RR_0.5,MLP Prevyears + Monthly (Incremental Scaler + Replay Confidently Correct RR=0.5),mlp_prevyears_monthly_features_incremental_scaler,next_year,2020,2021,f1_score,0.9625872636542815,0.9670491337271594,0.007189032687859143,-0.010519141431350902,0.026366721544185547,0.006704106846546973,0.009389203076407617,2000,percentile,0.05,0.44027031341456924,0.4330812807267101,0.24387806096951525,0.8400244322283302
mlp_prevyears_monthly_features_incremental_scaler_experience_replay_confidently_correct_memory_RR_0.5,MLP Prevyears + Monthly (Incremental Scaler + Replay Confidently Correct RR=0.5),mlp_prevyears_monthly_features_incremental_scaler,next_year,2020,2021,pr_auc,0.9625872636542815,0.9670491337271594,0.014041802317936669,-0.003237623636793341,0.03489264887552364,0.013797251904218785,0.009954945376612994,2000,percentile,0.05,0.4036912923830901,0.3896494900651534,0.06846576711644178,0.3032055400870993
mlp_prevyears_monthly_features_incremental_scaler_experience_replay_hard_example_mining_RR_0.2,MLP Prevyears + Monthly (Incremental Scaler + Replay Hard Example Mining RR=0.2),mlp_prevyears_monthly_features_incremental_scaler,next_year,2020,2021,f1_score,0.9238744610479177,0.9670491337271594,0.010628766312247795,-0.011828784667946231,0.034268595961030476,0.010344030676382267,0.011573148837920008,2000,percentile,0.05,0.4437100470389579,0.4330812807267101,0.18440779610194902,0.772519145832489
mlp_prevyears_monthly_features_incremental_scaler_experience_replay_hard_example_mining_RR_0.2,MLP Prevyears + Monthly (Incremental Scaler + Replay Hard Example Mining RR=0.2),mlp_prevyears_monthly_features_incremental_scaler,next_year,2020,2021,pr_auc,0.9238744610479177,0.9670491337271594,-0.008468985441554722,-0.031656148698522596,0.018515550514592312,-0.008554810227732529,0.012522435937093549,2000,percentile,0.05,0.3811805046235987,0.3896494900651534,0.7651174412793603,1.0
mlp_prevyears_monthly_features_incremental_scaler_experience_replay_hard_example_mining_RR_0.3,MLP Prevyears + Monthly (Incremental Scaler + Replay Hard Example Mining RR=0.3),mlp_prevyears_monthly_features_incremental_scaler,next_year,2020,2021,f1_score,0.9228623409739538,0.9670491337271594,-0.02016042099258164,-0.04874391311942881,0.015059175906039859,-0.020109553534313082,0.016486909731623138,2000,percentile,0.05,0.41292085973412845,0.4330812807267101,0.8785607196401799,1.0
mlp_prevyears_monthly_features_incremental_scaler_experience_replay_hard_example_mining_RR_0.3,MLP Prevyears + Monthly (Incremental Scaler + Replay Hard Example Mining RR=0.3),mlp_prevyears_monthly_features_incremental_scaler,next_year,2020,2021,pr_auc,0.9228623409739538,0.9670491337271594,-0.04121778561486461,-0.0784227239828274,0.0001831097899580178,-0.03960656840161457,0.020564053901879552,2000,percentile,0.05,0.3484317044502888,0.3896494900651534,0.974512743628186,1.0
mlp_prevyears_monthly_features_incremental_scaler_experience_replay_hard_example_mining_RR_0.4,MLP Prevyears + Monthly (Incremental Scaler + Replay Hard Example Mining RR=0.4),mlp_prevyears_monthly_features_incremental_scaler,next_year,2020,2021,f1_score,0.9396229666562937,0.9670491337271594,-0.025298789052060233,-0.057102937820662794,0.008462746624996043,-0.02510632192171053,0.016491746849146647,2000,percentile,0.05,0.40778249167464986,0.4330812807267101,0.9300349825087456,1.0
mlp_prevyears_monthly_features_incremental_scaler_experience_replay_hard_example_mining_RR_0.4,MLP Prevyears + Monthly (Incremental Scaler + Replay Hard Example Mining RR=0.4),mlp_prevyears_monthly_features_incremental_scaler,next_year,2020,2021,pr_auc,0.9396229666562937,0.9670491337271594,-0.03203862379435424,-0.06358311056594015,0.0038697666232677033,-0.032066289160770166,0.017016766418582466,2000,percentile,0.05,0.3576108662707992,0.3896494900651534,0.9610194902548725,1.0
mlp_prevyears_monthly_features_incremental_scaler_experience_replay_hard_example_mining_RR_0.5,MLP Prevyears + Monthly (Incremental Scaler + Replay Hard Example Mining RR=0.5),mlp_prevyears_monthly_features_incremental_scaler,next_year,2020,2021,f1_score,0.9322786939297116,0.9670491337271594,0.019015513901441405,-0.004546236488643147,0.048106615130024705,0.01883641342220743,0.013362890955189404,2000,percentile,0.05,0.4520967946281515,0.4330812807267101,0.06596701649175413,0.42603698150924535
mlp_prevyears_monthly_features_incremental_scaler_experience_replay_hard_example_mining_RR_0.5,MLP Prevyears + Monthly (Incremental Scaler + Replay Hard Example Mining RR=0.5),mlp_prevyears_monthly_features_incremental_scaler,next_year,2020,2021,pr_auc,0.9322786939297116,0.9670491337271594,0.025721257219825044,0.005118464939245432,0.050486483873426295,0.025368478691153693,0.01146150806679412,2000,percentile,0.05,0.41537074728497847,0.3896494900651534,0.005997001499250375,0.04892290696756885
mlp_prevyears_monthly_features_incremental_scaler_experience_replay_uncertainity_prioritization_RR_0.2,MLP Prevyears + Monthly (Incremental Scaler + Replay Uncertainty Prioritization RR=0.2),mlp_prevyears_monthly_features_incremental_scaler,next_year,2020,2021,f1_score,0.9429838757036856,0.9670491337271594,0.014876359212775525,-0.0003162012766301319,0.02933699393342431,0.014410617795398163,0.007551805547318946,2000,percentile,0.05,0.4479576399394856,0.4330812807267101,0.02798600699650175,0.2891887389638514
mlp_prevyears_monthly_features_incremental_scaler_experience_replay_uncertainity_prioritization_RR_0.2,MLP Prevyears + Monthly (Incremental Scaler + Replay Uncertainty Prioritization RR=0.2),mlp_prevyears_monthly_features_incremental_scaler,next_year,2020,2021,pr_auc,0.9429838757036856,0.9670491337271594,0.01798713113030659,0.002263310113399464,0.03721287774088622,0.01762023688204907,0.009131372850478688,2000,percentile,0.05,0.40763662119546,0.3896494900651534,0.01199400299850075,0.0885271649889341
mlp_prevyears_monthly_features_incremental_scaler_experience_replay_uncertainity_prioritization_RR_0.3,MLP Prevyears + Monthly (Incremental Scaler + Replay Uncertainty Prioritization RR=0.3),mlp_prevyears_monthly_features_incremental_scaler,next_year,2020,2021,f1_score,0.969030300333477,0.9670491337271594,0.01888169405784146,-0.0013063298060005057,0.04114403772150651,0.018635716535360197,0.01110148825026642,2000,percentile,0.05,0.45196297478455155,0.4330812807267101,0.03498250874562719,0.30169125963334126
mlp_prevyears_monthly_features_incremental_scaler_experience_replay_uncertainity_prioritization_RR_0.3,MLP Prevyears + Monthly (Incremental Scaler + Replay Uncertainty Prioritization RR=0.3),mlp_prevyears_monthly_features_incremental_scaler,next_year,2020,2021,pr_auc,0.969030300333477,0.9670491337271594,0.028633162145006774,0.007598775906111652,0.05428989730582247,0.028265351350227886,0.012206707346845773,2000,percentile,0.05,0.4182826522101602,0.3896494900651534,0.0009995002498750624,0.011917118363894976
mlp_prevyears_monthly_features_incremental_scaler_experience_replay_uncertainity_prioritization_RR_0.4,MLP Prevyears + Monthly (Incremental Scaler + Replay Uncertainty Prioritization RR=0.4),mlp_prevyears_monthly_features_incremental_scaler,next_year,2020,2021,f1_score,0.9748403977038056,0.9670491337271594,-0.015735926220132035,-0.0349618847467257,0.006441893833214089,-0.01587468683012131,0.010595120662438616,2000,percentile,0.05,0.41734535450657806,0.4330812807267101,0.9240379810094953,1.0
mlp_prevyears_monthly_features_incremental_scaler_experience_replay_uncertainity_prioritization_RR_0.4,MLP Prevyears + Monthly (Incremental Scaler + Replay Uncertainty Prioritization RR=0.4),mlp_prevyears_monthly_features_incremental_scaler,next_year,2020,2021,pr_auc,0.9748403977038056,0.9670491337271594,-0.003301183994455892,-0.024606615273773842,0.019743333369108537,-0.0033945394556202254,0.011193439252595895,2000,percentile,0.05,0.38634830607069753,0.3896494900651534,0.6341829085457271,0.954352920627065
mlp_prevyears_monthly_features_incremental_scaler_experience_replay_uncertainity_prioritization_RR_0.5,MLP Prevyears + Monthly (Incremental Scaler + Replay Uncertainty Prioritization RR=0.5),mlp_prevyears_monthly_features_incremental_scaler,next_year,2020,2021,f1_score,0.9577062058438162,0.9670491337271594,0.010359346809129755,-0.011619931908321194,0.03152995950652169,0.010377149442860717,0.010927713450031755,2000,percentile,0.05,0.44344062753583985,0.4330812807267101,0.1724137931034483,0.7530956743850298
mlp_prevyears_monthly_features_incremental_scaler_experience_replay_uncertainity_prioritization_RR_0.5,MLP Prevyears + Monthly (Incremental Scaler + Replay Uncertainty Prioritization RR=0.5),mlp_prevyears_monthly_features_incremental_scaler,next_year,2020,2021,pr_auc,0.9577062058438162,0.9670491337271594,0.020480372722865847,0.0018003748480934904,0.040497007511142484,0.02054755760018745,0.009841502587054698,2000,percentile,0.05,0.4101298627880193,0.3896494900651534,0.013993003498250875,0.09766855702583492
mlp_prevyears_monthly_features_incremental_scaler_missclassification_buffer_RR_0.3,MLP Prevyears + Monthly (Incremental Scaler + Misclassification Buffer RR=0.3),mlp_prevyears_monthly_features_incremental_scaler,next_year,2020,2021,f1_score,0.932206893492145,0.9670491337271594,-0.006084444032364522,-0.026762688576449596,0.020104887209331707,-0.00603950317275442,0.012053515464616953,2000,percentile,0.05,0.42699683669434557,0.4330812807267101,0.7136431784107946,1.0
mlp_prevyears_monthly_features_incremental_scaler_missclassification_buffer_RR_0.3,MLP Prevyears + Monthly (Incremental Scaler + Misclassification Buffer RR=0.3),mlp_prevyears_monthly_features_incremental_scaler,next_year,2020,2021,pr_auc,0.932206893492145,0.9670491337271594,0.0005648561293822296,-0.023829208569537675,0.0300429874854884,0.0009152695499098762,0.013780813497522915,2000,percentile,0.05,0.39021434619453566,0.3896494900651534,0.5062468765617192,0.9479418706488341
"mlp_combined_HE=0.1_CC=0.1_UP=0.1_PR=(0.2,10)_RR=0.5","MLP Combined (HE=0.1, CC=0.1, UP=0.1, PR=(0.2,10), RR=0.5)",mlp_prevyears_monthly_features_incremental_scaler,next_year,2021,2022,f1_score,0.7365306483528775,0.8598481736137614,0.06211986825333948,-0.028562286501446512,0.17660520171695943,0.0558702230720884,0.06093010309305966,2000,percentile,0.05,0.44179755975806545,0.37967769150472597,0.3098450774612694,0.8994114054084069
"mlp_combined_HE=0.1_CC=0.1_UP=0.1_PR=(0.2,10)_RR=0.5","MLP Combined (HE=0.1, CC=0.1, UP=0.1, PR=(0.2,10), RR=0.5)",mlp_prevyears_monthly_features_incremental_scaler,next_year,2021,2022,pr_auc,0.7365306483528775,0.8598481736137614,0.050630554013007756,-0.012632064105955873,0.12801781128311618,0.045594122687312416,0.041877050963545465,2000,percentile,0.05,0.4034689357428481,0.35283838172984033,0.2158920539730135,0.6020235496286944
"mlp_combined_HE=0_CC=0.15_UP=0_PR=(0,10)_MC=0.1_RWS=1_RR=0.4","MLP Combined (HE=0, CC=0.15, UP=0, PR=(0,10), MC=0.1, RWS=1, RR=0.4)",mlp_prevyears_monthly_features_incremental_scaler,next_year,2021,2022,f1_score,0.8715711958606684,0.8598481736137614,0.01213629248390763,-0.015460142099259794,0.0441909676697145,0.011183096270739717,0.016533112287501858,2000,percentile,0.05,0.3918139839886336,0.37967769150472597,0.30684657671164417,0.8994114054084069
"mlp_combined_HE=0_CC=0.15_UP=0_PR=(0,10)_MC=0.1_RWS=1_RR=0.4","MLP Combined (HE=0, CC=0.15, UP=0, PR=(0,10), MC=0.1, RWS=1, RR=0.4)",mlp_prevyears_monthly_features_incremental_scaler,next_year,2021,2022,pr_auc,0.8715711958606684,0.8598481736137614,0.02373983440120203,-0.002775521657038367,0.05937794203864364,0.022885077494685355,0.017657820111104554,2000,percentile,0.05,0.37657821613104236,0.35283838172984033,0.07596201899050475,0.32003734974617953
"mlp_combined_HE=0_CC=0.1_UP=0.1_PR=(0,10)_MC=0.1_RWS=1_RR=0.5","MLP Combined (HE=0, CC=0.1, UP=0.1, PR=(0,10), MC=0.1, RWS=1, RR=0.5)",mlp_prevyears_monthly_features_incremental_scaler,next_year,2021,2022,f1_score,0.8273423778089525,0.8598481736137614,0.03863545655155887,-0.033032561498856694,0.13246435206340607,0.035143464432534,0.047595546095434836,2000,percentile,0.05,0.41831314805628483,0.37967769150472597,0.33833083458270863,0.9041380948869828
"mlp_combined_HE=0_CC=0.1_UP=0.1_PR=(0,10)_MC=0.1_RWS=1_RR=0.5","MLP Combined (HE=0, CC=0.1, UP=0.1, PR=(0,10), MC=0.1, RWS=1, RR=0.5)",mlp_prevyears_monthly_features_incremental_scaler,next_year,2021,2022,pr_auc,0.8273423778089525,0.8598481736137614,0.03518191286677885,-0.0071045148413246065,0.09500683580297745,0.03359860984088783,0.029739943695142053,2000,percentile,0.05,0.3880202945966192,0.35283838172984033,0.15892053973013492,0.495752123938031
"mlp_combined_HE=0_CC=0.1_UP=0.2_PR=(0.1,10)_RR=0.5","MLP Combined (HE=0, CC=0.1, UP=0.2, PR=(0.1,10), RR=0.5)",mlp_prevyears_monthly_features_incremental_scaler,next_year,2021,2022,f1_score,0.8137695640713166,0.8598481736137614,0.007615584455665958,-0.02113755301452998,0.03880123171642844,0.006884751037978118,0.016025284893595684,2000,percentile,0.05,0.3872932759603919,0.37967769150472597,0.35582208895552225,0.9041380948869828
"mlp_combined_HE=0_CC=0.1_UP=0.2_PR=(0.1,10)_RR=0.5","MLP Combined (HE=0, CC=0.1, UP=0.2, PR=(0.1,10), RR=0.5)",mlp_prevyears_monthly_features_incremental_scaler,next_year,2021,2022,pr_auc,0.8137695640713166,0.8598481736137614,0.016762949367517543,-0.005759876558159798,0.040812881404187394,0.015628620582360912,0.012467525915039962,2000,percentile,0.05,0.3696013310973579,0.35283838172984033,0.10844577711144428,0.36541511852769265
"mlp_combined_HE=0_CC=0.2_UP=0.1_PR=(0.2,10)_RR=0.5","MLP Combined (HE=0, CC=0.2, UP=0.1, PR=(0.2,10), RR=0.5)",mlp_prevyears_monthly_features_incremental_scaler,next_year,2021,2022,f1_score,0.8527991178778475,0.8598481736137614,0.016979839078869186,-0.013968865377721002,0.0581699226931221,0.015498399976489843,0.020744826505823422,2000,percentile,0.05,0.39665753058359515,0.37967769150472597,0.3278360819590205,0.9041380948869828
"mlp_combined_HE=0_CC=0.2_UP=0.1_PR=(0.2,10)_RR=0.5","MLP Combined (HE=0, CC=0.2, UP=0.1, PR=(0.2,10), RR=0.5)",mlp_prevyears_monthly_features_incremental_scaler,next_year,2021,2022,pr_auc,0.8527991178778475,0.8598481736137614,0.02195134527805953,-0.005878997021712366,0.06103564463687314,0.021069592327685717,0.019092579355106835,2000,percentile,0.05,0.37478972700789986,0.35283838172984033,0.15992003998001,0.495752123938031
"mlp_combined_HE=0_CC=0.2_UP=0.2_PR=(0.1,10)_RR=0.5","MLP Combined (HE=0, CC=0.2, UP=0.2, PR=(0.1,10), RR=0.5)",mlp_prevyears_monthly_features_incremental_scaler,next_year,2021,2022,f1_score,0.8350802011104059,0.8598481736137614,0.0039206143082996525,-0.016650722276350772,0.024649241542664808,0.003929384799770858,0.010856365194624672,2000,percentile,0.05,0.3835983058130256,0.37967769150472597,0.3758120939530235,0.9246170565510896
"mlp_combined_HE=0_CC=0.2_UP=0.2_PR=(0.1,10)_RR=0.5","MLP Combined (HE=0, CC=0.2, UP=0.2, PR=(0.1,10), RR=0.5)",mlp_prevyears_monthly_features_incremental_scaler,next_year,2021,2022,pr_auc,0.8350802011104059,0.8598481736137614,0.006535975172402453,-0.009803547363652548,0.02292209306322038,0.006707559987691019,0.00812101112936118,2000,percentile,0.05,0.3593743569022428,0.35283838172984033,0.2013993003498251,0.5809595202398801
mlp_prevyears_monthly_features_incremental_scaler_experience_replay_RR_0.2,MLP Prevyears + Monthly (Incremental Scaler + Replay RR=0.2),mlp_prevyears_monthly_features_incremental_scaler,next_year,2021,2022,f1_score,0.8630860566905356,0.8598481736137614,0.00300955989418189,-0.01792301862978386,0.023778258835772132,0.003018991574589723,0.011051578112347358,2000,percentile,0.05,0.38268725139890786,0.37967769150472597,0.40229885057471265,0.9447927551375827
mlp_prevyears_monthly_features_incremental_scaler_experience_replay_RR_0.2,MLP Prevyears + Monthly (Incremental Scaler + Replay RR=0.2),mlp_prevyears_monthly_features_incremental_scaler,next_year,2021,2022,pr_auc,0.8630860566905356,0.8598481736137614,0.007181818171394738,-0.012053321766679902,0.031604770194766735,0.007246121265635465,0.011634153782468815,2000,percentile,0.05,0.36002019990123507,0.35283838172984033,0.2988505747126437,0.723778735632184
mlp_prevyears_monthly_features_incremental_scaler_experience_replay_RR_0.2_PR_0.10,"MLP Prevyears + Monthly (Incremental Scaler + Replay RR=0.2, PR=0.10)",mlp_prevyears_monthly_features_incremental_scaler,next_year,2021,2022,f1_score,0.8986926705019836,0.8598481736137614,0.029262637571962347,0.00168131713242419,0.06339127404519829,0.02783687032154797,0.01756865032649386,2000,percentile,0.05,0.4089403290766883,0.37967769150472597,0.013993003498250875,0.18074296185240712
mlp_prevyears_monthly_features_incremental_scaler_experience_replay_RR_0.2_PR_0.10,"MLP Prevyears + Monthly (Incremental Scaler + Replay RR=0.2, PR=0.10)",mlp_prevyears_monthly_features_incremental_scaler,next_year,2021,2022,pr_auc,0.8986926705019836,0.8598481736137614,0.040614702109602996,0.005546528605672804,0.08518707415496753,0.038369150771676616,0.023465752294875422,2000,percentile,0.05,0.39345308383944333,0.35283838172984033,0.0024987506246876563,0.02420664667666167
mlp_prevyears_monthly_features_incremental_scaler_experience_replay_RR_0.2_PR_0.15,"MLP Prevyears + Monthly (Incremental Scaler + Replay RR=0.2, PR=0.15)",mlp_prevyears_monthly_features_incremental_scaler,next_year,2021,2022,f1_score,0.8824317413086522,0.8598481736137614,0.026125071839936842,-0.019746493776202485,0.08656006505414374,0.023795872732224697,0.030509304279855647,2000,percentile,0.05,0.4058027633446628,0.37967769150472597,0.3233383308345827,0.9041380948869828
mlp_prevyears_monthly_features_incremental_scaler_experience_replay_RR_0.2_PR_0.15,"MLP Prevyears + Monthly (Incremental Scaler + Replay RR=0.2, PR=0.15)",mlp_prevyears_monthly_features_incremental_scaler,next_year,2021,2022,pr_auc,0.8824317413086522,0.8598481736137614,0.02660145612584769,-0.016862925289737256,0.08098801895597829,0.024100329479322318,0.02886770911607155,2000,percentile,0.05,0.379439837855688,0.35283838172984033,0.3238380809595202,0.7386886267011421
mlp_prevyears_monthly_features_incremental_scaler_experience_replay_RR_0.3,MLP Prevyears + Monthly (Incremental Scaler + Replay RR=0.3),mlp_prevyears_monthly_features_incremental_scaler,next_year,2021,2022,f1_score,0.8960793581542315,0.8598481736137614,0.017431164036869506,-0.0005739717054684277,0.034773518135026014,0.016656524187199553,0.009391842430965854,2000,percentile,0.05,0.3971088555415955,0.37967769150472597,0.031984007996002,0.30169125963334126
mlp_prevyears_monthly_features_incremental_scaler_experience_replay_RR_0.3,MLP Prevyears + Monthly (Incremental Scaler + Replay RR=0.3),mlp_prevyears_monthly_features_incremental_scaler,next_year,2021,2022,pr_auc,0.8960793581542315,0.8598481736137614,0.025546942940321615,0.007633506751761818,0.043520823631992625,0.024563770104838425,0.009562162128931047,2000,percentile,0.05,0.37838532467016195,0.35283838172984033,0.0009995002498750624,0.011917118363894976
mlp_prevyears_monthly_features_incremental_scaler_experience_replay_RR_0.3_PR_0.10,"MLP Prevyears + Monthly (Incremental Scaler + Replay RR=0.3, PR=0.10)",mlp_prevyears_monthly_features_incremental_scaler,next_year,2021,2022,f1_score,0.8873181978878673,0.8598481736137614,0.0510155079379806,-0.006237309603727009,0.1265509003302964,0.047545772779175696,0.039036809198218614,2000,percentile,0.05,0.43069319944270656,0.37967769150472597,0.11694152923538231,0.6041979010494753
mlp_prevyears_monthly_features_incremental_scaler_experience_replay_RR_0.3_PR_0.10,"MLP Prevyears + Monthly (Incremental Scaler + Replay RR=0.3, PR=0.10)",mlp_prevyears_monthly_features_incremental_scaler,next_year,2021,2022,pr_auc,0.8873181978878673,0.8598481736137614,0.05348988891900458,0.001211578174952678,0.12265597064177079,0.05020324404970285,0.035939841966848636,2000,percentile,0.05,0.4063282706488449,0.35283838172984033,0.01649175412293853,0.10650924537731134
mlp_prevyears_monthly_features_incremental_scaler_experience_replay_RR_0.3_PR_0.15,"MLP Prevyears + Monthly (Incremental Scaler + Replay RR=0.3, PR=0.15)",mlp_prevyears_monthly_features_incremental_scaler,next_year,2021,2022,f1_score,0.9109203597326573,0.8598481736137614,0.0050095672871003916,-0.018753996268642006,0.03182874573959091,0.004429266821373604,0.013764062922196495,2000,percentile,0.05,0.38468725879182636,0.37967769150472597,0.39780109945027486,0.9447927551375827
mlp_prevyears_monthly_features_incremental_scaler_experience_replay_RR_0.3_PR_0.15,"MLP Prevyears + Monthly (Incremental Scaler + Replay RR=0.3, PR=0.15)",mlp_prevyears_monthly_features_incremental_scaler,next_year,2021,2022,pr_auc,0.9109203597326573,0.8598481736137614,0.010263085291074892,-0.013268311126207012,0.04158445084236106,0.009895106728679702,0.015368973077695717,2000,percentile,0.05,0.3631014670209152,0.35283838172984033,0.32233883058470764,0.7386886267011421
mlp_prevyears_monthly_features_incremental_scaler_experience_replay_RR_0.4,MLP Prevyears + Monthly (Incremental Scaler + Replay RR=0.4),mlp_prevyears_monthly_features_incremental_scaler,next_year,2021,2022,f1_score,0.8695746411121825,0.8598481736137614,0.03149950240227295,-0.018438004102486423,0.09508739387551131,0.029078827061001043,0.032873872575392885,2000,percentile,0.05,0.4111771939069989,0.37967769150472597,0.28385807096451776,0.8900451734916855
mlp_prevyears_monthly_features_incremental_scaler_experience_replay_RR_0.4,MLP Prevyears + Monthly (Incremental Scaler + Replay RR=0.4),mlp_prevyears_monthly_features_incremental_scaler,next_year,2021,2022,pr_auc,0.8695746411121825,0.8598481736137614,0.03551367025043395,-0.01130102635974744,0.09281841355070025,0.03275663902296591,0.030309126287909,2000,percentile,0.05,0.3883520519802743,0.35283838172984033,0.1984007996001999,0.5809595202398801
mlp_prevyears_monthly_features_incremental_scaler_experience_replay_RR_0.4_PR_0.10,"MLP Prevyears + Monthly (Incremental Scaler + Replay RR=0.4, PR=0.10)",mlp_prevyears_monthly_features_incremental_scaler,next_year,2021,2022,f1_score,0.8995046538230885,0.8598481736137614,0.029765825168225624,-0.0015681923215313004,0.0683117947735134,0.028159446506189026,0.019857690963219713,2000,percentile,0.05,0.4094435166729516,0.37967769150472597,0.04147926036981509,0.32146426786606697
mlp_prevyears_monthly_features_incremental_scaler_experience_replay_RR_0.4_PR_0.10,"MLP Prevyears + Monthly (Incremental Scaler + Replay RR=0.4, PR=0.10)",mlp_prevyears_monthly_features_incremental_scaler,next_year,2021,2022,pr_auc,0.8995046538230885,0.8598481736137614,0.04316469176190596,0.009073960733997218,0.0851284020979128,0.04109014153893149,0.021708776101805757,2000,percentile,0.05,0.3960030734917463,0.35283838172984033,0.0004997501249375312,0.007041933578665213
mlp_prevyears_monthly_features_incremental_scaler_experience_replay_RR_0.4_PR_0.15,"MLP Prevyears + Monthly (Incremental Scaler + Replay RR=0.4, PR=0.15)",mlp_prevyears_monthly_features_incremental_scaler,next_year,2021,2022,f1_score,0.9137825566251626,0.8598481736137614,0.01240393887868102,-0.008150570487175407,0.03537580639123356,0.01146979955968498,0.01188972232049786,2000,percentile,0.05,0.392081630383407,0.37967769150472597,0.2048975512243878,0.7939780109945027
mlp_prevyears_monthly_features_incremental_scaler_experience_replay_RR_0.4_PR_0.15,"MLP Prevyears + Monthly (Incremental Scaler + Replay RR=0.4, PR=0.15)",mlp_prevyears_monthly_features_incremental_scaler,next_year,2021,2022,pr_auc,0.9137825566251626,0.8598481736137614,0.01771818982272516,-0.006837337495774777,0.04350618459589846,0.01663812820361748,0.013531470234519687,2000,percentile,0.05,0.3705565715525655,0.35283838172984033,0.12443778110944528,0.41037991642476634
mlp_prevyears_monthly_features_incremental_scaler_experience_replay_RR_0.5,MLP Prevyears + Monthly (Incremental Scaler + Replay RR=0.5),mlp_prevyears_monthly_features_incremental_scaler,next_year,2021,2022,f1_score,0.8691796416858609,0.8598481736137614,0.019997044218048765,-0.020224888215786233,0.06667677532566858,0.018668330784972983,0.02454839540028339,2000,percentile,0.05,0.39967473572277473,0.37967769150472597,0.27636181909045476,0.8900451734916855
mlp_prevyears_monthly_features_incremental_scaler_experience_replay_RR_0.5,MLP Prevyears + Monthly (Incremental Scaler + Replay RR=0.5),mlp_prevyears_monthly_features_incremental_scaler,next_year,2021,2022,pr_auc,0.8691796416858609,0.8598481736137614,0.029387618692331363,-0.005920079792765387,0.07123205905866314,0.027755243794788945,0.021807053282758733,2000,percentile,0.05,0.3822260004221717,0.35283838172984033,0.1054472763618191,0.3632072852462658
mlp_prevyears_monthly_features_incremental_scaler_experience_replay_RR_0.5_PR_0.10,"MLP Prevyears + Monthly (Incremental Scaler + Replay RR=0.5, PR=0.10)",mlp_prevyears_monthly_features_incremental_scaler,next_year,2021,2022,f1_score,0.9125376124837842,0.8598481736137614,0.03490550834149686,-0.013294121117016862,0.09749934744601438,0.03234643001483803,0.031743847572328336,2000,percentile,0.05,0.4145831998462228,0.37967769150472597,0.23438280859570215,0.8400244322283302
mlp_prevyears_monthly_features_incremental_scaler_experience_replay_RR_0.5_PR_0.10,"MLP Prevyears + Monthly (Incremental Scaler + Replay RR=0.5, PR=0.10)",mlp_prevyears_monthly_features_incremental_scaler,next_year,2021,2022,pr_auc,0.9125376124837842,0.8598481736137614,0.049089614276530524,0.00420870493654653,0.10609910018548727,0.04657734967429096,0.029344282111104042,2000,percentile,0.05,0.40192799600637086,0.35283838172984033,0.005497251374312844,0.047337442389916155
mlp_prevyears_monthly_features_incremental_scaler_experience_replay_RR_0.5_PR_0.15,"MLP Prevyears + Monthly (Incremental Scaler + Replay RR=0.5, PR=0.15)",mlp_prevyears_monthly_features_incremental_scaler,next_year,2021,2022,f1_score,0.909496645070196,0.8598481736137614,0.025757134927560432,-0.002240142884655724,0.05832297300426026,0.024511234824171568,0.017153655296733645,2000,percentile,0.05,0.4054348264322864,0.37967769150472597,0.05747126436781609,0.4049111807732497
mlp_prevyears_monthly_features_incremental_scaler_experience_replay_RR_0.5_PR_0.15,"MLP Prevyears + Monthly (Incremental Scaler + Replay RR=0.5, PR=0.15)",mlp_prevyears_monthly_features_incremental_scaler,next_year,2021,2022,pr_auc,0.909496645070196,0.8598481736137614,0.03349065593316897,0.0046528040260896755,0.06790620867011915,0.03220348991959108,0.017725028582719616,2000,percentile,0.05,0.3863290376630093,0.35283838172984033,0.0029985007496251873,0.027339271540700236
mlp_prevyears_monthly_features_incremental_scaler_experience_replay_confidently_correct_memory_RR_0.2,MLP Prevyears + Monthly (Incremental Scaler + Replay Confidently Correct RR=0.2),mlp_prevyears_monthly_features_incremental_scaler,next_year,2021,2022,f1_score,0.9071901114361618,0.8598481736137614,0.01615509512240293,-0.00903946215857035,0.04458521396157483,0.015191520040325961,0.014933473124459331,2000,percentile,0.05,0.3958327866271289,0.37967769150472597,0.19490254872563717,0.7939780109945027
mlp_prevyears_monthly_features_incremental_scaler_experience_replay_confidently_correct_memory_RR_0.2,MLP Prevyears + Monthly (Incremental Scaler + Replay Confidently Correct RR=0.2),mlp_prevyears_monthly_features_incremental_scaler,next_year,2021,2022,pr_auc,0.9071901114361618,0.8598481736137614,0.029478640983436943,0.0020100487734136586,0.061650108383494856,0.028162217780389586,0.016660497872412125,2000,percentile,0.05,0.3823170227132773,0.35283838172984033,0.014492753623188406,0.09766855702583492
mlp_prevyears_monthly_features_incremental_scaler_experience_replay_confidently_correct_memory_RR_0.3,MLP Prevyears + Monthly (Incremental Scaler + Replay Confidently Correct RR=0.3),mlp_prevyears_monthly_features_incremental_scaler,next_year,2021,2022,f1_score,0.8789153710520745,0.8598481736137614,0.013309485952927969,-0.011316449438865632,0.043552772005457076,0.012818523638380654,0.014754768190881937,2000,percentile,0.05,0.39298717745765394,0.37967769150472597,0.24187906046976512,0.8400244322283302
mlp_prevyears_monthly_features_incremental_scaler_experience_replay_confidently_correct_memory_RR_0.3,MLP Prevyears + Monthly (Incremental Scaler + Replay Confidently Correct RR=0.3),mlp_prevyears_monthly_features_incremental_scaler,next_year,2021,2022,pr_auc,0.8789153710520745,0.8598481736137614,0.02599500615413225,-0.0001934929383587399,0.05956350854586163,0.025658833959405658,0.016284278763077125,2000,percentile,0.05,0.3788333878839726,0.35283838172984033,0.027486256871564217,0.16322196044834722
mlp_prevyears_monthly_features_incremental_scaler_experience_replay_confidently_correct_memory_RR_0.4,MLP Prevyears + Monthly (Incremental Scaler + Replay Confidently Correct RR=0.4),mlp_prevyears_monthly_features_incremental_scaler,next_year,2021,2022,f1_score,0.9210822908667863,0.8598481736137614,0.05168056318996711,-0.010354146619244293,0.1344216931736546,0.04739504169685844,0.0431848258690774,2000,percentile,0.05,0.4313582546946931,0.37967769150472597,0.21689155422288856,0.8199558757206762
mlp_prevyears_monthly_features_incremental_scaler_experience_replay_confidently_correct_memory_RR_0.4,MLP Prevyears + Monthly (Incremental Scaler + Replay Confidently Correct RR=0.4),mlp_prevyears_monthly_features_incremental_scaler,next_year,2021,2022,pr_auc,0.9210822908667863,0.8598481736137614,0.051980496221389394,-0.0056420091681551625,0.12589685021222788,0.048244062300818756,0.03918014565567438,2000,percentile,0.05,0.4048188779512297,0.35283838172984033,0.09095452273863068,0.3438524640118965
mlp_prevyears_monthly_features_incremental_scaler_experience_replay_confidently_correct_memory_RR_0.5,MLP Prevyears + Monthly (Incremental Scaler + Replay Confidently Correct RR=0.5),mlp_prevyears_monthly_features_incremental_scaler,next_year,2021,2022,f1_score,0.9098683761942173,0.8598481736137614,0.02857912701615345,-0.003317685523274838,0.06900735104354178,0.026685832287808915,0.021183166338012354,2000,percentile,0.05,0.4082568185208794,0.37967769150472597,0.09195402298850575,0.5278842060451255
mlp_prevyears_monthly_features_incremental_scaler_experience_replay_confidently_correct_memory_RR_0.5,MLP Prevyears + Monthly (Incremental Scaler + Replay Confidently Correct RR=0.5),mlp_prevyears_monthly_features_incremental_scaler,next_year,2021,2022,pr_auc,0.9098683761942173,0.8598481736137614,0.04275643252787514,0.006257106544754152,0.08770298608747253,0.04044419043554765,0.02387217022326941,2000,percentile,0.05,0.3955948142577155,0.35283838172984033,0.0004997501249375312,0.007041933578665213
mlp_prevyears_monthly_features_incremental_scaler_experience_replay_hard_example_mining_RR_0.2,MLP Prevyears + Monthly (Incremental Scaler + Replay Hard Example Mining RR=0.2),mlp_prevyears_monthly_features_incremental_scaler,next_year,2021,2022,f1_score,0.863444217376713,0.8598481736137614,-0.018048401417981363,-0.04474932587640564,0.00302434828980687,-0.017616390574786926,0.01313021764109656,2000,percentile,0.05,0.3616292900867446,0.37967769150472597,0.9230384807596201,1.0
mlp_prevyears_monthly_features_incremental_scaler_experience_replay_hard_example_mining_RR_0.2,MLP Prevyears + Monthly (Incremental Scaler + Replay Hard Example Mining RR=0.2),mlp_prevyears_monthly_features_incremental_scaler,next_year,2021,2022,pr_auc,0.863444217376713,0.8598481736137614,-0.017635481018967114,-0.046933100133754437,0.008852479181772708,-0.016649092116586692,0.01490883775158273,2000,percentile,0.05,0.3352029007108732,0.35283838172984033,0.856071964017991,1.0
mlp_prevyears_monthly_features_incremental_scaler_experience_replay_hard_example_mining_RR_0.3,MLP Prevyears + Monthly (Incremental Scaler + Replay Hard Example Mining RR=0.3),mlp_prevyears_monthly_features_incremental_scaler,next_year,2021,2022,f1_score,0.8597179760124204,0.8598481736137614,-0.004079731140955778,-0.02798275873933481,0.019828040967352425,-0.004805286323884093,0.01287526937638654,2000,percentile,0.05,0.3755979603637702,0.37967769150472597,0.6331834082958521,1.0
mlp_prevyears_monthly_features_incremental_scaler_experience_replay_hard_example_mining_RR_0.3,MLP Prevyears + Monthly (Incremental Scaler + Replay Hard Example Mining RR=0.3),mlp_prevyears_monthly_features_incremental_scaler,next_year,2021,2022,pr_auc,0.8597179760124204,0.8598481736137614,-0.007818325155504569,-0.02657558220832275,0.012545221358883446,-0.00798090973620182,0.010198658012491901,2000,percentile,0.05,0.34502005657433577,0.35283838172984033,0.7756121939030485,1.0
mlp_prevyears_monthly_features_incremental_scaler_experience_replay_hard_example_mining_RR_0.4,MLP Prevyears + Monthly (Incremental Scaler + Replay Hard Example Mining RR=0.4),mlp_prevyears_monthly_features_incremental_scaler,next_year,2021,2022,f1_score,0.851635955789974,0.8598481736137614,0.008736685964958857,-0.01843362934722881,0.033393419145602586,0.007656187895065657,0.013459547532605065,2000,percentile,0.05,0.3884143774696848,0.37967769150472597,0.2928535732133933,0.8900451734916855
mlp_prevyears_monthly_features_incremental_scaler_experience_replay_hard_example_mining_RR_0.4,MLP Prevyears + Monthly (Incremental Scaler + Replay Hard Example Mining RR=0.4),mlp_prevyears_monthly_features_incremental_scaler,next_year,2021,2022,pr_auc,0.851635955789974,0.8598481736137614,0.01340054027944576,-0.025985444143826156,0.05305406252798684,0.010985627276408878,0.021447206454950917,2000,percentile,0.05,0.3662389220092861,0.35283838172984033,0.3233383308345827,0.7386886267011421
mlp_prevyears_monthly_features_incremental_scaler_experience_replay_hard_example_mining_RR_0.5,MLP Prevyears + Monthly (Incremental Scaler + Replay Hard Example Mining RR=0.5),mlp_prevyears_monthly_features_incremental_scaler,next_year,2021,2022,f1_score,0.8803893092819972,0.8598481736137614,0.0024251802524738464,-0.01229477294448918,0.016394767691656813,0.002166104248186387,0.007543741242427311,2000,percentile,0.05,0.3821028717571998,0.37967769150472597,0.383808095952024,0.9295352323838081
mlp_prevyears_monthly_features_incremental_scaler_experience_replay_hard_example_mining_RR_0.5,MLP Prevyears + Monthly (Incremental Scaler + Replay Hard Example Mining RR=0.5),mlp_prevyears_monthly_features_incremental_scaler,next_year,2021,2022,pr_auc,0.8803893092819972,0.8598481736137614,-0.0032157981350462994,-0.027502619678176375,0.01858133560161552,-0.0036220038693970304,0.012173831759839392,2000,percentile,0.05,0.34962258359479403,0.35283838172984033,0.6096951524237881,0.9479418706488341
mlp_prevyears_monthly_features_incremental_scaler_experience_replay_uncertainity_prioritization_RR_0.2,MLP Prevyears + Monthly (Incremental Scaler + Replay Uncertainty Prioritization RR=0.2),mlp_prevyears_monthly_features_incremental_scaler,next_year,2021,2022,f1_score,0.8916774055338045,0.8598481736137614,9.980330751890865e-06,-0.008783208951003691,0.012351710285056867,0.0002762687037251046,0.005533210710353767,2000,percentile,0.05,0.37968767183547786,0.37967769150472597,0.5207396301849075,0.9658452023988007
mlp_prevyears_monthly_features_incremental_scaler_experience_replay_uncertainity_prioritization_RR_0.2,MLP Prevyears + Monthly (Incremental Scaler + Replay Uncertainty Prioritization RR=0.2),mlp_prevyears_monthly_features_incremental_scaler,next_year,2021,2022,pr_auc,0.8916774055338045,0.8598481736137614,0.0001004677564962475,-0.010072274148651271,0.01357361374968197,0.001168826700891577,0.006209514791984843,2000,percentile,0.05,0.3529388494863366,0.35283838172984033,0.4337831084457771,0.9210463261519924
mlp_prevyears_monthly_features_incremental_scaler_experience_replay_uncertainity_prioritization_RR_0.3,MLP Prevyears + Monthly (Incremental Scaler + Replay Uncertainty Prioritization RR=0.3),mlp_prevyears_monthly_features_incremental_scaler,next_year,2021,2022,f1_score,0.8968425844269728,0.8598481736137614,0.013605679726252318,-0.009693438721083029,0.037416853490474966,0.013000750620894319,0.012755018991750456,2000,percentile,0.05,0.3932833712309783,0.37967769150472597,0.17491254372813594,0.7530956743850298
mlp_prevyears_monthly_features_incremental_scaler_experience_replay_uncertainity_prioritization_RR_0.3,MLP Prevyears + Monthly (Incremental Scaler + Replay Uncertainty Prioritization RR=0.3),mlp_prevyears_monthly_features_incremental_scaler,next_year,2021,2022,pr_auc,0.8968425844269728,0.8598481736137614,0.013181142194931161,-0.003832251102368911,0.031289477063405305,0.012940459030064001,0.009309032871352835,2000,percentile,0.05,0.3660195239247715,0.35283838172984033,0.0814592703648176,0.3237483822191468
mlp_prevyears_monthly_features_incremental_scaler_experience_replay_uncertainity_prioritization_RR_0.4,MLP Prevyears + Monthly (Incremental Scaler + Replay Uncertainty Prioritization RR=0.4),mlp_prevyears_monthly_features_incremental_scaler,next_year,2021,2022,f1_score,0.9171472583816762,0.8598481736137614,-0.011277774589957545,-0.02322362480986052,0.0009782108731014442,-0.010790578530224821,0.006386330820037812,2000,percentile,0.05,0.3683999169147684,0.37967769150472597,0.9625187406296851,1.0
mlp_prevyears_monthly_features_incremental_scaler_experience_replay_uncertainity_prioritization_RR_0.4,MLP Prevyears + Monthly (Incremental Scaler + Replay Uncertainty Prioritization RR=0.4),mlp_prevyears_monthly_features_incremental_scaler,next_year,2021,2022,pr_auc,0.9171472583816762,0.8598481736137614,-0.01067546892648158,-0.01997839110289851,0.0016880745273427072,-0.009710248624441423,0.005457711825308775,2000,percentile,0.05,0.34216291280335875,0.35283838172984033,0.9550224887556222,1.0
mlp_prevyears_monthly_features_incremental_scaler_experience_replay_uncertainity_prioritization_RR_0.5,MLP Prevyears + Monthly (Incremental Scaler + Replay Uncertainty Prioritization RR=0.5),mlp_prevyears_monthly_features_incremental_scaler,next_year,2021,2022,f1_score,0.9065930645315781,0.8598481736137614,0.040239433690573256,-0.0033877798443473924,0.0923426596865142,0.03793375019432089,0.02763159853997695,2000,percentile,0.05,0.4199171251952992,0.37967769150472597,0.06446776611694154,0.42603698150924535
mlp_prevyears_monthly_features_incremental_scaler_experience_replay_uncertainity_prioritization_RR_0.5,MLP Prevyears + Monthly (Incremental Scaler + Replay Uncertainty Prioritization RR=0.5),mlp_prevyears_monthly_features_incremental_scaler,next_year,2021,2022,pr_auc,0.9065930645315781,0.8598481736137614,0.05422364763328147,0.007287523496097811,0.11289932337665094,0.051784693675478576,0.030259615209604643,2000,percentile,0.05,0.4070620293631218,0.35283838172984033,0.0024987506246876563,0.02420664667666167
mlp_prevyears_monthly_features_incremental_scaler_missclassification_buffer_RR_0.3,MLP Prevyears + Monthly (Incremental Scaler + Misclassification Buffer RR=0.3),mlp_prevyears_monthly_features_incremental_scaler,next_year,2021,2022,f1_score,0.8438666086669766,0.8598481736137614,-0.012522537876484496,-0.022288577308541602,-5.808327471629592e-05,-0.011987801441484302,0.0056245683895850855,2000,percentile,0.05,0.36715515362824147,0.37967769150472597,0.9750124937531235,1.0
mlp_prevyears_monthly_features_incremental_scaler_missclassification_buffer_RR_0.3,MLP Prevyears + Monthly (Incremental Scaler + Misclassification Buffer RR=0.3),mlp_prevyears_monthly_features_incremental_scaler,next_year,2021,2022,pr_auc,0.8438666086669766,0.8598481736137614,-0.017513688949030437,-0.02621315961066539,-0.007435372833852539,-0.017162781941602815,0.004695090630327932,2000,percentile,0.05,0.3353246927808099,0.35283838172984033,1.0,1.0
