family_id,family_label,table_type,model_year,eval_year,is_baseline,n_test_samples,n_cubes,threshold_used,published_f1_score,recomputed_f1_score,metric,point_estimate,ci_lower,ci_upper,bootstrap_mean,bootstrap_std,n_bootstrap,ci_method,ci_alpha
"mlp_combined_HE=0.1_CC=0.1_UP=0.1_PR=(0.2,10)_RR=0.5","MLP Combined (HE=0.1, CC=0.1, UP=0.1, PR=(0.2,10), RR=0.5)",next_year,2017,2018,False,1281406,297,0.8968576105519968,0.2874094298015331,0.2874094298015331,f1_score,0.2874094298015331,0.23035037511063136,0.34751793852389273,0.2873525660154776,0.029946423646227467,2000,percentile,0.05
"mlp_combined_HE=0.1_CC=0.1_UP=0.1_PR=(0.2,10)_RR=0.5","MLP Combined (HE=0.1, CC=0.1, UP=0.1, PR=(0.2,10), RR=0.5)",next_year,2017,2018,False,1281406,297,0.8968576105519968,0.2874094298015331,0.2874094298015331,pr_auc,0.24545547128587059,0.18707079836207577,0.31331711475834423,0.2473460229064151,0.03268962643897379,2000,percentile,0.05
"mlp_combined_HE=0_CC=0.15_UP=0_PR=(0,10)_MC=0.1_RWS=1_RR=0.4","MLP Combined (HE=0, CC=0.15, UP=0, PR=(0,10), MC=0.1, RWS=1, RR=0.4)",next_year,2017,2018,False,1281406,297,0.8968576105519968,0.2874094298015331,0.2874094298015331,f1_score,0.2874094298015331,0.23035037511063136,0.34751793852389273,0.2873525660154776,0.029946423646227467,2000,percentile,0.05
"mlp_combined_HE=0_CC=0.15_UP=0_PR=(0,10)_MC=0.1_RWS=1_RR=0.4","MLP Combined (HE=0, CC=0.15, UP=0, PR=(0,10), MC=0.1, RWS=1, RR=0.4)",next_year,2017,2018,False,1281406,297,0.8968576105519968,0.2874094298015331,0.2874094298015331,pr_auc,0.24545547128587059,0.18707079836207577,0.31331711475834423,0.2473460229064151,0.03268962643897379,2000,percentile,0.05
"mlp_combined_HE=0_CC=0.1_UP=0.1_PR=(0,10)_MC=0.1_RWS=1_RR=0.5","MLP Combined (HE=0, CC=0.1, UP=0.1, PR=(0,10), MC=0.1, RWS=1, RR=0.5)",next_year,2017,2018,False,1281406,297,0.8968576105519968,0.2874094298015331,0.2874094298015331,f1_score,0.2874094298015331,0.23035037511063136,0.34751793852389273,0.2873525660154776,0.029946423646227467,2000,percentile,0.05
"mlp_combined_HE=0_CC=0.1_UP=0.1_PR=(0,10)_MC=0.1_RWS=1_RR=0.5","MLP Combined (HE=0, CC=0.1, UP=0.1, PR=(0,10), MC=0.1, RWS=1, RR=0.5)",next_year,2017,2018,False,1281406,297,0.8968576105519968,0.2874094298015331,0.2874094298015331,pr_auc,0.24545547128587059,0.18707079836207577,0.31331711475834423,0.2473460229064151,0.03268962643897379,2000,percentile,0.05
"mlp_combined_HE=0_CC=0.1_UP=0.2_PR=(0.1,10)_RR=0.5","MLP Combined (HE=0, CC=0.1, UP=0.2, PR=(0.1,10), RR=0.5)",next_year,2017,2018,False,1281406,297,0.8968576105519968,0.2874094298015331,0.2874094298015331,f1_score,0.2874094298015331,0.23035037511063136,0.34751793852389273,0.2873525660154776,0.029946423646227467,2000,percentile,0.05
"mlp_combined_HE=0_CC=0.1_UP=0.2_PR=(0.1,10)_RR=0.5","MLP Combined (HE=0, CC=0.1, UP=0.2, PR=(0.1,10), RR=0.5)",next_year,2017,2018,False,1281406,297,0.8968576105519968,0.2874094298015331,0.2874094298015331,pr_auc,0.24545547128587059,0.18707079836207577,0.31331711475834423,0.2473460229064151,0.03268962643897379,2000,percentile,0.05
"mlp_combined_HE=0_CC=0.2_UP=0.1_PR=(0.2,10)_RR=0.5","MLP Combined (HE=0, CC=0.2, UP=0.1, PR=(0.2,10), RR=0.5)",next_year,2017,2018,False,1281406,297,0.8968576105519968,0.2874094298015331,0.2874094298015331,f1_score,0.2874094298015331,0.23035037511063136,0.34751793852389273,0.2873525660154776,0.029946423646227467,2000,percentile,0.05
"mlp_combined_HE=0_CC=0.2_UP=0.1_PR=(0.2,10)_RR=0.5","MLP Combined (HE=0, CC=0.2, UP=0.1, PR=(0.2,10), RR=0.5)",next_year,2017,2018,False,1281406,297,0.8968576105519968,0.2874094298015331,0.2874094298015331,pr_auc,0.24545547128587059,0.18707079836207577,0.31331711475834423,0.2473460229064151,0.03268962643897379,2000,percentile,0.05
"mlp_combined_HE=0_CC=0.2_UP=0.2_PR=(0.1,10)_RR=0.5","MLP Combined (HE=0, CC=0.2, UP=0.2, PR=(0.1,10), RR=0.5)",next_year,2017,2018,False,1281406,297,0.8968576105519968,0.2874094298015331,0.2874094298015331,f1_score,0.2874094298015331,0.23035037511063136,0.34751793852389273,0.2873525660154776,0.029946423646227467,2000,percentile,0.05
"mlp_combined_HE=0_CC=0.2_UP=0.2_PR=(0.1,10)_RR=0.5","MLP Combined (HE=0, CC=0.2, UP=0.2, PR=(0.1,10), RR=0.5)",next_year,2017,2018,False,1281406,297,0.8968576105519968,0.2874094298015331,0.2874094298015331,pr_auc,0.24545547128587059,0.18707079836207577,0.31331711475834423,0.2473460229064151,0.03268962643897379,2000,percentile,0.05
mlp_prevyears_monthly_features_incremental_scaler,MLP Prevyears + Monthly (Incremental Scaler),next_year,2017,2018,True,1281406,297,0.8921898347654866,0.28838018974671425,0.28838018974671425,f1_score,0.28838018974671425,0.23036854013477515,0.34950863250774644,0.2883597729118857,0.030045780033641733,2000,percentile,0.05
mlp_prevyears_monthly_features_incremental_scaler,MLP Prevyears + Monthly (Incremental Scaler),next_year,2017,2018,True,1281406,297,0.8921898347654866,0.28838018974671425,0.28838018974671425,pr_auc,0.24771323979112855,0.18895498867207436,0.31459528993752583,0.24902341523546623,0.032163302459528344,2000,percentile,0.05
mlp_prevyears_monthly_features_incremental_scaler_experience_replay_RR_0.2,MLP Prevyears + Monthly (Incremental Scaler + Replay RR=0.2),next_year,2017,2018,False,1281406,297,0.8819689727807036,0.28529186083506447,0.28529186083506447,f1_score,0.28529186083506447,0.22757124006980703,0.34574737288005747,0.28527669972100617,0.03037758190078293,2000,percentile,0.05
mlp_prevyears_monthly_features_incremental_scaler_experience_replay_RR_0.2,MLP Prevyears + Monthly (Incremental Scaler + Replay RR=0.2),next_year,2017,2018,False,1281406,297,0.8819689727807036,0.28529186083506447,0.28529186083506447,pr_auc,0.24071292177233136,0.18118984412115313,0.3079888874638257,0.24227010372816346,0.03237254738764388,2000,percentile,0.05
mlp_prevyears_monthly_features_incremental_scaler_experience_replay_RR_0.2_PR_0.10,"MLP Prevyears + Monthly (Incremental Scaler + Replay RR=0.2, PR=0.10)",next_year,2017,2018,False,1281406,297,0.8968576105519968,0.2874094298015331,0.2874094298015331,f1_score,0.2874094298015331,0.23035037511063136,0.34751793852389273,0.2873525660154776,0.029946423646227467,2000,percentile,0.05
mlp_prevyears_monthly_features_incremental_scaler_experience_replay_RR_0.2_PR_0.10,"MLP Prevyears + Monthly (Incremental Scaler + Replay RR=0.2, PR=0.10)",next_year,2017,2018,False,1281406,297,0.8968576105519968,0.2874094298015331,0.2874094298015331,pr_auc,0.24545547128587059,0.18707079836207577,0.31331711475834423,0.2473460229064151,0.03268962643897379,2000,percentile,0.05
mlp_prevyears_monthly_features_incremental_scaler_experience_replay_RR_0.2_PR_0.15,"MLP Prevyears + Monthly (Incremental Scaler + Replay RR=0.2, PR=0.15)",next_year,2017,2018,False,1281406,297,0.866190462826853,0.28304392236976506,0.28304392236976506,f1_score,0.28304392236976506,0.22935466457714512,0.3384514871120316,0.2822590811131468,0.027848120657647864,2000,percentile,0.05
mlp_prevyears_monthly_features_incremental_scaler_experience_replay_RR_0.2_PR_0.15,"MLP Prevyears + Monthly (Incremental Scaler + Replay RR=0.2, PR=0.15)",next_year,2017,2018,False,1281406,297,0.866190462826853,0.28304392236976506,0.28304392236976506,pr_auc,0.24195644522232432,0.18106286393953536,0.3061009633282825,0.2421923479773004,0.03260696696948016,2000,percentile,0.05
mlp_prevyears_monthly_features_incremental_scaler_experience_replay_RR_0.3,MLP Prevyears + Monthly (Incremental Scaler + Replay RR=0.3),next_year,2017,2018,False,1281406,297,0.8819689727807036,0.28529186083506447,0.28529186083506447,f1_score,0.28529186083506447,0.22757124006980703,0.34574737288005747,0.28527669972100617,0.03037758190078293,2000,percentile,0.05
mlp_prevyears_monthly_features_incremental_scaler_experience_replay_RR_0.3,MLP Prevyears + Monthly (Incremental Scaler + Replay RR=0.3),next_year,2017,2018,False,1281406,297,0.8819689727807036,0.28529186083506447,0.28529186083506447,pr_auc,0.24071292177233136,0.18118984412115313,0.3079888874638257,0.24227010372816346,0.03237254738764388,2000,percentile,0.05
mlp_prevyears_monthly_features_incremental_scaler_experience_replay_RR_0.3_PR_0.10,"MLP Prevyears + Monthly (Incremental Scaler + Replay RR=0.3, PR=0.10)",next_year,2017,2018,False,1281406,297,0.8968576105519968,0.2874094298015331,0.2874094298015331,f1_score,0.2874094298015331,0.23035037511063136,0.34751793852389273,0.2873525660154776,0.029946423646227467,2000,percentile,0.05
mlp_prevyears_monthly_features_incremental_scaler_experience_replay_RR_0.3_PR_0.10,"MLP Prevyears + Monthly (Incremental Scaler + Replay RR=0.3, PR=0.10)",next_year,2017,2018,False,1281406,297,0.8968576105519968,0.2874094298015331,0.2874094298015331,pr_auc,0.24545547128587059,0.18707079836207577,0.31331711475834423,0.2473460229064151,0.03268962643897379,2000,percentile,0.05
mlp_prevyears_monthly_features_incremental_scaler_experience_replay_RR_0.3_PR_0.15,"MLP Prevyears + Monthly (Incremental Scaler + Replay RR=0.3, PR=0.15)",next_year,2017,2018,False,1281406,297,0.9120173437469553,0.2862908311262454,0.2862908311262454,f1_score,0.2862908311262454,0.2267986451794954,0.3470748849878635,0.2862227687488007,0.030770497595766767,2000,percentile,0.05
mlp_prevyears_monthly_features_incremental_scaler_experience_replay_RR_0.3_PR_0.15,"MLP Prevyears + Monthly (Incremental Scaler + Replay RR=0.3, PR=0.15)",next_year,2017,2018,False,1281406,297,0.9120173437469553,0.2862908311262454,0.2862908311262454,pr_auc,0.24310713765800662,0.18571695322655507,0.30816712454490314,0.24423358050117436,0.03181844990018081,2000,percentile,0.05
mlp_prevyears_monthly_features_incremental_scaler_experience_replay_RR_0.4,MLP Prevyears + Monthly (Incremental Scaler + Replay RR=0.4),next_year,2017,2018,False,1281406,297,0.8819689727807036,0.28529186083506447,0.28529186083506447,f1_score,0.28529186083506447,0.22757124006980703,0.34574737288005747,0.28527669972100617,0.03037758190078293,2000,percentile,0.05
mlp_prevyears_monthly_features_incremental_scaler_experience_replay_RR_0.4,MLP Prevyears + Monthly (Incremental Scaler + Replay RR=0.4),next_year,2017,2018,False,1281406,297,0.8819689727807036,0.28529186083506447,0.28529186083506447,pr_auc,0.24071292177233136,0.18118984412115313,0.3079888874638257,0.24227010372816346,0.03237254738764388,2000,percentile,0.05
mlp_prevyears_monthly_features_incremental_scaler_experience_replay_RR_0.4_PR_0.10,"MLP Prevyears + Monthly (Incremental Scaler + Replay RR=0.4, PR=0.10)",next_year,2017,2018,False,1281406,297,0.8968576105519968,0.2874094298015331,0.2874094298015331,f1_score,0.2874094298015331,0.23035037511063136,0.34751793852389273,0.2873525660154776,0.029946423646227467,2000,percentile,0.05
mlp_prevyears_monthly_features_incremental_scaler_experience_replay_RR_0.4_PR_0.10,"MLP Prevyears + Monthly (Incremental Scaler + Replay RR=0.4, PR=0.10)",next_year,2017,2018,False,1281406,297,0.8968576105519968,0.2874094298015331,0.2874094298015331,pr_auc,0.24545547128587059,0.18707079836207577,0.31331711475834423,0.2473460229064151,0.03268962643897379,2000,percentile,0.05
mlp_prevyears_monthly_features_incremental_scaler_experience_replay_RR_0.4_PR_0.15,"MLP Prevyears + Monthly (Incremental Scaler + Replay RR=0.4, PR=0.15)",next_year,2017,2018,False,1281406,297,0.8901455492223633,0.2953951550250724,0.2953951550250724,f1_score,0.2953951550250724,0.23983353349715156,0.35518268111050894,0.2951607699004687,0.029257908217362464,2000,percentile,0.05
mlp_prevyears_monthly_features_incremental_scaler_experience_replay_RR_0.4_PR_0.15,"MLP Prevyears + Monthly (Incremental Scaler + Replay RR=0.4, PR=0.15)",next_year,2017,2018,False,1281406,297,0.8901455492223633,0.2953951550250724,0.2953951550250724,pr_auc,0.25124433925865813,0.19245728340484153,0.31786355663264837,0.2528272208254335,0.032595812767784345,2000,percentile,0.05
mlp_prevyears_monthly_features_incremental_scaler_experience_replay_RR_0.5,MLP Prevyears + Monthly (Incremental Scaler + Replay RR=0.5),next_year,2017,2018,False,1281406,297,0.8819689727807036,0.28529186083506447,0.28529186083506447,f1_score,0.28529186083506447,0.22757124006980703,0.34574737288005747,0.28527669972100617,0.03037758190078293,2000,percentile,0.05
mlp_prevyears_monthly_features_incremental_scaler_experience_replay_RR_0.5,MLP Prevyears + Monthly (Incremental Scaler + Replay RR=0.5),next_year,2017,2018,False,1281406,297,0.8819689727807036,0.28529186083506447,0.28529186083506447,pr_auc,0.24071292177233136,0.18118984412115313,0.3079888874638257,0.24227010372816346,0.03237254738764388,2000,percentile,0.05
mlp_prevyears_monthly_features_incremental_scaler_experience_replay_RR_0.5_PR_0.10,"MLP Prevyears + Monthly (Incremental Scaler + Replay RR=0.5, PR=0.10)",next_year,2017,2018,False,1281406,297,0.8968576105519968,0.2874094298015331,0.2874094298015331,f1_score,0.2874094298015331,0.23035037511063136,0.34751793852389273,0.2873525660154776,0.029946423646227467,2000,percentile,0.05
mlp_prevyears_monthly_features_incremental_scaler_experience_replay_RR_0.5_PR_0.10,"MLP Prevyears + Monthly (Incremental Scaler + Replay RR=0.5, PR=0.10)",next_year,2017,2018,False,1281406,297,0.8968576105519968,0.2874094298015331,0.2874094298015331,pr_auc,0.24545547128587059,0.18707079836207577,0.31331711475834423,0.2473460229064151,0.03268962643897379,2000,percentile,0.05
mlp_prevyears_monthly_features_incremental_scaler_experience_replay_RR_0.5_PR_0.15,"MLP Prevyears + Monthly (Incremental Scaler + Replay RR=0.5, PR=0.15)",next_year,2017,2018,False,1281406,297,0.9049169000365893,0.2896286859063129,0.2896286859063129,f1_score,0.2896286859063129,0.23140517517249673,0.34917578144013744,0.28943499586087373,0.02979627154294546,2000,percentile,0.05
mlp_prevyears_monthly_features_incremental_scaler_experience_replay_RR_0.5_PR_0.15,"MLP Prevyears + Monthly (Incremental Scaler + Replay RR=0.5, PR=0.15)",next_year,2017,2018,False,1281406,297,0.9049169000365893,0.2896286859063129,0.2896286859063129,pr_auc,0.25085752282478135,0.19254217441132865,0.3155750197409224,0.25243028842164555,0.03169588043387909,2000,percentile,0.05
mlp_prevyears_monthly_features_incremental_scaler_experience_replay_confidently_correct_memory_RR_0.2,MLP Prevyears + Monthly (Incremental Scaler + Replay Confidently Correct RR=0.2),next_year,2017,2018,False,1281406,297,0.8968576105519968,0.2874094298015331,0.2874094298015331,f1_score,0.2874094298015331,0.23035037511063136,0.34751793852389273,0.2873525660154776,0.029946423646227467,2000,percentile,0.05
mlp_prevyears_monthly_features_incremental_scaler_experience_replay_confidently_correct_memory_RR_0.2,MLP Prevyears + Monthly (Incremental Scaler + Replay Confidently Correct RR=0.2),next_year,2017,2018,False,1281406,297,0.8968576105519968,0.2874094298015331,0.2874094298015331,pr_auc,0.24545547128587059,0.18707079836207577,0.31331711475834423,0.2473460229064151,0.03268962643897379,2000,percentile,0.05
mlp_prevyears_monthly_features_incremental_scaler_experience_replay_confidently_correct_memory_RR_0.3,MLP Prevyears + Monthly (Incremental Scaler + Replay Confidently Correct RR=0.3),next_year,2017,2018,False,1281406,297,0.8968576105519968,0.2874094298015331,0.2874094298015331,f1_score,0.2874094298015331,0.23035037511063136,0.34751793852389273,0.2873525660154776,0.029946423646227467,2000,percentile,0.05
mlp_prevyears_monthly_features_incremental_scaler_experience_replay_confidently_correct_memory_RR_0.3,MLP Prevyears + Monthly (Incremental Scaler + Replay Confidently Correct RR=0.3),next_year,2017,2018,False,1281406,297,0.8968576105519968,0.2874094298015331,0.2874094298015331,pr_auc,0.24545547128587059,0.18707079836207577,0.31331711475834423,0.2473460229064151,0.03268962643897379,2000,percentile,0.05
mlp_prevyears_monthly_features_incremental_scaler_experience_replay_confidently_correct_memory_RR_0.4,MLP Prevyears + Monthly (Incremental Scaler + Replay Confidently Correct RR=0.4),next_year,2017,2018,False,1281406,297,0.8968576105519968,0.2874094298015331,0.2874094298015331,f1_score,0.2874094298015331,0.23035037511063136,0.34751793852389273,0.2873525660154776,0.029946423646227467,2000,percentile,0.05
mlp_prevyears_monthly_features_incremental_scaler_experience_replay_confidently_correct_memory_RR_0.4,MLP Prevyears + Monthly (Incremental Scaler + Replay Confidently Correct RR=0.4),next_year,2017,2018,False,1281406,297,0.8968576105519968,0.2874094298015331,0.2874094298015331,pr_auc,0.24545547128587059,0.18707079836207577,0.31331711475834423,0.2473460229064151,0.03268962643897379,2000,percentile,0.05
mlp_prevyears_monthly_features_incremental_scaler_experience_replay_confidently_correct_memory_RR_0.5,MLP Prevyears + Monthly (Incremental Scaler + Replay Confidently Correct RR=0.5),next_year,2017,2018,False,1281406,297,0.8968576105519968,0.2874094298015331,0.2874094298015331,f1_score,0.2874094298015331,0.23035037511063136,0.34751793852389273,0.2873525660154776,0.029946423646227467,2000,percentile,0.05
mlp_prevyears_monthly_features_incremental_scaler_experience_replay_confidently_correct_memory_RR_0.5,MLP Prevyears + Monthly (Incremental Scaler + Replay Confidently Correct RR=0.5),next_year,2017,2018,False,1281406,297,0.8968576105519968,0.2874094298015331,0.2874094298015331,pr_auc,0.24545547128587059,0.18707079836207577,0.31331711475834423,0.2473460229064151,0.03268962643897379,2000,percentile,0.05
mlp_prevyears_monthly_features_incremental_scaler_experience_replay_hard_example_mining_RR_0.2,MLP Prevyears + Monthly (Incremental Scaler + Replay Hard Example Mining RR=0.2),next_year,2017,2018,False,1281406,297,0.8968576105519968,0.2874094298015331,0.2874094298015331,f1_score,0.2874094298015331,0.23035037511063136,0.34751793852389273,0.2873525660154776,0.029946423646227467,2000,percentile,0.05
mlp_prevyears_monthly_features_incremental_scaler_experience_replay_hard_example_mining_RR_0.2,MLP Prevyears + Monthly (Incremental Scaler + Replay Hard Example Mining RR=0.2),next_year,2017,2018,False,1281406,297,0.8968576105519968,0.2874094298015331,0.2874094298015331,pr_auc,0.24545547128587059,0.18707079836207577,0.31331711475834423,0.2473460229064151,0.03268962643897379,2000,percentile,0.05
mlp_prevyears_monthly_features_incremental_scaler_experience_replay_hard_example_mining_RR_0.3,MLP Prevyears + Monthly (Incremental Scaler + Replay Hard Example Mining RR=0.3),next_year,2017,2018,False,1281406,297,0.8968576105519968,0.2874094298015331,0.2874094298015331,f1_score,0.2874094298015331,0.23035037511063136,0.34751793852389273,0.2873525660154776,0.029946423646227467,2000,percentile,0.05
mlp_prevyears_monthly_features_incremental_scaler_experience_replay_hard_example_mining_RR_0.3,MLP Prevyears + Monthly (Incremental Scaler + Replay Hard Example Mining RR=0.3),next_year,2017,2018,False,1281406,297,0.8968576105519968,0.2874094298015331,0.2874094298015331,pr_auc,0.24545547128587059,0.18707079836207577,0.31331711475834423,0.2473460229064151,0.03268962643897379,2000,percentile,0.05
mlp_prevyears_monthly_features_incremental_scaler_experience_replay_hard_example_mining_RR_0.4,MLP Prevyears + Monthly (Incremental Scaler + Replay Hard Example Mining RR=0.4),next_year,2017,2018,False,1281406,297,0.8968576105519968,0.2874094298015331,0.2874094298015331,f1_score,0.2874094298015331,0.23035037511063136,0.34751793852389273,0.2873525660154776,0.029946423646227467,2000,percentile,0.05
mlp_prevyears_monthly_features_incremental_scaler_experience_replay_hard_example_mining_RR_0.4,MLP Prevyears + Monthly (Incremental Scaler + Replay Hard Example Mining RR=0.4),next_year,2017,2018,False,1281406,297,0.8968576105519968,0.2874094298015331,0.2874094298015331,pr_auc,0.24545547128587059,0.18707079836207577,0.31331711475834423,0.2473460229064151,0.03268962643897379,2000,percentile,0.05
mlp_prevyears_monthly_features_incremental_scaler_experience_replay_hard_example_mining_RR_0.5,MLP Prevyears + Monthly (Incremental Scaler + Replay Hard Example Mining RR=0.5),next_year,2017,2018,False,1281406,297,0.8968576105519968,0.2874094298015331,0.2874094298015331,f1_score,0.2874094298015331,0.23035037511063136,0.34751793852389273,0.2873525660154776,0.029946423646227467,2000,percentile,0.05
mlp_prevyears_monthly_features_incremental_scaler_experience_replay_hard_example_mining_RR_0.5,MLP Prevyears + Monthly (Incremental Scaler + Replay Hard Example Mining RR=0.5),next_year,2017,2018,False,1281406,297,0.8968576105519968,0.2874094298015331,0.2874094298015331,pr_auc,0.24545547128587059,0.18707079836207577,0.31331711475834423,0.2473460229064151,0.03268962643897379,2000,percentile,0.05
mlp_prevyears_monthly_features_incremental_scaler_experience_replay_uncertainity_prioritization_RR_0.2,MLP Prevyears + Monthly (Incremental Scaler + Replay Uncertainty Prioritization RR=0.2),next_year,2017,2018,False,1281406,297,0.8819689727807036,0.28529186083506447,0.28529186083506447,f1_score,0.28529186083506447,0.22757124006980703,0.34574737288005747,0.28527669972100617,0.03037758190078293,2000,percentile,0.05
mlp_prevyears_monthly_features_incremental_scaler_experience_replay_uncertainity_prioritization_RR_0.2,MLP Prevyears + Monthly (Incremental Scaler + Replay Uncertainty Prioritization RR=0.2),next_year,2017,2018,False,1281406,297,0.8819689727807036,0.28529186083506447,0.28529186083506447,pr_auc,0.24071292177233136,0.18118984412115313,0.3079888874638257,0.24227010372816346,0.03237254738764388,2000,percentile,0.05
mlp_prevyears_monthly_features_incremental_scaler_experience_replay_uncertainity_prioritization_RR_0.3,MLP Prevyears + Monthly (Incremental Scaler + Replay Uncertainty Prioritization RR=0.3),next_year,2017,2018,False,1281406,297,0.8819689727807036,0.28529186083506447,0.28529186083506447,f1_score,0.28529186083506447,0.22757124006980703,0.34574737288005747,0.28527669972100617,0.03037758190078293,2000,percentile,0.05
mlp_prevyears_monthly_features_incremental_scaler_experience_replay_uncertainity_prioritization_RR_0.3,MLP Prevyears + Monthly (Incremental Scaler + Replay Uncertainty Prioritization RR=0.3),next_year,2017,2018,False,1281406,297,0.8819689727807036,0.28529186083506447,0.28529186083506447,pr_auc,0.24071292177233136,0.18118984412115313,0.3079888874638257,0.24227010372816346,0.03237254738764388,2000,percentile,0.05
mlp_prevyears_monthly_features_incremental_scaler_experience_replay_uncertainity_prioritization_RR_0.4,MLP Prevyears + Monthly (Incremental Scaler + Replay Uncertainty Prioritization RR=0.4),next_year,2017,2018,False,1281406,297,0.8819689727807036,0.28529186083506447,0.28529186083506447,f1_score,0.28529186083506447,0.22757124006980703,0.34574737288005747,0.28527669972100617,0.03037758190078293,2000,percentile,0.05
mlp_prevyears_monthly_features_incremental_scaler_experience_replay_uncertainity_prioritization_RR_0.4,MLP Prevyears + Monthly (Incremental Scaler + Replay Uncertainty Prioritization RR=0.4),next_year,2017,2018,False,1281406,297,0.8819689727807036,0.28529186083506447,0.28529186083506447,pr_auc,0.24071292177233136,0.18118984412115313,0.3079888874638257,0.24227010372816346,0.03237254738764388,2000,percentile,0.05
mlp_prevyears_monthly_features_incremental_scaler_experience_replay_uncertainity_prioritization_RR_0.5,MLP Prevyears + Monthly (Incremental Scaler + Replay Uncertainty Prioritization RR=0.5),next_year,2017,2018,False,1281406,297,0.8819689727807036,0.28529186083506447,0.28529186083506447,f1_score,0.28529186083506447,0.22757124006980703,0.34574737288005747,0.28527669972100617,0.03037758190078293,2000,percentile,0.05
mlp_prevyears_monthly_features_incremental_scaler_experience_replay_uncertainity_prioritization_RR_0.5,MLP Prevyears + Monthly (Incremental Scaler + Replay Uncertainty Prioritization RR=0.5),next_year,2017,2018,False,1281406,297,0.8819689727807036,0.28529186083506447,0.28529186083506447,pr_auc,0.24071292177233136,0.18118984412115313,0.3079888874638257,0.24227010372816346,0.03237254738764388,2000,percentile,0.05
mlp_prevyears_monthly_features_incremental_scaler_missclassification_buffer_RR_0.2,MLP Prevyears + Monthly (Incremental Scaler + Misclassification Buffer RR=0.2),next_year,2017,2018,False,1281406,297,0.8753084991024254,0.287488492156615,0.287488492156615,f1_score,0.287488492156615,0.23146277101323853,0.3463393157671083,0.2873418886227953,0.02920320439107087,2000,percentile,0.05
mlp_prevyears_monthly_features_incremental_scaler_missclassification_buffer_RR_0.2,MLP Prevyears + Monthly (Incremental Scaler + Misclassification Buffer RR=0.2),next_year,2017,2018,False,1281406,297,0.8753084991024254,0.287488492156615,0.287488492156615,pr_auc,0.2456841266732969,0.186538818002965,0.309951703741248,0.24708527261799731,0.031935200644940834,2000,percentile,0.05
mlp_prevyears_monthly_features_incremental_scaler_missclassification_buffer_RR_0.3,MLP Prevyears + Monthly (Incremental Scaler + Misclassification Buffer RR=0.3),next_year,2017,2018,False,1281406,297,0.8753084991024254,0.287488492156615,0.287488492156615,f1_score,0.287488492156615,0.23146277101323853,0.3463393157671083,0.2873418886227953,0.02920320439107087,2000,percentile,0.05
mlp_prevyears_monthly_features_incremental_scaler_missclassification_buffer_RR_0.3,MLP Prevyears + Monthly (Incremental Scaler + Misclassification Buffer RR=0.3),next_year,2017,2018,False,1281406,297,0.8753084991024254,0.287488492156615,0.287488492156615,pr_auc,0.2456841266732969,0.186538818002965,0.309951703741248,0.24708527261799731,0.031935200644940834,2000,percentile,0.05
mlp_prevyears_monthly_features_incremental_scaler_missclassification_buffer_RR_0.4,MLP Prevyears + Monthly (Incremental Scaler + Misclassification Buffer RR=0.4),next_year,2017,2018,False,1281406,297,0.8753084991024254,0.287488492156615,0.287488492156615,f1_score,0.287488492156615,0.23146277101323853,0.3463393157671083,0.2873418886227953,0.02920320439107087,2000,percentile,0.05
mlp_prevyears_monthly_features_incremental_scaler_missclassification_buffer_RR_0.4,MLP Prevyears + Monthly (Incremental Scaler + Misclassification Buffer RR=0.4),next_year,2017,2018,False,1281406,297,0.8753084991024254,0.287488492156615,0.287488492156615,pr_auc,0.2456841266732969,0.186538818002965,0.309951703741248,0.24708527261799731,0.031935200644940834,2000,percentile,0.05
mlp_prevyears_monthly_features_incremental_scaler_missclassification_buffer_RR_0.5,MLP Prevyears + Monthly (Incremental Scaler + Misclassification Buffer RR=0.5),next_year,2017,2018,False,1281406,297,0.8753084991024254,0.287488492156615,0.287488492156615,f1_score,0.287488492156615,0.23146277101323853,0.3463393157671083,0.2873418886227953,0.02920320439107087,2000,percentile,0.05
mlp_prevyears_monthly_features_incremental_scaler_missclassification_buffer_RR_0.5,MLP Prevyears + Monthly (Incremental Scaler + Misclassification Buffer RR=0.5),next_year,2017,2018,False,1281406,297,0.8753084991024254,0.287488492156615,0.287488492156615,pr_auc,0.2456841266732969,0.186538818002965,0.309951703741248,0.24708527261799731,0.031935200644940834,2000,percentile,0.05
"mlp_combined_HE=0.1_CC=0.1_UP=0.1_PR=(0.2,10)_RR=0.5","MLP Combined (HE=0.1, CC=0.1, UP=0.1, PR=(0.2,10), RR=0.5)",next_year,2018,2019,False,1280996,297,0.8292473317060407,0.25002661151746475,0.25002661151746475,f1_score,0.25002661151746475,0.19214059969111164,0.3140002109855588,0.24986438160678465,0.031612921172044596,2000,percentile,0.05
"mlp_combined_HE=0.1_CC=0.1_UP=0.1_PR=(0.2,10)_RR=0.5","MLP Combined (HE=0.1, CC=0.1, UP=0.1, PR=(0.2,10), RR=0.5)",next_year,2018,2019,False,1280996,297,0.8292473317060407,0.25002661151746475,0.25002661151746475,pr_auc,0.20045860722902833,0.12655398156219907,0.28338465479007513,0.2003370362934061,0.041097943698322176,2000,percentile,0.05
"mlp_combined_HE=0_CC=0.15_UP=0_PR=(0,10)_MC=0.1_RWS=1_RR=0.4","MLP Combined (HE=0, CC=0.15, UP=0, PR=(0,10), MC=0.1, RWS=1, RR=0.4)",next_year,2018,2019,False,1280996,297,0.8367242308130586,0.24258341951989548,0.24258341951989548,f1_score,0.24258341951989548,0.18873089406168517,0.2992951725659242,0.2426035811447347,0.029107226784931668,2000,percentile,0.05
"mlp_combined_HE=0_CC=0.15_UP=0_PR=(0,10)_MC=0.1_RWS=1_RR=0.4","MLP Combined (HE=0, CC=0.15, UP=0, PR=(0,10), MC=0.1, RWS=1, RR=0.4)",next_year,2018,2019,False,1280996,297,0.8367242308130586,0.24258341951989548,0.24258341951989548,pr_auc,0.20439983914405438,0.13941191864859737,0.2748438741124008,0.20446122671536435,0.034970618592695166,2000,percentile,0.05
"mlp_combined_HE=0_CC=0.1_UP=0.1_PR=(0,10)_MC=0.1_RWS=1_RR=0.5","MLP Combined (HE=0, CC=0.1, UP=0.1, PR=(0,10), MC=0.1, RWS=1, RR=0.5)",next_year,2018,2019,False,1280996,297,0.8614554719933697,0.23309890645961218,0.23309890645961218,f1_score,0.23309890645961218,0.17758495093445362,0.2941384869695052,0.23313407971519284,0.030606280577789278,2000,percentile,0.05
"mlp_combined_HE=0_CC=0.1_UP=0.1_PR=(0,10)_MC=0.1_RWS=1_RR=0.5","MLP Combined (HE=0, CC=0.1, UP=0.1, PR=(0,10), MC=0.1, RWS=1, RR=0.5)",next_year,2018,2019,False,1280996,297,0.8614554719933697,0.23309890645961218,0.23309890645961218,pr_auc,0.1935199774637575,0.13189649425912078,0.26419152138883994,0.19390073560196844,0.03395765303387056,2000,percentile,0.05
"mlp_combined_HE=0_CC=0.1_UP=0.2_PR=(0.1,10)_RR=0.5","MLP Combined (HE=0, CC=0.1, UP=0.2, PR=(0.1,10), RR=0.5)",next_year,2018,2019,False,1280996,297,0.8859280528928314,0.2694373102965211,0.2694373102965211,f1_score,0.2694373102965211,0.207610928449754,0.3354598927257037,0.2686956290004088,0.03315193907966848,2000,percentile,0.05
"mlp_combined_HE=0_CC=0.1_UP=0.2_PR=(0.1,10)_RR=0.5","MLP Combined (HE=0, CC=0.1, UP=0.2, PR=(0.1,10), RR=0.5)",next_year,2018,2019,False,1280996,297,0.8859280528928314,0.2694373102965211,0.2694373102965211,pr_auc,0.21124271143899076,0.1378013152662225,0.2979264533830491,0.21134953183288607,0.04057779971972085,2000,percentile,0.05
"mlp_combined_HE=0_CC=0.2_UP=0.1_PR=(0.2,10)_RR=0.5","MLP Combined (HE=0, CC=0.2, UP=0.1, PR=(0.2,10), RR=0.5)",next_year,2018,2019,False,1280996,297,0.8405567605417255,0.24693706293706294,0.24693706293706294,f1_score,0.24693706293706294,0.1931540448760423,0.3032236235336251,0.24669608067934612,0.0288124360869726,2000,percentile,0.05
"mlp_combined_HE=0_CC=0.2_UP=0.1_PR=(0.2,10)_RR=0.5","MLP Combined (HE=0, CC=0.2, UP=0.1, PR=(0.2,10), RR=0.5)",next_year,2018,2019,False,1280996,297,0.8405567605417255,0.24693706293706294,0.24693706293706294,pr_auc,0.2122046213645706,0.1427715980657515,0.29017145997455285,0.21183107016184777,0.03773770153023165,2000,percentile,0.05
"mlp_combined_HE=0_CC=0.2_UP=0.2_PR=(0.1,10)_RR=0.5","MLP Combined (HE=0, CC=0.2, UP=0.2, PR=(0.1,10), RR=0.5)",next_year,2018,2019,False,1280996,297,0.8670616971122788,0.2691040457593952,0.2691040457593952,f1_score,0.2691040457593952,0.2097358999000246,0.3319887075211032,0.2683819498341067,0.031340528205046916,2000,percentile,0.05
"mlp_combined_HE=0_CC=0.2_UP=0.2_PR=(0.1,10)_RR=0.5","MLP Combined (HE=0, CC=0.2, UP=0.2, PR=(0.1,10), RR=0.5)",next_year,2018,2019,False,1280996,297,0.8670616971122788,0.2691040457593952,0.2691040457593952,pr_auc,0.22197468504678436,0.1501563321417925,0.2987495854123904,0.22145502387366778,0.038640620148385464,2000,percentile,0.05
mlp_prevyears_monthly_features_incremental_scaler,MLP Prevyears + Monthly (Incremental Scaler),next_year,2018,2019,True,1280996,297,0.9117726813218416,0.3102880658436214,0.3102880658436214,f1_score,0.3102880658436214,0.2603391354726408,0.36282424161997334,0.30897255400628443,0.02623965452724476,2000,percentile,0.05
mlp_prevyears_monthly_features_incremental_scaler,MLP Prevyears + Monthly (Incremental Scaler),next_year,2018,2019,True,1280996,297,0.9117726813218416,0.3102880658436214,0.3102880658436214,pr_auc,0.25186382655002276,0.18998865709469384,0.3200443599619357,0.2510726096219468,0.03281115026021797,2000,percentile,0.05
mlp_prevyears_monthly_features_incremental_scaler_experience_replay_RR_0.2,MLP Prevyears + Monthly (Incremental Scaler + Replay RR=0.2),next_year,2018,2019,False,1280996,297,0.8846828916972465,0.3017809221761405,0.3017809221761405,f1_score,0.3017809221761405,0.2337556536476616,0.3705036672216832,0.30102614827677654,0.035686324789743616,2000,percentile,0.05
mlp_prevyears_monthly_features_incremental_scaler_experience_replay_RR_0.2,MLP Prevyears + Monthly (Incremental Scaler + Replay RR=0.2),next_year,2018,2019,False,1280996,297,0.8846828916972465,0.3017809221761405,0.3017809221761405,pr_auc,0.2654482717523699,0.18443180533349302,0.34902617687314796,0.2647487031390816,0.04233374847895841,2000,percentile,0.05
mlp_prevyears_monthly_features_incremental_scaler_experience_replay_RR_0.2_PR_0.10,"MLP Prevyears + Monthly (Incremental Scaler + Replay RR=0.2, PR=0.10)",next_year,2018,2019,False,1280996,297,0.8682868437523487,0.316213679774764,0.316213679774764,f1_score,0.316213679774764,0.2589231384644237,0.3718149556183968,0.31504263166523094,0.028775186854497512,2000,percentile,0.05
mlp_prevyears_monthly_features_incremental_scaler_experience_replay_RR_0.2_PR_0.10,"MLP Prevyears + Monthly (Incremental Scaler + Replay RR=0.2, PR=0.10)",next_year,2018,2019,False,1280996,297,0.8682868437523487,0.316213679774764,0.316213679774764,pr_auc,0.26374822922750085,0.19582079194674282,0.3316947002434521,0.2625989759921499,0.03418353640365975,2000,percentile,0.05
mlp_prevyears_monthly_features_incremental_scaler_experience_replay_RR_0.2_PR_0.15,"MLP Prevyears + Monthly (Incremental Scaler + Replay RR=0.2, PR=0.15)",next_year,2018,2019,False,1280996,297,0.8889144681656376,0.2966503788683521,0.2966503788683521,f1_score,0.2966503788683521,0.2318921431705418,0.3633537050819721,0.29604270057343446,0.03359236663178058,2000,percentile,0.05
mlp_prevyears_monthly_features_incremental_scaler_experience_replay_RR_0.2_PR_0.15,"MLP Prevyears + Monthly (Incremental Scaler + Replay RR=0.2, PR=0.15)",next_year,2018,2019,False,1280996,297,0.8889144681656376,0.2966503788683521,0.2966503788683521,pr_auc,0.24349097979678705,0.16968336958437305,0.321789537909547,0.2433871005799449,0.038582865922167475,2000,percentile,0.05
mlp_prevyears_monthly_features_incremental_scaler_experience_replay_RR_0.3,MLP Prevyears + Monthly (Incremental Scaler + Replay RR=0.3),next_year,2018,2019,False,1280996,297,0.8972676634704918,0.2536013400335008,0.2536013400335008,f1_score,0.2536013400335008,0.19271724431946535,0.32278030582929407,0.2533816025164619,0.0336471968595715,2000,percentile,0.05
mlp_prevyears_monthly_features_incremental_scaler_experience_replay_RR_0.3,MLP Prevyears + Monthly (Incremental Scaler + Replay RR=0.3),next_year,2018,2019,False,1280996,297,0.8972676634704918,0.2536013400335008,0.2536013400335008,pr_auc,0.18673687138391487,0.11746469890392919,0.27476953145131394,0.18837740988282853,0.04115593136151948,2000,percentile,0.05
mlp_prevyears_monthly_features_incremental_scaler_experience_replay_RR_0.3_PR_0.10,"MLP Prevyears + Monthly (Incremental Scaler + Replay RR=0.3, PR=0.10)",next_year,2018,2019,False,1280996,297,0.8831943950053297,0.2630095065384016,0.2630095065384016,f1_score,0.2630095065384016,0.20357224419300154,0.32640779051743296,0.2626626575072011,0.03194743156270115,2000,percentile,0.05
mlp_prevyears_monthly_features_incremental_scaler_experience_replay_RR_0.3_PR_0.10,"MLP Prevyears + Monthly (Incremental Scaler + Replay RR=0.3, PR=0.10)",next_year,2018,2019,False,1280996,297,0.8831943950053297,0.2630095065384016,0.2630095065384016,pr_auc,0.2297546035359819,0.14720491102974673,0.3214476776744074,0.22911476652946328,0.0455667214000481,2000,percentile,0.05
mlp_prevyears_monthly_features_incremental_scaler_experience_replay_RR_0.3_PR_0.15,"MLP Prevyears + Monthly (Incremental Scaler + Replay RR=0.3, PR=0.15)",next_year,2018,2019,False,1280996,297,0.9321643467788373,0.24080443691061995,0.24080443691061995,f1_score,0.24080443691061995,0.1872768844272119,0.29817158916095804,0.24088202744637133,0.028557632058161034,2000,percentile,0.05
mlp_prevyears_monthly_features_incremental_scaler_experience_replay_RR_0.3_PR_0.15,"MLP Prevyears + Monthly (Incremental Scaler + Replay RR=0.3, PR=0.15)",next_year,2018,2019,False,1280996,297,0.9321643467788373,0.24080443691061995,0.24080443691061995,pr_auc,0.18639216446638618,0.13023510023720103,0.25155780128728217,0.18741639670351207,0.03087177076447494,2000,percentile,0.05
mlp_prevyears_monthly_features_incremental_scaler_experience_replay_RR_0.4,MLP Prevyears + Monthly (Incremental Scaler + Replay RR=0.4),next_year,2018,2019,False,1280996,297,0.9089043091668835,0.2922278409185734,0.2922278409185734,f1_score,0.2922278409185734,0.22770941851787546,0.3588973384466069,0.29118055926632375,0.0336125786851091,2000,percentile,0.05
mlp_prevyears_monthly_features_incremental_scaler_experience_replay_RR_0.4,MLP Prevyears + Monthly (Incremental Scaler + Replay RR=0.4),next_year,2018,2019,False,1280996,297,0.9089043091668835,0.2922278409185734,0.2922278409185734,pr_auc,0.24863391635114798,0.16839339715530716,0.33295048265146493,0.2478368344988528,0.042208790916515845,2000,percentile,0.05
mlp_prevyears_monthly_features_incremental_scaler_experience_replay_RR_0.4_PR_0.10,"MLP Prevyears + Monthly (Incremental Scaler + Replay RR=0.4, PR=0.10)",next_year,2018,2019,False,1280996,297,0.9098753359385541,0.256230474547999,0.256230474547999,f1_score,0.256230474547999,0.195801401747563,0.3239693739206731,0.25597259488992596,0.03324882419030466,2000,percentile,0.05
mlp_prevyears_monthly_features_incremental_scaler_experience_replay_RR_0.4_PR_0.10,"MLP Prevyears + Monthly (Incremental Scaler + Replay RR=0.4, PR=0.10)",next_year,2018,2019,False,1280996,297,0.9098753359385541,0.256230474547999,0.256230474547999,pr_auc,0.219233494052121,0.14057058739805586,0.30736554004401084,0.2188390960839904,0.04366556841811405,2000,percentile,0.05
mlp_prevyears_monthly_features_incremental_scaler_experience_replay_RR_0.4_PR_0.15,"MLP Prevyears + Monthly (Incremental Scaler + Replay RR=0.4, PR=0.15)",next_year,2018,2019,False,1280996,297,0.8687505184340646,0.30499737482697725,0.30499737482697725,f1_score,0.30499737482697725,0.24246162194859008,0.3699041962316283,0.3042260859584965,0.033350801609009106,2000,percentile,0.05
mlp_prevyears_monthly_features_incremental_scaler_experience_replay_RR_0.4_PR_0.15,"MLP Prevyears + Monthly (Incremental Scaler + Replay RR=0.4, PR=0.15)",next_year,2018,2019,False,1280996,297,0.8687505184340646,0.30499737482697725,0.30499737482697725,pr_auc,0.2723926639972473,0.1925701633500146,0.3593852249021188,0.2715680222330629,0.04316534494708069,2000,percentile,0.05
mlp_prevyears_monthly_features_incremental_scaler_experience_replay_RR_0.5,MLP Prevyears + Monthly (Incremental Scaler + Replay RR=0.5),next_year,2018,2019,False,1280996,297,0.8832793299627184,0.2970640968175706,0.2970640968175706,f1_score,0.2970640968175706,0.23618962205073066,0.3570270141008747,0.29616240085095147,0.030482895500692647,2000,percentile,0.05
mlp_prevyears_monthly_features_incremental_scaler_experience_replay_RR_0.5,MLP Prevyears + Monthly (Incremental Scaler + Replay RR=0.5),next_year,2018,2019,False,1280996,297,0.8832793299627184,0.2970640968175706,0.2970640968175706,pr_auc,0.25039319868137366,0.18573153947346413,0.3163374223205918,0.24950453875039522,0.03298334236188823,2000,percentile,0.05
mlp_prevyears_monthly_features_incremental_scaler_experience_replay_RR_0.5_PR_0.10,"MLP Prevyears + Monthly (Incremental Scaler + Replay RR=0.5, PR=0.10)",next_year,2018,2019,False,1280996,297,0.9026085810699976,0.23284119553474972,0.23284119553474972,f1_score,0.23284119553474972,0.17648129665619353,0.29735231880301993,0.23317223675334314,0.031503612823848226,2000,percentile,0.05
mlp_prevyears_monthly_features_incremental_scaler_experience_replay_RR_0.5_PR_0.10,"MLP Prevyears + Monthly (Incremental Scaler + Replay RR=0.5, PR=0.10)",next_year,2018,2019,False,1280996,297,0.9026085810699976,0.23284119553474972,0.23284119553474972,pr_auc,0.19060321117490497,0.11940169168044512,0.27841666181495617,0.19169405658635078,0.04111705800214328,2000,percentile,0.05
mlp_prevyears_monthly_features_incremental_scaler_experience_replay_RR_0.5_PR_0.15,"MLP Prevyears + Monthly (Incremental Scaler + Replay RR=0.5, PR=0.15)",next_year,2018,2019,False,1280996,297,0.9354735480697077,0.32000804343454653,0.32000804343454653,f1_score,0.32000804343454653,0.24953434926134305,0.3941919194988197,0.31846011935999763,0.037357021013081436,2000,percentile,0.05
mlp_prevyears_monthly_features_incremental_scaler_experience_replay_RR_0.5_PR_0.15,"MLP Prevyears + Monthly (Incremental Scaler + Replay RR=0.5, PR=0.15)",next_year,2018,2019,False,1280996,297,0.9354735480697077,0.32000804343454653,0.32000804343454653,pr_auc,0.27047291362670217,0.19192220987700484,0.3522303857111305,0.2693261155469684,0.041434308862094045,2000,percentile,0.05
mlp_prevyears_monthly_features_incremental_scaler_experience_replay_confidently_correct_memory_RR_0.2,MLP Prevyears + Monthly (Incremental Scaler + Replay Confidently Correct RR=0.2),next_year,2018,2019,False,1280996,297,0.8895368694941822,0.260821292541134,0.260821292541134,f1_score,0.260821292541134,0.20357996391998268,0.3196634874610197,0.26058410526105796,0.029943247697395613,2000,percentile,0.05
mlp_prevyears_monthly_features_incremental_scaler_experience_replay_confidently_correct_memory_RR_0.2,MLP Prevyears + Monthly (Incremental Scaler + Replay Confidently Correct RR=0.2),next_year,2018,2019,False,1280996,297,0.8895368694941822,0.260821292541134,0.260821292541134,pr_auc,0.22589406649886928,0.15943332329778218,0.2969669958971159,0.22537811112183687,0.03480145607417392,2000,percentile,0.05
mlp_prevyears_monthly_features_incremental_scaler_experience_replay_confidently_correct_memory_RR_0.3,MLP Prevyears + Monthly (Incremental Scaler + Replay Confidently Correct RR=0.3),next_year,2018,2019,False,1280996,297,0.8812769548296621,0.2391131002906603,0.2391131002906603,f1_score,0.2391131002906603,0.1874696645531041,0.2957229146044169,0.23922130745837183,0.02823292912882526,2000,percentile,0.05
mlp_prevyears_monthly_features_incremental_scaler_experience_replay_confidently_correct_memory_RR_0.3,MLP Prevyears + Monthly (Incremental Scaler + Replay Confidently Correct RR=0.3),next_year,2018,2019,False,1280996,297,0.8812769548296621,0.2391131002906603,0.2391131002906603,pr_auc,0.1784601793480693,0.12212006122735138,0.2517094332233648,0.17969159736478077,0.03267973343367601,2000,percentile,0.05
mlp_prevyears_monthly_features_incremental_scaler_experience_replay_confidently_correct_memory_RR_0.4,MLP Prevyears + Monthly (Incremental Scaler + Replay Confidently Correct RR=0.4),next_year,2018,2019,False,1280996,297,0.8907794178802699,0.2838499184339315,0.2838499184339315,f1_score,0.2838499184339315,0.22578096698026795,0.34492768695621634,0.28323084476700994,0.030724467583128797,2000,percentile,0.05
mlp_prevyears_monthly_features_incremental_scaler_experience_replay_confidently_correct_memory_RR_0.4,MLP Prevyears + Monthly (Incremental Scaler + Replay Confidently Correct RR=0.4),next_year,2018,2019,False,1280996,297,0.8907794178802699,0.2838499184339315,0.2838499184339315,pr_auc,0.23812587682879255,0.1696159883686739,0.3127960478098759,0.23792716721142415,0.03643818193518269,2000,percentile,0.05
mlp_prevyears_monthly_features_incremental_scaler_experience_replay_confidently_correct_memory_RR_0.5,MLP Prevyears + Monthly (Incremental Scaler + Replay Confidently Correct RR=0.5),next_year,2018,2019,False,1280996,297,0.9333400845649075,0.23359619926250225,0.23359619926250225,f1_score,0.23359619926250225,0.17408511295809834,0.30158354291150624,0.23402845488965118,0.03243901353016426,2000,percentile,0.05
mlp_prevyears_monthly_features_incremental_scaler_experience_replay_confidently_correct_memory_RR_0.5,MLP Prevyears + Monthly (Incremental Scaler + Replay Confidently Correct RR=0.5),next_year,2018,2019,False,1280996,297,0.9333400845649075,0.23359619926250225,0.23359619926250225,pr_auc,0.1866935542445132,0.11993188179153663,0.26621387762361304,0.18802822244756134,0.03793435193828559,2000,percentile,0.05
mlp_prevyears_monthly_features_incremental_scaler_experience_replay_hard_example_mining_RR_0.2,MLP Prevyears + Monthly (Incremental Scaler + Replay Hard Example Mining RR=0.2),next_year,2018,2019,False,1280996,297,0.7761478786334667,0.21601963814892264,0.21601963814892264,f1_score,0.21601963814892264,0.16408774074364862,0.27259716701186587,0.21598574331736187,0.027991103307152838,2000,percentile,0.05
mlp_prevyears_monthly_features_incremental_scaler_experience_replay_hard_example_mining_RR_0.2,MLP Prevyears + Monthly (Incremental Scaler + Replay Hard Example Mining RR=0.2),next_year,2018,2019,False,1280996,297,0.7761478786334667,0.21601963814892264,0.21601963814892264,pr_auc,0.15439645714419087,0.09784501619282154,0.2381246179997712,0.1571473527538433,0.03707180006288273,2000,percentile,0.05
mlp_prevyears_monthly_features_incremental_scaler_experience_replay_hard_example_mining_RR_0.3,MLP Prevyears + Monthly (Incremental Scaler + Replay Hard Example Mining RR=0.3),next_year,2018,2019,False,1280996,297,0.8458185191255903,0.23647773682637713,0.23647773682637713,f1_score,0.23647773682637713,0.18403122222988177,0.2957476025008651,0.23674012981707507,0.028994455664878408,2000,percentile,0.05
mlp_prevyears_monthly_features_incremental_scaler_experience_replay_hard_example_mining_RR_0.3,MLP Prevyears + Monthly (Incremental Scaler + Replay Hard Example Mining RR=0.3),next_year,2018,2019,False,1280996,297,0.8458185191255903,0.23647773682637713,0.23647773682637713,pr_auc,0.17470914756130881,0.12040939200506101,0.24110488662889998,0.17617123724752623,0.031475340989604146,2000,percentile,0.05
mlp_prevyears_monthly_features_incremental_scaler_experience_replay_hard_example_mining_RR_0.4,MLP Prevyears + Monthly (Incremental Scaler + Replay Hard Example Mining RR=0.4),next_year,2018,2019,False,1280996,297,0.8699715084629064,0.2745436026012693,0.2745436026012693,f1_score,0.2745436026012693,0.21488283032670322,0.33614722901932614,0.2739893024133972,0.030914795378244084,2000,percentile,0.05
mlp_prevyears_monthly_features_incremental_scaler_experience_replay_hard_example_mining_RR_0.4,MLP Prevyears + Monthly (Incremental Scaler + Replay Hard Example Mining RR=0.4),next_year,2018,2019,False,1280996,297,0.8699715084629064,0.2745436026012693,0.2745436026012693,pr_auc,0.2225659859188745,0.15262142060871692,0.29832704570910634,0.22263255333794973,0.03714705462984064,2000,percentile,0.05
mlp_prevyears_monthly_features_incremental_scaler_experience_replay_hard_example_mining_RR_0.5,MLP Prevyears + Monthly (Incremental Scaler + Replay Hard Example Mining RR=0.5),next_year,2018,2019,False,1280996,297,0.8309445651086916,0.23997613661786274,0.23997613661786274,f1_score,0.23997613661786274,0.18731142986675836,0.29723453739946365,0.23964031289574447,0.028216815402222855,2000,percentile,0.05
mlp_prevyears_monthly_features_incremental_scaler_experience_replay_hard_example_mining_RR_0.5,MLP Prevyears + Monthly (Incremental Scaler + Replay Hard Example Mining RR=0.5),next_year,2018,2019,False,1280996,297,0.8309445651086916,0.23997613661786274,0.23997613661786274,pr_auc,0.1832624165834898,0.12225376119164826,0.26509649907002425,0.18552691655340425,0.036738497992226504,2000,percentile,0.05
mlp_prevyears_monthly_features_incremental_scaler_experience_replay_uncertainity_prioritization_RR_0.2,MLP Prevyears + Monthly (Incremental Scaler + Replay Uncertainty Prioritization RR=0.2),next_year,2018,2019,False,1280996,297,0.9149698835500796,0.27342930689293543,0.27342930689293543,f1_score,0.27342930689293543,0.20629911894803266,0.3462951419176812,0.2727403691193649,0.036300332189116484,2000,percentile,0.05
mlp_prevyears_monthly_features_incremental_scaler_experience_replay_uncertainity_prioritization_RR_0.2,MLP Prevyears + Monthly (Incremental Scaler + Replay Uncertainty Prioritization RR=0.2),next_year,2018,2019,False,1280996,297,0.9149698835500796,0.27342930689293543,0.27342930689293543,pr_auc,0.22974807825864768,0.14098789614755103,0.32729461860838216,0.22870279063781504,0.0487144722784463,2000,percentile,0.05
mlp_prevyears_monthly_features_incremental_scaler_experience_replay_uncertainity_prioritization_RR_0.3,MLP Prevyears + Monthly (Incremental Scaler + Replay Uncertainty Prioritization RR=0.3),next_year,2018,2019,False,1280996,297,0.9184050358680081,0.3063437391795601,0.3063437391795601,f1_score,0.3063437391795601,0.24083310785408074,0.3768482700349953,0.3050924697079682,0.03460600270679647,2000,percentile,0.05
mlp_prevyears_monthly_features_incremental_scaler_experience_replay_uncertainity_prioritization_RR_0.3,MLP Prevyears + Monthly (Incremental Scaler + Replay Uncertainty Prioritization RR=0.3),next_year,2018,2019,False,1280996,297,0.9184050358680081,0.3063437391795601,0.3063437391795601,pr_auc,0.2538748659769603,0.17579619416250886,0.33881641277240615,0.2527856620517623,0.04191616010507738,2000,percentile,0.05
mlp_prevyears_monthly_features_incremental_scaler_experience_replay_uncertainity_prioritization_RR_0.4,MLP Prevyears + Monthly (Incremental Scaler + Replay Uncertainty Prioritization RR=0.4),next_year,2018,2019,False,1280996,297,0.9048230623799429,0.27156527913975587,0.27156527913975587,f1_score,0.27156527913975587,0.21103853008685503,0.33453517804333355,0.2709398381761815,0.031952326071485765,2000,percentile,0.05
mlp_prevyears_monthly_features_incremental_scaler_experience_replay_uncertainity_prioritization_RR_0.4,MLP Prevyears + Monthly (Incremental Scaler + Replay Uncertainty Prioritization RR=0.4),next_year,2018,2019,False,1280996,297,0.9048230623799429,0.27156527913975587,0.27156527913975587,pr_auc,0.21312012712988793,0.14758628347204159,0.28454232007942293,0.21340687774497388,0.03530129011159771,2000,percentile,0.05
mlp_prevyears_monthly_features_incremental_scaler_experience_replay_uncertainity_prioritization_RR_0.5,MLP Prevyears + Monthly (Incremental Scaler + Replay Uncertainty Prioritization RR=0.5),next_year,2018,2019,False,1280996,297,0.8845101502128582,0.30767291520357265,0.30767291520357265,f1_score,0.30767291520357265,0.24190126608086868,0.38147826779218735,0.3064661651684969,0.03612970354811936,2000,percentile,0.05
mlp_prevyears_monthly_features_incremental_scaler_experience_replay_uncertainity_prioritization_RR_0.5,MLP Prevyears + Monthly (Incremental Scaler + Replay Uncertainty Prioritization RR=0.5),next_year,2018,2019,False,1280996,297,0.8845101502128582,0.30767291520357265,0.30767291520357265,pr_auc,0.24846643305743257,0.17555513680275112,0.3302566306566681,0.24804921524066373,0.03993362731315346,2000,percentile,0.05
mlp_prevyears_monthly_features_incremental_scaler_missclassification_buffer_RR_0.2,MLP Prevyears + Monthly (Incremental Scaler + Misclassification Buffer RR=0.2),next_year,2018,2019,False,1280996,297,0.8452151137403747,0.2841611741523408,0.2841611741523408,f1_score,0.2841611741523408,0.21718629568594838,0.356859339188477,0.2832647423110665,0.035614402080243766,2000,percentile,0.05
mlp_prevyears_monthly_features_incremental_scaler_missclassification_buffer_RR_0.2,MLP Prevyears + Monthly (Incremental Scaler + Misclassification Buffer RR=0.2),next_year,2018,2019,False,1280996,297,0.8452151137403747,0.2841611741523408,0.2841611741523408,pr_auc,0.2513497853116349,0.17098654252156992,0.3390669240778579,0.2507168445786352,0.043508534062476435,2000,percentile,0.05
mlp_prevyears_monthly_features_incremental_scaler_missclassification_buffer_RR_0.3,MLP Prevyears + Monthly (Incremental Scaler + Misclassification Buffer RR=0.3),next_year,2018,2019,False,1280996,297,0.812595442889529,0.2883536676709,0.2883536676709,f1_score,0.2883536676709,0.22608541793838055,0.3549929949589678,0.2875143674527968,0.03347668439534096,2000,percentile,0.05
mlp_prevyears_monthly_features_incremental_scaler_missclassification_buffer_RR_0.3,MLP Prevyears + Monthly (Incremental Scaler + Misclassification Buffer RR=0.3),next_year,2018,2019,False,1280996,297,0.812595442889529,0.2883536676709,0.2883536676709,pr_auc,0.22920320601196142,0.15619621280711724,0.31525633883519977,0.2297614142625514,0.04084337570905795,2000,percentile,0.05
mlp_prevyears_monthly_features_incremental_scaler_missclassification_buffer_RR_0.4,MLP Prevyears + Monthly (Incremental Scaler + Misclassification Buffer RR=0.4),next_year,2018,2019,False,1280996,297,0.90883280503795,0.30202385036017676,0.30202385036017676,f1_score,0.30202385036017676,0.2264926898901721,0.38475846237559735,0.3001860968418691,0.04087548762538346,2000,percentile,0.05
mlp_prevyears_monthly_features_incremental_scaler_missclassification_buffer_RR_0.4,MLP Prevyears + Monthly (Incremental Scaler + Misclassification Buffer RR=0.4),next_year,2018,2019,False,1280996,297,0.90883280503795,0.30202385036017676,0.30202385036017676,pr_auc,0.2442445336511238,0.16396565910902897,0.334015658568163,0.24342248033398392,0.04403886649667477,2000,percentile,0.05
mlp_prevyears_monthly_features_incremental_scaler_missclassification_buffer_RR_0.5,MLP Prevyears + Monthly (Incremental Scaler + Misclassification Buffer RR=0.5),next_year,2018,2019,False,1280996,297,0.8343766409749086,0.27281065414388966,0.27281065414388966,f1_score,0.27281065414388966,0.20143120982259832,0.35395512951477737,0.2714931505929901,0.03963050548320851,2000,percentile,0.05
mlp_prevyears_monthly_features_incremental_scaler_missclassification_buffer_RR_0.5,MLP Prevyears + Monthly (Incremental Scaler + Misclassification Buffer RR=0.5),next_year,2018,2019,False,1280996,297,0.8343766409749086,0.27281065414388966,0.27281065414388966,pr_auc,0.23375731890733362,0.1479432122915463,0.33085627681161217,0.2324316312807622,0.04709221213395399,2000,percentile,0.05
"mlp_combined_HE=0.1_CC=0.1_UP=0.1_PR=(0.2,10)_RR=0.5","MLP Combined (HE=0.1, CC=0.1, UP=0.1, PR=(0.2,10), RR=0.5)",next_year,2019,2020,False,1281509,297,0.8989462961155663,0.4834157046764323,0.4834157046764323,f1_score,0.4834157046764323,0.390976689285612,0.5501895332523837,0.4770699634553223,0.041717278001879014,2000,percentile,0.05
"mlp_combined_HE=0.1_CC=0.1_UP=0.1_PR=(0.2,10)_RR=0.5","MLP Combined (HE=0.1, CC=0.1, UP=0.1, PR=(0.2,10), RR=0.5)",next_year,2019,2020,False,1281509,297,0.8989462961155663,0.4834157046764323,0.4834157046764323,pr_auc,0.44429187004015963,0.3311824345991765,0.5403858624596795,0.4371197012839476,0.05453855979842557,2000,percentile,0.05
"mlp_combined_HE=0_CC=0.15_UP=0_PR=(0,10)_MC=0.1_RWS=1_RR=0.4","MLP Combined (HE=0, CC=0.15, UP=0, PR=(0,10), MC=0.1, RWS=1, RR=0.4)",next_year,2019,2020,False,1281509,297,0.9059061324163526,0.48065985113114723,0.48065985113114723,f1_score,0.48065985113114723,0.38052791085580184,0.5519133210070822,0.47377308824683245,0.044638881663924386,2000,percentile,0.05
"mlp_combined_HE=0_CC=0.15_UP=0_PR=(0,10)_MC=0.1_RWS=1_RR=0.4","MLP Combined (HE=0, CC=0.15, UP=0, PR=(0,10), MC=0.1, RWS=1, RR=0.4)",next_year,2019,2020,False,1281509,297,0.9059061324163526,0.48065985113114723,0.48065985113114723,pr_auc,0.4407484118359692,0.3215276274489014,0.5439289762136649,0.432907188257543,0.05757629845381276,2000,percentile,0.05
"mlp_combined_HE=0_CC=0.1_UP=0.1_PR=(0,10)_MC=0.1_RWS=1_RR=0.5","MLP Combined (HE=0, CC=0.1, UP=0.1, PR=(0,10), MC=0.1, RWS=1, RR=0.5)",next_year,2019,2020,False,1281509,297,0.8919075262478523,0.47759965648035496,0.47759965648035496,f1_score,0.47759965648035496,0.3855699882244524,0.5444723222529902,0.4713688335335461,0.04153292390043656,2000,percentile,0.05
"mlp_combined_HE=0_CC=0.1_UP=0.1_PR=(0,10)_MC=0.1_RWS=1_RR=0.5","MLP Combined (HE=0, CC=0.1, UP=0.1, PR=(0,10), MC=0.1, RWS=1, RR=0.5)",next_year,2019,2020,False,1281509,297,0.8919075262478523,0.47759965648035496,0.47759965648035496,pr_auc,0.4398892616075474,0.3229640882252176,0.5376737799007745,0.43222660537783225,0.05521777088258573,2000,percentile,0.05
"mlp_combined_HE=0_CC=0.1_UP=0.2_PR=(0.1,10)_RR=0.5","MLP Combined (HE=0, CC=0.1, UP=0.2, PR=(0.1,10), RR=0.5)",next_year,2019,2020,False,1281509,297,0.9111927268471356,0.46648793565683644,0.46648793565683644,f1_score,0.46648793565683644,0.37258195288590756,0.533338394723093,0.4602995412240109,0.042067540627763945,2000,percentile,0.05
"mlp_combined_HE=0_CC=0.1_UP=0.2_PR=(0.1,10)_RR=0.5","MLP Combined (HE=0, CC=0.1, UP=0.2, PR=(0.1,10), RR=0.5)",next_year,2019,2020,False,1281509,297,0.9111927268471356,0.46648793565683644,0.46648793565683644,pr_auc,0.43110558684017,0.317441534012142,0.5274356630528638,0.42357047502166767,0.05459983189061741,2000,percentile,0.05
"mlp_combined_HE=0_CC=0.2_UP=0.1_PR=(0.2,10)_RR=0.5","MLP Combined (HE=0, CC=0.2, UP=0.1, PR=(0.2,10), RR=0.5)",next_year,2019,2020,False,1281509,297,0.8921353236763068,0.4845672350528815,0.4845672350528815,f1_score,0.4845672350528815,0.3872455819067218,0.55504973424576,0.47777785762759417,0.04409253637645533,2000,percentile,0.05
"mlp_combined_HE=0_CC=0.2_UP=0.1_PR=(0.2,10)_RR=0.5","MLP Combined (HE=0, CC=0.2, UP=0.1, PR=(0.2,10), RR=0.5)",next_year,2019,2020,False,1281509,297,0.8921353236763068,0.4845672350528815,0.4845672350528815,pr_auc,0.4441522771704598,0.3246044937781678,0.5451186082306706,0.4359666168906565,0.0576771863085338,2000,percentile,0.05
"mlp_combined_HE=0_CC=0.2_UP=0.2_PR=(0.1,10)_RR=0.5","MLP Combined (HE=0, CC=0.2, UP=0.2, PR=(0.1,10), RR=0.5)",next_year,2019,2020,False,1281509,297,0.9032339001484521,0.48389836767855826,0.48389836767855826,f1_score,0.48389836767855826,0.38739901351081735,0.5519616317999902,0.4773159021835959,0.04295411587436115,2000,percentile,0.05
"mlp_combined_HE=0_CC=0.2_UP=0.2_PR=(0.1,10)_RR=0.5","MLP Combined (HE=0, CC=0.2, UP=0.2, PR=(0.1,10), RR=0.5)",next_year,2019,2020,False,1281509,297,0.9032339001484521,0.48389836767855826,0.48389836767855826,pr_auc,0.43879040322497864,0.3224231300430715,0.539347457382682,0.43126042115034297,0.05664089180164581,2000,percentile,0.05
mlp_prevyears_monthly_features_incremental_scaler,MLP Prevyears + Monthly (Incremental Scaler),next_year,2019,2020,True,1281509,297,0.9184536923232308,0.47641073080481033,0.47641073080481033,f1_score,0.47641073080481033,0.3823510542220594,0.5432816042395326,0.47016154151517187,0.04216745457654352,2000,percentile,0.05
mlp_prevyears_monthly_features_incremental_scaler,MLP Prevyears + Monthly (Incremental Scaler),next_year,2019,2020,True,1281509,297,0.9184536923232308,0.47641073080481033,0.47641073080481033,pr_auc,0.43206630375738514,0.3189921152188215,0.5276901094179622,0.4248643006540699,0.05449866875655504,2000,percentile,0.05
mlp_prevyears_monthly_features_incremental_scaler_experience_replay_RR_0.2,MLP Prevyears + Monthly (Incremental Scaler + Replay RR=0.2),next_year,2019,2020,False,1281509,297,0.9205428045711155,0.4706544431333394,0.4706544431333394,f1_score,0.4706544431333394,0.3776410962440553,0.5373768035247986,0.464396940745718,0.041727328233439484,2000,percentile,0.05
mlp_prevyears_monthly_features_incremental_scaler_experience_replay_RR_0.2,MLP Prevyears + Monthly (Incremental Scaler + Replay RR=0.2),next_year,2019,2020,False,1281509,297,0.9205428045711155,0.4706544431333394,0.4706544431333394,pr_auc,0.43279383620830547,0.32069602945113784,0.5269763006138679,0.4256928251727946,0.053239226213442216,2000,percentile,0.05
mlp_prevyears_monthly_features_incremental_scaler_experience_replay_RR_0.2_PR_0.10,"MLP Prevyears + Monthly (Incremental Scaler + Replay RR=0.2, PR=0.10)",next_year,2019,2020,False,1281509,297,0.9012259514539736,0.46678654918180185,0.46678654918180185,f1_score,0.46678654918180185,0.3749728651230796,0.5320401959671964,0.46080759599470394,0.041159629768292426,2000,percentile,0.05
mlp_prevyears_monthly_features_incremental_scaler_experience_replay_RR_0.2_PR_0.10,"MLP Prevyears + Monthly (Incremental Scaler + Replay RR=0.2, PR=0.10)",next_year,2019,2020,False,1281509,297,0.9012259514539736,0.46678654918180185,0.46678654918180185,pr_auc,0.4224199807795976,0.31263339154233016,0.5146989438735018,0.41571630184076597,0.052548011240698515,2000,percentile,0.05
mlp_prevyears_monthly_features_incremental_scaler_experience_replay_RR_0.2_PR_0.15,"MLP Prevyears + Monthly (Incremental Scaler + Replay RR=0.2, PR=0.15)",next_year,2019,2020,False,1281509,297,0.9056740496303456,0.469753948640808,0.469753948640808,f1_score,0.469753948640808,0.37898394341642766,0.5340203288840781,0.46381042504735037,0.040117171974848306,2000,percentile,0.05
mlp_prevyears_monthly_features_incremental_scaler_experience_replay_RR_0.2_PR_0.15,"MLP Prevyears + Monthly (Incremental Scaler + Replay RR=0.2, PR=0.15)",next_year,2019,2020,False,1281509,297,0.9056740496303456,0.469753948640808,0.469753948640808,pr_auc,0.42514475010395053,0.31797403379388756,0.5151871119557961,0.4186557440398906,0.051194567854392296,2000,percentile,0.05
mlp_prevyears_monthly_features_incremental_scaler_experience_replay_RR_0.3,MLP Prevyears + Monthly (Incremental Scaler + Replay RR=0.3),next_year,2019,2020,False,1281509,297,0.9191216749309131,0.47882197220383854,0.47882197220383854,f1_score,0.47882197220383854,0.3872592249897736,0.5446850123143523,0.47259047808923843,0.04090316011222243,2000,percentile,0.05
mlp_prevyears_monthly_features_incremental_scaler_experience_replay_RR_0.3,MLP Prevyears + Monthly (Incremental Scaler + Replay RR=0.3),next_year,2019,2020,False,1281509,297,0.9191216749309131,0.47882197220383854,0.47882197220383854,pr_auc,0.439230598795737,0.32666770021486696,0.5337342591262658,0.43166662445292747,0.053482113519345134,2000,percentile,0.05
mlp_prevyears_monthly_features_incremental_scaler_experience_replay_RR_0.3_PR_0.10,"MLP Prevyears + Monthly (Incremental Scaler + Replay RR=0.3, PR=0.10)",next_year,2019,2020,False,1281509,297,0.9093741783050223,0.48574715582257444,0.48574715582257444,f1_score,0.48574715582257444,0.3879807369674505,0.5557365378463943,0.47911608537216466,0.04385456403052005,2000,percentile,0.05
mlp_prevyears_monthly_features_incremental_scaler_experience_replay_RR_0.3_PR_0.10,"MLP Prevyears + Monthly (Incremental Scaler + Replay RR=0.3, PR=0.10)",next_year,2019,2020,False,1281509,297,0.9093741783050223,0.48574715582257444,0.48574715582257444,pr_auc,0.4379842557522606,0.32295250769082473,0.5410220717525918,0.4314743523181211,0.05625128179234692,2000,percentile,0.05
mlp_prevyears_monthly_features_incremental_scaler_experience_replay_RR_0.3_PR_0.15,"MLP Prevyears + Monthly (Incremental Scaler + Replay RR=0.3, PR=0.15)",next_year,2019,2020,False,1281509,297,0.9037047483637987,0.47723003862919516,0.47723003862919516,f1_score,0.47723003862919516,0.38183370465118077,0.5446325715602001,0.4708380684020547,0.04213656197790746,2000,percentile,0.05
mlp_prevyears_monthly_features_incremental_scaler_experience_replay_RR_0.3_PR_0.15,"MLP Prevyears + Monthly (Incremental Scaler + Replay RR=0.3, PR=0.15)",next_year,2019,2020,False,1281509,297,0.9037047483637987,0.47723003862919516,0.47723003862919516,pr_auc,0.4320035989113666,0.321842064724816,0.527275184517449,0.42534669081090265,0.053633325335627174,2000,percentile,0.05
mlp_prevyears_monthly_features_incremental_scaler_experience_replay_RR_0.4,MLP Prevyears + Monthly (Incremental Scaler + Replay RR=0.4),next_year,2019,2020,False,1281509,297,0.9027840698922923,0.47561707623187877,0.47561707623187877,f1_score,0.47561707623187877,0.37973519750744866,0.5449906773919262,0.46912672186066023,0.04285819327299516,2000,percentile,0.05
mlp_prevyears_monthly_features_incremental_scaler_experience_replay_RR_0.4,MLP Prevyears + Monthly (Incremental Scaler + Replay RR=0.4),next_year,2019,2020,False,1281509,297,0.9027840698922923,0.47561707623187877,0.47561707623187877,pr_auc,0.4322624357572362,0.31703949241100987,0.5313357894829062,0.42461229758737246,0.05610327752948571,2000,percentile,0.05
mlp_prevyears_monthly_features_incremental_scaler_experience_replay_RR_0.4_PR_0.10,"MLP Prevyears + Monthly (Incremental Scaler + Replay RR=0.4, PR=0.10)",next_year,2019,2020,False,1281509,297,0.9358768018642184,0.4783099206638038,0.4783099206638038,f1_score,0.4783099206638038,0.3820841913389186,0.5492750056827861,0.47140821820631973,0.04390741310034247,2000,percentile,0.05
mlp_prevyears_monthly_features_incremental_scaler_experience_replay_RR_0.4_PR_0.10,"MLP Prevyears + Monthly (Incremental Scaler + Replay RR=0.4, PR=0.10)",next_year,2019,2020,False,1281509,297,0.9358768018642184,0.4783099206638038,0.4783099206638038,pr_auc,0.4371305949774106,0.3188905039669418,0.540916618645185,0.4292571205427312,0.05779717914728907,2000,percentile,0.05
mlp_prevyears_monthly_features_incremental_scaler_experience_replay_RR_0.4_PR_0.15,"MLP Prevyears + Monthly (Incremental Scaler + Replay RR=0.4, PR=0.15)",next_year,2019,2020,False,1281509,297,0.9066100908087449,0.47662531378469825,0.47662531378469825,f1_score,0.47662531378469825,0.3851209954652145,0.5420329018023246,0.47060998896621264,0.04097614636899245,2000,percentile,0.05
mlp_prevyears_monthly_features_incremental_scaler_experience_replay_RR_0.4_PR_0.15,"MLP Prevyears + Monthly (Incremental Scaler + Replay RR=0.4, PR=0.15)",next_year,2019,2020,False,1281509,297,0.9066100908087449,0.47662531378469825,0.47662531378469825,pr_auc,0.43269076022963493,0.32111185840470263,0.5281790731262089,0.42577659072972895,0.05365185131260408,2000,percentile,0.05
mlp_prevyears_monthly_features_incremental_scaler_experience_replay_RR_0.5,MLP Prevyears + Monthly (Incremental Scaler + Replay RR=0.5),next_year,2019,2020,False,1281509,297,0.9105761160139635,0.471515840318227,0.471515840318227,f1_score,0.471515840318227,0.3778627685761796,0.5405939092762939,0.46525140564056844,0.04246662255176947,2000,percentile,0.05
mlp_prevyears_monthly_features_incremental_scaler_experience_replay_RR_0.5,MLP Prevyears + Monthly (Incremental Scaler + Replay RR=0.5),next_year,2019,2020,False,1281509,297,0.9105761160139635,0.471515840318227,0.471515840318227,pr_auc,0.42999817020522374,0.31465878745195913,0.5288398746551379,0.42225563880056566,0.055747335630069735,2000,percentile,0.05
mlp_prevyears_monthly_features_incremental_scaler_experience_replay_RR_0.5_PR_0.10,"MLP Prevyears + Monthly (Incremental Scaler + Replay RR=0.5, PR=0.10)",next_year,2019,2020,False,1281509,297,0.9063697778036736,0.486709111183051,0.486709111183051,f1_score,0.486709111183051,0.38742524716542437,0.5585055468681352,0.47967767854867566,0.04426569627033901,2000,percentile,0.05
mlp_prevyears_monthly_features_incremental_scaler_experience_replay_RR_0.5_PR_0.10,"MLP Prevyears + Monthly (Incremental Scaler + Replay RR=0.5, PR=0.10)",next_year,2019,2020,False,1281509,297,0.9063697778036736,0.486709111183051,0.486709111183051,pr_auc,0.44310289459096114,0.32319466234144323,0.5455938941156925,0.43509437797403633,0.057866593663171574,2000,percentile,0.05
mlp_prevyears_monthly_features_incremental_scaler_experience_replay_RR_0.5_PR_0.15,"MLP Prevyears + Monthly (Incremental Scaler + Replay RR=0.5, PR=0.15)",next_year,2019,2020,False,1281509,297,0.92448528638708,0.468489167309867,0.468489167309867,f1_score,0.468489167309867,0.3752971472076541,0.5348860769836551,0.46237552970515594,0.04171906495619355,2000,percentile,0.05
mlp_prevyears_monthly_features_incremental_scaler_experience_replay_RR_0.5_PR_0.15,"MLP Prevyears + Monthly (Incremental Scaler + Replay RR=0.5, PR=0.15)",next_year,2019,2020,False,1281509,297,0.92448528638708,0.468489167309867,0.468489167309867,pr_auc,0.42003217619902977,0.3110477003516685,0.514654938417597,0.41390413778123686,0.05255592058624712,2000,percentile,0.05
mlp_prevyears_monthly_features_incremental_scaler_experience_replay_confidently_correct_memory_RR_0.2,MLP Prevyears + Monthly (Incremental Scaler + Replay Confidently Correct RR=0.2),next_year,2019,2020,False,1281509,297,0.918395192102787,0.4817265055070805,0.4817265055070805,f1_score,0.4817265055070805,0.3834401410696126,0.5540515831853234,0.4749411991599676,0.04434352982379594,2000,percentile,0.05
mlp_prevyears_monthly_features_incremental_scaler_experience_replay_confidently_correct_memory_RR_0.2,MLP Prevyears + Monthly (Incremental Scaler + Replay Confidently Correct RR=0.2),next_year,2019,2020,False,1281509,297,0.918395192102787,0.4817265055070805,0.4817265055070805,pr_auc,0.43872727850740045,0.3188483778800471,0.5444352437636703,0.4307438960610448,0.05836902569746471,2000,percentile,0.05
mlp_prevyears_monthly_features_incremental_scaler_experience_replay_confidently_correct_memory_RR_0.3,MLP Prevyears + Monthly (Incremental Scaler + Replay Confidently Correct RR=0.3),next_year,2019,2020,False,1281509,297,0.9413881804840857,0.48470310366461233,0.48470310366461233,f1_score,0.48470310366461233,0.3862151031190756,0.5542564168409047,0.4779381427613573,0.04350302006437401,2000,percentile,0.05
mlp_prevyears_monthly_features_incremental_scaler_experience_replay_confidently_correct_memory_RR_0.3,MLP Prevyears + Monthly (Incremental Scaler + Replay Confidently Correct RR=0.3),next_year,2019,2020,False,1281509,297,0.9413881804840857,0.48470310366461233,0.48470310366461233,pr_auc,0.44023117344919266,0.32286839514461746,0.541627000101899,0.4324517311142043,0.05712286383146828,2000,percentile,0.05
mlp_prevyears_monthly_features_incremental_scaler_experience_replay_confidently_correct_memory_RR_0.4,MLP Prevyears + Monthly (Incremental Scaler + Replay Confidently Correct RR=0.4),next_year,2019,2020,False,1281509,297,0.8987198114492245,0.4816268898302166,0.4816268898302166,f1_score,0.4816268898302166,0.38666778542063784,0.5529687338341449,0.4750627267116171,0.04303429238197427,2000,percentile,0.05
mlp_prevyears_monthly_features_incremental_scaler_experience_replay_confidently_correct_memory_RR_0.4,MLP Prevyears + Monthly (Incremental Scaler + Replay Confidently Correct RR=0.4),next_year,2019,2020,False,1281509,297,0.8987198114492245,0.4816268898302166,0.4816268898302166,pr_auc,0.43857364994650183,0.323858934278833,0.5373888746895549,0.4311345525273307,0.05545240014756446,2000,percentile,0.05
mlp_prevyears_monthly_features_incremental_scaler_experience_replay_confidently_correct_memory_RR_0.5,MLP Prevyears + Monthly (Incremental Scaler + Replay Confidently Correct RR=0.5),next_year,2019,2020,False,1281509,297,0.9281138062789621,0.47240996119723827,0.47240996119723827,f1_score,0.47240996119723827,0.37863512349439754,0.5382627473846391,0.46613111380654826,0.04164331739554375,2000,percentile,0.05
mlp_prevyears_monthly_features_incremental_scaler_experience_replay_confidently_correct_memory_RR_0.5,MLP Prevyears + Monthly (Incremental Scaler + Replay Confidently Correct RR=0.5),next_year,2019,2020,False,1281509,297,0.9281138062789621,0.47240996119723827,0.47240996119723827,pr_auc,0.42844336800506466,0.3179801989731844,0.5242315102855615,0.4218774669124217,0.05332943822180633,2000,percentile,0.05
mlp_prevyears_monthly_features_incremental_scaler_experience_replay_hard_example_mining_RR_0.2,MLP Prevyears + Monthly (Incremental Scaler + Replay Hard Example Mining RR=0.2),next_year,2019,2020,False,1281509,297,0.916843584047009,0.4755021553700816,0.4755021553700816,f1_score,0.4755021553700816,0.38271983813075133,0.5407329894459242,0.46934052146690924,0.04153086535626195,2000,percentile,0.05
mlp_prevyears_monthly_features_incremental_scaler_experience_replay_hard_example_mining_RR_0.2,MLP Prevyears + Monthly (Incremental Scaler + Replay Hard Example Mining RR=0.2),next_year,2019,2020,False,1281509,297,0.916843584047009,0.4755021553700816,0.4755021553700816,pr_auc,0.4270369252275194,0.3202051787202612,0.5199745512685973,0.4212363884287645,0.0517518649438235,2000,percentile,0.05
mlp_prevyears_monthly_features_incremental_scaler_experience_replay_hard_example_mining_RR_0.3,MLP Prevyears + Monthly (Incremental Scaler + Replay Hard Example Mining RR=0.3),next_year,2019,2020,False,1281509,297,0.9026917094100093,0.46948981794631933,0.46948981794631933,f1_score,0.46948981794631933,0.37560303825858427,0.5364758401942874,0.4634190765694811,0.04191619833530061,2000,percentile,0.05
mlp_prevyears_monthly_features_incremental_scaler_experience_replay_hard_example_mining_RR_0.3,MLP Prevyears + Monthly (Incremental Scaler + Replay Hard Example Mining RR=0.3),next_year,2019,2020,False,1281509,297,0.9026917094100093,0.46948981794631933,0.46948981794631933,pr_auc,0.42972917503183383,0.31404692721679145,0.5267355632742419,0.4222129726793506,0.055153873723761716,2000,percentile,0.05
mlp_prevyears_monthly_features_incremental_scaler_experience_replay_hard_example_mining_RR_0.4,MLP Prevyears + Monthly (Incremental Scaler + Replay Hard Example Mining RR=0.4),next_year,2019,2020,False,1281509,297,0.9110402419546055,0.4848408468961544,0.4848408468961544,f1_score,0.4848408468961544,0.3864051182014367,0.5560607373883483,0.47820254094420006,0.04386712044688775,2000,percentile,0.05
mlp_prevyears_monthly_features_incremental_scaler_experience_replay_hard_example_mining_RR_0.4,MLP Prevyears + Monthly (Incremental Scaler + Replay Hard Example Mining RR=0.4),next_year,2019,2020,False,1281509,297,0.9110402419546055,0.4848408468961544,0.4848408468961544,pr_auc,0.44430100121655575,0.3263892276386899,0.5451202999093486,0.43610363940642327,0.057366961651074515,2000,percentile,0.05
mlp_prevyears_monthly_features_incremental_scaler_experience_replay_hard_example_mining_RR_0.5,MLP Prevyears + Monthly (Incremental Scaler + Replay Hard Example Mining RR=0.5),next_year,2019,2020,False,1281509,297,0.9053038135392161,0.48250603088517546,0.48250603088517546,f1_score,0.48250603088517546,0.3854390760591763,0.556787404090373,0.4757579893888927,0.04439545271228759,2000,percentile,0.05
mlp_prevyears_monthly_features_incremental_scaler_experience_replay_hard_example_mining_RR_0.5,MLP Prevyears + Monthly (Incremental Scaler + Replay Hard Example Mining RR=0.5),next_year,2019,2020,False,1281509,297,0.9053038135392161,0.48250603088517546,0.48250603088517546,pr_auc,0.43153887628787824,0.3166635190659881,0.5339965468478513,0.42468333381935014,0.05619937095975145,2000,percentile,0.05
mlp_prevyears_monthly_features_incremental_scaler_experience_replay_uncertainity_prioritization_RR_0.2,MLP Prevyears + Monthly (Incremental Scaler + Replay Uncertainty Prioritization RR=0.2),next_year,2019,2020,False,1281509,297,0.9184746008475981,0.4776766518560986,0.4776766518560986,f1_score,0.4776766518560986,0.38000455400834743,0.5502905668153589,0.4709037010125668,0.04422547525678518,2000,percentile,0.05
mlp_prevyears_monthly_features_incremental_scaler_experience_replay_uncertainity_prioritization_RR_0.2,MLP Prevyears + Monthly (Incremental Scaler + Replay Uncertainty Prioritization RR=0.2),next_year,2019,2020,False,1281509,297,0.9184746008475981,0.4776766518560986,0.4776766518560986,pr_auc,0.441409213440554,0.3261034707609037,0.5412156381258565,0.43336841629328704,0.056383900102495575,2000,percentile,0.05
mlp_prevyears_monthly_features_incremental_scaler_experience_replay_uncertainity_prioritization_RR_0.3,MLP Prevyears + Monthly (Incremental Scaler + Replay Uncertainty Prioritization RR=0.3),next_year,2019,2020,False,1281509,297,0.9170726218482833,0.47204291299209017,0.47204291299209017,f1_score,0.47204291299209017,0.37912059692238376,0.5385985963346798,0.46575671026320264,0.04204555641454684,2000,percentile,0.05
mlp_prevyears_monthly_features_incremental_scaler_experience_replay_uncertainity_prioritization_RR_0.3,MLP Prevyears + Monthly (Incremental Scaler + Replay Uncertainty Prioritization RR=0.3),next_year,2019,2020,False,1281509,297,0.9170726218482833,0.47204291299209017,0.47204291299209017,pr_auc,0.4282290736375522,0.3160216060299127,0.5234715228637067,0.42125363668749183,0.05395821012696473,2000,percentile,0.05
mlp_prevyears_monthly_features_incremental_scaler_experience_replay_uncertainity_prioritization_RR_0.4,MLP Prevyears + Monthly (Incremental Scaler + Replay Uncertainty Prioritization RR=0.4),next_year,2019,2020,False,1281509,297,0.9197143661370888,0.47435967650656297,0.47435967650656297,f1_score,0.47435967650656297,0.3816878847638641,0.5393129144827336,0.4682651264641677,0.04087751238764261,2000,percentile,0.05
mlp_prevyears_monthly_features_incremental_scaler_experience_replay_uncertainity_prioritization_RR_0.4,MLP Prevyears + Monthly (Incremental Scaler + Replay Uncertainty Prioritization RR=0.4),next_year,2019,2020,False,1281509,297,0.9197143661370888,0.47435967650656297,0.47435967650656297,pr_auc,0.435405043678685,0.32293425047477886,0.5298592840012558,0.4278590868647323,0.053402748608687683,2000,percentile,0.05
mlp_prevyears_monthly_features_incremental_scaler_experience_replay_uncertainity_prioritization_RR_0.5,MLP Prevyears + Monthly (Incremental Scaler + Replay Uncertainty Prioritization RR=0.5),next_year,2019,2020,False,1281509,297,0.9180140782580153,0.4641777093528344,0.4641777093528344,f1_score,0.4641777093528344,0.37606583944065086,0.5287998746282,0.4584548491629083,0.04001250908937515,2000,percentile,0.05
mlp_prevyears_monthly_features_incremental_scaler_experience_replay_uncertainity_prioritization_RR_0.5,MLP Prevyears + Monthly (Incremental Scaler + Replay Uncertainty Prioritization RR=0.5),next_year,2019,2020,False,1281509,297,0.9180140782580153,0.4641777093528344,0.4641777093528344,pr_auc,0.4212613916922231,0.3151298786732725,0.5116855937896921,0.41484332255980017,0.050982919620314066,2000,percentile,0.05
mlp_prevyears_monthly_features_incremental_scaler_missclassification_buffer_RR_0.2,MLP Prevyears + Monthly (Incremental Scaler + Misclassification Buffer RR=0.2),next_year,2019,2020,False,1281509,297,0.8725446226492202,0.47809147675721836,0.47809147675721836,f1_score,0.47809147675721836,0.38136586877167417,0.5503273389208042,0.47144513962219414,0.04377188374646309,2000,percentile,0.05
mlp_prevyears_monthly_features_incremental_scaler_missclassification_buffer_RR_0.2,MLP Prevyears + Monthly (Incremental Scaler + Misclassification Buffer RR=0.2),next_year,2019,2020,False,1281509,297,0.8725446226492202,0.47809147675721836,0.47809147675721836,pr_auc,0.43852143382750525,0.31998899857371693,0.5393493757424638,0.4302138067532519,0.05735386921364355,2000,percentile,0.05
mlp_prevyears_monthly_features_incremental_scaler_missclassification_buffer_RR_0.3,MLP Prevyears + Monthly (Incremental Scaler + Misclassification Buffer RR=0.3),next_year,2019,2020,False,1281509,297,0.9090710724677137,0.48368508116558506,0.48368508116558506,f1_score,0.48368508116558506,0.3856438436770404,0.5528633394216526,0.476996167296237,0.04338595947802011,2000,percentile,0.05
mlp_prevyears_monthly_features_incremental_scaler_missclassification_buffer_RR_0.3,MLP Prevyears + Monthly (Incremental Scaler + Misclassification Buffer RR=0.3),next_year,2019,2020,False,1281509,297,0.9090710724677137,0.48368508116558506,0.48368508116558506,pr_auc,0.4361209033673204,0.3195622394368594,0.535724594108701,0.4287428230576126,0.05613184473021576,2000,percentile,0.05
mlp_prevyears_monthly_features_incremental_scaler_missclassification_buffer_RR_0.4,MLP Prevyears + Monthly (Incremental Scaler + Misclassification Buffer RR=0.4),next_year,2019,2020,False,1281509,297,0.9046245343910891,0.4766069086139047,0.4766069086139047,f1_score,0.4766069086139047,0.3822787824466124,0.5431528060063724,0.4703023711363131,0.041907974681385664,2000,percentile,0.05
mlp_prevyears_monthly_features_incremental_scaler_missclassification_buffer_RR_0.4,MLP Prevyears + Monthly (Incremental Scaler + Misclassification Buffer RR=0.4),next_year,2019,2020,False,1281509,297,0.9046245343910891,0.4766069086139047,0.4766069086139047,pr_auc,0.4408401943944724,0.32574252841540824,0.5384549185585091,0.4333837149319899,0.055504832829624075,2000,percentile,0.05
mlp_prevyears_monthly_features_incremental_scaler_missclassification_buffer_RR_0.5,MLP Prevyears + Monthly (Incremental Scaler + Misclassification Buffer RR=0.5),next_year,2019,2020,False,1281509,297,0.917105781879256,0.469743175221369,0.469743175221369,f1_score,0.469743175221369,0.37893660823199726,0.538778260058791,0.4636469545581356,0.041890217061950646,2000,percentile,0.05
mlp_prevyears_monthly_features_incremental_scaler_missclassification_buffer_RR_0.5,MLP Prevyears + Monthly (Incremental Scaler + Misclassification Buffer RR=0.5),next_year,2019,2020,False,1281509,297,0.917105781879256,0.469743175221369,0.469743175221369,pr_auc,0.43021769039410945,0.31712115953845726,0.525697552730089,0.4228924038652475,0.05409914907563053,2000,percentile,0.05
"mlp_combined_HE=0.1_CC=0.1_UP=0.1_PR=(0.2,10)_RR=0.5","MLP Combined (HE=0.1, CC=0.1, UP=0.1, PR=(0.2,10), RR=0.5)",next_year,2020,2021,False,1281346,297,0.921546902478272,0.4641555285540705,0.4641555285540705,f1_score,0.4641555285540705,0.4056662076245702,0.5097415237953526,0.4615150405581604,0.02617941984133195,2000,percentile,0.05
"mlp_combined_HE=0.1_CC=0.1_UP=0.1_PR=(0.2,10)_RR=0.5","MLP Combined (HE=0.1, CC=0.1, UP=0.1, PR=(0.2,10), RR=0.5)",next_year,2020,2021,False,1281346,297,0.921546902478272,0.4641555285540705,0.4641555285540705,pr_auc,0.42934251860560163,0.3643902732123378,0.4848866653482273,0.4272376893779208,0.03071586144141164,2000,percentile,0.05
"mlp_combined_HE=0_CC=0.15_UP=0_PR=(0,10)_MC=0.1_RWS=1_RR=0.4","MLP Combined (HE=0, CC=0.15, UP=0, PR=(0,10), MC=0.1, RWS=1, RR=0.4)",next_year,2020,2021,False,1281346,297,0.9223932610196061,0.4635206538431505,0.4635206538431505,f1_score,0.4635206538431505,0.40480928910481695,0.5126572205521635,0.4610690954697469,0.027207687651474615,2000,percentile,0.05
"mlp_combined_HE=0_CC=0.15_UP=0_PR=(0,10)_MC=0.1_RWS=1_RR=0.4","MLP Combined (HE=0, CC=0.15, UP=0, PR=(0,10), MC=0.1, RWS=1, RR=0.4)",next_year,2020,2021,False,1281346,297,0.9223932610196061,0.4635206538431505,0.4635206538431505,pr_auc,0.42447396004192384,0.35505530193052215,0.4848496116211764,0.42276981376278616,0.03296598630830135,2000,percentile,0.05
"mlp_combined_HE=0_CC=0.1_UP=0.1_PR=(0,10)_MC=0.1_RWS=1_RR=0.5","MLP Combined (HE=0, CC=0.1, UP=0.1, PR=(0,10), MC=0.1, RWS=1, RR=0.5)",next_year,2020,2021,False,1281346,297,0.9039827350414998,0.4207024752959593,0.4207024752959593,f1_score,0.4207024752959593,0.365168740349071,0.469336567385226,0.41892596836509094,0.026366618410796114,2000,percentile,0.05
"mlp_combined_HE=0_CC=0.1_UP=0.1_PR=(0,10)_MC=0.1_RWS=1_RR=0.5","MLP Combined (HE=0, CC=0.1, UP=0.1, PR=(0,10), MC=0.1, RWS=1, RR=0.5)",next_year,2020,2021,False,1281346,297,0.9039827350414998,0.4207024752959593,0.4207024752959593,pr_auc,0.3771635837200492,0.3037342048616451,0.43958521071962786,0.376248202497977,0.03469517070287139,2000,percentile,0.05
"mlp_combined_HE=0_CC=0.1_UP=0.2_PR=(0.1,10)_RR=0.5","MLP Combined (HE=0, CC=0.1, UP=0.2, PR=(0.1,10), RR=0.5)",next_year,2020,2021,False,1281346,297,0.9182898297427966,0.43192246223642833,0.43192246223642833,f1_score,0.43192246223642833,0.37318680646380586,0.47928316231234386,0.4295949704199703,0.02730086437136731,2000,percentile,0.05
"mlp_combined_HE=0_CC=0.1_UP=0.2_PR=(0.1,10)_RR=0.5","MLP Combined (HE=0, CC=0.1, UP=0.2, PR=(0.1,10), RR=0.5)",next_year,2020,2021,False,1281346,297,0.9182898297427966,0.43192246223642833,0.43192246223642833,pr_auc,0.3881885830462722,0.31613742746766527,0.44937698130878734,0.38680878424198417,0.03443896942580182,2000,percentile,0.05
"mlp_combined_HE=0_CC=0.2_UP=0.1_PR=(0.2,10)_RR=0.5","MLP Combined (HE=0, CC=0.2, UP=0.1, PR=(0.2,10), RR=0.5)",next_year,2020,2021,False,1281346,297,0.9330843869169616,0.43289531205801424,0.43289531205801424,f1_score,0.43289531205801424,0.3761299107538078,0.48077770402448006,0.43066518274731674,0.02575115080497925,2000,percentile,0.05
"mlp_combined_HE=0_CC=0.2_UP=0.1_PR=(0.2,10)_RR=0.5","MLP Combined (HE=0, CC=0.2, UP=0.1, PR=(0.2,10), RR=0.5)",next_year,2020,2021,False,1281346,297,0.9330843869169616,0.43289531205801424,0.43289531205801424,pr_auc,0.3992928434029147,0.32904854396057215,0.4591974323615568,0.39735264542057824,0.033267199321486564,2000,percentile,0.05
"mlp_combined_HE=0_CC=0.2_UP=0.2_PR=(0.1,10)_RR=0.5","MLP Combined (HE=0, CC=0.2, UP=0.2, PR=(0.1,10), RR=0.5)",next_year,2020,2021,False,1281346,297,0.9164963582282682,0.44090943577552416,0.44090943577552416,f1_score,0.44090943577552416,0.3800221461471324,0.49013498639575176,0.43844974487980054,0.02798934039007582,2000,percentile,0.05
"mlp_combined_HE=0_CC=0.2_UP=0.2_PR=(0.1,10)_RR=0.5","MLP Combined (HE=0, CC=0.2, UP=0.2, PR=(0.1,10), RR=0.5)",next_year,2020,2021,False,1281346,297,0.9164963582282682,0.44090943577552416,0.44090943577552416,pr_auc,0.4018633231646902,0.33186148135183613,0.4619564987269987,0.4000413637837696,0.03321379238981588,2000,percentile,0.05
mlp_prevyears_monthly_features_incremental_scaler,MLP Prevyears + Monthly (Incremental Scaler),next_year,2020,2021,True,1281346,297,0.9670491337271594,0.4330812807267101,0.4330812807267101,f1_score,0.4330812807267101,0.3672704609210509,0.48707178119425787,0.4308912137044614,0.030022366827228655,2000,percentile,0.05
mlp_prevyears_monthly_features_incremental_scaler,MLP Prevyears + Monthly (Incremental Scaler),next_year,2020,2021,True,1281346,297,0.9670491337271594,0.4330812807267101,0.4330812807267101,pr_auc,0.3896494900651534,0.315652406319175,0.4538049458505251,0.3881245178314132,0.03537681517260828,2000,percentile,0.05
mlp_prevyears_monthly_features_incremental_scaler_experience_replay_RR_0.2,MLP Prevyears + Monthly (Incremental Scaler + Replay RR=0.2),next_year,2020,2021,False,1281346,297,0.9543463891889936,0.44504462792910976,0.44504462792910976,f1_score,0.44504462792910976,0.3844610405181314,0.49395716174288234,0.4426985580241312,0.027641727440998867,2000,percentile,0.05
mlp_prevyears_monthly_features_incremental_scaler_experience_replay_RR_0.2,MLP Prevyears + Monthly (Incremental Scaler + Replay RR=0.2),next_year,2020,2021,False,1281346,297,0.9543463891889936,0.44504462792910976,0.44504462792910976,pr_auc,0.4041530822313129,0.33142867041282525,0.4655188939261311,0.4025852108206468,0.03457244714153967,2000,percentile,0.05
mlp_prevyears_monthly_features_incremental_scaler_experience_replay_RR_0.2_PR_0.10,"MLP Prevyears + Monthly (Incremental Scaler + Replay RR=0.2, PR=0.10)",next_year,2020,2021,False,1281346,297,0.9633294183996931,0.4619294772325967,0.4619294772325967,f1_score,0.4619294772325967,0.40232498069623307,0.5100006966195543,0.4595137561370285,0.027658968116161427,2000,percentile,0.05
mlp_prevyears_monthly_features_incremental_scaler_experience_replay_RR_0.2_PR_0.10,"MLP Prevyears + Monthly (Incremental Scaler + Replay RR=0.2, PR=0.10)",next_year,2020,2021,False,1281346,297,0.9633294183996931,0.4619294772325967,0.4619294772325967,pr_auc,0.4250926602026011,0.35654352086910973,0.4832976746403854,0.42330302478781506,0.032312303943300535,2000,percentile,0.05
mlp_prevyears_monthly_features_incremental_scaler_experience_replay_RR_0.2_PR_0.15,"MLP Prevyears + Monthly (Incremental Scaler + Replay RR=0.2, PR=0.15)",next_year,2020,2021,False,1281346,297,0.9685453856314671,0.41239268715804456,0.41239268715804456,f1_score,0.41239268715804456,0.3532338537310151,0.4605482205841075,0.4103105233070388,0.027463357833904325,2000,percentile,0.05
mlp_prevyears_monthly_features_incremental_scaler_experience_replay_RR_0.2_PR_0.15,"MLP Prevyears + Monthly (Incremental Scaler + Replay RR=0.2, PR=0.15)",next_year,2020,2021,False,1281346,297,0.9685453856314671,0.41239268715804456,0.41239268715804456,pr_auc,0.36121011682958093,0.28966731638899307,0.4238640085288138,0.36006458847133843,0.034282775141585085,2000,percentile,0.05
mlp_prevyears_monthly_features_incremental_scaler_experience_replay_RR_0.3,MLP Prevyears + Monthly (Incremental Scaler + Replay RR=0.3),next_year,2020,2021,False,1281346,297,0.959145540416929,0.4383963494132986,0.4383963494132986,f1_score,0.4383963494132986,0.37841605489826585,0.4884673312868346,0.4362255978096464,0.027738409642667893,2000,percentile,0.05
mlp_prevyears_monthly_features_incremental_scaler_experience_replay_RR_0.3,MLP Prevyears + Monthly (Incremental Scaler + Replay RR=0.3),next_year,2020,2021,False,1281346,297,0.959145540416929,0.4383963494132986,0.4383963494132986,pr_auc,0.4081056088881137,0.3393339499823339,0.46605581169922083,0.40645078285589636,0.03220522490072859,2000,percentile,0.05
mlp_prevyears_monthly_features_incremental_scaler_experience_replay_RR_0.3_PR_0.10,"MLP Prevyears + Monthly (Incremental Scaler + Replay RR=0.3, PR=0.10)",next_year,2020,2021,False,1281346,297,0.9549115297725923,0.44494098472700505,0.44494098472700505,f1_score,0.44494098472700505,0.3817047915126459,0.4933287233977206,0.4422817401469807,0.02847537821692292,2000,percentile,0.05
mlp_prevyears_monthly_features_incremental_scaler_experience_replay_RR_0.3_PR_0.10,"MLP Prevyears + Monthly (Incremental Scaler + Replay RR=0.3, PR=0.10)",next_year,2020,2021,False,1281346,297,0.9549115297725923,0.44494098472700505,0.44494098472700505,pr_auc,0.40495570068188286,0.33666846892366054,0.45969759079133377,0.40320317826539315,0.03176204321998135,2000,percentile,0.05
mlp_prevyears_monthly_features_incremental_scaler_experience_replay_RR_0.3_PR_0.15,"MLP Prevyears + Monthly (Incremental Scaler + Replay RR=0.3, PR=0.15)",next_year,2020,2021,False,1281346,297,0.9501150498225396,0.45340947790323005,0.45340947790323005,f1_score,0.45340947790323005,0.39050548467459417,0.5039691185641617,0.45100580056844547,0.029155586348768015,2000,percentile,0.05
mlp_prevyears_monthly_features_incremental_scaler_experience_replay_RR_0.3_PR_0.15,"MLP Prevyears + Monthly (Incremental Scaler + Replay RR=0.3, PR=0.15)",next_year,2020,2021,False,1281346,297,0.9501150498225396,0.45340947790323005,0.45340947790323005,pr_auc,0.41996199962535186,0.3498377183078771,0.4789732880687831,0.4181894318508105,0.0326030213025133,2000,percentile,0.05
mlp_prevyears_monthly_features_incremental_scaler_experience_replay_RR_0.4,MLP Prevyears + Monthly (Incremental Scaler + Replay RR=0.4),next_year,2020,2021,False,1281346,297,0.9571057625211336,0.4551484523057486,0.4551484523057486,f1_score,0.4551484523057486,0.3907645163271127,0.5068301774775944,0.4526111584405707,0.029097135025048848,2000,percentile,0.05
mlp_prevyears_monthly_features_incremental_scaler_experience_replay_RR_0.4,MLP Prevyears + Monthly (Incremental Scaler + Replay RR=0.4),next_year,2020,2021,False,1281346,297,0.9571057625211336,0.4551484523057486,0.4551484523057486,pr_auc,0.4229849565588057,0.3541797376424573,0.4808726346713018,0.421122040865025,0.03199261258751325,2000,percentile,0.05
mlp_prevyears_monthly_features_incremental_scaler_experience_replay_RR_0.4_PR_0.10,"MLP Prevyears + Monthly (Incremental Scaler + Replay RR=0.4, PR=0.10)",next_year,2020,2021,False,1281346,297,0.9659013597742598,0.44203502919099247,0.44203502919099247,f1_score,0.44203502919099247,0.38206553661225245,0.4898369621084428,0.4396061098553231,0.02740498465949457,2000,percentile,0.05
mlp_prevyears_monthly_features_incremental_scaler_experience_replay_RR_0.4_PR_0.10,"MLP Prevyears + Monthly (Incremental Scaler + Replay RR=0.4, PR=0.10)",next_year,2020,2021,False,1281346,297,0.9659013597742598,0.44203502919099247,0.44203502919099247,pr_auc,0.4074138272293717,0.3391693388845175,0.4675529485687664,0.4059061161466573,0.0331172610799156,2000,percentile,0.05
mlp_prevyears_monthly_features_incremental_scaler_experience_replay_RR_0.4_PR_0.15,"MLP Prevyears + Monthly (Incremental Scaler + Replay RR=0.4, PR=0.15)",next_year,2020,2021,False,1281346,297,0.9502843294870168,0.4529579742740896,0.4529579742740896,f1_score,0.4529579742740896,0.3962615921611085,0.49826649199656586,0.45061894433268035,0.026098545267974838,2000,percentile,0.05
mlp_prevyears_monthly_features_incremental_scaler_experience_replay_RR_0.4_PR_0.15,"MLP Prevyears + Monthly (Incremental Scaler + Replay RR=0.4, PR=0.15)",next_year,2020,2021,False,1281346,297,0.9502843294870168,0.4529579742740896,0.4529579742740896,pr_auc,0.3983170949415823,0.33046683697590745,0.45659797270070845,0.39722843064886626,0.03236744210921578,2000,percentile,0.05
mlp_prevyears_monthly_features_incremental_scaler_experience_replay_RR_0.5,MLP Prevyears + Monthly (Incremental Scaler + Replay RR=0.5),next_year,2020,2021,False,1281346,297,0.9463539206813548,0.45782686819575097,0.45782686819575097,f1_score,0.45782686819575097,0.4005913959305238,0.505924976796849,0.45544974804295546,0.02673741341614765,2000,percentile,0.05
mlp_prevyears_monthly_features_incremental_scaler_experience_replay_RR_0.5,MLP Prevyears + Monthly (Incremental Scaler + Replay RR=0.5),next_year,2020,2021,False,1281346,297,0.9463539206813548,0.45782686819575097,0.45782686819575097,pr_auc,0.42316439104160086,0.3554380409755711,0.48005849628768754,0.4212590094117473,0.032094739554919004,2000,percentile,0.05
mlp_prevyears_monthly_features_incremental_scaler_experience_replay_RR_0.5_PR_0.10,"MLP Prevyears + Monthly (Incremental Scaler + Replay RR=0.5, PR=0.10)",next_year,2020,2021,False,1281346,297,0.9434607398264281,0.4570338376745542,0.4570338376745542,f1_score,0.4570338376745542,0.3935501243900083,0.5050436590626332,0.454270140087354,0.028263515768555125,2000,percentile,0.05
mlp_prevyears_monthly_features_incremental_scaler_experience_replay_RR_0.5_PR_0.10,"MLP Prevyears + Monthly (Incremental Scaler + Replay RR=0.5, PR=0.10)",next_year,2020,2021,False,1281346,297,0.9434607398264281,0.4570338376745542,0.4570338376745542,pr_auc,0.42113646021339385,0.35342375009121,0.4785777034196704,0.41927137225180194,0.031845328520576484,2000,percentile,0.05
mlp_prevyears_monthly_features_incremental_scaler_experience_replay_RR_0.5_PR_0.15,"MLP Prevyears + Monthly (Incremental Scaler + Replay RR=0.5, PR=0.15)",next_year,2020,2021,False,1281346,297,0.9675857039096304,0.43720732226479353,0.43720732226479353,f1_score,0.43720732226479353,0.3721355759521916,0.4884882778809095,0.4346245053542605,0.029457905431862812,2000,percentile,0.05
mlp_prevyears_monthly_features_incremental_scaler_experience_replay_RR_0.5_PR_0.15,"MLP Prevyears + Monthly (Incremental Scaler + Replay RR=0.5, PR=0.15)",next_year,2020,2021,False,1281346,297,0.9675857039096304,0.43720732226479353,0.43720732226479353,pr_auc,0.40661507128939123,0.33790926492109447,0.46287287920614095,0.40492946264933183,0.03197198581828203,2000,percentile,0.05
mlp_prevyears_monthly_features_incremental_scaler_experience_replay_confidently_correct_memory_RR_0.2,MLP Prevyears + Monthly (Incremental Scaler + Replay Confidently Correct RR=0.2),next_year,2020,2021,False,1281346,297,0.9416870723377072,0.4514771221451399,0.4514771221451399,f1_score,0.4514771221451399,0.38698154350161407,0.5016420388091527,0.44892425547065695,0.02859081850575776,2000,percentile,0.05
mlp_prevyears_monthly_features_incremental_scaler_experience_replay_confidently_correct_memory_RR_0.2,MLP Prevyears + Monthly (Incremental Scaler + Replay Confidently Correct RR=0.2),next_year,2020,2021,False,1281346,297,0.9416870723377072,0.4514771221451399,0.4514771221451399,pr_auc,0.4130665168884105,0.3438300832165133,0.47018191764950484,0.4112265742672125,0.03206915375565177,2000,percentile,0.05
mlp_prevyears_monthly_features_incremental_scaler_experience_replay_confidently_correct_memory_RR_0.3,MLP Prevyears + Monthly (Incremental Scaler + Replay Confidently Correct RR=0.3),next_year,2020,2021,False,1281346,297,0.9676368186570546,0.42821808230712555,0.42821808230712555,f1_score,0.42821808230712555,0.3628333325527183,0.48307842954600116,0.425684301347467,0.030325223830021786,2000,percentile,0.05
mlp_prevyears_monthly_features_incremental_scaler_experience_replay_confidently_correct_memory_RR_0.3,MLP Prevyears + Monthly (Incremental Scaler + Replay Confidently Correct RR=0.3),next_year,2020,2021,False,1281346,297,0.9676368186570546,0.42821808230712555,0.42821808230712555,pr_auc,0.39637452234773224,0.3292174669864412,0.45690314996321224,0.39477281096279226,0.03238968679817996,2000,percentile,0.05
mlp_prevyears_monthly_features_incremental_scaler_experience_replay_confidently_correct_memory_RR_0.4,MLP Prevyears + Monthly (Incremental Scaler + Replay Confidently Correct RR=0.4),next_year,2020,2021,False,1281346,297,0.9514228041384044,0.4623259514653229,0.4623259514653229,f1_score,0.4623259514653229,0.404338917185619,0.5087862695480966,0.4600027532422557,0.02646925128355958,2000,percentile,0.05
mlp_prevyears_monthly_features_incremental_scaler_experience_replay_confidently_correct_memory_RR_0.4,MLP Prevyears + Monthly (Incremental Scaler + Replay Confidently Correct RR=0.4),next_year,2020,2021,False,1281346,297,0.9514228041384044,0.4623259514653229,0.4623259514653229,pr_auc,0.42873396930082963,0.3634822431972851,0.4851844431383908,0.42711510175495615,0.03117970593196447,2000,percentile,0.05
mlp_prevyears_monthly_features_incremental_scaler_experience_replay_confidently_correct_memory_RR_0.5,MLP Prevyears + Monthly (Incremental Scaler + Replay Confidently Correct RR=0.5),next_year,2020,2021,False,1281346,297,0.9625872636542815,0.44027031341456924,0.44027031341456924,f1_score,0.44027031341456924,0.3784355664334429,0.48883909878625226,0.4375953205510084,0.02801842795254706,2000,percentile,0.05
mlp_prevyears_monthly_features_incremental_scaler_experience_replay_confidently_correct_memory_RR_0.5,MLP Prevyears + Monthly (Incremental Scaler + Replay Confidently Correct RR=0.5),next_year,2020,2021,False,1281346,297,0.9625872636542815,0.44027031341456924,0.44027031341456924,pr_auc,0.4036912923830901,0.33586898716857744,0.46010932278250244,0.401921769735632,0.03232964776785295,2000,percentile,0.05
mlp_prevyears_monthly_features_incremental_scaler_experience_replay_hard_example_mining_RR_0.2,MLP Prevyears + Monthly (Incremental Scaler + Replay Hard Example Mining RR=0.2),next_year,2020,2021,False,1281346,297,0.9238744610479177,0.4437100470389579,0.4437100470389579,f1_score,0.4437100470389579,0.37985243335634716,0.4944434479103127,0.4412352443808437,0.029101722717424772,2000,percentile,0.05
mlp_prevyears_monthly_features_incremental_scaler_experience_replay_hard_example_mining_RR_0.2,MLP Prevyears + Monthly (Incremental Scaler + Replay Hard Example Mining RR=0.2),next_year,2020,2021,False,1281346,297,0.9238744610479177,0.4437100470389579,0.4437100470389579,pr_auc,0.3811805046235987,0.3063412951462418,0.4445864194944241,0.3795697076036807,0.034933286551577215,2000,percentile,0.05
mlp_prevyears_monthly_features_incremental_scaler_experience_replay_hard_example_mining_RR_0.3,MLP Prevyears + Monthly (Incremental Scaler + Replay Hard Example Mining RR=0.3),next_year,2020,2021,False,1281346,297,0.9228623409739538,0.41292085973412845,0.41292085973412845,f1_score,0.41292085973412845,0.3477077275507379,0.46247421932715493,0.41078166017014833,0.02950908335397236,2000,percentile,0.05
mlp_prevyears_monthly_features_incremental_scaler_experience_replay_hard_example_mining_RR_0.3,MLP Prevyears + Monthly (Incremental Scaler + Replay Hard Example Mining RR=0.3),next_year,2020,2021,False,1281346,297,0.9228623409739538,0.41292085973412845,0.41292085973412845,pr_auc,0.3484317044502888,0.27217462783064017,0.41749104766604633,0.3485179494297987,0.037818140024221694,2000,percentile,0.05
mlp_prevyears_monthly_features_incremental_scaler_experience_replay_hard_example_mining_RR_0.4,MLP Prevyears + Monthly (Incremental Scaler + Replay Hard Example Mining RR=0.4),next_year,2020,2021,False,1281346,297,0.9396229666562937,0.40778249167464986,0.40778249167464986,f1_score,0.40778249167464986,0.35360655319267403,0.45381820607818674,0.4057848917827509,0.02536702791455676,2000,percentile,0.05
mlp_prevyears_monthly_features_incremental_scaler_experience_replay_hard_example_mining_RR_0.4,MLP Prevyears + Monthly (Incremental Scaler + Replay Hard Example Mining RR=0.4),next_year,2020,2021,False,1281346,297,0.9396229666562937,0.40778249167464986,0.40778249167464986,pr_auc,0.3576108662707992,0.28859326897197307,0.4182568806021635,0.3560582286706431,0.03325775353805334,2000,percentile,0.05
mlp_prevyears_monthly_features_incremental_scaler_experience_replay_hard_example_mining_RR_0.5,MLP Prevyears + Monthly (Incremental Scaler + Replay Hard Example Mining RR=0.5),next_year,2020,2021,False,1281346,297,0.9322786939297116,0.4520967946281515,0.4520967946281515,f1_score,0.4520967946281515,0.39248066204128024,0.49775834342538156,0.4497276271266689,0.027014298970828344,2000,percentile,0.05
mlp_prevyears_monthly_features_incremental_scaler_experience_replay_hard_example_mining_RR_0.5,MLP Prevyears + Monthly (Incremental Scaler + Replay Hard Example Mining RR=0.5),next_year,2020,2021,False,1281346,297,0.9322786939297116,0.4520967946281515,0.4520967946281515,pr_auc,0.41537074728497847,0.3461134447205807,0.4721683747996978,0.41349299652256694,0.032673662492152304,2000,percentile,0.05
mlp_prevyears_monthly_features_incremental_scaler_experience_replay_uncertainity_prioritization_RR_0.2,MLP Prevyears + Monthly (Incremental Scaler + Replay Uncertainty Prioritization RR=0.2),next_year,2020,2021,False,1281346,297,0.9429838757036856,0.4479576399394856,0.4479576399394856,f1_score,0.4479576399394856,0.39002765630702824,0.4943433966945114,0.44530183149985963,0.026674698294259225,2000,percentile,0.05
mlp_prevyears_monthly_features_incremental_scaler_experience_replay_uncertainity_prioritization_RR_0.2,MLP Prevyears + Monthly (Incremental Scaler + Replay Uncertainty Prioritization RR=0.2),next_year,2020,2021,False,1281346,297,0.9429838757036856,0.4479576399394856,0.4479576399394856,pr_auc,0.40763662119546,0.34042402501974717,0.46561303073822347,0.40574475471346233,0.032171710858110415,2000,percentile,0.05
mlp_prevyears_monthly_features_incremental_scaler_experience_replay_uncertainity_prioritization_RR_0.3,MLP Prevyears + Monthly (Incremental Scaler + Replay Uncertainty Prioritization RR=0.3),next_year,2020,2021,False,1281346,297,0.969030300333477,0.45196297478455155,0.45196297478455155,f1_score,0.45196297478455155,0.396363710574021,0.49759736201982735,0.4495269302398216,0.02573879922720426,2000,percentile,0.05
mlp_prevyears_monthly_features_incremental_scaler_experience_replay_uncertainity_prioritization_RR_0.3,MLP Prevyears + Monthly (Incremental Scaler + Replay Uncertainty Prioritization RR=0.3),next_year,2020,2021,False,1281346,297,0.969030300333477,0.45196297478455155,0.45196297478455155,pr_auc,0.4182826522101602,0.35033737088463596,0.4753830940686166,0.4163898691816411,0.03260971390194814,2000,percentile,0.05
mlp_prevyears_monthly_features_incremental_scaler_experience_replay_uncertainity_prioritization_RR_0.4,MLP Prevyears + Monthly (Incremental Scaler + Replay Uncertainty Prioritization RR=0.4),next_year,2020,2021,False,1281346,297,0.9748403977038056,0.41734535450657806,0.41734535450657806,f1_score,0.41734535450657806,0.3557388848424226,0.4696873976717613,0.4150165268743401,0.028833208510956842,2000,percentile,0.05
mlp_prevyears_monthly_features_incremental_scaler_experience_replay_uncertainity_prioritization_RR_0.4,MLP Prevyears + Monthly (Incremental Scaler + Replay Uncertainty Prioritization RR=0.4),next_year,2020,2021,False,1281346,297,0.9748403977038056,0.41734535450657806,0.41734535450657806,pr_auc,0.38634830607069753,0.3183000113198705,0.4480898624318349,0.38472997837579304,0.03332233283712373,2000,percentile,0.05
mlp_prevyears_monthly_features_incremental_scaler_experience_replay_uncertainity_prioritization_RR_0.5,MLP Prevyears + Monthly (Incremental Scaler + Replay Uncertainty Prioritization RR=0.5),next_year,2020,2021,False,1281346,297,0.9577062058438162,0.44344062753583985,0.44344062753583985,f1_score,0.44344062753583985,0.37953793096130933,0.4961386491055369,0.44126836314732215,0.029992590142840895,2000,percentile,0.05
mlp_prevyears_monthly_features_incremental_scaler_experience_replay_uncertainity_prioritization_RR_0.5,MLP Prevyears + Monthly (Incremental Scaler + Replay Uncertainty Prioritization RR=0.5),next_year,2020,2021,False,1281346,297,0.9577062058438162,0.44344062753583985,0.44344062753583985,pr_auc,0.4101298627880193,0.34016467074366546,0.4704972982113663,0.40867207543160067,0.033633078583179564,2000,percentile,0.05
mlp_prevyears_monthly_features_incremental_scaler_missclassification_buffer_RR_0.2,MLP Prevyears + Monthly (Incremental Scaler + Misclassification Buffer RR=0.2),next_year,2020,2021,False,1281346,297,0.956042606423369,0.40190763052208833,0.40190763052208833,f1_score,0.40190763052208833,0.3430609083241599,0.4526542650682384,0.39948303134016305,0.027932638244838204,2000,percentile,0.05
mlp_prevyears_monthly_features_incremental_scaler_missclassification_buffer_RR_0.2,MLP Prevyears + Monthly (Incremental Scaler + Misclassification Buffer RR=0.2),next_year,2020,2021,False,1281346,297,0.956042606423369,0.40190763052208833,0.40190763052208833,pr_auc,0.3721975390802993,0.30135365248467,0.43384332919568386,0.37046459063461007,0.03366120265870123,2000,percentile,0.05
mlp_prevyears_monthly_features_incremental_scaler_missclassification_buffer_RR_0.3,MLP Prevyears + Monthly (Incremental Scaler + Misclassification Buffer RR=0.3),next_year,2020,2021,False,1281346,297,0.9404081007069947,0.4447028355487434,0.4447028355487434,f1_score,0.4447028355487434,0.38480143862463195,0.49305616176719924,0.4422572371453057,0.027708188135864786,2000,percentile,0.05
mlp_prevyears_monthly_features_incremental_scaler_missclassification_buffer_RR_0.3,MLP Prevyears + Monthly (Incremental Scaler + Misclassification Buffer RR=0.3),next_year,2020,2021,False,1281346,297,0.9404081007069947,0.4447028355487434,0.4447028355487434,pr_auc,0.39900254783988576,0.33141602095410044,0.45834580899118854,0.3977905348746792,0.03247648839263449,2000,percentile,0.05
mlp_prevyears_monthly_features_incremental_scaler_missclassification_buffer_RR_0.4,MLP Prevyears + Monthly (Incremental Scaler + Misclassification Buffer RR=0.4),next_year,2020,2021,False,1281346,297,0.9394028243636618,0.4482430660874483,0.4482430660874483,f1_score,0.4482430660874483,0.38317808301765083,0.4996797427969178,0.44557971944104185,0.029468659982983415,2000,percentile,0.05
mlp_prevyears_monthly_features_incremental_scaler_missclassification_buffer_RR_0.4,MLP Prevyears + Monthly (Incremental Scaler + Misclassification Buffer RR=0.4),next_year,2020,2021,False,1281346,297,0.9394028243636618,0.4482430660874483,0.4482430660874483,pr_auc,0.4218119818144647,0.35239834369341305,0.48251495353225776,0.4197526935181796,0.03353451451060822,2000,percentile,0.05
mlp_prevyears_monthly_features_incremental_scaler_missclassification_buffer_RR_0.5,MLP Prevyears + Monthly (Incremental Scaler + Misclassification Buffer RR=0.5),next_year,2020,2021,False,1281346,297,0.91522625350746,0.42625931987634114,0.42625931987634114,f1_score,0.42625931987634114,0.35340337552589,0.48338619813302364,0.4238673145617605,0.03285290605655621,2000,percentile,0.05
mlp_prevyears_monthly_features_incremental_scaler_missclassification_buffer_RR_0.5,MLP Prevyears + Monthly (Incremental Scaler + Misclassification Buffer RR=0.5),next_year,2020,2021,False,1281346,297,0.91522625350746,0.42625931987634114,0.42625931987634114,pr_auc,0.3960540060588598,0.32190140299490283,0.45869174743931884,0.39470225284431526,0.03486713197025553,2000,percentile,0.05
"mlp_combined_HE=0.1_CC=0.1_UP=0.1_PR=(0.2,10)_RR=0.5","MLP Combined (HE=0.1, CC=0.1, UP=0.1, PR=(0.2,10), RR=0.5)",next_year,2021,2022,False,1282431,297,0.7365306483528775,0.44179755975806545,0.44179755975806545,f1_score,0.44179755975806545,0.32915468142318804,0.5510816944397566,0.4337091060441183,0.060582218640792065,2000,percentile,0.05
"mlp_combined_HE=0.1_CC=0.1_UP=0.1_PR=(0.2,10)_RR=0.5","MLP Combined (HE=0.1, CC=0.1, UP=0.1, PR=(0.2,10), RR=0.5)",next_year,2021,2022,False,1282431,297,0.7365306483528775,0.44179755975806545,0.44179755975806545,pr_auc,0.4034689357428481,0.2885301891659818,0.520033117233206,0.3990634335308439,0.05905244794910467,2000,percentile,0.05
"mlp_combined_HE=0_CC=0.15_UP=0_PR=(0,10)_MC=0.1_RWS=1_RR=0.4","MLP Combined (HE=0, CC=0.15, UP=0, PR=(0,10), MC=0.1, RWS=1, RR=0.4)",next_year,2021,2022,False,1282431,297,0.8715711958606684,0.3918139839886336,0.3918139839886336,f1_score,0.3918139839886336,0.33345652641928747,0.4386641719993411,0.3890219792427696,0.02693193466585692,2000,percentile,0.05
"mlp_combined_HE=0_CC=0.15_UP=0_PR=(0,10)_MC=0.1_RWS=1_RR=0.4","MLP Combined (HE=0, CC=0.15, UP=0, PR=(0,10), MC=0.1, RWS=1, RR=0.4)",next_year,2021,2022,False,1282431,297,0.8715711958606684,0.3918139839886336,0.3918139839886336,pr_auc,0.37657821613104236,0.29390103897385733,0.45507637340940676,0.3763543883382169,0.04127881210307738,2000,percentile,0.05
"mlp_combined_HE=0_CC=0.1_UP=0.1_PR=(0,10)_MC=0.1_RWS=1_RR=0.5","MLP Combined (HE=0, CC=0.1, UP=0.1, PR=(0,10), MC=0.1, RWS=1, RR=0.5)",next_year,2021,2022,False,1282431,297,0.8273423778089525,0.41831314805628483,0.41831314805628483,f1_score,0.41831314805628483,0.3275176479789106,0.5079447703657061,0.41298234740456385,0.048033450477868916,2000,percentile,0.05
"mlp_combined_HE=0_CC=0.1_UP=0.1_PR=(0,10)_MC=0.1_RWS=1_RR=0.5","MLP Combined (HE=0, CC=0.1, UP=0.1, PR=(0,10), MC=0.1, RWS=1, RR=0.5)",next_year,2021,2022,False,1282431,297,0.8273423778089525,0.41831314805628483,0.41831314805628483,pr_auc,0.3880202945966192,0.2953392257408388,0.48603523366387885,0.38706792068441936,0.04903537940727937,2000,percentile,0.05
"mlp_combined_HE=0_CC=0.1_UP=0.2_PR=(0.1,10)_RR=0.5","MLP Combined (HE=0, CC=0.1, UP=0.2, PR=(0.1,10), RR=0.5)",next_year,2021,2022,False,1282431,297,0.8137695640713166,0.3872932759603919,0.3872932759603919,f1_score,0.3872932759603919,0.3327505543089933,0.431931066370136,0.38472363401000803,0.0256592696608241,2000,percentile,0.05
"mlp_combined_HE=0_CC=0.1_UP=0.2_PR=(0.1,10)_RR=0.5","MLP Combined (HE=0, CC=0.1, UP=0.2, PR=(0.1,10), RR=0.5)",next_year,2021,2022,False,1282431,297,0.8137695640713166,0.3872932759603919,0.3872932759603919,pr_auc,0.3696013310973579,0.29513314233523413,0.4370496589648891,0.3690979314258925,0.0373535053276287,2000,percentile,0.05
"mlp_combined_HE=0_CC=0.2_UP=0.1_PR=(0.2,10)_RR=0.5","MLP Combined (HE=0, CC=0.2, UP=0.1, PR=(0.2,10), RR=0.5)",next_year,2021,2022,False,1282431,297,0.8527991178778475,0.39665753058359515,0.39665753058359515,f1_score,0.39665753058359515,0.3334569138468555,0.44724911869461964,0.3933372829485197,0.02967477907700649,2000,percentile,0.05
"mlp_combined_HE=0_CC=0.2_UP=0.1_PR=(0.2,10)_RR=0.5","MLP Combined (HE=0, CC=0.2, UP=0.1, PR=(0.2,10), RR=0.5)",next_year,2021,2022,False,1282431,297,0.8527991178778475,0.39665753058359515,0.39665753058359515,pr_auc,0.37478972700789986,0.29020051408050507,0.45764600646221404,0.3745389031712173,0.042632064593962016,2000,percentile,0.05
"mlp_combined_HE=0_CC=0.2_UP=0.2_PR=(0.1,10)_RR=0.5","MLP Combined (HE=0, CC=0.2, UP=0.2, PR=(0.1,10), RR=0.5)",next_year,2021,2022,False,1282431,297,0.8350802011104059,0.3835983058130256,0.3835983058130256,f1_score,0.3835983058130256,0.33413176969958297,0.4281263245594387,0.3817682677718008,0.02376118153579405,2000,percentile,0.05
"mlp_combined_HE=0_CC=0.2_UP=0.2_PR=(0.1,10)_RR=0.5","MLP Combined (HE=0, CC=0.2, UP=0.2, PR=(0.1,10), RR=0.5)",next_year,2021,2022,False,1282431,297,0.8350802011104059,0.3835983058130256,0.3835983058130256,pr_auc,0.3593743569022428,0.29109980637675653,0.42386029074414494,0.3601768708312225,0.034108352779922455,2000,percentile,0.05
mlp_prevyears_monthly_features_incremental_scaler,MLP Prevyears + Monthly (Incremental Scaler),next_year,2021,2022,True,1282431,297,0.8598481736137614,0.37967769150472597,0.37967769150472597,f1_score,0.37967769150472597,0.3254646289284099,0.43322566565776865,0.37783888297202994,0.026619853213786356,2000,percentile,0.05
mlp_prevyears_monthly_features_incremental_scaler,MLP Prevyears + Monthly (Incremental Scaler),next_year,2021,2022,True,1282431,297,0.8598481736137614,0.37967769150472597,0.37967769150472597,pr_auc,0.35283838172984033,0.28462730768671873,0.41960137444305057,0.3534693108435315,0.03453895894072457,2000,percentile,0.05
mlp_prevyears_monthly_features_incremental_scaler_experience_replay_RR_0.2,MLP Prevyears + Monthly (Incremental Scaler + Replay RR=0.2),next_year,2021,2022,False,1282431,297,0.8630860566905356,0.38268725139890786,0.38268725139890786,f1_score,0.38268725139890786,0.3299803515920472,0.43144143149911723,0.3808578745466197,0.02471541655964595,2000,percentile,0.05
mlp_prevyears_monthly_features_incremental_scaler_experience_replay_RR_0.2,MLP Prevyears + Monthly (Incremental Scaler + Replay RR=0.2),next_year,2021,2022,False,1282431,297,0.8630860566905356,0.38268725139890786,0.38268725139890786,pr_auc,0.36002019990123507,0.28731907846255256,0.43248544086173357,0.360715432109167,0.03752939960442265,2000,percentile,0.05
mlp_prevyears_monthly_features_incremental_scaler_experience_replay_RR_0.2_PR_0.10,"MLP Prevyears + Monthly (Incremental Scaler + Replay RR=0.2, PR=0.10)",next_year,2021,2022,False,1282431,297,0.8986926705019836,0.4089403290766883,0.4089403290766883,f1_score,0.4089403290766883,0.3464257830349024,0.4568510973960846,0.4056757532935778,0.028387089501370415,2000,percentile,0.05
mlp_prevyears_monthly_features_incremental_scaler_experience_replay_RR_0.2_PR_0.10,"MLP Prevyears + Monthly (Incremental Scaler + Replay RR=0.2, PR=0.10)",next_year,2021,2022,False,1282431,297,0.8986926705019836,0.4089403290766883,0.4089403290766883,pr_auc,0.39345308383944333,0.3021133019302439,0.4809233260356014,0.3918384616152082,0.04560789230491622,2000,percentile,0.05
mlp_prevyears_monthly_features_incremental_scaler_experience_replay_RR_0.2_PR_0.15,"MLP Prevyears + Monthly (Incremental Scaler + Replay RR=0.2, PR=0.15)",next_year,2021,2022,False,1282431,297,0.8824317413086522,0.4058027633446628,0.4058027633446628,f1_score,0.4058027633446628,0.33096087861500895,0.46729580275462307,0.4016347557042546,0.03539853250851681,2000,percentile,0.05
mlp_prevyears_monthly_features_incremental_scaler_experience_replay_RR_0.2_PR_0.15,"MLP Prevyears + Monthly (Incremental Scaler + Replay RR=0.2, PR=0.15)",next_year,2021,2022,False,1282431,297,0.8824317413086522,0.4058027633446628,0.4058027633446628,pr_auc,0.379439837855688,0.2843331634980228,0.4736917785901148,0.37756964032285384,0.048567387050268855,2000,percentile,0.05
mlp_prevyears_monthly_features_incremental_scaler_experience_replay_RR_0.3,MLP Prevyears + Monthly (Incremental Scaler + Replay RR=0.3),next_year,2021,2022,False,1282431,297,0.8960793581542315,0.3971088555415955,0.3971088555415955,f1_score,0.3971088555415955,0.3404257835626956,0.4448146429452051,0.3944954071592294,0.026058069843006192,2000,percentile,0.05
mlp_prevyears_monthly_features_incremental_scaler_experience_replay_RR_0.3,MLP Prevyears + Monthly (Incremental Scaler + Replay RR=0.3),next_year,2021,2022,False,1282431,297,0.8960793581542315,0.3971088555415955,0.3971088555415955,pr_auc,0.37838532467016195,0.3020383297881674,0.44672489607160626,0.37803308094836996,0.03724028884663749,2000,percentile,0.05
mlp_prevyears_monthly_features_incremental_scaler_experience_replay_RR_0.3_PR_0.10,"MLP Prevyears + Monthly (Incremental Scaler + Replay RR=0.3, PR=0.10)",next_year,2021,2022,False,1282431,297,0.8873181978878673,0.43069319944270656,0.43069319944270656,f1_score,0.43069319944270656,0.34589530227645365,0.5041999766864602,0.4253846557512055,0.041622822667300566,2000,percentile,0.05
mlp_prevyears_monthly_features_incremental_scaler_experience_replay_RR_0.3_PR_0.10,"MLP Prevyears + Monthly (Incremental Scaler + Replay RR=0.3, PR=0.10)",next_year,2021,2022,False,1282431,297,0.8873181978878673,0.43069319944270656,0.43069319944270656,pr_auc,0.4063282706488449,0.30001773354106853,0.5122765375064062,0.4036725548932344,0.0542316569253429,2000,percentile,0.05
mlp_prevyears_monthly_features_incremental_scaler_experience_replay_RR_0.3_PR_0.15,"MLP Prevyears + Monthly (Incremental Scaler + Replay RR=0.3, PR=0.15)",next_year,2021,2022,False,1282431,297,0.9109203597326573,0.38468725879182636,0.38468725879182636,f1_score,0.38468725879182636,0.3299225463836848,0.43256432948573015,0.3822681497934035,0.02576236253249617,2000,percentile,0.05
mlp_prevyears_monthly_features_incremental_scaler_experience_replay_RR_0.3_PR_0.15,"MLP Prevyears + Monthly (Incremental Scaler + Replay RR=0.3, PR=0.15)",next_year,2021,2022,False,1282431,297,0.9109203597326573,0.38468725879182636,0.38468725879182636,pr_auc,0.3631014670209152,0.28598980728183293,0.4407050642010453,0.3633644175722112,0.03943033623169999,2000,percentile,0.05
mlp_prevyears_monthly_features_incremental_scaler_experience_replay_RR_0.4,MLP Prevyears + Monthly (Incremental Scaler + Replay RR=0.4),next_year,2021,2022,False,1282431,297,0.8695746411121825,0.4111771939069989,0.4111771939069989,f1_score,0.4111771939069989,0.3335526298080211,0.4739592582097504,0.4069177100330309,0.03638208493395865,2000,percentile,0.05
mlp_prevyears_monthly_features_incremental_scaler_experience_replay_RR_0.4,MLP Prevyears + Monthly (Incremental Scaler + Replay RR=0.4),next_year,2021,2022,False,1282431,297,0.8695746411121825,0.4111771939069989,0.4111771939069989,pr_auc,0.3883520519802743,0.2916527105808432,0.48503376192734,0.38622594986649744,0.04967107130676787,2000,percentile,0.05
mlp_prevyears_monthly_features_incremental_scaler_experience_replay_RR_0.4_PR_0.10,"MLP Prevyears + Monthly (Incremental Scaler + Replay RR=0.4, PR=0.10)",next_year,2021,2022,False,1282431,297,0.8995046538230885,0.4094490309894816,0.4094435166729516,f1_score,0.4094435166729516,0.3444062577760048,0.4567330361429134,0.4059983294782189,0.028889943070206633,2000,percentile,0.05
mlp_prevyears_monthly_features_incremental_scaler_experience_replay_RR_0.4_PR_0.10,"MLP Prevyears + Monthly (Incremental Scaler + Replay RR=0.4, PR=0.10)",next_year,2021,2022,False,1282431,297,0.8995046538230885,0.4094490309894816,0.4094435166729516,pr_auc,0.3960030734917463,0.3074503955303416,0.47927801489808713,0.394559452382463,0.04397151817178938,2000,percentile,0.05
mlp_prevyears_monthly_features_incremental_scaler_experience_replay_RR_0.4_PR_0.15,"MLP Prevyears + Monthly (Incremental Scaler + Replay RR=0.4, PR=0.15)",next_year,2021,2022,False,1282431,297,0.9137825566251626,0.392081630383407,0.392081630383407,f1_score,0.392081630383407,0.3345410985625732,0.4397642906113823,0.38930868253171486,0.026443624175275477,2000,percentile,0.05
mlp_prevyears_monthly_features_incremental_scaler_experience_replay_RR_0.4_PR_0.15,"MLP Prevyears + Monthly (Incremental Scaler + Replay RR=0.4, PR=0.15)",next_year,2021,2022,False,1282431,297,0.9137825566251626,0.392081630383407,0.392081630383407,pr_auc,0.3705565715525655,0.2923188019831334,0.44246726625810545,0.370107439047149,0.03863873481698717,2000,percentile,0.05
mlp_prevyears_monthly_features_incremental_scaler_experience_replay_RR_0.5,MLP Prevyears + Monthly (Incremental Scaler + Replay RR=0.5),next_year,2021,2022,False,1282431,297,0.8691796416858609,0.39967473572277473,0.39967473572277473,f1_score,0.39967473572277473,0.33216600663904244,0.4535491573901911,0.3965072137570029,0.031080607106989646,2000,percentile,0.05
mlp_prevyears_monthly_features_incremental_scaler_experience_replay_RR_0.5,MLP Prevyears + Monthly (Incremental Scaler + Replay RR=0.5),next_year,2021,2022,False,1282431,297,0.8691796416858609,0.39967473572277473,0.39967473572277473,pr_auc,0.3822260004221717,0.2926489432542858,0.46683467224506003,0.3812245546383205,0.044533003942073775,2000,percentile,0.05
mlp_prevyears_monthly_features_incremental_scaler_experience_replay_RR_0.5_PR_0.10,"MLP Prevyears + Monthly (Incremental Scaler + Replay RR=0.5, PR=0.10)",next_year,2021,2022,False,1282431,297,0.9125376124837842,0.4145831998462228,0.4145831998462228,f1_score,0.4145831998462228,0.33731841673166135,0.47590673432227076,0.41018531298686794,0.03599147079335542,2000,percentile,0.05
mlp_prevyears_monthly_features_incremental_scaler_experience_replay_RR_0.5_PR_0.10,"MLP Prevyears + Monthly (Incremental Scaler + Replay RR=0.5, PR=0.10)",next_year,2021,2022,False,1282431,297,0.9125376124837842,0.4145831998462228,0.4145831998462228,pr_auc,0.40192799600637086,0.30301883190042195,0.4977780072365326,0.4000466605178225,0.04944479111376054,2000,percentile,0.05
mlp_prevyears_monthly_features_incremental_scaler_experience_replay_RR_0.5_PR_0.15,"MLP Prevyears + Monthly (Incremental Scaler + Replay RR=0.5, PR=0.15)",next_year,2021,2022,False,1282431,297,0.909496645070196,0.4054348264322864,0.4054348264322864,f1_score,0.4054348264322864,0.3443219907627169,0.4511916309536768,0.4023501177962014,0.027474314108308428,2000,percentile,0.05
mlp_prevyears_monthly_features_incremental_scaler_experience_replay_RR_0.5_PR_0.15,"MLP Prevyears + Monthly (Incremental Scaler + Replay RR=0.5, PR=0.15)",next_year,2021,2022,False,1282431,297,0.909496645070196,0.4054348264322864,0.4054348264322864,pr_auc,0.3863290376630093,0.30227203337161196,0.46470280337157893,0.3856728007631226,0.04131473337838961,2000,percentile,0.05
mlp_prevyears_monthly_features_incremental_scaler_experience_replay_confidently_correct_memory_RR_0.2,MLP Prevyears + Monthly (Incremental Scaler + Replay Confidently Correct RR=0.2),next_year,2021,2022,False,1282431,297,0.9071901114361618,0.3958327866271289,0.3958327866271289,f1_score,0.3958327866271289,0.33700059153695017,0.44141489904147896,0.39303040301235587,0.02628662103470531,2000,percentile,0.05
mlp_prevyears_monthly_features_incremental_scaler_experience_replay_confidently_correct_memory_RR_0.2,MLP Prevyears + Monthly (Incremental Scaler + Replay Confidently Correct RR=0.2),next_year,2021,2022,False,1282431,297,0.9071901114361618,0.3958327866271289,0.3958327866271289,pr_auc,0.3823170227132773,0.29964331834630603,0.4605664103409121,0.38163152862392113,0.04114723718296475,2000,percentile,0.05
mlp_prevyears_monthly_features_incremental_scaler_experience_replay_confidently_correct_memory_RR_0.3,MLP Prevyears + Monthly (Incremental Scaler + Replay Confidently Correct RR=0.3),next_year,2021,2022,False,1282431,297,0.8789153710520745,0.39298717745765394,0.39298717745765394,f1_score,0.39298717745765394,0.33760313319878665,0.44063885239142697,0.39065740661041054,0.025962766531382183,2000,percentile,0.05
mlp_prevyears_monthly_features_incremental_scaler_experience_replay_confidently_correct_memory_RR_0.3,MLP Prevyears + Monthly (Incremental Scaler + Replay Confidently Correct RR=0.3),next_year,2021,2022,False,1282431,297,0.8789153710520745,0.39298717745765394,0.39298717745765394,pr_auc,0.3788333878839726,0.29984919302453816,0.45573269156514135,0.37912814480293716,0.03990898114654297,2000,percentile,0.05
mlp_prevyears_monthly_features_incremental_scaler_experience_replay_confidently_correct_memory_RR_0.4,MLP Prevyears + Monthly (Incremental Scaler + Replay Confidently Correct RR=0.4),next_year,2021,2022,False,1282431,297,0.9210822908667863,0.4313582546946931,0.4313582546946931,f1_score,0.4313582546946931,0.33929797005625134,0.5113424558687923,0.4252339246688883,0.045424622395975334,2000,percentile,0.05
mlp_prevyears_monthly_features_incremental_scaler_experience_replay_confidently_correct_memory_RR_0.4,MLP Prevyears + Monthly (Incremental Scaler + Replay Confidently Correct RR=0.4),next_year,2021,2022,False,1282431,297,0.9210822908667863,0.4313582546946931,0.4313582546946931,pr_auc,0.4048188779512297,0.29780162248667247,0.5143042005267402,0.40171337314435035,0.0565511038649375,2000,percentile,0.05
mlp_prevyears_monthly_features_incremental_scaler_experience_replay_confidently_correct_memory_RR_0.5,MLP Prevyears + Monthly (Incremental Scaler + Replay Confidently Correct RR=0.5),next_year,2021,2022,False,1282431,297,0.9098683761942173,0.4082568185208794,0.4082568185208794,f1_score,0.4082568185208794,0.340485333264734,0.45759450719082884,0.4045247152598388,0.030462540367508225,2000,percentile,0.05
mlp_prevyears_monthly_features_incremental_scaler_experience_replay_confidently_correct_memory_RR_0.5,MLP Prevyears + Monthly (Incremental Scaler + Replay Confidently Correct RR=0.5),next_year,2021,2022,False,1282431,297,0.9098683761942173,0.4082568185208794,0.4082568185208794,pr_auc,0.3955948142577155,0.30158331845936404,0.48285758496731446,0.3939135012790792,0.04616488940808309,2000,percentile,0.05
mlp_prevyears_monthly_features_incremental_scaler_experience_replay_hard_example_mining_RR_0.2,MLP Prevyears + Monthly (Incremental Scaler + Replay Hard Example Mining RR=0.2),next_year,2021,2022,False,1282431,297,0.863444217376713,0.3616292900867446,0.3616292900867446,f1_score,0.3616292900867446,0.2987496243316207,0.42684242115806864,0.36022249239724297,0.031528448307758035,2000,percentile,0.05
mlp_prevyears_monthly_features_incremental_scaler_experience_replay_hard_example_mining_RR_0.2,MLP Prevyears + Monthly (Incremental Scaler + Replay Hard Example Mining RR=0.2),next_year,2021,2022,False,1282431,297,0.863444217376713,0.3616292900867446,0.3616292900867446,pr_auc,0.3352029007108732,0.2710923342445687,0.4062036017792434,0.33682021872694484,0.03489347640534138,2000,percentile,0.05
mlp_prevyears_monthly_features_incremental_scaler_experience_replay_hard_example_mining_RR_0.3,MLP Prevyears + Monthly (Incremental Scaler + Replay Hard Example Mining RR=0.3),next_year,2021,2022,False,1282431,297,0.8597179760124204,0.3755979603637702,0.3755979603637702,f1_score,0.3755979603637702,0.3196087642825908,0.42050730170178047,0.37303359664814584,0.02517686476663237,2000,percentile,0.05
mlp_prevyears_monthly_features_incremental_scaler_experience_replay_hard_example_mining_RR_0.3,MLP Prevyears + Monthly (Incremental Scaler + Replay Hard Example Mining RR=0.3),next_year,2021,2022,False,1282431,297,0.8597179760124204,0.3755979603637702,0.3755979603637702,pr_auc,0.34502005657433577,0.27322046197722416,0.4141655958332676,0.3454884011073297,0.035978381964243716,2000,percentile,0.05
mlp_prevyears_monthly_features_incremental_scaler_experience_replay_hard_example_mining_RR_0.4,MLP Prevyears + Monthly (Incremental Scaler + Replay Hard Example Mining RR=0.4),next_year,2021,2022,False,1282431,297,0.851635955789974,0.3884143774696848,0.3884143774696848,f1_score,0.3884143774696848,0.3282267452046829,0.43425915323189557,0.3854950708670956,0.026782495756139404,2000,percentile,0.05
mlp_prevyears_monthly_features_incremental_scaler_experience_replay_hard_example_mining_RR_0.4,MLP Prevyears + Monthly (Incremental Scaler + Replay Hard Example Mining RR=0.4),next_year,2021,2022,False,1282431,297,0.851635955789974,0.3884143774696848,0.3884143774696848,pr_auc,0.3662389220092861,0.27926695318980743,0.44585132226089313,0.3644549381199404,0.042567255402981424,2000,percentile,0.05
mlp_prevyears_monthly_features_incremental_scaler_experience_replay_hard_example_mining_RR_0.5,MLP Prevyears + Monthly (Incremental Scaler + Replay Hard Example Mining RR=0.5),next_year,2021,2022,False,1282431,297,0.8803893092819972,0.3821028717571998,0.3821028717571998,f1_score,0.3821028717571998,0.33005011117960326,0.4294294862561317,0.3800049872202163,0.024736449053183143,2000,percentile,0.05
mlp_prevyears_monthly_features_incremental_scaler_experience_replay_hard_example_mining_RR_0.5,MLP Prevyears + Monthly (Incremental Scaler + Replay Hard Example Mining RR=0.5),next_year,2021,2022,False,1282431,297,0.8803893092819972,0.3821028717571998,0.3821028717571998,pr_auc,0.34962258359479403,0.27782234138945444,0.4170697743186116,0.3498473069741345,0.03583507953617246,2000,percentile,0.05
mlp_prevyears_monthly_features_incremental_scaler_experience_replay_uncertainity_prioritization_RR_0.2,MLP Prevyears + Monthly (Incremental Scaler + Replay Uncertainty Prioritization RR=0.2),next_year,2021,2022,False,1282431,297,0.8916774055338045,0.37968767183547786,0.37968767183547786,f1_score,0.37968767183547786,0.327321081557098,0.4308613367977497,0.378115151675755,0.02591739980072307,2000,percentile,0.05
mlp_prevyears_monthly_features_incremental_scaler_experience_replay_uncertainity_prioritization_RR_0.2,MLP Prevyears + Monthly (Incremental Scaler + Replay Uncertainty Prioritization RR=0.2),next_year,2021,2022,False,1282431,297,0.8916774055338045,0.37968767183547786,0.37968767183547786,pr_auc,0.3529388494863366,0.28987856513076893,0.4181043145808884,0.3546381375444231,0.032747134903265473,2000,percentile,0.05
mlp_prevyears_monthly_features_incremental_scaler_experience_replay_uncertainity_prioritization_RR_0.3,MLP Prevyears + Monthly (Incremental Scaler + Replay Uncertainty Prioritization RR=0.3),next_year,2021,2022,False,1282431,297,0.8968425844269728,0.3932833712309783,0.3932833712309783,f1_score,0.3932833712309783,0.33720468351167576,0.439710829016348,0.3908396335929242,0.025609656781141164,2000,percentile,0.05
mlp_prevyears_monthly_features_incremental_scaler_experience_replay_uncertainity_prioritization_RR_0.3,MLP Prevyears + Monthly (Incremental Scaler + Replay Uncertainty Prioritization RR=0.3),next_year,2021,2022,False,1282431,297,0.8968425844269728,0.3932833712309783,0.3932833712309783,pr_auc,0.3660195239247715,0.29188494435656204,0.4351785688113203,0.3664097698735955,0.03646466804091802,2000,percentile,0.05
mlp_prevyears_monthly_features_incremental_scaler_experience_replay_uncertainity_prioritization_RR_0.4,MLP Prevyears + Monthly (Incremental Scaler + Replay Uncertainty Prioritization RR=0.4),next_year,2021,2022,False,1282431,297,0.9171472583816762,0.3683999169147684,0.3683999169147684,f1_score,0.3683999169147684,0.31456449257112823,0.4225854110153496,0.36704830444180503,0.026925733732925578,2000,percentile,0.05
mlp_prevyears_monthly_features_incremental_scaler_experience_replay_uncertainity_prioritization_RR_0.4,MLP Prevyears + Monthly (Incremental Scaler + Replay Uncertainty Prioritization RR=0.4),next_year,2021,2022,False,1282431,297,0.9171472583816762,0.3683999169147684,0.3683999169147684,pr_auc,0.34216291280335875,0.2777436561594224,0.40796001600558,0.3437590622190901,0.03321800961222963,2000,percentile,0.05
mlp_prevyears_monthly_features_incremental_scaler_experience_replay_uncertainity_prioritization_RR_0.5,MLP Prevyears + Monthly (Incremental Scaler + Replay Uncertainty Prioritization RR=0.5),next_year,2021,2022,False,1282431,297,0.9065930645315781,0.4199171251952992,0.4199171251952992,f1_score,0.4199171251952992,0.345811223544405,0.4758940917214997,0.41577263316635077,0.03339186693002452,2000,percentile,0.05
mlp_prevyears_monthly_features_incremental_scaler_experience_replay_uncertainity_prioritization_RR_0.5,MLP Prevyears + Monthly (Incremental Scaler + Replay Uncertainty Prioritization RR=0.5),next_year,2021,2022,False,1282431,297,0.9065930645315781,0.4199171251952992,0.4199171251952992,pr_auc,0.4070620293631218,0.3096537270274837,0.5021052541920306,0.4052540045190101,0.04926892746984709,2000,percentile,0.05
mlp_prevyears_monthly_features_incremental_scaler_missclassification_buffer_RR_0.2,MLP Prevyears + Monthly (Incremental Scaler + Misclassification Buffer RR=0.2),next_year,2021,2022,False,1282431,297,0.8745068643821812,0.42316012953333065,0.42316012953333065,f1_score,0.42316012953333065,0.3463610836760596,0.483309660631899,0.4186290410690696,0.035752894148499574,2000,percentile,0.05
mlp_prevyears_monthly_features_incremental_scaler_missclassification_buffer_RR_0.2,MLP Prevyears + Monthly (Incremental Scaler + Misclassification Buffer RR=0.2),next_year,2021,2022,False,1282431,297,0.8745068643821812,0.42316012953333065,0.42316012953333065,pr_auc,0.3935451278497097,0.29535311680621346,0.4879733846502384,0.39138050723956963,0.04945533183973816,2000,percentile,0.05
mlp_prevyears_monthly_features_incremental_scaler_missclassification_buffer_RR_0.3,MLP Prevyears + Monthly (Incremental Scaler + Misclassification Buffer RR=0.3),next_year,2021,2022,False,1282431,297,0.8921554899512751,0.40876596096364964,0.40876596096364964,f1_score,0.40876596096364964,0.33306431285586496,0.46767423197943986,0.40390641902529784,0.03545661597458796,2000,percentile,0.05
mlp_prevyears_monthly_features_incremental_scaler_missclassification_buffer_RR_0.3,MLP Prevyears + Monthly (Incremental Scaler + Misclassification Buffer RR=0.3),next_year,2021,2022,False,1282431,297,0.8921554899512751,0.40876596096364964,0.40876596096364964,pr_auc,0.38953433797832276,0.2888878117866318,0.49077879910466354,0.3871710106255024,0.05148757935367129,2000,percentile,0.05
mlp_prevyears_monthly_features_incremental_scaler_missclassification_buffer_RR_0.4,MLP Prevyears + Monthly (Incremental Scaler + Misclassification Buffer RR=0.4),next_year,2021,2022,False,1282431,297,0.8381499571741727,0.3962631374075516,0.3962631374075516,f1_score,0.3962631374075516,0.33688472399736125,0.4408948395252597,0.39361082282957943,0.026187677872280737,2000,percentile,0.05
mlp_prevyears_monthly_features_incremental_scaler_missclassification_buffer_RR_0.4,MLP Prevyears + Monthly (Incremental Scaler + Misclassification Buffer RR=0.4),next_year,2021,2022,False,1282431,297,0.8381499571741727,0.3962631374075516,0.3962631374075516,pr_auc,0.3752296363003692,0.29729421077470236,0.446495083336187,0.37502405847969955,0.03827382125857193,2000,percentile,0.05
mlp_prevyears_monthly_features_incremental_scaler_missclassification_buffer_RR_0.5,MLP Prevyears + Monthly (Incremental Scaler + Misclassification Buffer RR=0.5),next_year,2021,2022,False,1282431,297,0.8042642312166576,0.3879284446265192,0.3879284446265192,f1_score,0.3879284446265192,0.33390714292651186,0.43455886402603666,0.3856890068671115,0.024813834658696313,2000,percentile,0.05
mlp_prevyears_monthly_features_incremental_scaler_missclassification_buffer_RR_0.5,MLP Prevyears + Monthly (Incremental Scaler + Misclassification Buffer RR=0.5),next_year,2021,2022,False,1282431,297,0.8042642312166576,0.3879284446265192,0.3879284446265192,pr_auc,0.3672040973995202,0.2919080148974862,0.43612525249364326,0.3674496896532701,0.03687572303972362,2000,percentile,0.05
