family_id,family_label,baseline_family_id,table_type,model_year,eval_year,metric,strategy_threshold,baseline_threshold,point_estimate,ci_lower,ci_upper,bootstrap_mean,bootstrap_std,n_bootstrap,ci_method,ci_alpha,strategy_point_estimate,baseline_point_estimate,p_value_one_sided,q_value_bh
"mlp_combined_HE=0.1_CC=0.1_UP=0.1_PR=(0.2,10)_RR=0.5","MLP Combined (HE=0.1, CC=0.1, UP=0.1, PR=(0.2,10), RR=0.5)",mlp_prevyears_monthly_features_incremental_scaler,own_year,2017,2017,f1_score,0.8868572450409312,0.8921930405021389,0.006616792721977127,-0.004957150785703107,0.018998565918699358,0.00672910566163597,0.006058655905785195,2000,percentile,0.05,0.26990527637235134,0.2632884836503742,0.1294352823588206,0.4542445758252949
"mlp_combined_HE=0.1_CC=0.1_UP=0.1_PR=(0.2,10)_RR=0.5","MLP Combined (HE=0.1, CC=0.1, UP=0.1, PR=(0.2,10), RR=0.5)",mlp_prevyears_monthly_features_incremental_scaler,own_year,2017,2017,pr_auc,0.8868572450409312,0.8921930405021389,0.003816015544939877,-0.0117971136343442,0.02171896529667465,0.004466036499041153,0.00858426953658776,2000,percentile,0.05,0.2075467391825583,0.20373072363761843,0.30684657671164417,0.732902779379541
"mlp_combined_HE=0_CC=0.15_UP=0_PR=(0,10)_MC=0.1_RWS=1_RR=0.4","MLP Combined (HE=0, CC=0.15, UP=0, PR=(0,10), MC=0.1, RWS=1, RR=0.4)",mlp_prevyears_monthly_features_incremental_scaler,own_year,2017,2017,f1_score,0.8868572450409312,0.8921930405021389,0.006616792721977127,-0.004957150785703107,0.018998565918699358,0.00672910566163597,0.006058655905785195,2000,percentile,0.05,0.26990527637235134,0.2632884836503742,0.1294352823588206,0.4542445758252949
"mlp_combined_HE=0_CC=0.15_UP=0_PR=(0,10)_MC=0.1_RWS=1_RR=0.4","MLP Combined (HE=0, CC=0.15, UP=0, PR=(0,10), MC=0.1, RWS=1, RR=0.4)",mlp_prevyears_monthly_features_incremental_scaler,own_year,2017,2017,pr_auc,0.8868572450409312,0.8921930405021389,0.003816015544939877,-0.0117971136343442,0.02171896529667465,0.004466036499041153,0.00858426953658776,2000,percentile,0.05,0.2075467391825583,0.20373072363761843,0.30684657671164417,0.732902779379541
"mlp_combined_HE=0_CC=0.1_UP=0.1_PR=(0,10)_MC=0.1_RWS=1_RR=0.5","MLP Combined (HE=0, CC=0.1, UP=0.1, PR=(0,10), MC=0.1, RWS=1, RR=0.5)",mlp_prevyears_monthly_features_incremental_scaler,own_year,2017,2017,f1_score,0.8868572450409312,0.8921930405021389,0.006616792721977127,-0.004957150785703107,0.018998565918699358,0.00672910566163597,0.006058655905785195,2000,percentile,0.05,0.26990527637235134,0.2632884836503742,0.1294352823588206,0.4542445758252949
"mlp_combined_HE=0_CC=0.1_UP=0.1_PR=(0,10)_MC=0.1_RWS=1_RR=0.5","MLP Combined (HE=0, CC=0.1, UP=0.1, PR=(0,10), MC=0.1, RWS=1, RR=0.5)",mlp_prevyears_monthly_features_incremental_scaler,own_year,2017,2017,pr_auc,0.8868572450409312,0.8921930405021389,0.003816015544939877,-0.0117971136343442,0.02171896529667465,0.004466036499041153,0.00858426953658776,2000,percentile,0.05,0.2075467391825583,0.20373072363761843,0.30684657671164417,0.732902779379541
"mlp_combined_HE=0_CC=0.1_UP=0.2_PR=(0.1,10)_RR=0.5","MLP Combined (HE=0, CC=0.1, UP=0.2, PR=(0.1,10), RR=0.5)",mlp_prevyears_monthly_features_incremental_scaler,own_year,2017,2017,f1_score,0.8868572450409312,0.8921930405021389,0.006616792721977127,-0.004957150785703107,0.018998565918699358,0.00672910566163597,0.006058655905785195,2000,percentile,0.05,0.26990527637235134,0.2632884836503742,0.1294352823588206,0.4542445758252949
"mlp_combined_HE=0_CC=0.1_UP=0.2_PR=(0.1,10)_RR=0.5","MLP Combined (HE=0, CC=0.1, UP=0.2, PR=(0.1,10), RR=0.5)",mlp_prevyears_monthly_features_incremental_scaler,own_year,2017,2017,pr_auc,0.8868572450409312,0.8921930405021389,0.003816015544939877,-0.0117971136343442,0.02171896529667465,0.004466036499041153,0.00858426953658776,2000,percentile,0.05,0.2075467391825583,0.20373072363761843,0.30684657671164417,0.732902779379541
"mlp_combined_HE=0_CC=0.2_UP=0.1_PR=(0.2,10)_RR=0.5","MLP Combined (HE=0, CC=0.2, UP=0.1, PR=(0.2,10), RR=0.5)",mlp_prevyears_monthly_features_incremental_scaler,own_year,2017,2017,f1_score,0.8868572450409312,0.8921930405021389,0.006616792721977127,-0.004957150785703107,0.018998565918699358,0.00672910566163597,0.006058655905785195,2000,percentile,0.05,0.26990527637235134,0.2632884836503742,0.1294352823588206,0.4542445758252949
"mlp_combined_HE=0_CC=0.2_UP=0.1_PR=(0.2,10)_RR=0.5","MLP Combined (HE=0, CC=0.2, UP=0.1, PR=(0.2,10), RR=0.5)",mlp_prevyears_monthly_features_incremental_scaler,own_year,2017,2017,pr_auc,0.8868572450409312,0.8921930405021389,0.003816015544939877,-0.0117971136343442,0.02171896529667465,0.004466036499041153,0.00858426953658776,2000,percentile,0.05,0.2075467391825583,0.20373072363761843,0.30684657671164417,0.732902779379541
"mlp_combined_HE=0_CC=0.2_UP=0.2_PR=(0.1,10)_RR=0.5","MLP Combined (HE=0, CC=0.2, UP=0.2, PR=(0.1,10), RR=0.5)",mlp_prevyears_monthly_features_incremental_scaler,own_year,2017,2017,f1_score,0.8868572450409312,0.8921930405021389,0.006616792721977127,-0.004957150785703107,0.018998565918699358,0.00672910566163597,0.006058655905785195,2000,percentile,0.05,0.26990527637235134,0.2632884836503742,0.1294352823588206,0.4542445758252949
"mlp_combined_HE=0_CC=0.2_UP=0.2_PR=(0.1,10)_RR=0.5","MLP Combined (HE=0, CC=0.2, UP=0.2, PR=(0.1,10), RR=0.5)",mlp_prevyears_monthly_features_incremental_scaler,own_year,2017,2017,pr_auc,0.8868572450409312,0.8921930405021389,0.003816015544939877,-0.0117971136343442,0.02171896529667465,0.004466036499041153,0.00858426953658776,2000,percentile,0.05,0.2075467391825583,0.20373072363761843,0.30684657671164417,0.732902779379541
mlp_prevyears_monthly_features_incremental_scaler_experience_replay_RR_0.2,MLP Prevyears + Monthly (Incremental Scaler + Replay RR=0.2),mlp_prevyears_monthly_features_incremental_scaler,own_year,2017,2017,f1_score,0.8700637577508289,0.8921930405021389,0.0043518084372520804,-0.007118213360988772,0.01755429681346995,0.004374635866706085,0.00640523993836048,2000,percentile,0.05,0.2676402920876263,0.2632884836503742,0.26186906546726635,0.5730311314930769
mlp_prevyears_monthly_features_incremental_scaler_experience_replay_RR_0.2,MLP Prevyears + Monthly (Incremental Scaler + Replay RR=0.2),mlp_prevyears_monthly_features_incremental_scaler,own_year,2017,2017,pr_auc,0.8700637577508289,0.8921930405021389,-0.004319297567965924,-0.018377395466955278,0.011638359909651192,-0.003941772965861527,0.007607175776069351,2000,percentile,0.05,0.1994114260696525,0.20373072363761843,0.7106446776611695,0.9228522993405258
mlp_prevyears_monthly_features_incremental_scaler_experience_replay_RR_0.2_PR_0.10,"MLP Prevyears + Monthly (Incremental Scaler + Replay RR=0.2, PR=0.10)",mlp_prevyears_monthly_features_incremental_scaler,own_year,2017,2017,f1_score,0.8868572450409312,0.8921930405021389,0.006616792721977127,-0.004957150785703107,0.018998565918699358,0.00672910566163597,0.006058655905785195,2000,percentile,0.05,0.26990527637235134,0.2632884836503742,0.1294352823588206,0.4542445758252949
mlp_prevyears_monthly_features_incremental_scaler_experience_replay_RR_0.2_PR_0.10,"MLP Prevyears + Monthly (Incremental Scaler + Replay RR=0.2, PR=0.10)",mlp_prevyears_monthly_features_incremental_scaler,own_year,2017,2017,pr_auc,0.8868572450409312,0.8921930405021389,0.003816015544939877,-0.0117971136343442,0.02171896529667465,0.004466036499041153,0.00858426953658776,2000,percentile,0.05,0.2075467391825583,0.20373072363761843,0.30684657671164417,0.732902779379541
mlp_prevyears_monthly_features_incremental_scaler_experience_replay_RR_0.2_PR_0.15,"MLP Prevyears + Monthly (Incremental Scaler + Replay RR=0.2, PR=0.15)",mlp_prevyears_monthly_features_incremental_scaler,own_year,2017,2017,f1_score,0.8654755072470515,0.8921930405021389,-0.007750022111912669,-0.021411143127946303,0.006700484321006335,-0.0077589769768301375,0.007179986596517015,2000,percentile,0.05,0.25553846153846155,0.2632884836503742,0.8630684657671165,0.9682658670664669
mlp_prevyears_monthly_features_incremental_scaler_experience_replay_RR_0.2_PR_0.15,"MLP Prevyears + Monthly (Incremental Scaler + Replay RR=0.2, PR=0.15)",mlp_prevyears_monthly_features_incremental_scaler,own_year,2017,2017,pr_auc,0.8654755072470515,0.8921930405021389,-0.01067037306958446,-0.025837325749118657,0.0029157043987027725,-0.011048237732557005,0.007237220783370062,2000,percentile,0.05,0.19306035056803397,0.20373072363761843,0.9445277361319341,1.0
mlp_prevyears_monthly_features_incremental_scaler_experience_replay_RR_0.3,MLP Prevyears + Monthly (Incremental Scaler + Replay RR=0.3),mlp_prevyears_monthly_features_incremental_scaler,own_year,2017,2017,f1_score,0.8700637577508289,0.8921930405021389,0.0043518084372520804,-0.007118213360988772,0.01755429681346995,0.004374635866706085,0.00640523993836048,2000,percentile,0.05,0.2676402920876263,0.2632884836503742,0.26186906546726635,0.5730311314930769
mlp_prevyears_monthly_features_incremental_scaler_experience_replay_RR_0.3,MLP Prevyears + Monthly (Incremental Scaler + Replay RR=0.3),mlp_prevyears_monthly_features_incremental_scaler,own_year,2017,2017,pr_auc,0.8700637577508289,0.8921930405021389,-0.004319297567965924,-0.018377395466955278,0.011638359909651192,-0.003941772965861527,0.007607175776069351,2000,percentile,0.05,0.1994114260696525,0.20373072363761843,0.7106446776611695,0.9228522993405258
mlp_prevyears_monthly_features_incremental_scaler_experience_replay_RR_0.3_PR_0.10,"MLP Prevyears + Monthly (Incremental Scaler + Replay RR=0.3, PR=0.10)",mlp_prevyears_monthly_features_incremental_scaler,own_year,2017,2017,f1_score,0.8868572450409312,0.8921930405021389,0.006616792721977127,-0.004957150785703107,0.018998565918699358,0.00672910566163597,0.006058655905785195,2000,percentile,0.05,0.26990527637235134,0.2632884836503742,0.1294352823588206,0.4542445758252949
mlp_prevyears_monthly_features_incremental_scaler_experience_replay_RR_0.3_PR_0.10,"MLP Prevyears + Monthly (Incremental Scaler + Replay RR=0.3, PR=0.10)",mlp_prevyears_monthly_features_incremental_scaler,own_year,2017,2017,pr_auc,0.8868572450409312,0.8921930405021389,0.003816015544939877,-0.0117971136343442,0.02171896529667465,0.004466036499041153,0.00858426953658776,2000,percentile,0.05,0.2075467391825583,0.20373072363761843,0.30684657671164417,0.732902779379541
mlp_prevyears_monthly_features_incremental_scaler_experience_replay_RR_0.3_PR_0.15,"MLP Prevyears + Monthly (Incremental Scaler + Replay RR=0.3, PR=0.15)",mlp_prevyears_monthly_features_incremental_scaler,own_year,2017,2017,f1_score,0.912307946207955,0.8921930405021389,0.003720821470550917,-0.00627572184854395,0.014241443906498006,0.0036646806522767123,0.005290779142297099,2000,percentile,0.05,0.26700930512092513,0.2632884836503742,0.25337331334332835,0.5730311314930769
mlp_prevyears_monthly_features_incremental_scaler_experience_replay_RR_0.3_PR_0.15,"MLP Prevyears + Monthly (Incremental Scaler + Replay RR=0.3, PR=0.15)",mlp_prevyears_monthly_features_incremental_scaler,own_year,2017,2017,pr_auc,0.912307946207955,0.8921930405021389,-0.0023415329015296082,-0.013890616439213065,0.011721743923296479,-0.0019489354849277884,0.006424522575332731,2000,percentile,0.05,0.20138919073608882,0.20373072363761843,0.6341829085457271,0.9228522993405258
mlp_prevyears_monthly_features_incremental_scaler_experience_replay_RR_0.4,MLP Prevyears + Monthly (Incremental Scaler + Replay RR=0.4),mlp_prevyears_monthly_features_incremental_scaler,own_year,2017,2017,f1_score,0.8700637577508289,0.8921930405021389,0.0043518084372520804,-0.007118213360988772,0.01755429681346995,0.004374635866706085,0.00640523993836048,2000,percentile,0.05,0.2676402920876263,0.2632884836503742,0.26186906546726635,0.5730311314930769
mlp_prevyears_monthly_features_incremental_scaler_experience_replay_RR_0.4,MLP Prevyears + Monthly (Incremental Scaler + Replay RR=0.4),mlp_prevyears_monthly_features_incremental_scaler,own_year,2017,2017,pr_auc,0.8700637577508289,0.8921930405021389,-0.004319297567965924,-0.018377395466955278,0.011638359909651192,-0.003941772965861527,0.007607175776069351,2000,percentile,0.05,0.1994114260696525,0.20373072363761843,0.7106446776611695,0.9228522993405258
mlp_prevyears_monthly_features_incremental_scaler_experience_replay_RR_0.4_PR_0.10,"MLP Prevyears + Monthly (Incremental Scaler + Replay RR=0.4, PR=0.10)",mlp_prevyears_monthly_features_incremental_scaler,own_year,2017,2017,f1_score,0.8868572450409312,0.8921930405021389,0.006616792721977127,-0.004957150785703107,0.018998565918699358,0.00672910566163597,0.006058655905785195,2000,percentile,0.05,0.26990527637235134,0.2632884836503742,0.1294352823588206,0.4542445758252949
mlp_prevyears_monthly_features_incremental_scaler_experience_replay_RR_0.4_PR_0.10,"MLP Prevyears + Monthly (Incremental Scaler + Replay RR=0.4, PR=0.10)",mlp_prevyears_monthly_features_incremental_scaler,own_year,2017,2017,pr_auc,0.8868572450409312,0.8921930405021389,0.003816015544939877,-0.0117971136343442,0.02171896529667465,0.004466036499041153,0.00858426953658776,2000,percentile,0.05,0.2075467391825583,0.20373072363761843,0.30684657671164417,0.732902779379541
mlp_prevyears_monthly_features_incremental_scaler_experience_replay_RR_0.4_PR_0.15,"MLP Prevyears + Monthly (Incremental Scaler + Replay RR=0.4, PR=0.15)",mlp_prevyears_monthly_features_incremental_scaler,own_year,2017,2017,f1_score,0.8827227302909989,0.8921930405021389,0.007705383309839664,-0.0026731187254877245,0.019480275527678302,0.007738177464358159,0.005578469751134153,2000,percentile,0.05,0.2709938669602139,0.2632884836503742,0.07746126936531735,0.4542445758252949
mlp_prevyears_monthly_features_incremental_scaler_experience_replay_RR_0.4_PR_0.15,"MLP Prevyears + Monthly (Incremental Scaler + Replay RR=0.4, PR=0.15)",mlp_prevyears_monthly_features_incremental_scaler,own_year,2017,2017,pr_auc,0.8827227302909989,0.8921930405021389,-0.004685478166271961,-0.019459842078051206,0.012969267757903673,-0.004005476725773533,0.008273315120500316,2000,percentile,0.05,0.19904524547134647,0.20373072363761843,0.6991504247876063,0.9228522993405258
mlp_prevyears_monthly_features_incremental_scaler_experience_replay_RR_0.5,MLP Prevyears + Monthly (Incremental Scaler + Replay RR=0.5),mlp_prevyears_monthly_features_incremental_scaler,own_year,2017,2017,f1_score,0.8700637577508289,0.8921930405021389,0.0043518084372520804,-0.007118213360988772,0.01755429681346995,0.004374635866706085,0.00640523993836048,2000,percentile,0.05,0.2676402920876263,0.2632884836503742,0.26186906546726635,0.5730311314930769
mlp_prevyears_monthly_features_incremental_scaler_experience_replay_RR_0.5,MLP Prevyears + Monthly (Incremental Scaler + Replay RR=0.5),mlp_prevyears_monthly_features_incremental_scaler,own_year,2017,2017,pr_auc,0.8700637577508289,0.8921930405021389,-0.004319297567965924,-0.018377395466955278,0.011638359909651192,-0.003941772965861527,0.007607175776069351,2000,percentile,0.05,0.1994114260696525,0.20373072363761843,0.7106446776611695,0.9228522993405258
mlp_prevyears_monthly_features_incremental_scaler_experience_replay_RR_0.5_PR_0.10,"MLP Prevyears + Monthly (Incremental Scaler + Replay RR=0.5, PR=0.10)",mlp_prevyears_monthly_features_incremental_scaler,own_year,2017,2017,f1_score,0.8868572450409312,0.8921930405021389,0.006616792721977127,-0.004957150785703107,0.018998565918699358,0.00672910566163597,0.006058655905785195,2000,percentile,0.05,0.26990527637235134,0.2632884836503742,0.1294352823588206,0.4542445758252949
mlp_prevyears_monthly_features_incremental_scaler_experience_replay_RR_0.5_PR_0.10,"MLP Prevyears + Monthly (Incremental Scaler + Replay RR=0.5, PR=0.10)",mlp_prevyears_monthly_features_incremental_scaler,own_year,2017,2017,pr_auc,0.8868572450409312,0.8921930405021389,0.003816015544939877,-0.0117971136343442,0.02171896529667465,0.004466036499041153,0.00858426953658776,2000,percentile,0.05,0.2075467391825583,0.20373072363761843,0.30684657671164417,0.732902779379541
mlp_prevyears_monthly_features_incremental_scaler_experience_replay_RR_0.5_PR_0.15,"MLP Prevyears + Monthly (Incremental Scaler + Replay RR=0.5, PR=0.15)",mlp_prevyears_monthly_features_incremental_scaler,own_year,2017,2017,f1_score,0.887694644276313,0.8921930405021389,0.0013956958065325376,-0.011766248811304184,0.01589808189841707,0.0015118051782446336,0.007134026521235592,2000,percentile,0.05,0.26468417945690675,0.2632884836503742,0.4302848575712144,0.7695479183485181
mlp_prevyears_monthly_features_incremental_scaler_experience_replay_RR_0.5_PR_0.15,"MLP Prevyears + Monthly (Incremental Scaler + Replay RR=0.5, PR=0.15)",mlp_prevyears_monthly_features_incremental_scaler,own_year,2017,2017,pr_auc,0.887694644276313,0.8921930405021389,-0.01047852650400763,-0.027295035410251894,0.008729258248412584,-0.009933958926290811,0.009082253359528166,2000,percentile,0.05,0.1932521971336108,0.20373072363761843,0.8575712143928036,0.9975074962518742
mlp_prevyears_monthly_features_incremental_scaler_experience_replay_confidently_correct_memory_RR_0.2,MLP Prevyears + Monthly (Incremental Scaler + Replay Confidently Correct RR=0.2),mlp_prevyears_monthly_features_incremental_scaler,own_year,2017,2017,f1_score,0.8868572450409312,0.8921930405021389,0.006616792721977127,-0.004957150785703107,0.018998565918699358,0.00672910566163597,0.006058655905785195,2000,percentile,0.05,0.26990527637235134,0.2632884836503742,0.1294352823588206,0.4542445758252949
mlp_prevyears_monthly_features_incremental_scaler_experience_replay_confidently_correct_memory_RR_0.2,MLP Prevyears + Monthly (Incremental Scaler + Replay Confidently Correct RR=0.2),mlp_prevyears_monthly_features_incremental_scaler,own_year,2017,2017,pr_auc,0.8868572450409312,0.8921930405021389,0.003816015544939877,-0.0117971136343442,0.02171896529667465,0.004466036499041153,0.00858426953658776,2000,percentile,0.05,0.2075467391825583,0.20373072363761843,0.30684657671164417,0.732902779379541
mlp_prevyears_monthly_features_incremental_scaler_experience_replay_confidently_correct_memory_RR_0.3,MLP Prevyears + Monthly (Incremental Scaler + Replay Confidently Correct RR=0.3),mlp_prevyears_monthly_features_incremental_scaler,own_year,2017,2017,f1_score,0.8868572450409312,0.8921930405021389,0.006616792721977127,-0.004957150785703107,0.018998565918699358,0.00672910566163597,0.006058655905785195,2000,percentile,0.05,0.26990527637235134,0.2632884836503742,0.1294352823588206,0.4542445758252949
mlp_prevyears_monthly_features_incremental_scaler_experience_replay_confidently_correct_memory_RR_0.3,MLP Prevyears + Monthly (Incremental Scaler + Replay Confidently Correct RR=0.3),mlp_prevyears_monthly_features_incremental_scaler,own_year,2017,2017,pr_auc,0.8868572450409312,0.8921930405021389,0.003816015544939877,-0.0117971136343442,0.02171896529667465,0.004466036499041153,0.00858426953658776,2000,percentile,0.05,0.2075467391825583,0.20373072363761843,0.30684657671164417,0.732902779379541
mlp_prevyears_monthly_features_incremental_scaler_experience_replay_confidently_correct_memory_RR_0.4,MLP Prevyears + Monthly (Incremental Scaler + Replay Confidently Correct RR=0.4),mlp_prevyears_monthly_features_incremental_scaler,own_year,2017,2017,f1_score,0.8868572450409312,0.8921930405021389,0.006616792721977127,-0.004957150785703107,0.018998565918699358,0.00672910566163597,0.006058655905785195,2000,percentile,0.05,0.26990527637235134,0.2632884836503742,0.1294352823588206,0.4542445758252949
mlp_prevyears_monthly_features_incremental_scaler_experience_replay_confidently_correct_memory_RR_0.4,MLP Prevyears + Monthly (Incremental Scaler + Replay Confidently Correct RR=0.4),mlp_prevyears_monthly_features_incremental_scaler,own_year,2017,2017,pr_auc,0.8868572450409312,0.8921930405021389,0.003816015544939877,-0.0117971136343442,0.02171896529667465,0.004466036499041153,0.00858426953658776,2000,percentile,0.05,0.2075467391825583,0.20373072363761843,0.30684657671164417,0.732902779379541
mlp_prevyears_monthly_features_incremental_scaler_experience_replay_confidently_correct_memory_RR_0.5,MLP Prevyears + Monthly (Incremental Scaler + Replay Confidently Correct RR=0.5),mlp_prevyears_monthly_features_incremental_scaler,own_year,2017,2017,f1_score,0.8868572450409312,0.8921930405021389,0.006616792721977127,-0.004957150785703107,0.018998565918699358,0.00672910566163597,0.006058655905785195,2000,percentile,0.05,0.26990527637235134,0.2632884836503742,0.1294352823588206,0.4542445758252949
mlp_prevyears_monthly_features_incremental_scaler_experience_replay_confidently_correct_memory_RR_0.5,MLP Prevyears + Monthly (Incremental Scaler + Replay Confidently Correct RR=0.5),mlp_prevyears_monthly_features_incremental_scaler,own_year,2017,2017,pr_auc,0.8868572450409312,0.8921930405021389,0.003816015544939877,-0.0117971136343442,0.02171896529667465,0.004466036499041153,0.00858426953658776,2000,percentile,0.05,0.2075467391825583,0.20373072363761843,0.30684657671164417,0.732902779379541
mlp_prevyears_monthly_features_incremental_scaler_experience_replay_hard_example_mining_RR_0.2,MLP Prevyears + Monthly (Incremental Scaler + Replay Hard Example Mining RR=0.2),mlp_prevyears_monthly_features_incremental_scaler,own_year,2017,2017,f1_score,0.8868572450409312,0.8921930405021389,0.006616792721977127,-0.004957150785703107,0.018998565918699358,0.00672910566163597,0.006058655905785195,2000,percentile,0.05,0.26990527637235134,0.2632884836503742,0.1294352823588206,0.4542445758252949
mlp_prevyears_monthly_features_incremental_scaler_experience_replay_hard_example_mining_RR_0.2,MLP Prevyears + Monthly (Incremental Scaler + Replay Hard Example Mining RR=0.2),mlp_prevyears_monthly_features_incremental_scaler,own_year,2017,2017,pr_auc,0.8868572450409312,0.8921930405021389,0.003816015544939877,-0.0117971136343442,0.02171896529667465,0.004466036499041153,0.00858426953658776,2000,percentile,0.05,0.2075467391825583,0.20373072363761843,0.30684657671164417,0.732902779379541
mlp_prevyears_monthly_features_incremental_scaler_experience_replay_hard_example_mining_RR_0.3,MLP Prevyears + Monthly (Incremental Scaler + Replay Hard Example Mining RR=0.3),mlp_prevyears_monthly_features_incremental_scaler,own_year,2017,2017,f1_score,0.8868572450409312,0.8921930405021389,0.006616792721977127,-0.004957150785703107,0.018998565918699358,0.00672910566163597,0.006058655905785195,2000,percentile,0.05,0.26990527637235134,0.2632884836503742,0.1294352823588206,0.4542445758252949
mlp_prevyears_monthly_features_incremental_scaler_experience_replay_hard_example_mining_RR_0.3,MLP Prevyears + Monthly (Incremental Scaler + Replay Hard Example Mining RR=0.3),mlp_prevyears_monthly_features_incremental_scaler,own_year,2017,2017,pr_auc,0.8868572450409312,0.8921930405021389,0.003816015544939877,-0.0117971136343442,0.02171896529667465,0.004466036499041153,0.00858426953658776,2000,percentile,0.05,0.2075467391825583,0.20373072363761843,0.30684657671164417,0.732902779379541
mlp_prevyears_monthly_features_incremental_scaler_experience_replay_hard_example_mining_RR_0.4,MLP Prevyears + Monthly (Incremental Scaler + Replay Hard Example Mining RR=0.4),mlp_prevyears_monthly_features_incremental_scaler,own_year,2017,2017,f1_score,0.8868572450409312,0.8921930405021389,0.006616792721977127,-0.004957150785703107,0.018998565918699358,0.00672910566163597,0.006058655905785195,2000,percentile,0.05,0.26990527637235134,0.2632884836503742,0.1294352823588206,0.4542445758252949
mlp_prevyears_monthly_features_incremental_scaler_experience_replay_hard_example_mining_RR_0.4,MLP Prevyears + Monthly (Incremental Scaler + Replay Hard Example Mining RR=0.4),mlp_prevyears_monthly_features_incremental_scaler,own_year,2017,2017,pr_auc,0.8868572450409312,0.8921930405021389,0.003816015544939877,-0.0117971136343442,0.02171896529667465,0.004466036499041153,0.00858426953658776,2000,percentile,0.05,0.2075467391825583,0.20373072363761843,0.30684657671164417,0.732902779379541
mlp_prevyears_monthly_features_incremental_scaler_experience_replay_hard_example_mining_RR_0.5,MLP Prevyears + Monthly (Incremental Scaler + Replay Hard Example Mining RR=0.5),mlp_prevyears_monthly_features_incremental_scaler,own_year,2017,2017,f1_score,0.8868572450409312,0.8921930405021389,0.006616792721977127,-0.004957150785703107,0.018998565918699358,0.00672910566163597,0.006058655905785195,2000,percentile,0.05,0.26990527637235134,0.2632884836503742,0.1294352823588206,0.4542445758252949
mlp_prevyears_monthly_features_incremental_scaler_experience_replay_hard_example_mining_RR_0.5,MLP Prevyears + Monthly (Incremental Scaler + Replay Hard Example Mining RR=0.5),mlp_prevyears_monthly_features_incremental_scaler,own_year,2017,2017,pr_auc,0.8868572450409312,0.8921930405021389,0.003816015544939877,-0.0117971136343442,0.02171896529667465,0.004466036499041153,0.00858426953658776,2000,percentile,0.05,0.2075467391825583,0.20373072363761843,0.30684657671164417,0.732902779379541
mlp_prevyears_monthly_features_incremental_scaler_experience_replay_uncertainity_prioritization_RR_0.2,MLP Prevyears + Monthly (Incremental Scaler + Replay Uncertainty Prioritization RR=0.2),mlp_prevyears_monthly_features_incremental_scaler,own_year,2017,2017,f1_score,0.8700637577508289,0.8921930405021389,0.0043518084372520804,-0.007118213360988772,0.01755429681346995,0.004374635866706085,0.00640523993836048,2000,percentile,0.05,0.2676402920876263,0.2632884836503742,0.26186906546726635,0.5730311314930769
mlp_prevyears_monthly_features_incremental_scaler_experience_replay_uncertainity_prioritization_RR_0.2,MLP Prevyears + Monthly (Incremental Scaler + Replay Uncertainty Prioritization RR=0.2),mlp_prevyears_monthly_features_incremental_scaler,own_year,2017,2017,pr_auc,0.8700637577508289,0.8921930405021389,-0.004319297567965924,-0.018377395466955278,0.011638359909651192,-0.003941772965861527,0.007607175776069351,2000,percentile,0.05,0.1994114260696525,0.20373072363761843,0.7106446776611695,0.9228522993405258
mlp_prevyears_monthly_features_incremental_scaler_experience_replay_uncertainity_prioritization_RR_0.3,MLP Prevyears + Monthly (Incremental Scaler + Replay Uncertainty Prioritization RR=0.3),mlp_prevyears_monthly_features_incremental_scaler,own_year,2017,2017,f1_score,0.8700637577508289,0.8921930405021389,0.0043518084372520804,-0.007118213360988772,0.01755429681346995,0.004374635866706085,0.00640523993836048,2000,percentile,0.05,0.2676402920876263,0.2632884836503742,0.26186906546726635,0.5730311314930769
mlp_prevyears_monthly_features_incremental_scaler_experience_replay_uncertainity_prioritization_RR_0.3,MLP Prevyears + Monthly (Incremental Scaler + Replay Uncertainty Prioritization RR=0.3),mlp_prevyears_monthly_features_incremental_scaler,own_year,2017,2017,pr_auc,0.8700637577508289,0.8921930405021389,-0.004319297567965924,-0.018377395466955278,0.011638359909651192,-0.003941772965861527,0.007607175776069351,2000,percentile,0.05,0.1994114260696525,0.20373072363761843,0.7106446776611695,0.9228522993405258
mlp_prevyears_monthly_features_incremental_scaler_experience_replay_uncertainity_prioritization_RR_0.4,MLP Prevyears + Monthly (Incremental Scaler + Replay Uncertainty Prioritization RR=0.4),mlp_prevyears_monthly_features_incremental_scaler,own_year,2017,2017,f1_score,0.8700637577508289,0.8921930405021389,0.0043518084372520804,-0.007118213360988772,0.01755429681346995,0.004374635866706085,0.00640523993836048,2000,percentile,0.05,0.2676402920876263,0.2632884836503742,0.26186906546726635,0.5730311314930769
mlp_prevyears_monthly_features_incremental_scaler_experience_replay_uncertainity_prioritization_RR_0.4,MLP Prevyears + Monthly (Incremental Scaler + Replay Uncertainty Prioritization RR=0.4),mlp_prevyears_monthly_features_incremental_scaler,own_year,2017,2017,pr_auc,0.8700637577508289,0.8921930405021389,-0.004319297567965924,-0.018377395466955278,0.011638359909651192,-0.003941772965861527,0.007607175776069351,2000,percentile,0.05,0.1994114260696525,0.20373072363761843,0.7106446776611695,0.9228522993405258
mlp_prevyears_monthly_features_incremental_scaler_experience_replay_uncertainity_prioritization_RR_0.5,MLP Prevyears + Monthly (Incremental Scaler + Replay Uncertainty Prioritization RR=0.5),mlp_prevyears_monthly_features_incremental_scaler,own_year,2017,2017,f1_score,0.8700637577508289,0.8921930405021389,0.0043518084372520804,-0.007118213360988772,0.01755429681346995,0.004374635866706085,0.00640523993836048,2000,percentile,0.05,0.2676402920876263,0.2632884836503742,0.26186906546726635,0.5730311314930769
mlp_prevyears_monthly_features_incremental_scaler_experience_replay_uncertainity_prioritization_RR_0.5,MLP Prevyears + Monthly (Incremental Scaler + Replay Uncertainty Prioritization RR=0.5),mlp_prevyears_monthly_features_incremental_scaler,own_year,2017,2017,pr_auc,0.8700637577508289,0.8921930405021389,-0.004319297567965924,-0.018377395466955278,0.011638359909651192,-0.003941772965861527,0.007607175776069351,2000,percentile,0.05,0.1994114260696525,0.20373072363761843,0.7106446776611695,0.9228522993405258
mlp_prevyears_monthly_features_incremental_scaler_missclassification_buffer_RR_0.3,MLP Prevyears + Monthly (Incremental Scaler + Misclassification Buffer RR=0.3),mlp_prevyears_monthly_features_incremental_scaler,own_year,2017,2017,f1_score,0.8544613391869174,0.8921930405021389,-0.0005357113085607823,-0.013948603254289092,0.013155207858462123,-0.0004891179043679062,0.006827423439784561,2000,percentile,0.05,0.26275277234181343,0.2632884836503742,0.543728135932034,0.8409389055472264
mlp_prevyears_monthly_features_incremental_scaler_missclassification_buffer_RR_0.3,MLP Prevyears + Monthly (Incremental Scaler + Misclassification Buffer RR=0.3),mlp_prevyears_monthly_features_incremental_scaler,own_year,2017,2017,pr_auc,0.8544613391869174,0.8921930405021389,0.00017664219825283545,-0.013584278802386256,0.015363244497327472,0.000546610315191741,0.007328532109102996,2000,percentile,0.05,0.20390736583587127,0.20373072363761843,0.47276361819090457,0.8374669807953167
"mlp_combined_HE=0.1_CC=0.1_UP=0.1_PR=(0.2,10)_RR=0.5","MLP Combined (HE=0.1, CC=0.1, UP=0.1, PR=(0.2,10), RR=0.5)",mlp_prevyears_monthly_features_incremental_scaler,own_year,2018,2018,f1_score,0.909859371625545,0.907768510253678,-0.0010446433484110895,-0.012957597566628782,0.010541214776907237,-0.0009785680128933877,0.005989977657813898,2000,percentile,0.05,0.4494763880655997,0.4505210314140108,0.552223888055972,0.8409389055472264
"mlp_combined_HE=0.1_CC=0.1_UP=0.1_PR=(0.2,10)_RR=0.5","MLP Combined (HE=0.1, CC=0.1, UP=0.1, PR=(0.2,10), RR=0.5)",mlp_prevyears_monthly_features_incremental_scaler,own_year,2018,2018,pr_auc,0.909859371625545,0.907768510253678,0.0025797305867173437,-0.004187275033629717,0.009414200456608398,0.002787891054699987,0.0035200661983510375,2000,percentile,0.05,0.4472924003671097,0.44471266978039237,0.21189405297351324,0.732902779379541
"mlp_combined_HE=0_CC=0.15_UP=0_PR=(0,10)_MC=0.1_RWS=1_RR=0.4","MLP Combined (HE=0, CC=0.15, UP=0, PR=(0,10), MC=0.1, RWS=1, RR=0.4)",mlp_prevyears_monthly_features_incremental_scaler,own_year,2018,2018,f1_score,0.9123465408907011,0.907768510253678,-0.008662448826080249,-0.02399305162574706,0.004040179220994131,-0.008674149555309034,0.00733819732215996,2000,percentile,0.05,0.44185858258793054,0.4505210314140108,0.8910544727636182,0.9806871712072958
"mlp_combined_HE=0_CC=0.15_UP=0_PR=(0,10)_MC=0.1_RWS=1_RR=0.4","MLP Combined (HE=0, CC=0.15, UP=0, PR=(0,10), MC=0.1, RWS=1, RR=0.4)",mlp_prevyears_monthly_features_incremental_scaler,own_year,2018,2018,pr_auc,0.9123465408907011,0.907768510253678,-0.003589241878825089,-0.014986953062092906,0.007021893245247066,-0.003873257938107215,0.0057512311709066125,2000,percentile,0.05,0.4411234279015673,0.44471266978039237,0.7436281859070465,0.9228522993405258
"mlp_combined_HE=0_CC=0.1_UP=0.1_PR=(0,10)_MC=0.1_RWS=1_RR=0.5","MLP Combined (HE=0, CC=0.1, UP=0.1, PR=(0,10), MC=0.1, RWS=1, RR=0.5)",mlp_prevyears_monthly_features_incremental_scaler,own_year,2018,2018,f1_score,0.9235035028522348,0.907768510253678,0.001310641380457056,-0.009784294562433068,0.014165331690777739,0.001166181504513268,0.0062050056690003625,2000,percentile,0.05,0.45183167279446784,0.4505210314140108,0.4567716141929036,0.7794451398154134
"mlp_combined_HE=0_CC=0.1_UP=0.1_PR=(0,10)_MC=0.1_RWS=1_RR=0.5","MLP Combined (HE=0, CC=0.1, UP=0.1, PR=(0,10), MC=0.1, RWS=1, RR=0.5)",mlp_prevyears_monthly_features_incremental_scaler,own_year,2018,2018,pr_auc,0.9235035028522348,0.907768510253678,0.0034899675229257965,-0.008712352981134425,0.017631188273423505,0.0029845341324780676,0.00683965865836318,2000,percentile,0.05,0.44820263730331816,0.44471266978039237,0.37381309345327335,0.7661004662503912
"mlp_combined_HE=0_CC=0.1_UP=0.2_PR=(0.1,10)_RR=0.5","MLP Combined (HE=0, CC=0.1, UP=0.2, PR=(0.1,10), RR=0.5)",mlp_prevyears_monthly_features_incremental_scaler,own_year,2018,2018,f1_score,0.8930916299198819,0.907768510253678,-0.00033023820137784154,-0.01458684901757142,0.014902984111175379,-0.0004314814250876128,0.007610140088869063,2000,percentile,0.05,0.45019079321263294,0.4505210314140108,0.5332333833083458,0.8409389055472264
"mlp_combined_HE=0_CC=0.1_UP=0.2_PR=(0.1,10)_RR=0.5","MLP Combined (HE=0, CC=0.1, UP=0.2, PR=(0.1,10), RR=0.5)",mlp_prevyears_monthly_features_incremental_scaler,own_year,2018,2018,pr_auc,0.8930916299198819,0.907768510253678,0.005351851292435761,-0.006399513938920851,0.01766911358482821,0.004868144656898153,0.0062995624746273165,2000,percentile,0.05,0.4500645210728281,0.44471266978039237,0.23488255872063968,0.732902779379541
"mlp_combined_HE=0_CC=0.2_UP=0.1_PR=(0.2,10)_RR=0.5","MLP Combined (HE=0, CC=0.2, UP=0.1, PR=(0.2,10), RR=0.5)",mlp_prevyears_monthly_features_incremental_scaler,own_year,2018,2018,f1_score,0.8908083611058523,0.907768510253678,-0.0029978770386985265,-0.016526728296927078,0.01140972191226039,-0.0031252180446022116,0.007151504124025201,2000,percentile,0.05,0.44752315437531226,0.4505210314140108,0.679160419790105,0.9220718108099236
"mlp_combined_HE=0_CC=0.2_UP=0.1_PR=(0.2,10)_RR=0.5","MLP Combined (HE=0, CC=0.2, UP=0.1, PR=(0.2,10), RR=0.5)",mlp_prevyears_monthly_features_incremental_scaler,own_year,2018,2018,pr_auc,0.8908083611058523,0.907768510253678,-0.002612455082499354,-0.016122920419290303,0.012242319646602962,-0.0032153305259611555,0.00746794948519738,2000,percentile,0.05,0.442100214697893,0.44471266978039237,0.68015992003998,0.9228522993405258
"mlp_combined_HE=0_CC=0.2_UP=0.2_PR=(0.1,10)_RR=0.5","MLP Combined (HE=0, CC=0.2, UP=0.2, PR=(0.1,10), RR=0.5)",mlp_prevyears_monthly_features_incremental_scaler,own_year,2018,2018,f1_score,0.8890954883460978,0.907768510253678,-0.0010255946725439835,-0.013282579169473053,0.012310326179043513,-0.0011707952061962815,0.0066080032612476575,2000,percentile,0.05,0.4494954367414668,0.4505210314140108,0.5772113943028486,0.8409389055472264
"mlp_combined_HE=0_CC=0.2_UP=0.2_PR=(0.1,10)_RR=0.5","MLP Combined (HE=0, CC=0.2, UP=0.2, PR=(0.1,10), RR=0.5)",mlp_prevyears_monthly_features_incremental_scaler,own_year,2018,2018,pr_auc,0.8890954883460978,0.907768510253678,-0.0009657822985664755,-0.012719595324008797,0.012393755168370588,-0.0014151875011750594,0.0064315007367632794,2000,percentile,0.05,0.4437468874818259,0.44471266978039237,0.6111944027986007,0.9228522993405258
mlp_prevyears_monthly_features_incremental_scaler_experience_replay_RR_0.2,MLP Prevyears + Monthly (Incremental Scaler + Replay RR=0.2),mlp_prevyears_monthly_features_incremental_scaler,own_year,2018,2018,f1_score,0.9226806099558648,0.907768510253678,-0.005917373484184141,-0.018464272276861923,0.007911302255014659,-0.0058037968226026405,0.006722100727206297,2000,percentile,0.05,0.44460365792982665,0.4505210314140108,0.8050974512743628,0.9682658670664669
mlp_prevyears_monthly_features_incremental_scaler_experience_replay_RR_0.2,MLP Prevyears + Monthly (Incremental Scaler + Replay RR=0.2),mlp_prevyears_monthly_features_incremental_scaler,own_year,2018,2018,pr_auc,0.9226806099558648,0.907768510253678,-0.008530541140525316,-0.019928825184483148,0.003656027483089877,-0.008052263776776411,0.00620217907700534,2000,percentile,0.05,0.43618212863986705,0.44471266978039237,0.8960519740129935,1.0
mlp_prevyears_monthly_features_incremental_scaler_experience_replay_RR_0.2_PR_0.10,"MLP Prevyears + Monthly (Incremental Scaler + Replay RR=0.2, PR=0.10)",mlp_prevyears_monthly_features_incremental_scaler,own_year,2018,2018,f1_score,0.8951874652447346,0.907768510253678,-0.014317218483533956,-0.02457773165114805,-0.005243234258950144,-0.014329646797958234,0.005148108354044423,2000,percentile,0.05,0.43620381293047683,0.4505210314140108,0.9985007496251874,0.9985007496251874
mlp_prevyears_monthly_features_incremental_scaler_experience_replay_RR_0.2_PR_0.10,"MLP Prevyears + Monthly (Incremental Scaler + Replay RR=0.2, PR=0.10)",mlp_prevyears_monthly_features_incremental_scaler,own_year,2018,2018,pr_auc,0.8951874652447346,0.907768510253678,-0.019005735739027474,-0.02938116900208677,-0.008817706899954947,-0.01879792209638746,0.00528143861032577,2000,percentile,0.05,0.4257069340413649,0.44471266978039237,1.0,1.0
mlp_prevyears_monthly_features_incremental_scaler_experience_replay_RR_0.2_PR_0.15,"MLP Prevyears + Monthly (Incremental Scaler + Replay RR=0.2, PR=0.15)",mlp_prevyears_monthly_features_incremental_scaler,own_year,2018,2018,f1_score,0.9030846021841509,0.907768510253678,-0.0067253552638781855,-0.021080052680402077,0.009043962203743228,-0.006877064730206429,0.0077804592343355804,2000,percentile,0.05,0.4437956761501326,0.4505210314140108,0.8205897051474262,0.9682658670664669
mlp_prevyears_monthly_features_incremental_scaler_experience_replay_RR_0.2_PR_0.15,"MLP Prevyears + Monthly (Incremental Scaler + Replay RR=0.2, PR=0.15)",mlp_prevyears_monthly_features_incremental_scaler,own_year,2018,2018,pr_auc,0.9030846021841509,0.907768510253678,-0.014926019820804604,-0.0287589500956548,0.0003998598287708281,-0.015033739798400248,0.0074522594228951565,2000,percentile,0.05,0.42978664995958776,0.44471266978039237,0.9705147426286856,1.0
mlp_prevyears_monthly_features_incremental_scaler_experience_replay_RR_0.3,MLP Prevyears + Monthly (Incremental Scaler + Replay RR=0.3),mlp_prevyears_monthly_features_incremental_scaler,own_year,2018,2018,f1_score,0.9040382410282146,0.907768510253678,0.007768384273691642,-0.002327336392982471,0.019234388383791774,0.007797972183343335,0.005623702496221412,2000,percentile,0.05,0.45828941568770243,0.4505210314140108,0.07646176911544228,0.4542445758252949
mlp_prevyears_monthly_features_incremental_scaler_experience_replay_RR_0.3,MLP Prevyears + Monthly (Incremental Scaler + Replay RR=0.3),mlp_prevyears_monthly_features_incremental_scaler,own_year,2018,2018,pr_auc,0.9040382410282146,0.907768510253678,0.007713842795813608,-0.0018475237496148613,0.01915390081119341,0.007422858122695711,0.0054462316214890045,2000,percentile,0.05,0.452426512576206,0.44471266978039237,0.07746126936531735,0.732902779379541
mlp_prevyears_monthly_features_incremental_scaler_experience_replay_RR_0.3_PR_0.10,"MLP Prevyears + Monthly (Incremental Scaler + Replay RR=0.3, PR=0.10)",mlp_prevyears_monthly_features_incremental_scaler,own_year,2018,2018,f1_score,0.9066625315825738,0.907768510253678,0.001952523252204963,-0.00776169989213925,0.013252154876959181,0.001989009487113713,0.005326416375034705,2000,percentile,0.05,0.45247355466621575,0.4505210314140108,0.35782108945527236,0.6932783608195902
mlp_prevyears_monthly_features_incremental_scaler_experience_replay_RR_0.3_PR_0.10,"MLP Prevyears + Monthly (Incremental Scaler + Replay RR=0.3, PR=0.10)",mlp_prevyears_monthly_features_incremental_scaler,own_year,2018,2018,pr_auc,0.9066625315825738,0.907768510253678,-0.0017564853888630272,-0.014138399857581193,0.011901190969658679,-0.0018955518523650445,0.006645900904578619,2000,percentile,0.05,0.44295618439152934,0.44471266978039237,0.6291854072963519,0.9228522993405258
mlp_prevyears_monthly_features_incremental_scaler_experience_replay_RR_0.3_PR_0.15,"MLP Prevyears + Monthly (Incremental Scaler + Replay RR=0.3, PR=0.15)",mlp_prevyears_monthly_features_incremental_scaler,own_year,2018,2018,f1_score,0.8998606351424626,0.907768510253678,-0.0049021162540664465,-0.014306934536184616,0.00470107334231401,-0.0047220632974413375,0.0048591763382798085,2000,percentile,0.05,0.44561891515994434,0.4505210314140108,0.8305847076461769,0.9682658670664669
mlp_prevyears_monthly_features_incremental_scaler_experience_replay_RR_0.3_PR_0.15,"MLP Prevyears + Monthly (Incremental Scaler + Replay RR=0.3, PR=0.15)",mlp_prevyears_monthly_features_incremental_scaler,own_year,2018,2018,pr_auc,0.8998606351424626,0.907768510253678,-0.006936523096347846,-0.013572030271011818,0.00040035526691255366,-0.0066737399836848494,0.0035962616903253606,2000,percentile,0.05,0.4377761466840445,0.44471266978039237,0.9660169915042479,1.0
mlp_prevyears_monthly_features_incremental_scaler_experience_replay_RR_0.4,MLP Prevyears + Monthly (Incremental Scaler + Replay RR=0.4),mlp_prevyears_monthly_features_incremental_scaler,own_year,2018,2018,f1_score,0.916026174111179,0.907768510253678,-0.006706752831883989,-0.021520541655755013,0.008512299048262346,-0.006707729857457035,0.007688864930724423,2000,percentile,0.05,0.4438142785821268,0.4505210314140108,0.8075962018990505,0.9682658670664669
mlp_prevyears_monthly_features_incremental_scaler_experience_replay_RR_0.4,MLP Prevyears + Monthly (Incremental Scaler + Replay RR=0.4),mlp_prevyears_monthly_features_incremental_scaler,own_year,2018,2018,pr_auc,0.916026174111179,0.907768510253678,-0.003815235747637924,-0.013869245229002663,0.005862887350163287,-0.00394914615425607,0.005074833358934648,2000,percentile,0.05,0.44089743403275444,0.44471266978039237,0.7956021989005497,0.9425605668503327
mlp_prevyears_monthly_features_incremental_scaler_experience_replay_RR_0.4_PR_0.10,"MLP Prevyears + Monthly (Incremental Scaler + Replay RR=0.4, PR=0.10)",mlp_prevyears_monthly_features_incremental_scaler,own_year,2018,2018,f1_score,0.927573393666524,0.907768510253678,-0.0008811683841371543,-0.009733473183541595,0.010363220990319617,-0.0006030522043435117,0.005060898918115621,2000,percentile,0.05,0.44963986302987363,0.4505210314140108,0.5642178910544727,0.8409389055472264
mlp_prevyears_monthly_features_incremental_scaler_experience_replay_RR_0.4_PR_0.10,"MLP Prevyears + Monthly (Incremental Scaler + Replay RR=0.4, PR=0.10)",mlp_prevyears_monthly_features_incremental_scaler,own_year,2018,2018,pr_auc,0.927573393666524,0.907768510253678,-0.0006134396699679634,-0.008027408819420326,0.00796915255073179,-0.00029696640298570575,0.004057911624296072,2000,percentile,0.05,0.4440992301104244,0.44471266978039237,0.5422288855572214,0.8925183425986122
mlp_prevyears_monthly_features_incremental_scaler_experience_replay_RR_0.4_PR_0.15,"MLP Prevyears + Monthly (Incremental Scaler + Replay RR=0.4, PR=0.15)",mlp_prevyears_monthly_features_incremental_scaler,own_year,2018,2018,f1_score,0.8932935017610646,0.907768510253678,0.0067527371999639985,-0.0010534324954193375,0.014674468772770394,0.006878988727629656,0.004114040878900541,2000,percentile,0.05,0.4572737686139748,0.4505210314140108,0.04597701149425287,0.4542445758252949
mlp_prevyears_monthly_features_incremental_scaler_experience_replay_RR_0.4_PR_0.15,"MLP Prevyears + Monthly (Incremental Scaler + Replay RR=0.4, PR=0.15)",mlp_prevyears_monthly_features_incremental_scaler,own_year,2018,2018,pr_auc,0.8932935017610646,0.907768510253678,0.002984037026241837,-0.0038553013449740088,0.010038843806065333,0.003238959115783718,0.003524477120938955,2000,percentile,0.05,0.4476967068066342,0.44471266978039237,0.1839080459770115,0.732902779379541
mlp_prevyears_monthly_features_incremental_scaler_experience_replay_RR_0.5,MLP Prevyears + Monthly (Incremental Scaler + Replay RR=0.5),mlp_prevyears_monthly_features_incremental_scaler,own_year,2018,2018,f1_score,0.8984206690973232,0.907768510253678,-0.017067261349448803,-0.02900815965458678,-0.004079189099125096,-0.01687342614765872,0.006239610801598191,2000,percentile,0.05,0.433453770064562,0.4505210314140108,0.9950024987506247,0.9985007496251874
mlp_prevyears_monthly_features_incremental_scaler_experience_replay_RR_0.5,MLP Prevyears + Monthly (Incremental Scaler + Replay RR=0.5),mlp_prevyears_monthly_features_incremental_scaler,own_year,2018,2018,pr_auc,0.8984206690973232,0.907768510253678,-0.018801932875864513,-0.028742852423146652,-0.008664996182414675,-0.018638591530689693,0.005169873875475402,2000,percentile,0.05,0.42591073690452785,0.44471266978039237,0.9995002498750625,1.0
mlp_prevyears_monthly_features_incremental_scaler_experience_replay_RR_0.5_PR_0.10,"MLP Prevyears + Monthly (Incremental Scaler + Replay RR=0.5, PR=0.10)",mlp_prevyears_monthly_features_incremental_scaler,own_year,2018,2018,f1_score,0.9197327243171926,0.907768510253678,-0.002615034467563948,-0.010926500385393837,0.006764116909132667,-0.002470916408823708,0.004564964928053543,2000,percentile,0.05,0.44790599694644684,0.4505210314140108,0.7116441779110445,0.9334628460417679
mlp_prevyears_monthly_features_incremental_scaler_experience_replay_RR_0.5_PR_0.10,"MLP Prevyears + Monthly (Incremental Scaler + Replay RR=0.5, PR=0.10)",mlp_prevyears_monthly_features_incremental_scaler,own_year,2018,2018,pr_auc,0.9197327243171926,0.907768510253678,-0.003278006468963701,-0.013016818949858448,0.007508665062330769,-0.0035489617514859236,0.005286723186585763,2000,percentile,0.05,0.44143466331142867,0.44471266978039237,0.7511244377811095,0.9228522993405258
mlp_prevyears_monthly_features_incremental_scaler_experience_replay_RR_0.5_PR_0.15,"MLP Prevyears + Monthly (Incremental Scaler + Replay RR=0.5, PR=0.15)",mlp_prevyears_monthly_features_incremental_scaler,own_year,2018,2018,f1_score,0.9181787218898467,0.907768510253678,0.002492449949986042,-0.007336699998578461,0.01585117461512976,0.0025465155762126814,0.00587537538890237,2000,percentile,0.05,0.45301348136399683,0.4505210314140108,0.3748125937031484,0.7113790043753633
mlp_prevyears_monthly_features_incremental_scaler_experience_replay_RR_0.5_PR_0.15,"MLP Prevyears + Monthly (Incremental Scaler + Replay RR=0.5, PR=0.15)",mlp_prevyears_monthly_features_incremental_scaler,own_year,2018,2018,pr_auc,0.9181787218898467,0.907768510253678,-0.0014164701710190353,-0.013044945607712684,0.010009332067832654,-0.0013534449102236153,0.005793626090852069,2000,percentile,0.05,0.44329619960937333,0.44471266978039237,0.5902048975512244,0.9228522993405258
mlp_prevyears_monthly_features_incremental_scaler_experience_replay_confidently_correct_memory_RR_0.2,MLP Prevyears + Monthly (Incremental Scaler + Replay Confidently Correct RR=0.2),mlp_prevyears_monthly_features_incremental_scaler,own_year,2018,2018,f1_score,0.8835039210927852,0.907768510253678,-0.005126205853895949,-0.012637455775876317,0.004138815553370018,-0.004860152865269142,0.004258903417077995,2000,percentile,0.05,0.44539482556011484,0.4505210314140108,0.8745627186406797,0.9682658670664669
mlp_prevyears_monthly_features_incremental_scaler_experience_replay_confidently_correct_memory_RR_0.2,MLP Prevyears + Monthly (Incremental Scaler + Replay Confidently Correct RR=0.2),mlp_prevyears_monthly_features_incremental_scaler,own_year,2018,2018,pr_auc,0.8835039210927852,0.907768510253678,-0.006472834368852154,-0.01494585359853614,0.002421553305370012,-0.0062545387432824595,0.004340936152580552,2000,percentile,0.05,0.4382398354115402,0.44471266978039237,0.9255372313843079,1.0
mlp_prevyears_monthly_features_incremental_scaler_experience_replay_confidently_correct_memory_RR_0.3,MLP Prevyears + Monthly (Incremental Scaler + Replay Confidently Correct RR=0.3),mlp_prevyears_monthly_features_incremental_scaler,own_year,2018,2018,f1_score,0.9019599042865214,0.907768510253678,-0.001017605742203942,-0.011042562177879751,0.008248287894596189,-0.0010359406938274716,0.0049628135502176795,2000,percentile,0.05,0.44950342567180684,0.4505210314140108,0.5652173913043478,0.8409389055472264
mlp_prevyears_monthly_features_incremental_scaler_experience_replay_confidently_correct_memory_RR_0.3,MLP Prevyears + Monthly (Incremental Scaler + Replay Confidently Correct RR=0.3),mlp_prevyears_monthly_features_incremental_scaler,own_year,2018,2018,pr_auc,0.9019599042865214,0.907768510253678,0.000736596698841907,-0.008536091638354537,0.00979901400372501,0.0005372320108927602,0.0046601594471263755,2000,percentile,0.05,0.4454492664792343,0.44471266978039237,0.4607696151924038,0.826750086495214
mlp_prevyears_monthly_features_incremental_scaler_experience_replay_confidently_correct_memory_RR_0.4,MLP Prevyears + Monthly (Incremental Scaler + Replay Confidently Correct RR=0.4),mlp_prevyears_monthly_features_incremental_scaler,own_year,2018,2018,f1_score,0.8864082959197579,0.907768510253678,0.00021726027459983976,-0.007984800534855296,0.010647657867244916,0.0003361895800874901,0.004779917553582201,2000,percentile,0.05,0.4507382916886106,0.4505210314140108,0.5027486256871564,0.8235356006207422
mlp_prevyears_monthly_features_incremental_scaler_experience_replay_confidently_correct_memory_RR_0.4,MLP Prevyears + Monthly (Incremental Scaler + Replay Confidently Correct RR=0.4),mlp_prevyears_monthly_features_incremental_scaler,own_year,2018,2018,pr_auc,0.8864082959197579,0.907768510253678,-0.0023539573529580138,-0.009899588136119849,0.005251691350656844,-0.0023269532945714086,0.0038703873924875033,2000,percentile,0.05,0.44235871242743435,0.44471266978039237,0.7336331834082959,0.9228522993405258
mlp_prevyears_monthly_features_incremental_scaler_experience_replay_confidently_correct_memory_RR_0.5,MLP Prevyears + Monthly (Incremental Scaler + Replay Confidently Correct RR=0.5),mlp_prevyears_monthly_features_incremental_scaler,own_year,2018,2018,f1_score,0.9329182792123143,0.907768510253678,-0.0012378665718341675,-0.009333175620055516,0.008331425495131939,-0.001030408008187166,0.004447334037659837,2000,percentile,0.05,0.4492831648421766,0.4505210314140108,0.616191904047976,0.8748984286482713
mlp_prevyears_monthly_features_incremental_scaler_experience_replay_confidently_correct_memory_RR_0.5,MLP Prevyears + Monthly (Incremental Scaler + Replay Confidently Correct RR=0.5),mlp_prevyears_monthly_features_incremental_scaler,own_year,2018,2018,pr_auc,0.9329182792123143,0.907768510253678,-0.0018293467414111086,-0.008700246551406426,0.005233386810123463,-0.001753264727848405,0.0035075201795624336,2000,percentile,0.05,0.44288332303898126,0.44471266978039237,0.6981509245377311,0.9228522993405258
mlp_prevyears_monthly_features_incremental_scaler_experience_replay_hard_example_mining_RR_0.2,MLP Prevyears + Monthly (Incremental Scaler + Replay Hard Example Mining RR=0.2),mlp_prevyears_monthly_features_incremental_scaler,own_year,2018,2018,f1_score,0.9150335744849366,0.907768510253678,0.003848950056032474,-0.0025562331897679784,0.011019879905093776,0.004015808036291515,0.003500787534560842,2000,percentile,0.05,0.45436998147004326,0.4505210314140108,0.11944027986006997,0.4542445758252949
mlp_prevyears_monthly_features_incremental_scaler_experience_replay_hard_example_mining_RR_0.2,MLP Prevyears + Monthly (Incremental Scaler + Replay Hard Example Mining RR=0.2),mlp_prevyears_monthly_features_incremental_scaler,own_year,2018,2018,pr_auc,0.9150335744849366,0.907768510253678,0.0031347245595654827,-0.004173486678341676,0.010872993524131134,0.003396659303703197,0.003962232739867501,2000,percentile,0.05,0.44784739433995785,0.44471266978039237,0.19440279860069964,0.732902779379541
mlp_prevyears_monthly_features_incremental_scaler_experience_replay_hard_example_mining_RR_0.3,MLP Prevyears + Monthly (Incremental Scaler + Replay Hard Example Mining RR=0.3),mlp_prevyears_monthly_features_incremental_scaler,own_year,2018,2018,f1_score,0.9095481566122262,0.907768510253678,-0.002760425831295099,-0.013202766023155819,0.007162355853753618,-0.0028044068552828573,0.005288986571633828,2000,percentile,0.05,0.4477606055827157,0.4505210314140108,0.697151424287856,0.9328788842988578
mlp_prevyears_monthly_features_incremental_scaler_experience_replay_hard_example_mining_RR_0.3,MLP Prevyears + Monthly (Incremental Scaler + Replay Hard Example Mining RR=0.3),mlp_prevyears_monthly_features_incremental_scaler,own_year,2018,2018,pr_auc,0.9095481566122262,0.907768510253678,-0.009816676717992134,-0.02033906283014964,0.0011425835655269083,-0.009749175144642233,0.005477480840146107,2000,percentile,0.05,0.43489599306240023,0.44471266978039237,0.9655172413793104,1.0
mlp_prevyears_monthly_features_incremental_scaler_experience_replay_hard_example_mining_RR_0.4,MLP Prevyears + Monthly (Incremental Scaler + Replay Hard Example Mining RR=0.4),mlp_prevyears_monthly_features_incremental_scaler,own_year,2018,2018,f1_score,0.9016003873315855,0.907768510253678,-0.010236671224437333,-0.019024505409139095,-0.0003302540253840038,-0.009931168915044423,0.004792122938098471,2000,percentile,0.05,0.44028436018957345,0.4505210314140108,0.9795102448775612,0.9985007496251874
mlp_prevyears_monthly_features_incremental_scaler_experience_replay_hard_example_mining_RR_0.4,MLP Prevyears + Monthly (Incremental Scaler + Replay Hard Example Mining RR=0.4),mlp_prevyears_monthly_features_incremental_scaler,own_year,2018,2018,pr_auc,0.9016003873315855,0.907768510253678,-0.012110896506999869,-0.021123043622705936,-0.003017849909547238,-0.011895014246460722,0.004533041445458736,2000,percentile,0.05,0.4326017732733925,0.44471266978039237,0.9960019990004998,1.0
mlp_prevyears_monthly_features_incremental_scaler_experience_replay_hard_example_mining_RR_0.5,MLP Prevyears + Monthly (Incremental Scaler + Replay Hard Example Mining RR=0.5),mlp_prevyears_monthly_features_incremental_scaler,own_year,2018,2018,f1_score,0.9107851196784318,0.907768510253678,-0.001044017577679246,-0.011742450711052996,0.011810402529769188,-0.0009057277158739797,0.006014998947321187,2000,percentile,0.05,0.44947701383633154,0.4505210314140108,0.5787106446776612,0.8409389055472264
mlp_prevyears_monthly_features_incremental_scaler_experience_replay_hard_example_mining_RR_0.5,MLP Prevyears + Monthly (Incremental Scaler + Replay Hard Example Mining RR=0.5),mlp_prevyears_monthly_features_incremental_scaler,own_year,2018,2018,pr_auc,0.9107851196784318,0.907768510253678,-0.002855232750849479,-0.013835661375037106,0.008750807691993257,-0.0032019597477167885,0.0059902872240350895,2000,percentile,0.05,0.4418574370295429,0.44471266978039237,0.7176411794102948,0.9228522993405258
mlp_prevyears_monthly_features_incremental_scaler_experience_replay_uncertainity_prioritization_RR_0.2,MLP Prevyears + Monthly (Incremental Scaler + Replay Uncertainty Prioritization RR=0.2),mlp_prevyears_monthly_features_incremental_scaler,own_year,2018,2018,f1_score,0.9437756094619373,0.907768510253678,0.0015334897298954764,-0.00858191860834629,0.015719893911738305,0.001786683040839045,0.00626532427772126,2000,percentile,0.05,0.45205452114390626,0.4505210314140108,0.4217891054472764,0.7691448393450333
mlp_prevyears_monthly_features_incremental_scaler_experience_replay_uncertainity_prioritization_RR_0.2,MLP Prevyears + Monthly (Incremental Scaler + Replay Uncertainty Prioritization RR=0.2),mlp_prevyears_monthly_features_incremental_scaler,own_year,2018,2018,pr_auc,0.9437756094619373,0.907768510253678,0.00045334284130782443,-0.008328006179219761,0.01088057437100142,0.0008616694483756456,0.0049415673746839184,2000,percentile,0.05,0.4451660126217002,0.44471266978039237,0.43728135932033985,0.820015734706904
mlp_prevyears_monthly_features_incremental_scaler_experience_replay_uncertainity_prioritization_RR_0.3,MLP Prevyears + Monthly (Incremental Scaler + Replay Uncertainty Prioritization RR=0.3),mlp_prevyears_monthly_features_incremental_scaler,own_year,2018,2018,f1_score,0.9236843575815233,0.907768510253678,-0.008168274032351652,-0.017747835741787062,0.0022634638222502846,-0.008061160840207521,0.004935427802525735,2000,percentile,0.05,0.44235275738165913,0.4505210314140108,0.9470264867566217,0.9985007496251874
mlp_prevyears_monthly_features_incremental_scaler_experience_replay_uncertainity_prioritization_RR_0.3,MLP Prevyears + Monthly (Incremental Scaler + Replay Uncertainty Prioritization RR=0.3),mlp_prevyears_monthly_features_incremental_scaler,own_year,2018,2018,pr_auc,0.9236843575815233,0.907768510253678,-0.008936558990024546,-0.016253746384474924,-0.0012583766086683309,-0.008697416189723082,0.003804226583321402,2000,percentile,0.05,0.4357761107903678,0.44471266978039237,0.9875062468765617,1.0
mlp_prevyears_monthly_features_incremental_scaler_experience_replay_uncertainity_prioritization_RR_0.4,MLP Prevyears + Monthly (Incremental Scaler + Replay Uncertainty Prioritization RR=0.4),mlp_prevyears_monthly_features_incremental_scaler,own_year,2018,2018,f1_score,0.9141368374601839,0.907768510253678,-0.00446151763259367,-0.016487049372559077,0.006839682336739154,-0.004480034354218929,0.005937926362418713,2000,percentile,0.05,0.4460595137814171,0.4505210314140108,0.7756121939030485,0.9682658670664669
mlp_prevyears_monthly_features_incremental_scaler_experience_replay_uncertainity_prioritization_RR_0.4,MLP Prevyears + Monthly (Incremental Scaler + Replay Uncertainty Prioritization RR=0.4),mlp_prevyears_monthly_features_incremental_scaler,own_year,2018,2018,pr_auc,0.9141368374601839,0.907768510253678,-0.004207552318344021,-0.011817763486023283,0.002637125767348304,-0.004260084695259888,0.0036510755925571255,2000,percentile,0.05,0.44050511746204835,0.44471266978039237,0.8840579710144928,1.0
mlp_prevyears_monthly_features_incremental_scaler_experience_replay_uncertainity_prioritization_RR_0.5,MLP Prevyears + Monthly (Incremental Scaler + Replay Uncertainty Prioritization RR=0.5),mlp_prevyears_monthly_features_incremental_scaler,own_year,2018,2018,f1_score,0.9256028583643758,0.907768510253678,-0.006494763124137881,-0.020315400891600315,0.005755933949867979,-0.006682983256508601,0.006593241301757759,2000,percentile,0.05,0.4440262682898729,0.4505210314140108,0.8510744627686156,0.9682658670664669
mlp_prevyears_monthly_features_incremental_scaler_experience_replay_uncertainity_prioritization_RR_0.5,MLP Prevyears + Monthly (Incremental Scaler + Replay Uncertainty Prioritization RR=0.5),mlp_prevyears_monthly_features_incremental_scaler,own_year,2018,2018,pr_auc,0.9256028583643758,0.907768510253678,-0.008082188564646264,-0.018767038901437542,0.002362262986157158,-0.008487861738593037,0.005431708586078753,2000,percentile,0.05,0.4366304812157461,0.44471266978039237,0.9390304847576212,1.0
mlp_prevyears_monthly_features_incremental_scaler_missclassification_buffer_RR_0.3,MLP Prevyears + Monthly (Incremental Scaler + Misclassification Buffer RR=0.3),mlp_prevyears_monthly_features_incremental_scaler,own_year,2018,2018,f1_score,0.8997982883704229,0.907768510253678,-0.004235919727691162,-0.013797683894874926,0.007426072678704928,-0.003912055235394085,0.005416323898464385,2000,percentile,0.05,0.4462851116863196,0.4505210314140108,0.776111944027986,0.9682658670664669
mlp_prevyears_monthly_features_incremental_scaler_missclassification_buffer_RR_0.3,MLP Prevyears + Monthly (Incremental Scaler + Misclassification Buffer RR=0.3),mlp_prevyears_monthly_features_incremental_scaler,own_year,2018,2018,pr_auc,0.8997982883704229,0.907768510253678,-0.007590623831026988,-0.016121896859727383,0.0023391390041488974,-0.007307999767527422,0.004750771148627886,2000,percentile,0.05,0.4371220459493654,0.44471266978039237,0.9335332333833083,1.0
"mlp_combined_HE=0.1_CC=0.1_UP=0.1_PR=(0.2,10)_RR=0.5","MLP Combined (HE=0.1, CC=0.1, UP=0.1, PR=(0.2,10), RR=0.5)",mlp_prevyears_monthly_features_incremental_scaler,own_year,2019,2019,f1_score,0.9189527365352477,0.9022646063011852,0.0070674551831875765,-0.00789671405085166,0.0282574554141693,0.00699585724790302,0.009680971031569445,2000,percentile,0.05,0.47586551264980026,0.4687980574666127,0.2983508245877061,0.6235197008237453
"mlp_combined_HE=0.1_CC=0.1_UP=0.1_PR=(0.2,10)_RR=0.5","MLP Combined (HE=0.1, CC=0.1, UP=0.1, PR=(0.2,10), RR=0.5)",mlp_prevyears_monthly_features_incremental_scaler,own_year,2019,2019,pr_auc,0.9189527365352477,0.9022646063011852,0.008886982620389505,-0.010087903409547298,0.03576632759384158,0.008613849985052364,0.012262154413982446,2000,percentile,0.05,0.4345693698634399,0.4256823872430504,0.3023488255872064,0.732902779379541
"mlp_combined_HE=0_CC=0.15_UP=0_PR=(0,10)_MC=0.1_RWS=1_RR=0.4","MLP Combined (HE=0, CC=0.15, UP=0, PR=(0,10), MC=0.1, RWS=1, RR=0.4)",mlp_prevyears_monthly_features_incremental_scaler,own_year,2019,2019,f1_score,0.9150412432675369,0.9022646063011852,-0.001480695739313087,-0.008111439197195574,0.005079441183136434,-0.001486221752467811,0.0034021047818137925,2000,percentile,0.05,0.4673173617272996,0.4687980574666127,0.670664667666167,0.917232560190493
"mlp_combined_HE=0_CC=0.15_UP=0_PR=(0,10)_MC=0.1_RWS=1_RR=0.4","MLP Combined (HE=0, CC=0.15, UP=0, PR=(0,10), MC=0.1, RWS=1, RR=0.4)",mlp_prevyears_monthly_features_incremental_scaler,own_year,2019,2019,pr_auc,0.9150412432675369,0.9022646063011852,0.00433723151558546,-0.0037822573384897,0.012450662405309166,0.004265149910862933,0.004099617432242427,2000,percentile,0.05,0.43001961875863587,0.4256823872430504,0.14392803598200898,0.732902779379541
"mlp_combined_HE=0_CC=0.1_UP=0.1_PR=(0,10)_MC=0.1_RWS=1_RR=0.5","MLP Combined (HE=0, CC=0.1, UP=0.1, PR=(0,10), MC=0.1, RWS=1, RR=0.5)",mlp_prevyears_monthly_features_incremental_scaler,own_year,2019,2019,f1_score,0.9083142311139826,0.9022646063011852,7.071891355575621e-05,-0.006543286431106287,0.006439650175103446,2.740375878925158e-05,0.0033278991714614115,2000,percentile,0.05,0.46886877638016844,0.4687980574666127,0.48425787106446777,0.8108535018205183
"mlp_combined_HE=0_CC=0.1_UP=0.1_PR=(0,10)_MC=0.1_RWS=1_RR=0.5","MLP Combined (HE=0, CC=0.1, UP=0.1, PR=(0,10), MC=0.1, RWS=1, RR=0.5)",mlp_prevyears_monthly_features_incremental_scaler,own_year,2019,2019,pr_auc,0.9083142311139826,0.9022646063011852,-0.00013224216380908205,-0.006662330827495809,0.007048361566379504,-0.00014132333343911676,0.0035218208249179067,2000,percentile,0.05,0.4255501450792413,0.4256823872430504,0.5222388805597201,0.8896980081387879
"mlp_combined_HE=0_CC=0.1_UP=0.2_PR=(0.1,10)_RR=0.5","MLP Combined (HE=0, CC=0.1, UP=0.2, PR=(0.1,10), RR=0.5)",mlp_prevyears_monthly_features_incremental_scaler,own_year,2019,2019,f1_score,0.9115587906273842,0.9022646063011852,0.0005604763249107969,-0.010580501263956984,0.01494676109456361,0.0005221772538206185,0.006725064104165255,2000,percentile,0.05,0.4693585337915235,0.4687980574666127,0.48825587206396803,0.8108535018205183
"mlp_combined_HE=0_CC=0.1_UP=0.2_PR=(0.1,10)_RR=0.5","MLP Combined (HE=0, CC=0.1, UP=0.2, PR=(0.1,10), RR=0.5)",mlp_prevyears_monthly_features_incremental_scaler,own_year,2019,2019,pr_auc,0.9115587906273842,0.9022646063011852,0.005459544545052375,-0.008665918974414297,0.02421424309523541,0.005264657733735267,0.008951473545161117,2000,percentile,0.05,0.4311419317881028,0.4256823872430504,0.3278360819590205,0.7447347754694081
"mlp_combined_HE=0_CC=0.2_UP=0.1_PR=(0.2,10)_RR=0.5","MLP Combined (HE=0, CC=0.2, UP=0.1, PR=(0.2,10), RR=0.5)",mlp_prevyears_monthly_features_incremental_scaler,own_year,2019,2019,f1_score,0.8993037476270945,0.9022646063011852,0.009979805405732012,-0.00698032874644023,0.03215524339289166,0.009896547804027225,0.010570560085980021,2000,percentile,0.05,0.4787778628723447,0.4687980574666127,0.21139430284857572,0.5730311314930769
"mlp_combined_HE=0_CC=0.2_UP=0.1_PR=(0.2,10)_RR=0.5","MLP Combined (HE=0, CC=0.2, UP=0.1, PR=(0.2,10), RR=0.5)",mlp_prevyears_monthly_features_incremental_scaler,own_year,2019,2019,pr_auc,0.8993037476270945,0.9022646063011852,0.015259094190469613,-0.006560714455165905,0.0471053603844035,0.014946173283471547,0.014866042630419235,2000,percentile,0.05,0.44094148143352,0.4256823872430504,0.20889555222388806,0.732902779379541
"mlp_combined_HE=0_CC=0.2_UP=0.2_PR=(0.1,10)_RR=0.5","MLP Combined (HE=0, CC=0.2, UP=0.2, PR=(0.1,10), RR=0.5)",mlp_prevyears_monthly_features_incremental_scaler,own_year,2019,2019,f1_score,0.8869378029873003,0.9022646063011852,0.004063065507377117,-0.006626041929738138,0.017006035548618192,0.004061308410344218,0.006160120793320864,2000,percentile,0.05,0.4728611229739898,0.4687980574666127,0.2843578210894553,0.6079374106050424
"mlp_combined_HE=0_CC=0.2_UP=0.2_PR=(0.1,10)_RR=0.5","MLP Combined (HE=0, CC=0.2, UP=0.2, PR=(0.1,10), RR=0.5)",mlp_prevyears_monthly_features_incremental_scaler,own_year,2019,2019,pr_auc,0.8869378029873003,0.9022646063011852,0.0066510048853183346,-0.006410021460400148,0.023610254426510206,0.006383168463494858,0.007900963867167978,2000,percentile,0.05,0.43233339212836874,0.4256823872430504,0.2448775612193903,0.732902779379541
mlp_prevyears_monthly_features_incremental_scaler_experience_replay_RR_0.2,MLP Prevyears + Monthly (Incremental Scaler + Replay RR=0.2),mlp_prevyears_monthly_features_incremental_scaler,own_year,2019,2019,f1_score,0.9151660545409922,0.9022646063011852,0.00031335546502497813,-0.014456325938759066,0.0178033977700318,0.00018283489826080343,0.00828913945849836,2000,percentile,0.05,0.46911141293163766,0.4687980574666127,0.5157421289355323,0.8341568346261653
mlp_prevyears_monthly_features_incremental_scaler_experience_replay_RR_0.2,MLP Prevyears + Monthly (Incremental Scaler + Replay RR=0.2),mlp_prevyears_monthly_features_incremental_scaler,own_year,2019,2019,pr_auc,0.9151660545409922,0.9022646063011852,0.0022393166565660705,-0.01383694949516749,0.02299994073362875,0.0020769494004464484,0.009637132311585155,2000,percentile,0.05,0.4279217038996165,0.4256823872430504,0.4452773613193403,0.820015734706904
mlp_prevyears_monthly_features_incremental_scaler_experience_replay_RR_0.2_PR_0.10,"MLP Prevyears + Monthly (Incremental Scaler + Replay RR=0.2, PR=0.10)",mlp_prevyears_monthly_features_incremental_scaler,own_year,2019,2019,f1_score,0.9043087108225907,0.9022646063011852,-0.0023653757541692855,-0.016079474352718295,0.015304182042130464,-0.0023802370119255937,0.008370028922396454,2000,percentile,0.05,0.4664326817124434,0.4687980574666127,0.6271864067966016,0.8771178320614128
mlp_prevyears_monthly_features_incremental_scaler_experience_replay_RR_0.2_PR_0.10,"MLP Prevyears + Monthly (Incremental Scaler + Replay RR=0.2, PR=0.10)",mlp_prevyears_monthly_features_incremental_scaler,own_year,2019,2019,pr_auc,0.9043087108225907,0.9022646063011852,0.002508542631686539,-0.012407676870080184,0.021071773739355065,0.0022829404425464203,0.008987266247908736,2000,percentile,0.05,0.42819092987473695,0.4256823872430504,0.41629185407296354,0.8065654672663669
mlp_prevyears_monthly_features_incremental_scaler_experience_replay_RR_0.2_PR_0.15,"MLP Prevyears + Monthly (Incremental Scaler + Replay RR=0.2, PR=0.15)",mlp_prevyears_monthly_features_incremental_scaler,own_year,2019,2019,f1_score,0.9025495485345202,0.9022646063011852,0.007198904953599539,-0.008906441796129313,0.029147882287255775,0.0070732488312579035,0.01029561871785875,2000,percentile,0.05,0.4759969624202122,0.4687980574666127,0.2983508245877061,0.6235197008237453
mlp_prevyears_monthly_features_incremental_scaler_experience_replay_RR_0.2_PR_0.15,"MLP Prevyears + Monthly (Incremental Scaler + Replay RR=0.2, PR=0.15)",mlp_prevyears_monthly_features_incremental_scaler,own_year,2019,2019,pr_auc,0.9025495485345202,0.9022646063011852,0.01338093761978748,-0.008489764448094088,0.044362422019573994,0.012940972187384093,0.014645305175464123,2000,percentile,0.05,0.4390633248628379,0.4256823872430504,0.2613693153423288,0.732902779379541
mlp_prevyears_monthly_features_incremental_scaler_experience_replay_RR_0.3,MLP Prevyears + Monthly (Incremental Scaler + Replay RR=0.3),mlp_prevyears_monthly_features_incremental_scaler,own_year,2019,2019,f1_score,0.9151322030595279,0.9022646063011852,-0.0003612570983579366,-0.005708343906457259,0.00523234396101138,-0.00040428441719541464,0.0028085797529934036,2000,percentile,0.05,0.46843680036825475,0.4687980574666127,0.5647176411794103,0.8409389055472264
mlp_prevyears_monthly_features_incremental_scaler_experience_replay_RR_0.3,MLP Prevyears + Monthly (Incremental Scaler + Replay RR=0.3),mlp_prevyears_monthly_features_incremental_scaler,own_year,2019,2019,pr_auc,0.9151322030595279,0.9022646063011852,-0.00046894798450386466,-0.0064816604641977525,0.0058091871682576565,-0.00039278653866889676,0.0031658297370109525,2000,percentile,0.05,0.42521343925854654,0.4256823872430504,0.5517241379310345,0.9001814882032668
mlp_prevyears_monthly_features_incremental_scaler_experience_replay_RR_0.3_PR_0.10,"MLP Prevyears + Monthly (Incremental Scaler + Replay RR=0.3, PR=0.10)",mlp_prevyears_monthly_features_incremental_scaler,own_year,2019,2019,f1_score,0.915679686504403,0.9022646063011852,0.007553782523469332,-0.01171718016925105,0.03090256002773924,0.007467219190653165,0.010926175685139561,2000,percentile,0.05,0.476351839990082,0.4687980574666127,0.2613693153423288,0.5730311314930769
mlp_prevyears_monthly_features_incremental_scaler_experience_replay_RR_0.3_PR_0.10,"MLP Prevyears + Monthly (Incremental Scaler + Replay RR=0.3, PR=0.10)",mlp_prevyears_monthly_features_incremental_scaler,own_year,2019,2019,pr_auc,0.915679686504403,0.9022646063011852,0.016879296141006528,-0.004698513028976032,0.048093097467821616,0.01636945808172301,0.014225272200535773,2000,percentile,0.05,0.44256168338405694,0.4256823872430504,0.12493753123438281,0.732902779379541
mlp_prevyears_monthly_features_incremental_scaler_experience_replay_RR_0.3_PR_0.15,"MLP Prevyears + Monthly (Incremental Scaler + Replay RR=0.3, PR=0.15)",mlp_prevyears_monthly_features_incremental_scaler,own_year,2019,2019,f1_score,0.9147601443811956,0.9022646063011852,-0.0029099452883887267,-0.011271686353467822,0.0056096800413037795,-0.0029278773011703167,0.004297273272750669,2000,percentile,0.05,0.46588811217822396,0.4687980574666127,0.7486256871564217,0.9603060538696168
mlp_prevyears_monthly_features_incremental_scaler_experience_replay_RR_0.3_PR_0.15,"MLP Prevyears + Monthly (Incremental Scaler + Replay RR=0.3, PR=0.15)",mlp_prevyears_monthly_features_incremental_scaler,own_year,2019,2019,pr_auc,0.9147601443811956,0.9022646063011852,-0.003825463754706604,-0.012409006286351294,0.005866034864118643,-0.003861251335553704,0.004714545905132689,2000,percentile,0.05,0.4218569234883438,0.4256823872430504,0.791104447776112,0.9425605668503327
mlp_prevyears_monthly_features_incremental_scaler_experience_replay_RR_0.4,MLP Prevyears + Monthly (Incremental Scaler + Replay RR=0.4),mlp_prevyears_monthly_features_incremental_scaler,own_year,2019,2019,f1_score,0.8940396364764839,0.9022646063011852,-0.005941153491026363,-0.015714434721548123,0.0031665760032841958,-0.005973178997463112,0.004790767627075153,2000,percentile,0.05,0.4628569039755863,0.4687980574666127,0.8975512243878061,0.9820266337419525
mlp_prevyears_monthly_features_incremental_scaler_experience_replay_RR_0.4,MLP Prevyears + Monthly (Incremental Scaler + Replay RR=0.4),mlp_prevyears_monthly_features_incremental_scaler,own_year,2019,2019,pr_auc,0.8940396364764839,0.9022646063011852,-0.003922975411533081,-0.012727368915208323,0.003991121597530386,-0.004109028242750821,0.00419936123745481,2000,percentile,0.05,0.42175941183151733,0.4256823872430504,0.8355822088955522,0.9836600686998274
mlp_prevyears_monthly_features_incremental_scaler_experience_replay_RR_0.4_PR_0.10,"MLP Prevyears + Monthly (Incremental Scaler + Replay RR=0.4, PR=0.10)",mlp_prevyears_monthly_features_incremental_scaler,own_year,2019,2019,f1_score,0.9271573461922767,0.9022646063011852,0.005328865532353622,-0.008994879105392652,0.02647962305346549,0.0052389218757744145,0.00966947577307899,2000,percentile,0.05,0.4741269229989663,0.4687980574666127,0.3488255872063968,0.6829637812672611
mlp_prevyears_monthly_features_incremental_scaler_experience_replay_RR_0.4_PR_0.10,"MLP Prevyears + Monthly (Incremental Scaler + Replay RR=0.4, PR=0.10)",mlp_prevyears_monthly_features_incremental_scaler,own_year,2019,2019,pr_auc,0.9271573461922767,0.9022646063011852,0.0072933400892287725,-0.00854835536568017,0.028372593072199175,0.007081326423075083,0.010011284210242964,2000,percentile,0.05,0.4329757273322792,0.4256823872430504,0.2818590704647676,0.732902779379541
mlp_prevyears_monthly_features_incremental_scaler_experience_replay_RR_0.4_PR_0.15,"MLP Prevyears + Monthly (Incremental Scaler + Replay RR=0.4, PR=0.15)",mlp_prevyears_monthly_features_incremental_scaler,own_year,2019,2019,f1_score,0.9153341091083853,0.9022646063011852,0.007948080881271802,-0.000474483607173512,0.015646865723342538,0.007731474734511607,0.004120599533040773,2000,percentile,0.05,0.4767461383478845,0.4687980574666127,0.031984007996002,0.4542445758252949
mlp_prevyears_monthly_features_incremental_scaler_experience_replay_RR_0.4_PR_0.15,"MLP Prevyears + Monthly (Incremental Scaler + Replay RR=0.4, PR=0.15)",mlp_prevyears_monthly_features_incremental_scaler,own_year,2019,2019,pr_auc,0.9153341091083853,0.9022646063011852,0.012658787546987127,0.0017863500730766063,0.02611216646248876,0.012323867256618829,0.006359170795150878,2000,percentile,0.05,0.43834117479003754,0.4256823872430504,0.00849575212393803,0.4182908545727137
mlp_prevyears_monthly_features_incremental_scaler_experience_replay_RR_0.5,MLP Prevyears + Monthly (Incremental Scaler + Replay RR=0.5),mlp_prevyears_monthly_features_incremental_scaler,own_year,2019,2019,f1_score,0.9257908752967582,0.9022646063011852,-0.0030305716831141027,-0.012063889713936054,0.00686786958487495,-0.0029619819241799112,0.004932666053790264,2000,percentile,0.05,0.4657674857834986,0.4687980574666127,0.7256371814092953,0.9438357744204822
mlp_prevyears_monthly_features_incremental_scaler_experience_replay_RR_0.5,MLP Prevyears + Monthly (Incremental Scaler + Replay RR=0.5),mlp_prevyears_monthly_features_incremental_scaler,own_year,2019,2019,pr_auc,0.9257908752967582,0.9022646063011852,0.003293464304278848,-0.007081773529333003,0.01620221256614237,0.0032691180077534772,0.0061602073709825095,2000,percentile,0.05,0.42897585154732926,0.4256823872430504,0.32733633183408295,0.7447347754694081
mlp_prevyears_monthly_features_incremental_scaler_experience_replay_RR_0.5_PR_0.10,"MLP Prevyears + Monthly (Incremental Scaler + Replay RR=0.5, PR=0.10)",mlp_prevyears_monthly_features_incremental_scaler,own_year,2019,2019,f1_score,0.9033767058771367,0.9022646063011852,-0.0046613109220801086,-0.014973742586243536,0.007066794541461342,-0.004596847845305557,0.005651356333563034,2000,percentile,0.05,0.4641367465445326,0.4687980574666127,0.7931034482758621,0.9682658670664669
mlp_prevyears_monthly_features_incremental_scaler_experience_replay_RR_0.5_PR_0.10,"MLP Prevyears + Monthly (Incremental Scaler + Replay RR=0.5, PR=0.10)",mlp_prevyears_monthly_features_incremental_scaler,own_year,2019,2019,pr_auc,0.9033767058771367,0.9022646063011852,-0.00299271939229917,-0.013823758037614856,0.011159183070851252,-0.002994469656132891,0.006319587750654857,2000,percentile,0.05,0.42268966785075124,0.4256823872430504,0.6911544227886057,0.9228522993405258
mlp_prevyears_monthly_features_incremental_scaler_experience_replay_RR_0.5_PR_0.15,"MLP Prevyears + Monthly (Incremental Scaler + Replay RR=0.5, PR=0.15)",mlp_prevyears_monthly_features_incremental_scaler,own_year,2019,2019,f1_score,0.9195738410010179,0.9022646063011852,-0.006886033064621988,-0.017851065271031856,0.006668124822702431,-0.006847000192660431,0.006438639356094921,2000,percentile,0.05,0.4619120244019907,0.4687980574666127,0.8530734632683659,0.9682658670664669
mlp_prevyears_monthly_features_incremental_scaler_experience_replay_RR_0.5_PR_0.15,"MLP Prevyears + Monthly (Incremental Scaler + Replay RR=0.5, PR=0.15)",mlp_prevyears_monthly_features_incremental_scaler,own_year,2019,2019,pr_auc,0.9195738410010179,0.9022646063011852,-3.364138354278179e-05,-0.01896296751250427,0.020607990037038698,-0.0005272815336561377,0.010390825541881728,2000,percentile,0.05,0.4256487458595076,0.4256823872430504,0.5317341329335332,0.8896980081387879
mlp_prevyears_monthly_features_incremental_scaler_experience_replay_confidently_correct_memory_RR_0.2,MLP Prevyears + Monthly (Incremental Scaler + Replay Confidently Correct RR=0.2),mlp_prevyears_monthly_features_incremental_scaler,own_year,2019,2019,f1_score,0.9312449649420168,0.9022646063011852,0.010529492687628428,-0.0038077364450092243,0.029331465326436188,0.010318708447166603,0.008952910268748239,2000,percentile,0.05,0.4793275501542411,0.4687980574666127,0.13193403298350825,0.4544394469431951
mlp_prevyears_monthly_features_incremental_scaler_experience_replay_confidently_correct_memory_RR_0.2,MLP Prevyears + Monthly (Incremental Scaler + Replay Confidently Correct RR=0.2),mlp_prevyears_monthly_features_incremental_scaler,own_year,2019,2019,pr_auc,0.9312449649420168,0.9022646063011852,0.01783024634995839,-0.000786172627023271,0.04404426668215482,0.01753829363145776,0.012448164299532875,2000,percentile,0.05,0.4435126335930088,0.4256823872430504,0.03948025987006497,0.732902779379541
mlp_prevyears_monthly_features_incremental_scaler_experience_replay_confidently_correct_memory_RR_0.3,MLP Prevyears + Monthly (Incremental Scaler + Replay Confidently Correct RR=0.3),mlp_prevyears_monthly_features_incremental_scaler,own_year,2019,2019,f1_score,0.9383915357134007,0.9022646063011852,0.008871845446008664,-0.002307299593905447,0.024434323205471942,0.008834370794639942,0.007205919884998064,2000,percentile,0.05,0.47766990291262135,0.4687980574666127,0.10294852573713144,0.4542445758252949
mlp_prevyears_monthly_features_incremental_scaler_experience_replay_confidently_correct_memory_RR_0.3,MLP Prevyears + Monthly (Incremental Scaler + Replay Confidently Correct RR=0.3),mlp_prevyears_monthly_features_incremental_scaler,own_year,2019,2019,pr_auc,0.9383915357134007,0.9022646063011852,0.013886791670307819,-0.0016037252095916206,0.03527557281952993,0.013581269677217594,0.009919379955121363,2000,percentile,0.05,0.4395691789133582,0.4256823872430504,0.05747126436781609,0.732902779379541
mlp_prevyears_monthly_features_incremental_scaler_experience_replay_confidently_correct_memory_RR_0.4,MLP Prevyears + Monthly (Incremental Scaler + Replay Confidently Correct RR=0.4),mlp_prevyears_monthly_features_incremental_scaler,own_year,2019,2019,f1_score,0.9127832956104168,0.9022646063011852,0.00282120654117729,-0.011253355074973732,0.02320673029967048,0.002714109004057246,0.009410069022911851,2000,percentile,0.05,0.47161926400779,0.4687980574666127,0.40229885057471265,0.7482758620689656
mlp_prevyears_monthly_features_incremental_scaler_experience_replay_confidently_correct_memory_RR_0.4,MLP Prevyears + Monthly (Incremental Scaler + Replay Confidently Correct RR=0.4),mlp_prevyears_monthly_features_incremental_scaler,own_year,2019,2019,pr_auc,0.9127832956104168,0.9022646063011852,0.009832460363543294,-0.011014677496988355,0.04114435536666898,0.009599447860793845,0.014589539314706756,2000,percentile,0.05,0.4355148476065937,0.4256823872430504,0.3363318340829585,0.7447347754694081
mlp_prevyears_monthly_features_incremental_scaler_experience_replay_confidently_correct_memory_RR_0.5,MLP Prevyears + Monthly (Incremental Scaler + Replay Confidently Correct RR=0.5),mlp_prevyears_monthly_features_incremental_scaler,own_year,2019,2019,f1_score,0.9201515981730443,0.9022646063011852,-0.0011935722474485377,-0.013976211299336206,0.015987002350280784,-0.0012385118387332709,0.007962950616212112,2000,percentile,0.05,0.46760448521916415,0.4687980574666127,0.591704147926037,0.8531548179398672
mlp_prevyears_monthly_features_incremental_scaler_experience_replay_confidently_correct_memory_RR_0.5,MLP Prevyears + Monthly (Incremental Scaler + Replay Confidently Correct RR=0.5),mlp_prevyears_monthly_features_incremental_scaler,own_year,2019,2019,pr_auc,0.9201515981730443,0.9022646063011852,0.001072278576285668,-0.01429138725034156,0.02148036902016641,0.0008282869541556481,0.009630646355339799,2000,percentile,0.05,0.4267546658193361,0.4256823872430504,0.48575712143928035,0.8444002297916462
mlp_prevyears_monthly_features_incremental_scaler_experience_replay_hard_example_mining_RR_0.2,MLP Prevyears + Monthly (Incremental Scaler + Replay Hard Example Mining RR=0.2),mlp_prevyears_monthly_features_incremental_scaler,own_year,2019,2019,f1_score,0.9097605613140552,0.9022646063011852,-0.009395992176805867,-0.03249605136080961,0.00485495916599843,-0.009389908678057154,0.009978022006901078,2000,percentile,0.05,0.4594020652898068,0.4687980574666127,0.8255872063968016,0.9682658670664669
mlp_prevyears_monthly_features_incremental_scaler_experience_replay_hard_example_mining_RR_0.2,MLP Prevyears + Monthly (Incremental Scaler + Replay Hard Example Mining RR=0.2),mlp_prevyears_monthly_features_incremental_scaler,own_year,2019,2019,pr_auc,0.9097605613140552,0.9022646063011852,-0.0027930893799180123,-0.020501774852052065,0.01342618931807907,-0.0030029679163295704,0.008696495386978257,2000,percentile,0.05,0.4228892978631324,0.4256823872430504,0.6291854072963519,0.9228522993405258
mlp_prevyears_monthly_features_incremental_scaler_experience_replay_hard_example_mining_RR_0.3,MLP Prevyears + Monthly (Incremental Scaler + Replay Hard Example Mining RR=0.3),mlp_prevyears_monthly_features_incremental_scaler,own_year,2019,2019,f1_score,0.9190157490456741,0.9022646063011852,-0.014691571750503674,-0.03253332621898084,-0.0026331869895444317,-0.014728829243258829,0.007735184410858735,2000,percentile,0.05,0.454106485716109,0.4687980574666127,0.9940029985007496,0.9985007496251874
mlp_prevyears_monthly_features_incremental_scaler_experience_replay_hard_example_mining_RR_0.3,MLP Prevyears + Monthly (Incremental Scaler + Replay Hard Example Mining RR=0.3),mlp_prevyears_monthly_features_incremental_scaler,own_year,2019,2019,pr_auc,0.9190157490456741,0.9022646063011852,-0.012677747100916625,-0.02764194024099865,-0.002457164011215784,-0.012933989708875082,0.00637892969151182,2000,percentile,0.05,0.4130046401421338,0.4256823872430504,0.9975012493753124,1.0
mlp_prevyears_monthly_features_incremental_scaler_experience_replay_hard_example_mining_RR_0.4,MLP Prevyears + Monthly (Incremental Scaler + Replay Hard Example Mining RR=0.4),mlp_prevyears_monthly_features_incremental_scaler,own_year,2019,2019,f1_score,0.9193557436050629,0.9022646063011852,0.004578067841206956,-0.004129525774856685,0.01619473333776174,0.004674199203087314,0.0052476874950209374,2000,percentile,0.05,0.47337612530781964,0.4687980574666127,0.19740129935032483,0.5730311314930769
mlp_prevyears_monthly_features_incremental_scaler_experience_replay_hard_example_mining_RR_0.4,MLP Prevyears + Monthly (Incremental Scaler + Replay Hard Example Mining RR=0.4),mlp_prevyears_monthly_features_incremental_scaler,own_year,2019,2019,pr_auc,0.9193557436050629,0.9022646063011852,0.0068078840633689075,-0.006462477797186808,0.024941967699356724,0.006879190802912823,0.008163288433905335,2000,percentile,0.05,0.4324902713064193,0.4256823872430504,0.2318840579710145,0.732902779379541
mlp_prevyears_monthly_features_incremental_scaler_experience_replay_hard_example_mining_RR_0.5,MLP Prevyears + Monthly (Incremental Scaler + Replay Hard Example Mining RR=0.5),mlp_prevyears_monthly_features_incremental_scaler,own_year,2019,2019,f1_score,0.9161464246758538,0.9022646063011852,0.0027395379293587707,-0.005514960964936841,0.011230915813287617,0.0026848287958089107,0.004151559275556922,2000,percentile,0.05,0.47153759539597145,0.4687980574666127,0.2513743128435782,0.5730311314930769
mlp_prevyears_monthly_features_incremental_scaler_experience_replay_hard_example_mining_RR_0.5,MLP Prevyears + Monthly (Incremental Scaler + Replay Hard Example Mining RR=0.5),mlp_prevyears_monthly_features_incremental_scaler,own_year,2019,2019,pr_auc,0.9161464246758538,0.9022646063011852,-0.004161839329510475,-0.015766528077764606,0.008766896699731203,-0.004093120355048095,0.006328340921629718,2000,percentile,0.05,0.42152054791353993,0.4256823872430504,0.7566216891554223,0.9228522993405258
mlp_prevyears_monthly_features_incremental_scaler_experience_replay_uncertainity_prioritization_RR_0.2,MLP Prevyears + Monthly (Incremental Scaler + Replay Uncertainty Prioritization RR=0.2),mlp_prevyears_monthly_features_incremental_scaler,own_year,2019,2019,f1_score,0.9145346309674333,0.9022646063011852,0.002725897574515912,-0.014047851537146449,0.026229776082257465,0.0025686815955962786,0.01078213237056782,2000,percentile,0.05,0.4715239550411286,0.4687980574666127,0.4292853573213393,0.7695479183485181
mlp_prevyears_monthly_features_incremental_scaler_experience_replay_uncertainity_prioritization_RR_0.2,MLP Prevyears + Monthly (Incremental Scaler + Replay Uncertainty Prioritization RR=0.2),mlp_prevyears_monthly_features_incremental_scaler,own_year,2019,2019,pr_auc,0.9145346309674333,0.9022646063011852,0.0067387579058040825,-0.016493507097097175,0.04088386789032211,0.006483655577546896,0.01568915889473418,2000,percentile,0.05,0.4324211451488545,0.4256823872430504,0.36231884057971014,0.7661004662503912
mlp_prevyears_monthly_features_incremental_scaler_experience_replay_uncertainity_prioritization_RR_0.3,MLP Prevyears + Monthly (Incremental Scaler + Replay Uncertainty Prioritization RR=0.3),mlp_prevyears_monthly_features_incremental_scaler,own_year,2019,2019,f1_score,0.9076003938537432,0.9022646063011852,0.0013371232706285152,-0.01218518305703755,0.02152674235985408,0.0013869889460790858,0.009212926629399822,2000,percentile,0.05,0.4701351807372412,0.4687980574666127,0.4497751124437781,0.7746126936531733
mlp_prevyears_monthly_features_incremental_scaler_experience_replay_uncertainity_prioritization_RR_0.3,MLP Prevyears + Monthly (Incremental Scaler + Replay Uncertainty Prioritization RR=0.3),mlp_prevyears_monthly_features_incremental_scaler,own_year,2019,2019,pr_auc,0.9076003938537432,0.9022646063011852,0.014021840935174612,-0.006751379621488746,0.04399731151064854,0.013624356382114879,0.01434349482672858,2000,percentile,0.05,0.439704228178225,0.4256823872430504,0.2518740629685157,0.732902779379541
mlp_prevyears_monthly_features_incremental_scaler_experience_replay_uncertainity_prioritization_RR_0.4,MLP Prevyears + Monthly (Incremental Scaler + Replay Uncertainty Prioritization RR=0.4),mlp_prevyears_monthly_features_incremental_scaler,own_year,2019,2019,f1_score,0.8969396536954691,0.9022646063011852,-0.009841177953886282,-0.016312890501363947,-0.003369677532122661,-0.009694011589261545,0.003375019911399282,2000,percentile,0.05,0.4589568795127264,0.4687980574666127,0.9980009995002499,0.9985007496251874
mlp_prevyears_monthly_features_incremental_scaler_experience_replay_uncertainity_prioritization_RR_0.4,MLP Prevyears + Monthly (Incremental Scaler + Replay Uncertainty Prioritization RR=0.4),mlp_prevyears_monthly_features_incremental_scaler,own_year,2019,2019,pr_auc,0.8969396536954691,0.9022646063011852,-0.003931068230956736,-0.010657480183605038,0.0019204923961058976,-0.00405738622766145,0.0032130626347195287,2000,percentile,0.05,0.4217513190120937,0.4256823872430504,0.8970514742628686,1.0
mlp_prevyears_monthly_features_incremental_scaler_experience_replay_uncertainity_prioritization_RR_0.5,MLP Prevyears + Monthly (Incremental Scaler + Replay Uncertainty Prioritization RR=0.5),mlp_prevyears_monthly_features_incremental_scaler,own_year,2019,2019,f1_score,0.9151439108206925,0.9022646063011852,-0.00495704155171206,-0.018873368259352815,0.011240591438235336,-0.0050065300625954795,0.0077900492480677585,2000,percentile,0.05,0.4638410159149006,0.4687980574666127,0.7391304347826086,0.9547101449275363
mlp_prevyears_monthly_features_incremental_scaler_experience_replay_uncertainity_prioritization_RR_0.5,MLP Prevyears + Monthly (Incremental Scaler + Replay Uncertainty Prioritization RR=0.5),mlp_prevyears_monthly_features_incremental_scaler,own_year,2019,2019,pr_auc,0.9151439108206925,0.9022646063011852,-0.003663983028864559,-0.017469600265618793,0.013260712312849946,-0.003812172656004571,0.0080976917821372,2000,percentile,0.05,0.42201840421418585,0.4256823872430504,0.7011494252873564,0.9228522993405258
mlp_prevyears_monthly_features_incremental_scaler_missclassification_buffer_RR_0.3,MLP Prevyears + Monthly (Incremental Scaler + Misclassification Buffer RR=0.3),mlp_prevyears_monthly_features_incremental_scaler,own_year,2019,2019,f1_score,0.9205283015379195,0.9022646063011852,0.002063852451969106,-0.006428581960800787,0.011488491611208356,0.002180618617535345,0.004571943592963532,2000,percentile,0.05,0.4708619099185818,0.4687980574666127,0.3218390804597701,0.6506746626686656
mlp_prevyears_monthly_features_incremental_scaler_missclassification_buffer_RR_0.3,MLP Prevyears + Monthly (Incremental Scaler + Misclassification Buffer RR=0.3),mlp_prevyears_monthly_features_incremental_scaler,own_year,2019,2019,pr_auc,0.9205283015379195,0.9022646063011852,-0.0017072008138632744,-0.011488997789861786,0.009093192417865294,-0.0016243058214432155,0.005272637654019115,2000,percentile,0.05,0.42397518642918713,0.4256823872430504,0.6381809095452274,0.9228522993405258
"mlp_combined_HE=0.1_CC=0.1_UP=0.1_PR=(0.2,10)_RR=0.5","MLP Combined (HE=0.1, CC=0.1, UP=0.1, PR=(0.2,10), RR=0.5)",mlp_prevyears_monthly_features_incremental_scaler,own_year,2020,2020,f1_score,0.9113169602724666,0.9460952365387653,0.005269130404597866,-0.003995332547567651,0.015263105192363062,0.005092988081671249,0.004901814673705518,2000,percentile,0.05,0.49183394488812143,0.48656481448352357,0.1424287856071964,0.47306703790961663
"mlp_combined_HE=0.1_CC=0.1_UP=0.1_PR=(0.2,10)_RR=0.5","MLP Combined (HE=0.1, CC=0.1, UP=0.1, PR=(0.2,10), RR=0.5)",mlp_prevyears_monthly_features_incremental_scaler,own_year,2020,2020,pr_auc,0.9113169602724666,0.9460952365387653,0.0018332005402564855,-0.01080960014033126,0.018882953320200017,0.003446104321659837,0.007648299213769739,2000,percentile,0.05,0.4566477696269083,0.4548145690866518,0.3353323338330835,0.7447347754694081
"mlp_combined_HE=0_CC=0.15_UP=0_PR=(0,10)_MC=0.1_RWS=1_RR=0.4","MLP Combined (HE=0, CC=0.15, UP=0, PR=(0,10), MC=0.1, RWS=1, RR=0.4)",mlp_prevyears_monthly_features_incremental_scaler,own_year,2020,2020,f1_score,0.9068703638869615,0.9460952365387653,0.007670720480381199,-0.0034540449226224098,0.014285561102271612,0.007017199797353747,0.00455766761171169,2000,percentile,0.05,0.49423553496390477,0.48656481448352357,0.07646176911544228,0.4542445758252949
"mlp_combined_HE=0_CC=0.15_UP=0_PR=(0,10)_MC=0.1_RWS=1_RR=0.4","MLP Combined (HE=0, CC=0.15, UP=0, PR=(0,10), MC=0.1, RWS=1, RR=0.4)",mlp_prevyears_monthly_features_incremental_scaler,own_year,2020,2020,pr_auc,0.9068703638869615,0.9460952365387653,0.011394774796277984,-0.0011198398239968294,0.02289955018670795,0.011345741868841524,0.006158448687437325,2000,percentile,0.05,0.4662093438829298,0.4548145690866518,0.03498250874562719,0.732902779379541
"mlp_combined_HE=0_CC=0.1_UP=0.1_PR=(0,10)_MC=0.1_RWS=1_RR=0.5","MLP Combined (HE=0, CC=0.1, UP=0.1, PR=(0,10), MC=0.1, RWS=1, RR=0.5)",mlp_prevyears_monthly_features_incremental_scaler,own_year,2020,2020,f1_score,0.899013414439018,0.9460952365387653,-0.0005995184788574748,-0.012100188411204218,0.013000469113314301,-0.00034959863880113396,0.006471235281265115,2000,percentile,0.05,0.4859652960046661,0.48656481448352357,0.5407296351824088,0.8409389055472264
"mlp_combined_HE=0_CC=0.1_UP=0.1_PR=(0,10)_MC=0.1_RWS=1_RR=0.5","MLP Combined (HE=0, CC=0.1, UP=0.1, PR=(0,10), MC=0.1, RWS=1, RR=0.5)",mlp_prevyears_monthly_features_incremental_scaler,own_year,2020,2020,pr_auc,0.899013414439018,0.9460952365387653,0.002080059587422689,-0.010575728488537465,0.018006425440842452,0.002728870392739877,0.007378401416693758,2000,percentile,0.05,0.4568946286740745,0.4548145690866518,0.3748125937031484,0.7661004662503912
"mlp_combined_HE=0_CC=0.1_UP=0.2_PR=(0.1,10)_RR=0.5","MLP Combined (HE=0, CC=0.1, UP=0.2, PR=(0.1,10), RR=0.5)",mlp_prevyears_monthly_features_incremental_scaler,own_year,2020,2020,f1_score,0.8883313518755642,0.9460952365387653,-0.0028629681192655076,-0.013007550612293858,0.007959133015111242,-0.0026109178340072764,0.0054555912578250244,2000,percentile,0.05,0.48370184636425806,0.48656481448352357,0.688655672163918,0.9281880798731068
"mlp_combined_HE=0_CC=0.1_UP=0.2_PR=(0.1,10)_RR=0.5","MLP Combined (HE=0, CC=0.1, UP=0.2, PR=(0.1,10), RR=0.5)",mlp_prevyears_monthly_features_incremental_scaler,own_year,2020,2020,pr_auc,0.8883313518755642,0.9460952365387653,-0.002251591142151399,-0.014547957726899282,0.01299598456521059,-0.001381926577462346,0.007180296102964111,2000,percentile,0.05,0.4525629779445004,0.4548145690866518,0.5902048975512244,0.9228522993405258
"mlp_combined_HE=0_CC=0.2_UP=0.1_PR=(0.2,10)_RR=0.5","MLP Combined (HE=0, CC=0.2, UP=0.1, PR=(0.2,10), RR=0.5)",mlp_prevyears_monthly_features_incremental_scaler,own_year,2020,2020,f1_score,0.9029021804156102,0.9460952365387653,0.01011097746016043,0.0013357564334978951,0.019504742727800055,0.0099955768649488,0.004598792242882621,2000,percentile,0.05,0.496675791943684,0.48656481448352357,0.01199400299850075,0.3873063468265867
"mlp_combined_HE=0_CC=0.2_UP=0.1_PR=(0.2,10)_RR=0.5","MLP Combined (HE=0, CC=0.2, UP=0.1, PR=(0.2,10), RR=0.5)",mlp_prevyears_monthly_features_incremental_scaler,own_year,2020,2020,pr_auc,0.9029021804156102,0.9460952365387653,0.007426964069539077,-0.0062962288436835155,0.025378400921321626,0.009053059119009308,0.007981359713543579,2000,percentile,0.05,0.4622415331561909,0.4548145690866518,0.12193903048475763,0.732902779379541
"mlp_combined_HE=0_CC=0.2_UP=0.2_PR=(0.1,10)_RR=0.5","MLP Combined (HE=0, CC=0.2, UP=0.2, PR=(0.1,10), RR=0.5)",mlp_prevyears_monthly_features_incremental_scaler,own_year,2020,2020,f1_score,0.8935733948796984,0.9460952365387653,0.004793342878609941,-0.006057212937929758,0.016577138987828047,0.00455261298581963,0.005708166907489501,2000,percentile,0.05,0.4913581573621335,0.48656481448352357,0.2063968015992004,0.5730311314930769
"mlp_combined_HE=0_CC=0.2_UP=0.2_PR=(0.1,10)_RR=0.5","MLP Combined (HE=0, CC=0.2, UP=0.2, PR=(0.1,10), RR=0.5)",mlp_prevyears_monthly_features_incremental_scaler,own_year,2020,2020,pr_auc,0.8935733948796984,0.9460952365387653,0.004455894523867743,-0.00808505476990096,0.0176906902077232,0.004577136685035757,0.006601299203438585,2000,percentile,0.05,0.45927046361051954,0.4548145690866518,0.24237881059470265,0.732902779379541
mlp_prevyears_monthly_features_incremental_scaler_experience_replay_RR_0.2,MLP Prevyears + Monthly (Incremental Scaler + Replay RR=0.2),mlp_prevyears_monthly_features_incremental_scaler,own_year,2020,2020,f1_score,0.9352356530464144,0.9460952365387653,0.004103576599805259,-0.0046194062625825715,0.013361717659547913,0.004303067723643006,0.004540926892724321,2000,percentile,0.05,0.4906683910833288,0.48656481448352357,0.17191404297851073,0.5241969179344753
mlp_prevyears_monthly_features_incremental_scaler_experience_replay_RR_0.2,MLP Prevyears + Monthly (Incremental Scaler + Replay RR=0.2),mlp_prevyears_monthly_features_incremental_scaler,own_year,2020,2020,pr_auc,0.9352356530464144,0.9460952365387653,0.003135884059042693,-0.008005981264274887,0.01699714571199999,0.0037485470777929683,0.006485279389056524,2000,percentile,0.05,0.4579504531456945,0.4548145690866518,0.2938530734632684,0.732902779379541
mlp_prevyears_monthly_features_incremental_scaler_experience_replay_RR_0.2_PR_0.10,"MLP Prevyears + Monthly (Incremental Scaler + Replay RR=0.2, PR=0.10)",mlp_prevyears_monthly_features_incremental_scaler,own_year,2020,2020,f1_score,0.9468745467159637,0.9460952365387653,0.006216601733866178,-0.005295278444509494,0.019215367170288888,0.006344691169926469,0.006335464401192672,2000,percentile,0.05,0.49278141621738974,0.48656481448352357,0.15742128935532235,0.49627728508627045
mlp_prevyears_monthly_features_incremental_scaler_experience_replay_RR_0.2_PR_0.10,"MLP Prevyears + Monthly (Incremental Scaler + Replay RR=0.2, PR=0.10)",mlp_prevyears_monthly_features_incremental_scaler,own_year,2020,2020,pr_auc,0.9468745467159637,0.9460952365387653,0.0023194293458848603,-0.014415466144716432,0.022863356535091518,0.004343938994822932,0.009434359013686031,2000,percentile,0.05,0.45713399843253666,0.4548145690866518,0.3293353323338331,0.7447347754694081
mlp_prevyears_monthly_features_incremental_scaler_experience_replay_RR_0.2_PR_0.15,"MLP Prevyears + Monthly (Incremental Scaler + Replay RR=0.2, PR=0.15)",mlp_prevyears_monthly_features_incremental_scaler,own_year,2020,2020,f1_score,0.959167202656249,0.9460952365387653,-0.0013291477745088764,-0.010447979751636926,0.007692383494597825,-0.0013777546968612962,0.0045619301502135955,2000,percentile,0.05,0.4852356667090147,0.48656481448352357,0.6216891554222889,0.8760165371859525
mlp_prevyears_monthly_features_incremental_scaler_experience_replay_RR_0.2_PR_0.15,"MLP Prevyears + Monthly (Incremental Scaler + Replay RR=0.2, PR=0.15)",mlp_prevyears_monthly_features_incremental_scaler,own_year,2020,2020,pr_auc,0.959167202656249,0.9460952365387653,0.00037665618174587134,-0.008791980607468265,0.012040534991725024,0.0009857660413058183,0.005398305738160835,2000,percentile,0.05,0.45519122526839767,0.4548145690866518,0.4522738630684658,0.8247346914777907
mlp_prevyears_monthly_features_incremental_scaler_experience_replay_RR_0.3,MLP Prevyears + Monthly (Incremental Scaler + Replay RR=0.3),mlp_prevyears_monthly_features_incremental_scaler,own_year,2020,2020,f1_score,0.9400005750936418,0.9460952365387653,1.2548714046822784e-05,-0.012744158789525714,0.013805720309003242,0.0007027313222819854,0.006807033665799516,2000,percentile,0.05,0.4865773631975704,0.48656481448352357,0.46676661669165415,0.7892599154967971
mlp_prevyears_monthly_features_incremental_scaler_experience_replay_RR_0.3,MLP Prevyears + Monthly (Incremental Scaler + Replay RR=0.3),mlp_prevyears_monthly_features_incremental_scaler,own_year,2020,2020,pr_auc,0.9400005750936418,0.9460952365387653,0.00192866660674762,-0.01382315523117245,0.019725477415265476,0.002921940205390629,0.008968044088288095,2000,percentile,0.05,0.4567432356933994,0.4548145690866518,0.3853073463268366,0.766372133082395
mlp_prevyears_monthly_features_incremental_scaler_experience_replay_RR_0.3_PR_0.10,"MLP Prevyears + Monthly (Incremental Scaler + Replay RR=0.3, PR=0.10)",mlp_prevyears_monthly_features_incremental_scaler,own_year,2020,2020,f1_score,0.9303167249158834,0.9460952365387653,-0.002540975896606068,-0.013191251339412019,0.009635595518466213,-0.0022249853801489293,0.005951243453117989,2000,percentile,0.05,0.4840238385869175,0.48656481448352357,0.6506746626686657,0.8964850907879394
mlp_prevyears_monthly_features_incremental_scaler_experience_replay_RR_0.3_PR_0.10,"MLP Prevyears + Monthly (Incremental Scaler + Replay RR=0.3, PR=0.10)",mlp_prevyears_monthly_features_incremental_scaler,own_year,2020,2020,pr_auc,0.9303167249158834,0.9460952365387653,-0.00875051279899458,-0.023150964361648062,0.009779001540082866,-0.006587563844200803,0.00873902937849475,2000,percentile,0.05,0.4460640562876572,0.4548145690866518,0.7591204397801099,0.9228522993405258
mlp_prevyears_monthly_features_incremental_scaler_experience_replay_RR_0.3_PR_0.15,"MLP Prevyears + Monthly (Incremental Scaler + Replay RR=0.3, PR=0.15)",mlp_prevyears_monthly_features_incremental_scaler,own_year,2020,2020,f1_score,0.9359203735651087,0.9460952365387653,-0.001714105192080928,-0.014527632903155677,0.013480757548972626,-0.0011315809254558698,0.007118411356617883,2000,percentile,0.05,0.48485070929144264,0.48656481448352357,0.567216391804098,0.8409389055472264
mlp_prevyears_monthly_features_incremental_scaler_experience_replay_RR_0.3_PR_0.15,"MLP Prevyears + Monthly (Incremental Scaler + Replay RR=0.3, PR=0.15)",mlp_prevyears_monthly_features_incremental_scaler,own_year,2020,2020,pr_auc,0.9359203735651087,0.9460952365387653,-0.001966502508166157,-0.018177257229470174,0.01640612793848365,-0.0007873381122895885,0.009162928357381403,2000,percentile,0.05,0.45284806657848564,0.4548145690866518,0.5342328835582209,0.8896980081387879
mlp_prevyears_monthly_features_incremental_scaler_experience_replay_RR_0.4,MLP Prevyears + Monthly (Incremental Scaler + Replay RR=0.4),mlp_prevyears_monthly_features_incremental_scaler,own_year,2020,2020,f1_score,0.9326214149312744,0.9460952365387653,0.012499616231392563,0.004210837093146699,0.02386300561109611,0.012504283442491932,0.0051270836208827265,2000,percentile,0.05,0.49906443071491613,0.48656481448352357,0.0009995002498750624,0.046476761619190406
mlp_prevyears_monthly_features_incremental_scaler_experience_replay_RR_0.4,MLP Prevyears + Monthly (Incremental Scaler + Replay RR=0.4),mlp_prevyears_monthly_features_incremental_scaler,own_year,2020,2020,pr_auc,0.9326214149312744,0.9460952365387653,0.01009671855243155,-0.002170741804405843,0.024119466678230263,0.01001134784887059,0.006716028568388995,2000,percentile,0.05,0.46491128763908335,0.4548145690866518,0.06046976511744128,0.732902779379541
mlp_prevyears_monthly_features_incremental_scaler_experience_replay_RR_0.4_PR_0.10,"MLP Prevyears + Monthly (Incremental Scaler + Replay RR=0.4, PR=0.10)",mlp_prevyears_monthly_features_incremental_scaler,own_year,2020,2020,f1_score,0.9469302406870983,0.9460952365387653,0.0035291840703448596,-0.005695793987360505,0.013758704478334466,0.0038131642067742453,0.004904654473475988,2000,percentile,0.05,0.4900939985538684,0.48656481448352357,0.21989005497251374,0.5730311314930769
mlp_prevyears_monthly_features_incremental_scaler_experience_replay_RR_0.4_PR_0.10,"MLP Prevyears + Monthly (Incremental Scaler + Replay RR=0.4, PR=0.10)",mlp_prevyears_monthly_features_incremental_scaler,own_year,2020,2020,pr_auc,0.9469302406870983,0.9460952365387653,0.004587303107084717,-0.009040058030306908,0.022378262072003934,0.00662388243500334,0.008268835880044047,2000,percentile,0.05,0.4594018721937365,0.4548145690866518,0.22488755622188905,0.732902779379541
mlp_prevyears_monthly_features_incremental_scaler_experience_replay_RR_0.4_PR_0.15,"MLP Prevyears + Monthly (Incremental Scaler + Replay RR=0.4, PR=0.15)",mlp_prevyears_monthly_features_incremental_scaler,own_year,2020,2020,f1_score,0.9345112415506343,0.9460952365387653,0.004450181178888124,-0.003427580867717861,0.015007382243046524,0.004747960540438084,0.00472885710351414,2000,percentile,0.05,0.4910149956624117,0.48656481448352357,0.15292353823088456,0.4904099674300781
mlp_prevyears_monthly_features_incremental_scaler_experience_replay_RR_0.4_PR_0.15,"MLP Prevyears + Monthly (Incremental Scaler + Replay RR=0.4, PR=0.15)",mlp_prevyears_monthly_features_incremental_scaler,own_year,2020,2020,pr_auc,0.9345112415506343,0.9460952365387653,-0.005399764955817399,-0.017217051916711516,0.00921030481202089,-0.0046281556683044804,0.0067141010938928875,2000,percentile,0.05,0.4494148041308344,0.4548145690866518,0.7566216891554223,0.9228522993405258
mlp_prevyears_monthly_features_incremental_scaler_experience_replay_RR_0.5,MLP Prevyears + Monthly (Incremental Scaler + Replay RR=0.5),mlp_prevyears_monthly_features_incremental_scaler,own_year,2020,2020,f1_score,0.9203260056762691,0.9460952365387653,0.009825173276140076,0.0015814751943260222,0.018503667866175792,0.009584529992478039,0.004314751621406483,2000,percentile,0.05,0.49638998775966364,0.48656481448352357,0.01249375312343828,0.3873063468265867
mlp_prevyears_monthly_features_incremental_scaler_experience_replay_RR_0.5,MLP Prevyears + Monthly (Incremental Scaler + Replay RR=0.5),mlp_prevyears_monthly_features_incremental_scaler,own_year,2020,2020,pr_auc,0.9203260056762691,0.9460952365387653,0.00805299028689821,-0.004135715555531251,0.022192098747927425,0.00846760034210841,0.006840336922026379,2000,percentile,0.05,0.46286755937355,0.4548145690866518,0.10194902548725637,0.732902779379541
mlp_prevyears_monthly_features_incremental_scaler_experience_replay_RR_0.5_PR_0.10,"MLP Prevyears + Monthly (Incremental Scaler + Replay RR=0.5, PR=0.10)",mlp_prevyears_monthly_features_incremental_scaler,own_year,2020,2020,f1_score,0.9118981084964608,0.9460952365387653,0.012140636523444381,0.003471075409600144,0.023274096498715015,0.012372065598778988,0.0050596452502780056,2000,percentile,0.05,0.49870545100696795,0.48656481448352357,0.0009995002498750624,0.046476761619190406
mlp_prevyears_monthly_features_incremental_scaler_experience_replay_RR_0.5_PR_0.10,"MLP Prevyears + Monthly (Incremental Scaler + Replay RR=0.5, PR=0.10)",mlp_prevyears_monthly_features_incremental_scaler,own_year,2020,2020,pr_auc,0.9118981084964608,0.9460952365387653,0.005661759727600246,-0.007837773429388536,0.02283715696535712,0.007266702028161239,0.007903116679645253,2000,percentile,0.05,0.46047632881425204,0.4548145690866518,0.18040979510244878,0.732902779379541
mlp_prevyears_monthly_features_incremental_scaler_experience_replay_RR_0.5_PR_0.15,"MLP Prevyears + Monthly (Incremental Scaler + Replay RR=0.5, PR=0.15)",mlp_prevyears_monthly_features_incremental_scaler,own_year,2020,2020,f1_score,0.9422944803156974,0.9460952365387653,0.007694362871629001,-9.202991944313725e-05,0.014735145906552055,0.0075326375765967304,0.0037702268005275247,2000,percentile,0.05,0.49425917735515257,0.48656481448352357,0.026486756621689155,0.4542445758252949
mlp_prevyears_monthly_features_incremental_scaler_experience_replay_RR_0.5_PR_0.15,"MLP Prevyears + Monthly (Incremental Scaler + Replay RR=0.5, PR=0.15)",mlp_prevyears_monthly_features_incremental_scaler,own_year,2020,2020,pr_auc,0.9422944803156974,0.9460952365387653,4.81728600576492e-05,-0.010508596636445076,0.01599585759222734,0.0021295001490873283,0.006785895676675041,2000,percentile,0.05,0.45486274194670945,0.4548145690866518,0.3873063468265867,0.766372133082395
mlp_prevyears_monthly_features_incremental_scaler_experience_replay_confidently_correct_memory_RR_0.2,MLP Prevyears + Monthly (Incremental Scaler + Replay Confidently Correct RR=0.2),mlp_prevyears_monthly_features_incremental_scaler,own_year,2020,2020,f1_score,0.9296490555626591,0.9460952365387653,0.005501256461507564,-0.002366465047459715,0.013965799754632864,0.005496855077366684,0.00426869609075524,2000,percentile,0.05,0.49206607094503113,0.48656481448352357,0.09195402298850575,0.4542445758252949
mlp_prevyears_monthly_features_incremental_scaler_experience_replay_confidently_correct_memory_RR_0.2,MLP Prevyears + Monthly (Incremental Scaler + Replay Confidently Correct RR=0.2),mlp_prevyears_monthly_features_incremental_scaler,own_year,2020,2020,pr_auc,0.9296490555626591,0.9460952365387653,0.004776442884796117,-0.0070030217303130695,0.020888668954311088,0.006450851376660173,0.0071890659195904625,2000,percentile,0.05,0.4595910119714479,0.4548145690866518,0.18990504747626186,0.732902779379541
mlp_prevyears_monthly_features_incremental_scaler_experience_replay_confidently_correct_memory_RR_0.3,MLP Prevyears + Monthly (Incremental Scaler + Replay Confidently Correct RR=0.3),mlp_prevyears_monthly_features_incremental_scaler,own_year,2020,2020,f1_score,0.9486031710324537,0.9460952365387653,-0.0012407807723930908,-0.008721175787778273,0.007483481608219795,-0.0010114445275260743,0.004156728035689411,2000,percentile,0.05,0.4853240337111305,0.48656481448352357,0.6131934032983508,0.8748984286482713
mlp_prevyears_monthly_features_incremental_scaler_experience_replay_confidently_correct_memory_RR_0.3,MLP Prevyears + Monthly (Incremental Scaler + Replay Confidently Correct RR=0.3),mlp_prevyears_monthly_features_incremental_scaler,own_year,2020,2020,pr_auc,0.9486031710324537,0.9460952365387653,0.000324707688064918,-0.009594138458813411,0.013251159618028864,0.0013090564131503259,0.006043611189291414,2000,percentile,0.05,0.4551392767747167,0.4548145690866518,0.43278360819590206,0.820015734706904
mlp_prevyears_monthly_features_incremental_scaler_experience_replay_confidently_correct_memory_RR_0.4,MLP Prevyears + Monthly (Incremental Scaler + Replay Confidently Correct RR=0.4),mlp_prevyears_monthly_features_incremental_scaler,own_year,2020,2020,f1_score,0.9241868589833812,0.9460952365387653,-0.001529277191412326,-0.013422342446246089,0.012450293976597545,-0.000514703703079709,0.00670624707258505,2000,percentile,0.05,0.48503553729211124,0.48656481448352357,0.5377311344327836,0.8409389055472264
mlp_prevyears_monthly_features_incremental_scaler_experience_replay_confidently_correct_memory_RR_0.4,MLP Prevyears + Monthly (Incremental Scaler + Replay Confidently Correct RR=0.4),mlp_prevyears_monthly_features_incremental_scaler,own_year,2020,2020,pr_auc,0.9241868589833812,0.9460952365387653,0.0028411423628910693,-0.014457449936381272,0.021953966314157258,0.003971797186774851,0.00980340365394039,2000,percentile,0.05,0.45765571144954287,0.4548145690866518,0.3473263368315842,0.7565984449635649
mlp_prevyears_monthly_features_incremental_scaler_experience_replay_confidently_correct_memory_RR_0.5,MLP Prevyears + Monthly (Incremental Scaler + Replay Confidently Correct RR=0.5),mlp_prevyears_monthly_features_incremental_scaler,own_year,2020,2020,f1_score,0.9278284361049852,0.9460952365387653,0.004538890395772488,-0.005019050547108208,0.01607622396251918,0.004929693590948874,0.005399732431091166,2000,percentile,0.05,0.49110370487929605,0.48656481448352357,0.1774112943528236,0.5322338830584707
mlp_prevyears_monthly_features_incremental_scaler_experience_replay_confidently_correct_memory_RR_0.5,MLP Prevyears + Monthly (Incremental Scaler + Replay Confidently Correct RR=0.5),mlp_prevyears_monthly_features_incremental_scaler,own_year,2020,2020,pr_auc,0.9278284361049852,0.9460952365387653,0.0019716339451295584,-0.013277272344587542,0.021162089581775553,0.0033480145961598505,0.00885559699709143,2000,percentile,0.05,0.45678620303178136,0.4548145690866518,0.3748125937031484,0.7661004662503912
mlp_prevyears_monthly_features_incremental_scaler_experience_replay_hard_example_mining_RR_0.2,MLP Prevyears + Monthly (Incremental Scaler + Replay Hard Example Mining RR=0.2),mlp_prevyears_monthly_features_incremental_scaler,own_year,2020,2020,f1_score,0.9173952164320806,0.9460952365387653,-0.002254059235741679,-0.010939445476673793,0.0057303108393496355,-0.002474342140937437,0.0042968995342685685,2000,percentile,0.05,0.4843107552477819,0.48656481448352357,0.7126436781609196,0.9334628460417679
mlp_prevyears_monthly_features_incremental_scaler_experience_replay_hard_example_mining_RR_0.2,MLP Prevyears + Monthly (Incremental Scaler + Replay Hard Example Mining RR=0.2),mlp_prevyears_monthly_features_incremental_scaler,own_year,2020,2020,pr_auc,0.9173952164320806,0.9460952365387653,-0.00919842143751426,-0.01943350208049853,0.0028557358473365532,-0.008633769613463566,0.005734742978996576,2000,percentile,0.05,0.44561614764913754,0.4548145690866518,0.9335332333833083,1.0
mlp_prevyears_monthly_features_incremental_scaler_experience_replay_hard_example_mining_RR_0.3,MLP Prevyears + Monthly (Incremental Scaler + Replay Hard Example Mining RR=0.3),mlp_prevyears_monthly_features_incremental_scaler,own_year,2020,2020,f1_score,0.9202836851724026,0.9460952365387653,0.0031635185768690843,-0.0075110477048395295,0.01565793424192143,0.0027969265043031807,0.005916582543260485,2000,percentile,0.05,0.48972833306039265,0.48656481448352357,0.3458270864567716,0.6829637812672611
mlp_prevyears_monthly_features_incremental_scaler_experience_replay_hard_example_mining_RR_0.3,MLP Prevyears + Monthly (Incremental Scaler + Replay Hard Example Mining RR=0.3),mlp_prevyears_monthly_features_incremental_scaler,own_year,2020,2020,pr_auc,0.9202836851724026,0.9460952365387653,-0.004608981082418917,-0.01810182951911945,0.013342856949219406,-0.0032218363758715635,0.008219080389946683,2000,percentile,0.05,0.4502055880042329,0.4548145690866518,0.6606696651674163,0.9228522993405258
mlp_prevyears_monthly_features_incremental_scaler_experience_replay_hard_example_mining_RR_0.4,MLP Prevyears + Monthly (Incremental Scaler + Replay Hard Example Mining RR=0.4),mlp_prevyears_monthly_features_incremental_scaler,own_year,2020,2020,f1_score,0.9247583770107952,0.9460952365387653,0.01073511932130522,-0.0010600114017262157,0.024854420752434492,0.010218073415905103,0.006647037375554687,2000,percentile,0.05,0.4972999338048288,0.48656481448352357,0.04297851074462768,0.4542445758252949
mlp_prevyears_monthly_features_incremental_scaler_experience_replay_hard_example_mining_RR_0.4,MLP Prevyears + Monthly (Incremental Scaler + Replay Hard Example Mining RR=0.4),mlp_prevyears_monthly_features_incremental_scaler,own_year,2020,2020,pr_auc,0.9247583770107952,0.9460952365387653,0.007457677607213442,-0.0053018583975691855,0.021383474365807495,0.007197460346943914,0.006978432605125792,2000,percentile,0.05,0.46227224669386524,0.4548145690866518,0.15342328835582209,0.732902779379541
mlp_prevyears_monthly_features_incremental_scaler_experience_replay_hard_example_mining_RR_0.5,MLP Prevyears + Monthly (Incremental Scaler + Replay Hard Example Mining RR=0.5),mlp_prevyears_monthly_features_incremental_scaler,own_year,2020,2020,f1_score,0.9152687279436201,0.9460952365387653,0.007872633039566257,-0.002691470992467501,0.021233351934565135,0.008000677031617715,0.005983939959396317,2000,percentile,0.05,0.4944374475230898,0.48656481448352357,0.07646176911544228,0.4542445758252949
mlp_prevyears_monthly_features_incremental_scaler_experience_replay_hard_example_mining_RR_0.5,MLP Prevyears + Monthly (Incremental Scaler + Replay Hard Example Mining RR=0.5),mlp_prevyears_monthly_features_incremental_scaler,own_year,2020,2020,pr_auc,0.9152687279436201,0.9460952365387653,0.008731393972426005,-0.003852284374758587,0.024435614689500233,0.009226021121553636,0.007431575506665228,2000,percentile,0.05,0.4635459630590778,0.4548145690866518,0.10344827586206896,0.732902779379541
mlp_prevyears_monthly_features_incremental_scaler_experience_replay_uncertainity_prioritization_RR_0.2,MLP Prevyears + Monthly (Incremental Scaler + Replay Uncertainty Prioritization RR=0.2),mlp_prevyears_monthly_features_incremental_scaler,own_year,2020,2020,f1_score,0.9252548430255269,0.9460952365387653,0.007221224698454154,-0.0007905296839365916,0.013965588948011295,0.006861825332679562,0.003825173300497648,2000,percentile,0.05,0.4937860391819777,0.48656481448352357,0.04247876061969016,0.4542445758252949
mlp_prevyears_monthly_features_incremental_scaler_experience_replay_uncertainity_prioritization_RR_0.2,MLP Prevyears + Monthly (Incremental Scaler + Replay Uncertainty Prioritization RR=0.2),mlp_prevyears_monthly_features_incremental_scaler,own_year,2020,2020,pr_auc,0.9252548430255269,0.9460952365387653,0.003802641741162738,-0.005251943292881982,0.014028486594581654,0.003999736096564422,0.004845897804274154,2000,percentile,0.05,0.45861721082781454,0.4548145690866518,0.19640179910044978,0.732902779379541
mlp_prevyears_monthly_features_incremental_scaler_experience_replay_uncertainity_prioritization_RR_0.3,MLP Prevyears + Monthly (Incremental Scaler + Replay Uncertainty Prioritization RR=0.3),mlp_prevyears_monthly_features_incremental_scaler,own_year,2020,2020,f1_score,0.9529319215231862,0.9460952365387653,0.006831274249692987,-0.0030863900829800573,0.01807788820963776,0.006819683203591236,0.00534197867191147,2000,percentile,0.05,0.49339608873321655,0.48656481448352357,0.09995002498750624,0.4542445758252949
mlp_prevyears_monthly_features_incremental_scaler_experience_replay_uncertainity_prioritization_RR_0.3,MLP Prevyears + Monthly (Incremental Scaler + Replay Uncertainty Prioritization RR=0.3),mlp_prevyears_monthly_features_incremental_scaler,own_year,2020,2020,pr_auc,0.9529319215231862,0.9460952365387653,0.001199471788338513,-0.012487481510472166,0.019196256979406294,0.002849320558356737,0.008256522858519084,2000,percentile,0.05,0.4560140408749903,0.4548145690866518,0.3728135932033983,0.7661004662503912
mlp_prevyears_monthly_features_incremental_scaler_experience_replay_uncertainity_prioritization_RR_0.4,MLP Prevyears + Monthly (Incremental Scaler + Replay Uncertainty Prioritization RR=0.4),mlp_prevyears_monthly_features_incremental_scaler,own_year,2020,2020,f1_score,0.9367059127482142,0.9460952365387653,0.014461661518175462,0.005061931895048796,0.02842925064090395,0.014525524645877572,0.006080844583315483,2000,percentile,0.05,0.501026476001699,0.48656481448352357,0.0004997501249375312,0.046476761619190406
mlp_prevyears_monthly_features_incremental_scaler_experience_replay_uncertainity_prioritization_RR_0.4,MLP Prevyears + Monthly (Incremental Scaler + Replay Uncertainty Prioritization RR=0.4),mlp_prevyears_monthly_features_incremental_scaler,own_year,2020,2020,pr_auc,0.9367059127482142,0.9460952365387653,0.011619416346672462,0.0009504027078779592,0.02581272809134858,0.011751998892383557,0.006240714543689575,2000,percentile,0.05,0.46643398543332426,0.4548145690866518,0.013493253373313344,0.4182908545727137
mlp_prevyears_monthly_features_incremental_scaler_experience_replay_uncertainity_prioritization_RR_0.5,MLP Prevyears + Monthly (Incremental Scaler + Replay Uncertainty Prioritization RR=0.5),mlp_prevyears_monthly_features_incremental_scaler,own_year,2020,2020,f1_score,0.9379724787505704,0.9460952365387653,0.0004884081283638708,-0.009676670009351407,0.012352937686065693,0.0009386392079068311,0.005668905319839927,2000,percentile,0.05,0.48705322261188744,0.48656481448352357,0.4492753623188406,0.7746126936531733
mlp_prevyears_monthly_features_incremental_scaler_experience_replay_uncertainity_prioritization_RR_0.5,MLP Prevyears + Monthly (Incremental Scaler + Replay Uncertainty Prioritization RR=0.5),mlp_prevyears_monthly_features_incremental_scaler,own_year,2020,2020,pr_auc,0.9379724787505704,0.9460952365387653,-0.008366914561062588,-0.023291060524341066,0.01198300818872478,-0.006054477851204603,0.00937958259773123,2000,percentile,0.05,0.4464476545255892,0.4548145690866518,0.7236381809095452,0.9228522993405258
mlp_prevyears_monthly_features_incremental_scaler_missclassification_buffer_RR_0.3,MLP Prevyears + Monthly (Incremental Scaler + Misclassification Buffer RR=0.3),mlp_prevyears_monthly_features_incremental_scaler,own_year,2020,2020,f1_score,0.9313201748060075,0.9460952365387653,-0.001778202994635103,-0.013150289847287517,0.0073104719882213405,-0.002029790086907847,0.005049343012691454,2000,percentile,0.05,0.48478661148888846,0.48656481448352357,0.6496751624187906,0.8964850907879394
mlp_prevyears_monthly_features_incremental_scaler_missclassification_buffer_RR_0.3,MLP Prevyears + Monthly (Incremental Scaler + Misclassification Buffer RR=0.3),mlp_prevyears_monthly_features_incremental_scaler,own_year,2020,2020,pr_auc,0.9313201748060075,0.9460952365387653,0.008535608400883354,-0.0039050316344794805,0.018861860283693476,0.0078570242814038,0.005788960532910933,2000,percentile,0.05,0.46335017748753515,0.4548145690866518,0.08895552223888056,0.732902779379541
"mlp_combined_HE=0.1_CC=0.1_UP=0.1_PR=(0.2,10)_RR=0.5","MLP Combined (HE=0.1, CC=0.1, UP=0.1, PR=(0.2,10), RR=0.5)",mlp_prevyears_monthly_features_incremental_scaler,own_year,2021,2021,f1_score,0.8761769711044464,0.9175288391514824,-0.009706258015263869,-0.02370871368431015,0.005087237733288958,-0.009409540758032279,0.0071833437112356,2000,percentile,0.05,0.4598762886597938,0.46958254667505767,0.9080459770114943,0.9876991328896956
"mlp_combined_HE=0.1_CC=0.1_UP=0.1_PR=(0.2,10)_RR=0.5","MLP Combined (HE=0.1, CC=0.1, UP=0.1, PR=(0.2,10), RR=0.5)",mlp_prevyears_monthly_features_incremental_scaler,own_year,2021,2021,pr_auc,0.8761769711044464,0.9175288391514824,-0.007778194687414197,-0.02254011596753309,0.006073314400259816,-0.007449009489619885,0.007273915280087962,2000,percentile,0.05,0.43181544617765233,0.4395936408650665,0.8580709645177411,0.9975074962518742
"mlp_combined_HE=0_CC=0.15_UP=0_PR=(0,10)_MC=0.1_RWS=1_RR=0.4","MLP Combined (HE=0, CC=0.15, UP=0, PR=(0,10), MC=0.1, RWS=1, RR=0.4)",mlp_prevyears_monthly_features_incremental_scaler,own_year,2021,2021,f1_score,0.9331921888747716,0.9175288391514824,-0.010009472481685378,-0.019273355782030065,-0.0019339649487416638,-0.010216514825964149,0.004434039445106903,2000,percentile,0.05,0.4595730741933723,0.46958254667505767,0.9905047476261869,0.9985007496251874
"mlp_combined_HE=0_CC=0.15_UP=0_PR=(0,10)_MC=0.1_RWS=1_RR=0.4","MLP Combined (HE=0, CC=0.15, UP=0, PR=(0,10), MC=0.1, RWS=1, RR=0.4)",mlp_prevyears_monthly_features_incremental_scaler,own_year,2021,2021,pr_auc,0.9331921888747716,0.9175288391514824,0.0014184974234418557,-0.008865873210288876,0.008989934180890611,0.001082311876508657,0.0045054248783024204,2000,percentile,0.05,0.4410121382885084,0.4395936408650665,0.3823088455772114,0.766372133082395
"mlp_combined_HE=0_CC=0.1_UP=0.1_PR=(0,10)_MC=0.1_RWS=1_RR=0.5","MLP Combined (HE=0, CC=0.1, UP=0.1, PR=(0,10), MC=0.1, RWS=1, RR=0.5)",mlp_prevyears_monthly_features_incremental_scaler,own_year,2021,2021,f1_score,0.9257088356338017,0.9175288391514824,-0.005437017317433346,-0.015116230722938922,0.006660738945541511,-0.005132779346651837,0.005440649929945919,2000,percentile,0.05,0.4641455293576243,0.46958254667505767,0.8310844577711144,0.9682658670664669
"mlp_combined_HE=0_CC=0.1_UP=0.1_PR=(0,10)_MC=0.1_RWS=1_RR=0.5","MLP Combined (HE=0, CC=0.1, UP=0.1, PR=(0,10), MC=0.1, RWS=1, RR=0.5)",mlp_prevyears_monthly_features_incremental_scaler,own_year,2021,2021,pr_auc,0.9257088356338017,0.9175288391514824,0.006082667820713428,-0.005330709643709741,0.01651006361459349,0.006173177322830181,0.005614571614375808,2000,percentile,0.05,0.44567630868577995,0.4395936408650665,0.13693153423288357,0.732902779379541
"mlp_combined_HE=0_CC=0.1_UP=0.2_PR=(0.1,10)_RR=0.5","MLP Combined (HE=0, CC=0.1, UP=0.2, PR=(0.1,10), RR=0.5)",mlp_prevyears_monthly_features_incremental_scaler,own_year,2021,2021,f1_score,0.9251728481621612,0.9175288391514824,-0.022973080857177808,-0.046577557056398725,-0.0030492545564080047,-0.02286420309946604,0.01097957261406393,2000,percentile,0.05,0.44660946581787986,0.46958254667505767,0.9905047476261869,0.9985007496251874
"mlp_combined_HE=0_CC=0.1_UP=0.2_PR=(0.1,10)_RR=0.5","MLP Combined (HE=0, CC=0.1, UP=0.2, PR=(0.1,10), RR=0.5)",mlp_prevyears_monthly_features_incremental_scaler,own_year,2021,2021,pr_auc,0.9251728481621612,0.9175288391514824,-0.013476073837119129,-0.032248665102124936,0.0030524117014973937,-0.013250018792215235,0.009302027324482182,2000,percentile,0.05,0.4261175670279474,0.4395936408650665,0.9310344827586207,1.0
"mlp_combined_HE=0_CC=0.2_UP=0.1_PR=(0.2,10)_RR=0.5","MLP Combined (HE=0, CC=0.2, UP=0.1, PR=(0.2,10), RR=0.5)",mlp_prevyears_monthly_features_incremental_scaler,own_year,2021,2021,f1_score,0.9238456392997344,0.9175288391514824,0.0007011450149417842,-0.01003541028992962,0.011878487933162696,0.0008013352815642807,0.005581519617549668,2000,percentile,0.05,0.47028369168999945,0.46958254667505767,0.44677661169415295,0.7746126936531733
"mlp_combined_HE=0_CC=0.2_UP=0.1_PR=(0.2,10)_RR=0.5","MLP Combined (HE=0, CC=0.2, UP=0.1, PR=(0.2,10), RR=0.5)",mlp_prevyears_monthly_features_incremental_scaler,own_year,2021,2021,pr_auc,0.9238456392997344,0.9175288391514824,0.007483918815667401,-0.002919701364884167,0.016406375328152492,0.007340337194743645,0.005052455565828241,2000,percentile,0.05,0.4470775596807339,0.4395936408650665,0.07946026986506746,0.732902779379541
"mlp_combined_HE=0_CC=0.2_UP=0.2_PR=(0.1,10)_RR=0.5","MLP Combined (HE=0, CC=0.2, UP=0.2, PR=(0.1,10), RR=0.5)",mlp_prevyears_monthly_features_incremental_scaler,own_year,2021,2021,f1_score,0.9487291766391536,0.9175288391514824,-0.006366543177025286,-0.01845145434693988,0.006735667468692672,-0.006216643525907659,0.006437014578486271,2000,percentile,0.05,0.4632160034980324,0.46958254667505767,0.8330834582708646,0.9682658670664669
"mlp_combined_HE=0_CC=0.2_UP=0.2_PR=(0.1,10)_RR=0.5","MLP Combined (HE=0, CC=0.2, UP=0.2, PR=(0.1,10), RR=0.5)",mlp_prevyears_monthly_features_incremental_scaler,own_year,2021,2021,pr_auc,0.9487291766391536,0.9175288391514824,-0.0050306446290909745,-0.019162308064245837,0.008485023099678584,-0.004805231034522056,0.007195420566482355,2000,percentile,0.05,0.43456299623597555,0.4395936408650665,0.7336331834082959,0.9228522993405258
mlp_prevyears_monthly_features_incremental_scaler_experience_replay_RR_0.2,MLP Prevyears + Monthly (Incremental Scaler + Replay RR=0.2),mlp_prevyears_monthly_features_incremental_scaler,own_year,2021,2021,f1_score,0.92670856081663,0.9175288391514824,-0.0018595572991929599,-0.009738668742583865,0.006755244294093221,-0.002028207737620669,0.00424379796401795,2000,percentile,0.05,0.4677229893758647,0.46958254667505767,0.7061469265367316,0.9334628460417679
mlp_prevyears_monthly_features_incremental_scaler_experience_replay_RR_0.2,MLP Prevyears + Monthly (Incremental Scaler + Replay RR=0.2),mlp_prevyears_monthly_features_incremental_scaler,own_year,2021,2021,pr_auc,0.92670856081663,0.9175288391514824,-0.0016209304484698928,-0.009810262096519582,0.0081064975511849,-0.0016554937507065363,0.004649303683238421,2000,percentile,0.05,0.43797271041659663,0.4395936408650665,0.6611694152923538,0.9228522993405258
mlp_prevyears_monthly_features_incremental_scaler_experience_replay_RR_0.2_PR_0.10,"MLP Prevyears + Monthly (Incremental Scaler + Replay RR=0.2, PR=0.10)",mlp_prevyears_monthly_features_incremental_scaler,own_year,2021,2021,f1_score,0.9434513714047986,0.9175288391514824,0.006074807474490407,-0.0038077852599633253,0.01744212419342155,0.006128057937499783,0.005429051972820012,2000,percentile,0.05,0.4756573541495481,0.46958254667505767,0.12343828085957022,0.4542445758252949
mlp_prevyears_monthly_features_incremental_scaler_experience_replay_RR_0.2_PR_0.10,"MLP Prevyears + Monthly (Incremental Scaler + Replay RR=0.2, PR=0.10)",mlp_prevyears_monthly_features_incremental_scaler,own_year,2021,2021,pr_auc,0.9434513714047986,0.9175288391514824,0.0041613488164784496,-0.007229517104608023,0.01671960194162166,0.004419225036814337,0.006001347392844712,2000,percentile,0.05,0.443754989681545,0.4395936408650665,0.2178910544727636,0.732902779379541
mlp_prevyears_monthly_features_incremental_scaler_experience_replay_RR_0.2_PR_0.15,"MLP Prevyears + Monthly (Incremental Scaler + Replay RR=0.2, PR=0.15)",mlp_prevyears_monthly_features_incremental_scaler,own_year,2021,2021,f1_score,0.9498186972484621,0.9175288391514824,0.006477283963083058,-0.009539195239049725,0.023142684679302382,0.0061929589757207335,0.008318296733623195,2000,percentile,0.05,0.4760598306381407,0.46958254667505767,0.2303848075962019,0.5730311314930769
mlp_prevyears_monthly_features_incremental_scaler_experience_replay_RR_0.2_PR_0.15,"MLP Prevyears + Monthly (Incremental Scaler + Replay RR=0.2, PR=0.15)",mlp_prevyears_monthly_features_incremental_scaler,own_year,2021,2021,pr_auc,0.9498186972484621,0.9175288391514824,-0.00022631563925096243,-0.014211936234354437,0.013515031665462304,-0.0006442433736899927,0.007097947857739589,2000,percentile,0.05,0.43936732522581556,0.4395936408650665,0.5357321339330335,0.8896980081387879
mlp_prevyears_monthly_features_incremental_scaler_experience_replay_RR_0.3,MLP Prevyears + Monthly (Incremental Scaler + Replay RR=0.3),mlp_prevyears_monthly_features_incremental_scaler,own_year,2021,2021,f1_score,0.9434518833308743,0.9175288391514824,0.00654342691112586,-0.004441902722918718,0.019416023301329622,0.006903506777208175,0.005908108315886862,2000,percentile,0.05,0.4761259735861835,0.46958254667505767,0.1054472763618191,0.4542445758252949
mlp_prevyears_monthly_features_incremental_scaler_experience_replay_RR_0.3,MLP Prevyears + Monthly (Incremental Scaler + Replay RR=0.3),mlp_prevyears_monthly_features_incremental_scaler,own_year,2021,2021,pr_auc,0.9434518833308743,0.9175288391514824,0.006184228650523538,-0.0025612210842509684,0.014810156177930887,0.006272435824996476,0.004341740099815713,2000,percentile,0.05,0.44577786951559006,0.4395936408650665,0.06696651674162919,0.732902779379541
mlp_prevyears_monthly_features_incremental_scaler_experience_replay_RR_0.3_PR_0.10,"MLP Prevyears + Monthly (Incremental Scaler + Replay RR=0.3, PR=0.10)",mlp_prevyears_monthly_features_incremental_scaler,own_year,2021,2021,f1_score,0.9438510531738351,0.9175288391514824,0.007807599796313847,-0.00395902947734845,0.02145885728843016,0.0076988545806106505,0.006594965308305903,2000,percentile,0.05,0.4773901464713715,0.46958254667505767,0.11894052973513243,0.4542445758252949
mlp_prevyears_monthly_features_incremental_scaler_experience_replay_RR_0.3_PR_0.10,"MLP Prevyears + Monthly (Incremental Scaler + Replay RR=0.3, PR=0.10)",mlp_prevyears_monthly_features_incremental_scaler,own_year,2021,2021,pr_auc,0.9438510531738351,0.9175288391514824,0.012736436892591518,0.0022650323705832353,0.023845583211227362,0.012436856566494096,0.005356336498805609,2000,percentile,0.05,0.45233007775765804,0.4395936408650665,0.010994502748625687,0.4182908545727137
mlp_prevyears_monthly_features_incremental_scaler_experience_replay_RR_0.3_PR_0.15,"MLP Prevyears + Monthly (Incremental Scaler + Replay RR=0.3, PR=0.15)",mlp_prevyears_monthly_features_incremental_scaler,own_year,2021,2021,f1_score,0.9587825760657906,0.9175288391514824,0.007018145659059616,-0.0022622139968107025,0.019566807722756773,0.007042278953192191,0.005536504680713168,2000,percentile,0.05,0.4766006923341173,0.46958254667505767,0.09245377311344327,0.4542445758252949
mlp_prevyears_monthly_features_incremental_scaler_experience_replay_RR_0.3_PR_0.15,"MLP Prevyears + Monthly (Incremental Scaler + Replay RR=0.3, PR=0.15)",mlp_prevyears_monthly_features_incremental_scaler,own_year,2021,2021,pr_auc,0.9587825760657906,0.9175288391514824,0.008748900268940207,-0.0016904176623416616,0.02001113088033856,0.008582627233264572,0.005456281469992811,2000,percentile,0.05,0.44834254113400673,0.4395936408650665,0.05297351324337831,0.732902779379541
mlp_prevyears_monthly_features_incremental_scaler_experience_replay_RR_0.4,MLP Prevyears + Monthly (Incremental Scaler + Replay RR=0.4),mlp_prevyears_monthly_features_incremental_scaler,own_year,2021,2021,f1_score,0.9447227246358143,0.9175288391514824,0.0011546285853933358,-0.00793586766603629,0.011475794984386965,0.0015404819304511205,0.005009820475996175,2000,percentile,0.05,0.470737175260451,0.46958254667505767,0.3873063468265867,0.7276664697954054
mlp_prevyears_monthly_features_incremental_scaler_experience_replay_RR_0.4,MLP Prevyears + Monthly (Incremental Scaler + Replay RR=0.4),mlp_prevyears_monthly_features_incremental_scaler,own_year,2021,2021,pr_auc,0.9447227246358143,0.9175288391514824,0.004050630375449227,-0.0028301648112297184,0.011315900033457347,0.004071176165282491,0.0035819316007504156,2000,percentile,0.05,0.44364427124051575,0.4395936408650665,0.12643678160919541,0.732902779379541
mlp_prevyears_monthly_features_incremental_scaler_experience_replay_RR_0.4_PR_0.10,"MLP Prevyears + Monthly (Incremental Scaler + Replay RR=0.4, PR=0.10)",mlp_prevyears_monthly_features_incremental_scaler,own_year,2021,2021,f1_score,0.949629098366521,0.9175288391514824,-0.009136246270516346,-0.0191954676193367,0.0012783539028762914,-0.008863549227792223,0.005363435902129977,2000,percentile,0.05,0.4604463004045413,0.46958254667505767,0.952023988005997,0.9985007496251874
mlp_prevyears_monthly_features_incremental_scaler_experience_replay_RR_0.4_PR_0.10,"MLP Prevyears + Monthly (Incremental Scaler + Replay RR=0.4, PR=0.10)",mlp_prevyears_monthly_features_incremental_scaler,own_year,2021,2021,pr_auc,0.949629098366521,0.9175288391514824,-0.004678111556834452,-0.015092178456261535,0.0069659168675105364,-0.004343221556308838,0.0056601637415574614,2000,percentile,0.05,0.4349155293082321,0.4395936408650665,0.7756121939030485,0.9367783640647209
mlp_prevyears_monthly_features_incremental_scaler_experience_replay_RR_0.4_PR_0.15,"MLP Prevyears + Monthly (Incremental Scaler + Replay RR=0.4, PR=0.15)",mlp_prevyears_monthly_features_incremental_scaler,own_year,2021,2021,f1_score,0.9583770610358148,0.9175288391514824,-0.00142573968245574,-0.013512510441075166,0.01013496105219706,-0.0013229047596451777,0.0060488312409582206,2000,percentile,0.05,0.4681568069926019,0.46958254667505767,0.5787106446776612,0.8409389055472264
mlp_prevyears_monthly_features_incremental_scaler_experience_replay_RR_0.4_PR_0.15,"MLP Prevyears + Monthly (Incremental Scaler + Replay RR=0.4, PR=0.15)",mlp_prevyears_monthly_features_incremental_scaler,own_year,2021,2021,pr_auc,0.9583770610358148,0.9175288391514824,-0.003077642334585684,-0.015554675954702026,0.008679776099974529,-0.00300218061844689,0.006171344920117159,2000,percentile,0.05,0.43651599853048084,0.4395936408650665,0.6821589205397302,0.9228522993405258
mlp_prevyears_monthly_features_incremental_scaler_experience_replay_RR_0.5,MLP Prevyears + Monthly (Incremental Scaler + Replay RR=0.5),mlp_prevyears_monthly_features_incremental_scaler,own_year,2021,2021,f1_score,0.9375416378656767,0.9175288391514824,0.006676409181237741,-0.00476587277090601,0.02014717803236788,0.006796165541316157,0.006363344342296321,2000,percentile,0.05,0.4762589558562954,0.46958254667505767,0.13493253373313344,0.4563172958975058
mlp_prevyears_monthly_features_incremental_scaler_experience_replay_RR_0.5,MLP Prevyears + Monthly (Incremental Scaler + Replay RR=0.5),mlp_prevyears_monthly_features_incremental_scaler,own_year,2021,2021,pr_auc,0.9375416378656767,0.9175288391514824,0.006831175565556735,-0.0033130281475810667,0.015648605207248516,0.0064485918921545786,0.004773096649023587,2000,percentile,0.05,0.44642481643062326,0.4395936408650665,0.08545727136431784,0.732902779379541
mlp_prevyears_monthly_features_incremental_scaler_experience_replay_RR_0.5_PR_0.10,"MLP Prevyears + Monthly (Incremental Scaler + Replay RR=0.5, PR=0.10)",mlp_prevyears_monthly_features_incremental_scaler,own_year,2021,2021,f1_score,0.9620043499337708,0.9175288391514824,-0.005738031233098129,-0.01563996578036425,0.004866191810019556,-0.005564130987019979,0.005230724395086263,2000,percentile,0.05,0.46384451544195954,0.46958254667505767,0.8565717141429285,0.9682658670664669
mlp_prevyears_monthly_features_incremental_scaler_experience_replay_RR_0.5_PR_0.10,"MLP Prevyears + Monthly (Incremental Scaler + Replay RR=0.5, PR=0.10)",mlp_prevyears_monthly_features_incremental_scaler,own_year,2021,2021,pr_auc,0.9620043499337708,0.9175288391514824,0.004709900730388239,-0.005995114318787938,0.015586404617781185,0.0046415846572748385,0.005551255199742887,2000,percentile,0.05,0.44430354159545477,0.4395936408650665,0.19590204897551225,0.732902779379541
mlp_prevyears_monthly_features_incremental_scaler_experience_replay_RR_0.5_PR_0.15,"MLP Prevyears + Monthly (Incremental Scaler + Replay RR=0.5, PR=0.15)",mlp_prevyears_monthly_features_incremental_scaler,own_year,2021,2021,f1_score,0.9526011302980621,0.9175288391514824,0.00443902818553954,-0.006265117030154923,0.01724932217068502,0.004647251038299492,0.006070916584528847,2000,percentile,0.05,0.4740215748605972,0.46958254667505767,0.2353823088455772,0.5730311314930769
mlp_prevyears_monthly_features_incremental_scaler_experience_replay_RR_0.5_PR_0.15,"MLP Prevyears + Monthly (Incremental Scaler + Replay RR=0.5, PR=0.15)",mlp_prevyears_monthly_features_incremental_scaler,own_year,2021,2021,pr_auc,0.9526011302980621,0.9175288391514824,0.0017431265839400467,-0.008342612073813848,0.012486042398542258,0.0019297021739478415,0.005299719439815197,2000,percentile,0.05,0.4413367674490066,0.4395936408650665,0.3498250874562719,0.7565984449635649
mlp_prevyears_monthly_features_incremental_scaler_experience_replay_confidently_correct_memory_RR_0.2,MLP Prevyears + Monthly (Incremental Scaler + Replay Confidently Correct RR=0.2),mlp_prevyears_monthly_features_incremental_scaler,own_year,2021,2021,f1_score,0.9603258477662937,0.9175288391514824,-0.004649277147753983,-0.012892756140843127,0.003028793161618098,-0.00461617671554985,0.004104261019222513,2000,percentile,0.05,0.4649332695273037,0.46958254667505767,0.8680659670164917,0.9682658670664669
mlp_prevyears_monthly_features_incremental_scaler_experience_replay_confidently_correct_memory_RR_0.2,MLP Prevyears + Monthly (Incremental Scaler + Replay Confidently Correct RR=0.2),mlp_prevyears_monthly_features_incremental_scaler,own_year,2021,2021,pr_auc,0.9603258477662937,0.9175288391514824,-0.0015344710732661526,-0.009260452396013705,0.006735275098759209,-0.0013917641881389246,0.004116219118633837,2000,percentile,0.05,0.4380591697918004,0.4395936408650665,0.632183908045977,0.9228522993405258
mlp_prevyears_monthly_features_incremental_scaler_experience_replay_confidently_correct_memory_RR_0.3,MLP Prevyears + Monthly (Incremental Scaler + Replay Confidently Correct RR=0.3),mlp_prevyears_monthly_features_incremental_scaler,own_year,2021,2021,f1_score,0.9407432261916685,0.9175288391514824,-9.433206378017811e-05,-0.007708442010008235,0.00702298600986128,-0.00014145339644625372,0.003728736697768835,2000,percentile,0.05,0.4694882146112775,0.46958254667505767,0.5047476261869065,0.8235356006207422
mlp_prevyears_monthly_features_incremental_scaler_experience_replay_confidently_correct_memory_RR_0.3,MLP Prevyears + Monthly (Incremental Scaler + Replay Confidently Correct RR=0.3),mlp_prevyears_monthly_features_incremental_scaler,own_year,2021,2021,pr_auc,0.9407432261916685,0.9175288391514824,0.0022726829697519713,-0.007324177710142575,0.010583714891304535,0.0021234247461680237,0.004545877477805339,2000,percentile,0.05,0.4418663238348185,0.4395936408650665,0.3073463268365817,0.732902779379541
mlp_prevyears_monthly_features_incremental_scaler_experience_replay_confidently_correct_memory_RR_0.4,MLP Prevyears + Monthly (Incremental Scaler + Replay Confidently Correct RR=0.4),mlp_prevyears_monthly_features_incremental_scaler,own_year,2021,2021,f1_score,0.9544071704261958,0.9175288391514824,0.0032215646650409213,-0.012370234177028882,0.028550928007804514,0.003625547446992322,0.010783980822664713,2000,percentile,0.05,0.4728041113400986,0.46958254667505767,0.4122938530734633,0.7592738284323185
mlp_prevyears_monthly_features_incremental_scaler_experience_replay_confidently_correct_memory_RR_0.4,MLP Prevyears + Monthly (Incremental Scaler + Replay Confidently Correct RR=0.4),mlp_prevyears_monthly_features_incremental_scaler,own_year,2021,2021,pr_auc,0.9544071704261958,0.9175288391514824,-0.0021237464639918824,-0.014574509387763047,0.012705938726676967,-0.0018696809054242448,0.007187496808229937,2000,percentile,0.05,0.43746989440107464,0.4395936408650665,0.617191404297851,0.9228522993405258
mlp_prevyears_monthly_features_incremental_scaler_experience_replay_confidently_correct_memory_RR_0.5,MLP Prevyears + Monthly (Incremental Scaler + Replay Confidently Correct RR=0.5),mlp_prevyears_monthly_features_incremental_scaler,own_year,2021,2021,f1_score,0.9513189771889552,0.9175288391514824,0.011185688558156603,-0.0021404169501422128,0.028414482151233343,0.011194621053134278,0.007781509931046578,2000,percentile,0.05,0.48076823523321427,0.46958254667505767,0.06296851574212893,0.4542445758252949
mlp_prevyears_monthly_features_incremental_scaler_experience_replay_confidently_correct_memory_RR_0.5,MLP Prevyears + Monthly (Incremental Scaler + Replay Confidently Correct RR=0.5),mlp_prevyears_monthly_features_incremental_scaler,own_year,2021,2021,pr_auc,0.9513189771889552,0.9175288391514824,0.01387011581906994,0.0019154587366925172,0.02610788270514294,0.013703680207970918,0.006161951854436397,2000,percentile,0.05,0.45346375668413647,0.4395936408650665,0.011494252873563218,0.4182908545727137
mlp_prevyears_monthly_features_incremental_scaler_experience_replay_hard_example_mining_RR_0.2,MLP Prevyears + Monthly (Incremental Scaler + Replay Hard Example Mining RR=0.2),mlp_prevyears_monthly_features_incremental_scaler,own_year,2021,2021,f1_score,0.9092903219469568,0.9175288391514824,-0.012126949814256327,-0.0279859982744724,0.001139130604964816,-0.012163515870946056,0.007631599593658895,2000,percentile,0.05,0.45745559686080134,0.46958254667505767,0.9615192403798101,0.9985007496251874
mlp_prevyears_monthly_features_incremental_scaler_experience_replay_hard_example_mining_RR_0.2,MLP Prevyears + Monthly (Incremental Scaler + Replay Hard Example Mining RR=0.2),mlp_prevyears_monthly_features_incremental_scaler,own_year,2021,2021,pr_auc,0.9092903219469568,0.9175288391514824,-0.017930773710781278,-0.036409109899625765,-0.0009451524609857811,-0.017504685558921856,0.009112001397197245,2000,percentile,0.05,0.42166286715428525,0.4395936408650665,0.9790104947526237,1.0
mlp_prevyears_monthly_features_incremental_scaler_experience_replay_hard_example_mining_RR_0.3,MLP Prevyears + Monthly (Incremental Scaler + Replay Hard Example Mining RR=0.3),mlp_prevyears_monthly_features_incremental_scaler,own_year,2021,2021,f1_score,0.930665132212484,0.9175288391514824,-0.017041430286161174,-0.035672103689007924,-0.0020746653778369465,-0.017202017488603467,0.008663209041406533,2000,percentile,0.05,0.4525411163888965,0.46958254667505767,0.9845077461269365,0.9985007496251874
mlp_prevyears_monthly_features_incremental_scaler_experience_replay_hard_example_mining_RR_0.3,MLP Prevyears + Monthly (Incremental Scaler + Replay Hard Example Mining RR=0.3),mlp_prevyears_monthly_features_incremental_scaler,own_year,2021,2021,pr_auc,0.930665132212484,0.9175288391514824,-0.00764697634587469,-0.019028519893948867,0.0024237837886042597,-0.007955659920156519,0.005464812432385715,2000,percentile,0.05,0.43194666451919184,0.4395936408650665,0.928535732133933,1.0
mlp_prevyears_monthly_features_incremental_scaler_experience_replay_hard_example_mining_RR_0.4,MLP Prevyears + Monthly (Incremental Scaler + Replay Hard Example Mining RR=0.4),mlp_prevyears_monthly_features_incremental_scaler,own_year,2021,2021,f1_score,0.9252054027668108,0.9175288391514824,-0.012173225741374583,-0.029864364412144247,0.004145742277504335,-0.012059398520046777,0.00877385959001265,2000,percentile,0.05,0.4574093209336831,0.46958254667505767,0.9290354822588706,0.9985007496251874
mlp_prevyears_monthly_features_incremental_scaler_experience_replay_hard_example_mining_RR_0.4,MLP Prevyears + Monthly (Incremental Scaler + Replay Hard Example Mining RR=0.4),mlp_prevyears_monthly_features_incremental_scaler,own_year,2021,2021,pr_auc,0.9252054027668108,0.9175288391514824,-0.014414272219677782,-0.03745323707803397,0.0044125913973718615,-0.014291084579754114,0.010518554135413001,2000,percentile,0.05,0.42517936864538874,0.4395936408650665,0.9290354822588706,1.0
mlp_prevyears_monthly_features_incremental_scaler_experience_replay_hard_example_mining_RR_0.5,MLP Prevyears + Monthly (Incremental Scaler + Replay Hard Example Mining RR=0.5),mlp_prevyears_monthly_features_incremental_scaler,own_year,2021,2021,f1_score,0.9254935092043354,0.9175288391514824,-0.0007247293516510767,-0.012296076889277727,0.012632237222224289,-0.0007738647100616638,0.006557549111820387,2000,percentile,0.05,0.4688578173234066,0.46958254667505767,0.5612193903048476,0.8409389055472264
mlp_prevyears_monthly_features_incremental_scaler_experience_replay_hard_example_mining_RR_0.5,MLP Prevyears + Monthly (Incremental Scaler + Replay Hard Example Mining RR=0.5),mlp_prevyears_monthly_features_incremental_scaler,own_year,2021,2021,pr_auc,0.9254935092043354,0.9175288391514824,-0.0133969120545252,-0.031510274886905165,0.0022791743565601227,-0.0133992673713178,0.008786553821509856,2000,percentile,0.05,0.4261967288105413,0.4395936408650665,0.9475262368815592,1.0
mlp_prevyears_monthly_features_incremental_scaler_experience_replay_uncertainity_prioritization_RR_0.2,MLP Prevyears + Monthly (Incremental Scaler + Replay Uncertainty Prioritization RR=0.2),mlp_prevyears_monthly_features_incremental_scaler,own_year,2021,2021,f1_score,0.9371032410917672,0.9175288391514824,0.020487383394872383,0.0064225852761066946,0.0374632894334389,0.020742983422167866,0.00798554610512689,2000,percentile,0.05,0.49006993006993005,0.46958254667505767,0.0004997501249375312,0.046476761619190406
mlp_prevyears_monthly_features_incremental_scaler_experience_replay_uncertainity_prioritization_RR_0.2,MLP Prevyears + Monthly (Incremental Scaler + Replay Uncertainty Prioritization RR=0.2),mlp_prevyears_monthly_features_incremental_scaler,own_year,2021,2021,pr_auc,0.9371032410917672,0.9175288391514824,0.014996518785629409,0.00592799058686367,0.024541553167868376,0.014850152708600557,0.004805425067569134,2000,percentile,0.05,0.45459015965069594,0.4395936408650665,0.0004997501249375312,0.09295352323838081
mlp_prevyears_monthly_features_incremental_scaler_experience_replay_uncertainity_prioritization_RR_0.3,MLP Prevyears + Monthly (Incremental Scaler + Replay Uncertainty Prioritization RR=0.3),mlp_prevyears_monthly_features_incremental_scaler,own_year,2021,2021,f1_score,0.946970984245379,0.9175288391514824,0.007762193502382109,-0.0032457824757825145,0.020301405368824486,0.008075352865456522,0.006145292927759866,2000,percentile,0.05,0.4773447401774398,0.46958254667505767,0.09645177411294353,0.4542445758252949
mlp_prevyears_monthly_features_incremental_scaler_experience_replay_uncertainity_prioritization_RR_0.3,MLP Prevyears + Monthly (Incremental Scaler + Replay Uncertainty Prioritization RR=0.3),mlp_prevyears_monthly_features_incremental_scaler,own_year,2021,2021,pr_auc,0.946970984245379,0.9175288391514824,0.010900228878119922,0.001156696117730416,0.020995086334864355,0.010920383281293921,0.005149832572078928,2000,percentile,0.05,0.45049386974318645,0.4395936408650665,0.01699150424787606,0.45148854144356393
mlp_prevyears_monthly_features_incremental_scaler_experience_replay_uncertainity_prioritization_RR_0.4,MLP Prevyears + Monthly (Incremental Scaler + Replay Uncertainty Prioritization RR=0.4),mlp_prevyears_monthly_features_incremental_scaler,own_year,2021,2021,f1_score,0.9466763634229517,0.9175288391514824,0.008126084216597107,-0.004079268300903138,0.02306579912554092,0.008452198652291474,0.0070139593999652425,2000,percentile,0.05,0.4777086308916548,0.46958254667505767,0.10744627686156921,0.4542445758252949
mlp_prevyears_monthly_features_incremental_scaler_experience_replay_uncertainity_prioritization_RR_0.4,MLP Prevyears + Monthly (Incremental Scaler + Replay Uncertainty Prioritization RR=0.4),mlp_prevyears_monthly_features_incremental_scaler,own_year,2021,2021,pr_auc,0.9466763634229517,0.9175288391514824,2.522588001191428e-05,-0.021852154629584026,0.018170316961634524,0.00010510782222361695,0.010324128807212396,2000,percentile,0.05,0.43961886674507844,0.4395936408650665,0.4827586206896552,0.8444002297916462
mlp_prevyears_monthly_features_incremental_scaler_experience_replay_uncertainity_prioritization_RR_0.5,MLP Prevyears + Monthly (Incremental Scaler + Replay Uncertainty Prioritization RR=0.5),mlp_prevyears_monthly_features_incremental_scaler,own_year,2021,2021,f1_score,0.9407887750034106,0.9175288391514824,0.015728699604222796,-0.0011663005941459192,0.03817711247021709,0.016085457119888825,0.010108366684621107,2000,percentile,0.05,0.48531124627928046,0.46958254667505767,0.037481259370314844,0.4542445758252949
mlp_prevyears_monthly_features_incremental_scaler_experience_replay_uncertainity_prioritization_RR_0.5,MLP Prevyears + Monthly (Incremental Scaler + Replay Uncertainty Prioritization RR=0.5),mlp_prevyears_monthly_features_incremental_scaler,own_year,2021,2021,pr_auc,0.9407887750034106,0.9175288391514824,0.01256740779359955,0.001527988977136996,0.02525342481351712,0.01253741202131555,0.0059371344521559465,2000,percentile,0.05,0.4521610486586661,0.4395936408650665,0.008995502248875561,0.4182908545727137
mlp_prevyears_monthly_features_incremental_scaler_missclassification_buffer_RR_0.3,MLP Prevyears + Monthly (Incremental Scaler + Misclassification Buffer RR=0.3),mlp_prevyears_monthly_features_incremental_scaler,own_year,2021,2021,f1_score,0.9203063197948591,0.9175288391514824,-0.0074744385669495705,-0.02041263700275442,0.005324788409580062,-0.007270893020973373,0.006537304073581789,2000,percentile,0.05,0.4621081081081081,0.46958254667505767,0.8740629685157422,0.9682658670664669
mlp_prevyears_monthly_features_incremental_scaler_missclassification_buffer_RR_0.3,MLP Prevyears + Monthly (Incremental Scaler + Misclassification Buffer RR=0.3),mlp_prevyears_monthly_features_incremental_scaler,own_year,2021,2021,pr_auc,0.9203063197948591,0.9175288391514824,-0.00758261060801213,-0.020664465089905527,0.005384711955636438,-0.007421213837739695,0.006488721943171895,2000,percentile,0.05,0.4320110302570544,0.4395936408650665,0.8770614692653673,1.0
"mlp_combined_HE=0.1_CC=0.1_UP=0.1_PR=(0.2,10)_RR=0.5","MLP Combined (HE=0.1, CC=0.1, UP=0.1, PR=(0.2,10), RR=0.5)",mlp_prevyears_monthly_features_incremental_scaler,own_year,2022,2022,f1_score,0.8117805015738833,0.9035039502051037,-0.018964776142244233,-0.03264865389846215,-0.00666830291460618,-0.019324223425980794,0.006838504687722465,2000,percentile,0.05,0.453724551465883,0.4726893276081272,0.9985007496251874,0.9985007496251874
"mlp_combined_HE=0.1_CC=0.1_UP=0.1_PR=(0.2,10)_RR=0.5","MLP Combined (HE=0.1, CC=0.1, UP=0.1, PR=(0.2,10), RR=0.5)",mlp_prevyears_monthly_features_incremental_scaler,own_year,2022,2022,pr_auc,0.8117805015738833,0.9035039502051037,-0.015427834464364298,-0.0344532005311215,0.0007563845214988677,-0.016450911296036038,0.009033257357758371,2000,percentile,0.05,0.43925914268474614,0.45468697714911044,0.9700149925037481,1.0
"mlp_combined_HE=0_CC=0.15_UP=0_PR=(0,10)_MC=0.1_RWS=1_RR=0.4","MLP Combined (HE=0, CC=0.15, UP=0, PR=(0,10), MC=0.1, RWS=1, RR=0.4)",mlp_prevyears_monthly_features_incremental_scaler,own_year,2022,2022,f1_score,0.8273101512811031,0.9035039502051037,-0.007595126593220036,-0.021300055028968017,0.007899091912430654,-0.007047095477184433,0.007444222046496423,2000,percentile,0.05,0.46509420101490717,0.4726893276081272,0.8225887056471765,0.9682658670664669
"mlp_combined_HE=0_CC=0.15_UP=0_PR=(0,10)_MC=0.1_RWS=1_RR=0.4","MLP Combined (HE=0, CC=0.15, UP=0, PR=(0,10), MC=0.1, RWS=1, RR=0.4)",mlp_prevyears_monthly_features_incremental_scaler,own_year,2022,2022,pr_auc,0.8273101512811031,0.9035039502051037,-0.0038403919822704857,-0.014623758944015153,0.008321274678548866,-0.0032274905959026,0.00587109361669526,2000,percentile,0.05,0.45084658516683995,0.45468697714911044,0.7086456771614192,0.9228522993405258
"mlp_combined_HE=0_CC=0.1_UP=0.1_PR=(0,10)_MC=0.1_RWS=1_RR=0.5","MLP Combined (HE=0, CC=0.1, UP=0.1, PR=(0,10), MC=0.1, RWS=1, RR=0.5)",mlp_prevyears_monthly_features_incremental_scaler,own_year,2022,2022,f1_score,0.8499906288659069,0.9035039502051037,0.014608480496730303,-0.0143486645194936,0.03849808997530249,0.011810905327617114,0.01493472754630675,2000,percentile,0.05,0.4872978081048575,0.4726893276081272,0.26186906546726635,0.5730311314930769
"mlp_combined_HE=0_CC=0.1_UP=0.1_PR=(0,10)_MC=0.1_RWS=1_RR=0.5","MLP Combined (HE=0, CC=0.1, UP=0.1, PR=(0,10), MC=0.1, RWS=1, RR=0.5)",mlp_prevyears_monthly_features_incremental_scaler,own_year,2022,2022,pr_auc,0.8499906288659069,0.9035039502051037,0.01303424896869354,-0.01831830122939639,0.03578776766688361,0.009336870106686226,0.015556990378719346,2000,percentile,0.05,0.467721226117804,0.45468697714911044,0.30484757621189407,0.732902779379541
"mlp_combined_HE=0_CC=0.1_UP=0.2_PR=(0.1,10)_RR=0.5","MLP Combined (HE=0, CC=0.1, UP=0.2, PR=(0.1,10), RR=0.5)",mlp_prevyears_monthly_features_incremental_scaler,own_year,2022,2022,f1_score,0.8312063317007002,0.9035039502051037,0.006967549737437795,-0.02361496958477383,0.03679088743371457,0.005518531682145481,0.015865232797257118,2000,percentile,0.05,0.479656877345565,0.4726893276081272,0.3728135932033983,0.7113790043753633
"mlp_combined_HE=0_CC=0.1_UP=0.2_PR=(0.1,10)_RR=0.5","MLP Combined (HE=0, CC=0.1, UP=0.2, PR=(0.1,10), RR=0.5)",mlp_prevyears_monthly_features_incremental_scaler,own_year,2022,2022,pr_auc,0.8312063317007002,0.9035039502051037,0.016697287426401308,-0.016328939153679493,0.04451518018292139,0.013768062854313552,0.016775648981818034,2000,percentile,0.05,0.47138426457551175,0.45468697714911044,0.2538730634682659,0.732902779379541
"mlp_combined_HE=0_CC=0.2_UP=0.1_PR=(0.2,10)_RR=0.5","MLP Combined (HE=0, CC=0.2, UP=0.1, PR=(0.2,10), RR=0.5)",mlp_prevyears_monthly_features_incremental_scaler,own_year,2022,2022,f1_score,0.8230294410532468,0.9035039502051037,-0.012569730369416388,-0.03387258914395269,0.009398814175924666,-0.012351701424192552,0.0111552839015746,2000,percentile,0.05,0.4601195972387108,0.4726893276081272,0.8600699650174912,0.9682658670664669
"mlp_combined_HE=0_CC=0.2_UP=0.1_PR=(0.2,10)_RR=0.5","MLP Combined (HE=0, CC=0.2, UP=0.1, PR=(0.2,10), RR=0.5)",mlp_prevyears_monthly_features_incremental_scaler,own_year,2022,2022,pr_auc,0.8230294410532468,0.9035039502051037,0.0020712140637335064,-0.015490955153439198,0.017397394752175013,0.0013181221149642624,0.008680221774157934,2000,percentile,0.05,0.45675819121284394,0.45468697714911044,0.44377811094452774,0.820015734706904
"mlp_combined_HE=0_CC=0.2_UP=0.2_PR=(0.1,10)_RR=0.5","MLP Combined (HE=0, CC=0.2, UP=0.2, PR=(0.1,10), RR=0.5)",mlp_prevyears_monthly_features_incremental_scaler,own_year,2022,2022,f1_score,0.8356157325237004,0.9035039502051037,0.0162674479920748,-0.01184112690985557,0.03929391416930553,0.013167936607746381,0.014711701638763874,2000,percentile,0.05,0.488956775600202,0.4726893276081272,0.24737631184407796,0.5730311314930769
"mlp_combined_HE=0_CC=0.2_UP=0.2_PR=(0.1,10)_RR=0.5","MLP Combined (HE=0, CC=0.2, UP=0.2, PR=(0.1,10), RR=0.5)",mlp_prevyears_monthly_features_incremental_scaler,own_year,2022,2022,pr_auc,0.8356157325237004,0.9035039502051037,0.022849946578277325,-0.010582765806111649,0.04613235805336733,0.01806518742893945,0.016949847285564246,2000,percentile,0.05,0.47753692372738776,0.45468697714911044,0.22038980509745126,0.732902779379541
mlp_prevyears_monthly_features_incremental_scaler_experience_replay_RR_0.2,MLP Prevyears + Monthly (Incremental Scaler + Replay RR=0.2),mlp_prevyears_monthly_features_incremental_scaler,own_year,2022,2022,f1_score,0.8931716179890571,0.9035039502051037,0.011020632247495998,-0.006719252036168574,0.02543791207346624,0.009611309852334195,0.008622141640243696,2000,percentile,0.05,0.4837099598556232,0.4726893276081272,0.1489255372313843,0.4859675425445172
mlp_prevyears_monthly_features_incremental_scaler_experience_replay_RR_0.2,MLP Prevyears + Monthly (Incremental Scaler + Replay RR=0.2),mlp_prevyears_monthly_features_incremental_scaler,own_year,2022,2022,pr_auc,0.8931716179890571,0.9035039502051037,0.009852993689327239,-0.009635782057687047,0.024418121102396044,0.00798627125332305,0.009377140029045104,2000,percentile,0.05,0.4645399708384377,0.45468697714911044,0.22938530734632684,0.732902779379541
mlp_prevyears_monthly_features_incremental_scaler_experience_replay_RR_0.2_PR_0.10,"MLP Prevyears + Monthly (Incremental Scaler + Replay RR=0.2, PR=0.10)",mlp_prevyears_monthly_features_incremental_scaler,own_year,2022,2022,f1_score,0.883652256065147,0.9035039502051037,0.019802419518880177,-0.0016349402405261768,0.03761413150840275,0.018729711635654428,0.010091893565227909,2000,percentile,0.05,0.4924917471270074,0.4726893276081272,0.035982008995502246,0.4542445758252949
mlp_prevyears_monthly_features_incremental_scaler_experience_replay_RR_0.2_PR_0.10,"MLP Prevyears + Monthly (Incremental Scaler + Replay RR=0.2, PR=0.10)",mlp_prevyears_monthly_features_incremental_scaler,own_year,2022,2022,pr_auc,0.883652256065147,0.9035039502051037,0.013743051013144103,-0.006731875646609371,0.031154303737237512,0.012488594770488168,0.010300320377716922,2000,percentile,0.05,0.46843002816225454,0.45468697714911044,0.13043478260869565,0.732902779379541
mlp_prevyears_monthly_features_incremental_scaler_experience_replay_RR_0.2_PR_0.15,"MLP Prevyears + Monthly (Incremental Scaler + Replay RR=0.2, PR=0.15)",mlp_prevyears_monthly_features_incremental_scaler,own_year,2022,2022,f1_score,0.8761036146493254,0.9035039502051037,0.003252133872188534,-0.009900885780774221,0.016221752607123406,0.002981452475938973,0.006639582205550997,2000,percentile,0.05,0.47594146148031574,0.4726893276081272,0.3258370814592704,0.6516741629185407
mlp_prevyears_monthly_features_incremental_scaler_experience_replay_RR_0.2_PR_0.15,"MLP Prevyears + Monthly (Incremental Scaler + Replay RR=0.2, PR=0.15)",mlp_prevyears_monthly_features_incremental_scaler,own_year,2022,2022,pr_auc,0.8761036146493254,0.9035039502051037,-0.00026740550339282576,-0.014628674996474165,0.01386260159086136,-0.000479431713380667,0.00725197176471366,2000,percentile,0.05,0.4544195716457176,0.45468697714911044,0.5312343828085957,0.8896980081387879
mlp_prevyears_monthly_features_incremental_scaler_experience_replay_RR_0.3,MLP Prevyears + Monthly (Incremental Scaler + Replay RR=0.3),mlp_prevyears_monthly_features_incremental_scaler,own_year,2022,2022,f1_score,0.8852617399563433,0.9035039502051037,-0.02344045692843394,-0.03613732260296804,-0.006088091066078744,-0.021716908734224653,0.007639768894626829,2000,percentile,0.05,0.44924887067969327,0.4726893276081272,0.9970014992503748,0.9985007496251874
mlp_prevyears_monthly_features_incremental_scaler_experience_replay_RR_0.3,MLP Prevyears + Monthly (Incremental Scaler + Replay RR=0.3),mlp_prevyears_monthly_features_incremental_scaler,own_year,2022,2022,pr_auc,0.8852617399563433,0.9035039502051037,-0.004719248051620828,-0.016190940624293035,0.006667409578509972,-0.004751569846618084,0.005821121224819498,2000,percentile,0.05,0.4499677290974896,0.45468697714911044,0.7931034482758621,0.9425605668503327
mlp_prevyears_monthly_features_incremental_scaler_experience_replay_RR_0.3_PR_0.10,"MLP Prevyears + Monthly (Incremental Scaler + Replay RR=0.3, PR=0.10)",mlp_prevyears_monthly_features_incremental_scaler,own_year,2022,2022,f1_score,0.8782471353032385,0.9035039502051037,0.004403244279866936,-0.007641143009904892,0.017816311848163797,0.0043477080682392645,0.0063796950450640605,2000,percentile,0.05,0.47709257188799414,0.4726893276081272,0.2478760619690155,0.5730311314930769
mlp_prevyears_monthly_features_incremental_scaler_experience_replay_RR_0.3_PR_0.10,"MLP Prevyears + Monthly (Incremental Scaler + Replay RR=0.3, PR=0.10)",mlp_prevyears_monthly_features_incremental_scaler,own_year,2022,2022,pr_auc,0.8782471353032385,0.9035039502051037,-0.004391547905845616,-0.016584025989288972,0.008236522981767646,-0.003997458005287403,0.006172163692598685,2000,percentile,0.05,0.4502954292432648,0.45468697714911044,0.7591204397801099,0.9228522993405258
mlp_prevyears_monthly_features_incremental_scaler_experience_replay_RR_0.3_PR_0.15,"MLP Prevyears + Monthly (Incremental Scaler + Replay RR=0.3, PR=0.15)",mlp_prevyears_monthly_features_incremental_scaler,own_year,2022,2022,f1_score,0.8761514273102083,0.9035039502051037,0.00829691938618582,-0.0011373919116443615,0.018573247413134146,0.007938184012815533,0.004952444039659847,2000,percentile,0.05,0.480986246994313,0.4726893276081272,0.047976011994003,0.4542445758252949
mlp_prevyears_monthly_features_incremental_scaler_experience_replay_RR_0.3_PR_0.15,"MLP Prevyears + Monthly (Incremental Scaler + Replay RR=0.3, PR=0.15)",mlp_prevyears_monthly_features_incremental_scaler,own_year,2022,2022,pr_auc,0.8761514273102083,0.9035039502051037,-0.002022067075505729,-0.010441723660501504,0.008572628604892324,-0.001602554894661645,0.004780788161018334,2000,percentile,0.05,0.4526649100736047,0.45468697714911044,0.6501749125437282,0.9228522993405258
mlp_prevyears_monthly_features_incremental_scaler_experience_replay_RR_0.4,MLP Prevyears + Monthly (Incremental Scaler + Replay RR=0.4),mlp_prevyears_monthly_features_incremental_scaler,own_year,2022,2022,f1_score,0.9238796167940432,0.9035039502051037,0.007025871108808979,-0.014074887131511416,0.02384225239790774,0.005587576223483484,0.010079745800678963,2000,percentile,0.05,0.4797151987169362,0.4726893276081272,0.30334832583708143,0.626919873396635
mlp_prevyears_monthly_features_incremental_scaler_experience_replay_RR_0.4,MLP Prevyears + Monthly (Incremental Scaler + Replay RR=0.4),mlp_prevyears_monthly_features_incremental_scaler,own_year,2022,2022,pr_auc,0.9238796167940432,0.9035039502051037,0.012715908915295615,-0.010535769512652785,0.030002725168652142,0.010356337592160546,0.011094500445078103,2000,percentile,0.05,0.46740288606440605,0.45468697714911044,0.20839580209895053,0.732902779379541
mlp_prevyears_monthly_features_incremental_scaler_experience_replay_RR_0.4_PR_0.10,"MLP Prevyears + Monthly (Incremental Scaler + Replay RR=0.4, PR=0.10)",mlp_prevyears_monthly_features_incremental_scaler,own_year,2022,2022,f1_score,0.8663128561801915,0.9035039502051037,0.007029684401843317,-0.012300737797687766,0.025790392004178056,0.006697256375207019,0.009988537090581423,2000,percentile,0.05,0.4797190120099705,0.4726893276081272,0.26686656671664166,0.5771765280150623
mlp_prevyears_monthly_features_incremental_scaler_experience_replay_RR_0.4_PR_0.10,"MLP Prevyears + Monthly (Incremental Scaler + Replay RR=0.4, PR=0.10)",mlp_prevyears_monthly_features_incremental_scaler,own_year,2022,2022,pr_auc,0.8663128561801915,0.9035039502051037,0.021229002124436958,-0.006336292716970966,0.04147864565583905,0.017820305671879,0.013689521466310918,2000,percentile,0.05,0.4759159792735474,0.45468697714911044,0.12093953023488256,0.732902779379541
mlp_prevyears_monthly_features_incremental_scaler_experience_replay_RR_0.4_PR_0.15,"MLP Prevyears + Monthly (Incremental Scaler + Replay RR=0.4, PR=0.15)",mlp_prevyears_monthly_features_incremental_scaler,own_year,2022,2022,f1_score,0.8697742204247577,0.9035039502051037,0.010656314470256556,-0.00555493988829223,0.023161804722816606,0.00951913026994696,0.007575923618704181,2000,percentile,0.05,0.48334564207838376,0.4726893276081272,0.11244377811094453,0.4542445758252949
mlp_prevyears_monthly_features_incremental_scaler_experience_replay_RR_0.4_PR_0.15,"MLP Prevyears + Monthly (Incremental Scaler + Replay RR=0.4, PR=0.15)",mlp_prevyears_monthly_features_incremental_scaler,own_year,2022,2022,pr_auc,0.8697742204247577,0.9035039502051037,0.008317723093672402,-0.01348714996858462,0.02406728589523052,0.006441702106188334,0.010222246894760074,2000,percentile,0.05,0.46300470024278284,0.45468697714911044,0.2798600699650175,0.732902779379541
mlp_prevyears_monthly_features_incremental_scaler_experience_replay_RR_0.5,MLP Prevyears + Monthly (Incremental Scaler + Replay RR=0.5),mlp_prevyears_monthly_features_incremental_scaler,own_year,2022,2022,f1_score,0.9295029720219559,0.9035039502051037,-0.013043658316788609,-0.03383929372677441,0.009362372550066042,-0.011630814303418379,0.011747470049096903,2000,percentile,0.05,0.4596456692913386,0.4726893276081272,0.8015992003998001,0.9682658670664669
mlp_prevyears_monthly_features_incremental_scaler_experience_replay_RR_0.5,MLP Prevyears + Monthly (Incremental Scaler + Replay RR=0.5),mlp_prevyears_monthly_features_incremental_scaler,own_year,2022,2022,pr_auc,0.9295029720219559,0.9035039502051037,-0.01612515367951206,-0.034634872590777965,0.005511657693665856,-0.014317102200418047,0.01103296980199643,2000,percentile,0.05,0.4385618234695984,0.45468697714911044,0.8865567216391804,1.0
mlp_prevyears_monthly_features_incremental_scaler_experience_replay_RR_0.5_PR_0.10,"MLP Prevyears + Monthly (Incremental Scaler + Replay RR=0.5, PR=0.10)",mlp_prevyears_monthly_features_incremental_scaler,own_year,2022,2022,f1_score,0.8970089447853216,0.9035039502051037,0.005242127695442411,-0.007860204158622036,0.021847120706192085,0.005785138090276632,0.007536323550333236,2000,percentile,0.05,0.4779314553035696,0.4726893276081272,0.2288855572213893,0.5730311314930769
mlp_prevyears_monthly_features_incremental_scaler_experience_replay_RR_0.5_PR_0.10,"MLP Prevyears + Monthly (Incremental Scaler + Replay RR=0.5, PR=0.10)",mlp_prevyears_monthly_features_incremental_scaler,own_year,2022,2022,pr_auc,0.8970089447853216,0.9035039502051037,-0.0020610149397145006,-0.014428668529174418,0.012781207288642129,-0.0012618995855296147,0.00690417825445647,2000,percentile,0.05,0.45262596220939594,0.45468697714911044,0.5882058970514743,0.9228522993405258
mlp_prevyears_monthly_features_incremental_scaler_experience_replay_RR_0.5_PR_0.15,"MLP Prevyears + Monthly (Incremental Scaler + Replay RR=0.5, PR=0.15)",mlp_prevyears_monthly_features_incremental_scaler,own_year,2022,2022,f1_score,0.8702225660695554,0.9035039502051037,0.011553839623429707,-0.005339151972712892,0.02640301131708841,0.010852824830736931,0.007975732475967279,2000,percentile,0.05,0.4842431672315569,0.4726893276081272,0.095952023988006,0.4542445758252949
mlp_prevyears_monthly_features_incremental_scaler_experience_replay_RR_0.5_PR_0.15,"MLP Prevyears + Monthly (Incremental Scaler + Replay RR=0.5, PR=0.15)",mlp_prevyears_monthly_features_incremental_scaler,own_year,2022,2022,pr_auc,0.8702225660695554,0.9035039502051037,0.011867833703944619,-0.0037175692135612863,0.02281932628575751,0.010509979229766547,0.006790322822936955,2000,percentile,0.05,0.46655481085305506,0.45468697714911044,0.07496251874062969,0.732902779379541
mlp_prevyears_monthly_features_incremental_scaler_experience_replay_confidently_correct_memory_RR_0.2,MLP Prevyears + Monthly (Incremental Scaler + Replay Confidently Correct RR=0.2),mlp_prevyears_monthly_features_incremental_scaler,own_year,2022,2022,f1_score,0.8590207654319847,0.9035039502051037,0.01993940865898136,-0.0046821080541783605,0.03977158607533891,0.01699273745888268,0.013185681717315493,2000,percentile,0.05,0.49262873626710857,0.4726893276081272,0.11694152923538231,0.4542445758252949
mlp_prevyears_monthly_features_incremental_scaler_experience_replay_confidently_correct_memory_RR_0.2,MLP Prevyears + Monthly (Incremental Scaler + Replay Confidently Correct RR=0.2),mlp_prevyears_monthly_features_incremental_scaler,own_year,2022,2022,pr_auc,0.8590207654319847,0.9035039502051037,0.019193590226830592,-0.010043034144706569,0.040859174291206224,0.015330016783387305,0.01508060406156283,2000,percentile,0.05,0.47388056737594103,0.45468697714911044,0.23388305847076463,0.732902779379541
mlp_prevyears_monthly_features_incremental_scaler_experience_replay_confidently_correct_memory_RR_0.3,MLP Prevyears + Monthly (Incremental Scaler + Replay Confidently Correct RR=0.3),mlp_prevyears_monthly_features_incremental_scaler,own_year,2022,2022,f1_score,0.8930408509897299,0.9035039502051037,0.013894170973664521,-0.00193784045392735,0.026980184934607118,0.012570595775662463,0.007683272261851525,2000,percentile,0.05,0.48658349858179173,0.4726893276081272,0.047976011994003,0.4542445758252949
mlp_prevyears_monthly_features_incremental_scaler_experience_replay_confidently_correct_memory_RR_0.3,MLP Prevyears + Monthly (Incremental Scaler + Replay Confidently Correct RR=0.3),mlp_prevyears_monthly_features_incremental_scaler,own_year,2022,2022,pr_auc,0.8930408509897299,0.9035039502051037,0.004419986836557144,-0.010901193993557783,0.01784196263922206,0.003852295840749675,0.007286721656314465,2000,percentile,0.05,0.4591069639856676,0.45468697714911044,0.2813593203398301,0.732902779379541
mlp_prevyears_monthly_features_incremental_scaler_experience_replay_confidently_correct_memory_RR_0.4,MLP Prevyears + Monthly (Incremental Scaler + Replay Confidently Correct RR=0.4),mlp_prevyears_monthly_features_incremental_scaler,own_year,2022,2022,f1_score,0.8879268176748423,0.9035039502051037,0.00072845464800253,-0.009979835470075086,0.013731845381573961,0.0012371117402214006,0.006083103604368058,2000,percentile,0.05,0.47341778225612974,0.4726893276081272,0.4397801099450275,0.7746126936531733
mlp_prevyears_monthly_features_incremental_scaler_experience_replay_confidently_correct_memory_RR_0.4,MLP Prevyears + Monthly (Incremental Scaler + Replay Confidently Correct RR=0.4),mlp_prevyears_monthly_features_incremental_scaler,own_year,2022,2022,pr_auc,0.8879268176748423,0.9035039502051037,0.0016117204523867779,-0.014646041226092803,0.014617308861509692,0.0012017164465453303,0.007417530962768536,2000,percentile,0.05,0.4562986976014972,0.45468697714911044,0.424287856071964,0.8135828992720134
mlp_prevyears_monthly_features_incremental_scaler_experience_replay_confidently_correct_memory_RR_0.5,MLP Prevyears + Monthly (Incremental Scaler + Replay Confidently Correct RR=0.5),mlp_prevyears_monthly_features_incremental_scaler,own_year,2022,2022,f1_score,0.8865287505047583,0.9035039502051037,0.01246640862670273,-0.008738370875931729,0.031003203183851497,0.011272700161095876,0.010721889993090638,2000,percentile,0.05,0.48515573623482994,0.4726893276081272,0.16491754122938532,0.5112443778110944
mlp_prevyears_monthly_features_incremental_scaler_experience_replay_confidently_correct_memory_RR_0.5,MLP Prevyears + Monthly (Incremental Scaler + Replay Confidently Correct RR=0.5),mlp_prevyears_monthly_features_incremental_scaler,own_year,2022,2022,pr_auc,0.8865287505047583,0.9035039502051037,0.006423531141155181,-0.012921038496406922,0.021943137275070638,0.005333001207262762,0.00906018281053313,2000,percentile,0.05,0.4611105082902656,0.45468697714911044,0.28235882058970513,0.732902779379541
mlp_prevyears_monthly_features_incremental_scaler_experience_replay_hard_example_mining_RR_0.2,MLP Prevyears + Monthly (Incremental Scaler + Replay Hard Example Mining RR=0.2),mlp_prevyears_monthly_features_incremental_scaler,own_year,2022,2022,f1_score,0.832391496319498,0.9035039502051037,-0.011928609750709585,-0.04424045088104789,0.01820393191477785,-0.013601581381301405,0.016709796432968025,2000,percentile,0.05,0.4607607178574176,0.4726893276081272,0.7731134432783608,0.9682658670664669
mlp_prevyears_monthly_features_incremental_scaler_experience_replay_hard_example_mining_RR_0.2,MLP Prevyears + Monthly (Incremental Scaler + Replay Hard Example Mining RR=0.2),mlp_prevyears_monthly_features_incremental_scaler,own_year,2022,2022,pr_auc,0.832391496319498,0.9035039502051037,0.010961111787350708,-0.052566331529115835,0.05484442628230155,0.0018048543268789489,0.03293942204310085,2000,percentile,0.05,0.46564808893646115,0.45468697714911044,0.4077961019490255,0.7984218417107236
mlp_prevyears_monthly_features_incremental_scaler_experience_replay_hard_example_mining_RR_0.3,MLP Prevyears + Monthly (Incremental Scaler + Replay Hard Example Mining RR=0.3),mlp_prevyears_monthly_features_incremental_scaler,own_year,2022,2022,f1_score,0.8503852797634529,0.9035039502051037,-0.024626125645445196,-0.0464194905138221,-0.005105190122565324,-0.025071015189366937,0.010672208845064235,2000,percentile,0.05,0.448063201962682,0.4726893276081272,0.9955022488755623,0.9985007496251874
mlp_prevyears_monthly_features_incremental_scaler_experience_replay_hard_example_mining_RR_0.3,MLP Prevyears + Monthly (Incremental Scaler + Replay Hard Example Mining RR=0.3),mlp_prevyears_monthly_features_incremental_scaler,own_year,2022,2022,pr_auc,0.8503852797634529,0.9035039502051037,-0.030695379690129088,-0.06896898663831603,-0.0007689686338131228,-0.0324111999487706,0.01780078513802055,2000,percentile,0.05,0.42399159745898135,0.45468697714911044,0.9770114942528736,1.0
mlp_prevyears_monthly_features_incremental_scaler_experience_replay_hard_example_mining_RR_0.4,MLP Prevyears + Monthly (Incremental Scaler + Replay Hard Example Mining RR=0.4),mlp_prevyears_monthly_features_incremental_scaler,own_year,2022,2022,f1_score,0.8409121193556092,0.9035039502051037,-0.00882982123438164,-0.030953694206911995,0.010333443528318347,-0.01028026958955822,0.011073871040101225,2000,percentile,0.05,0.46385950637374557,0.4726893276081272,0.8055972013993004,0.9682658670664669
mlp_prevyears_monthly_features_incremental_scaler_experience_replay_hard_example_mining_RR_0.4,MLP Prevyears + Monthly (Incremental Scaler + Replay Hard Example Mining RR=0.4),mlp_prevyears_monthly_features_incremental_scaler,own_year,2022,2022,pr_auc,0.8409121193556092,0.9035039502051037,-0.0014090894731413894,-0.037790543524448224,0.028844521244185895,-0.005820165818065282,0.019486295896549613,2000,percentile,0.05,0.45327788767596905,0.45468697714911044,0.55872063968016,0.9036699041783457
mlp_prevyears_monthly_features_incremental_scaler_experience_replay_hard_example_mining_RR_0.5,MLP Prevyears + Monthly (Incremental Scaler + Replay Hard Example Mining RR=0.5),mlp_prevyears_monthly_features_incremental_scaler,own_year,2022,2022,f1_score,0.8594364680446981,0.9035039502051037,-0.010693543719356768,-0.03168894984325439,0.007034601298535806,-0.011707473600059009,0.010440670083223734,2000,percentile,0.05,0.46199578388877044,0.4726893276081272,0.8545727136431784,0.9682658670664669
mlp_prevyears_monthly_features_incremental_scaler_experience_replay_hard_example_mining_RR_0.5,MLP Prevyears + Monthly (Incremental Scaler + Replay Hard Example Mining RR=0.5),mlp_prevyears_monthly_features_incremental_scaler,own_year,2022,2022,pr_auc,0.8594364680446981,0.9035039502051037,-0.014363076323770763,-0.0414113334140286,0.00648872091992134,-0.01660415393506611,0.013147907231111752,2000,percentile,0.05,0.4403239008253397,0.45468697714911044,0.8920539730134932,1.0
mlp_prevyears_monthly_features_incremental_scaler_experience_replay_uncertainity_prioritization_RR_0.2,MLP Prevyears + Monthly (Incremental Scaler + Replay Uncertainty Prioritization RR=0.2),mlp_prevyears_monthly_features_incremental_scaler,own_year,2022,2022,f1_score,0.9246191381855988,0.9035039502051037,0.012807963664326738,-0.0006274474849696537,0.029015650929903672,0.012933296483140448,0.0077361567304482515,2000,percentile,0.05,0.48549729127245395,0.4726893276081272,0.03698150924537731,0.4542445758252949
mlp_prevyears_monthly_features_incremental_scaler_experience_replay_uncertainity_prioritization_RR_0.2,MLP Prevyears + Monthly (Incremental Scaler + Replay Uncertainty Prioritization RR=0.2),mlp_prevyears_monthly_features_incremental_scaler,own_year,2022,2022,pr_auc,0.9246191381855988,0.9035039502051037,-0.0002162859114081539,-0.012808919852426071,0.014873486533096452,0.0007159495660536918,0.007167258986241899,2000,percentile,0.05,0.4544706912377023,0.45468697714911044,0.4622688655672164,0.826750086495214
mlp_prevyears_monthly_features_incremental_scaler_experience_replay_uncertainity_prioritization_RR_0.3,MLP Prevyears + Monthly (Incremental Scaler + Replay Uncertainty Prioritization RR=0.3),mlp_prevyears_monthly_features_incremental_scaler,own_year,2022,2022,f1_score,0.9076146067959733,0.9035039502051037,0.0047519984060903075,-0.009386437701529948,0.01812155381689314,0.004592948960352739,0.0070837044624881785,2000,percentile,0.05,0.4774413260142175,0.4726893276081272,0.2593703148425787,0.5730311314930769
mlp_prevyears_monthly_features_incremental_scaler_experience_replay_uncertainity_prioritization_RR_0.3,MLP Prevyears + Monthly (Incremental Scaler + Replay Uncertainty Prioritization RR=0.3),mlp_prevyears_monthly_features_incremental_scaler,own_year,2022,2022,pr_auc,0.9076146067959733,0.9035039502051037,0.007704869836183181,-0.010164666823088881,0.021392891153623646,0.006302992138072947,0.008330580359900837,2000,percentile,0.05,0.4623918469852936,0.45468697714911044,0.239880059970015,0.732902779379541
mlp_prevyears_monthly_features_incremental_scaler_experience_replay_uncertainity_prioritization_RR_0.4,MLP Prevyears + Monthly (Incremental Scaler + Replay Uncertainty Prioritization RR=0.4),mlp_prevyears_monthly_features_incremental_scaler,own_year,2022,2022,f1_score,0.9269381734973817,0.9035039502051037,0.014054636887539329,-0.012174718417491978,0.037023820654201754,0.011813682005121628,0.01368054958660408,2000,percentile,0.05,0.48674396449566654,0.4726893276081272,0.24587706146926536,0.5730311314930769
mlp_prevyears_monthly_features_incremental_scaler_experience_replay_uncertainity_prioritization_RR_0.4,MLP Prevyears + Monthly (Incremental Scaler + Replay Uncertainty Prioritization RR=0.4),mlp_prevyears_monthly_features_incremental_scaler,own_year,2022,2022,pr_auc,0.9269381734973817,0.9035039502051037,0.02303899413220495,-0.013739069819606183,0.05103714542579562,0.01794457218608493,0.019762467589549002,2000,percentile,0.05,0.4777259712813154,0.45468697714911044,0.29735132433783107,0.732902779379541
mlp_prevyears_monthly_features_incremental_scaler_experience_replay_uncertainity_prioritization_RR_0.5,MLP Prevyears + Monthly (Incremental Scaler + Replay Uncertainty Prioritization RR=0.5),mlp_prevyears_monthly_features_incremental_scaler,own_year,2022,2022,f1_score,0.9197217805239604,0.9035039502051037,0.0073798066315787225,-0.012356608581931999,0.023864273567567394,0.005644195985458349,0.009891993158318563,2000,percentile,0.05,0.48006913423970593,0.4726893276081272,0.3073463268365817,0.6282023823253208
mlp_prevyears_monthly_features_incremental_scaler_experience_replay_uncertainity_prioritization_RR_0.5,MLP Prevyears + Monthly (Incremental Scaler + Replay Uncertainty Prioritization RR=0.5),mlp_prevyears_monthly_features_incremental_scaler,own_year,2022,2022,pr_auc,0.9197217805239604,0.9035039502051037,0.010116201062309704,-0.015729050234520568,0.03117054274016789,0.007421918824965344,0.013227985131824365,2000,percentile,0.05,0.46480317821142014,0.45468697714911044,0.32533733133433285,0.7447347754694081
mlp_prevyears_monthly_features_incremental_scaler_missclassification_buffer_RR_0.3,MLP Prevyears + Monthly (Incremental Scaler + Misclassification Buffer RR=0.3),mlp_prevyears_monthly_features_incremental_scaler,own_year,2022,2022,f1_score,0.8906137683028884,0.9035039502051037,0.018712008869860186,-0.0030234210585634554,0.0357804618037178,0.016596474294612366,0.010713131682885414,2000,percentile,0.05,0.4914013364779874,0.4726893276081272,0.05897051474262868,0.4542445758252949
mlp_prevyears_monthly_features_incremental_scaler_missclassification_buffer_RR_0.3,MLP Prevyears + Monthly (Incremental Scaler + Misclassification Buffer RR=0.3),mlp_prevyears_monthly_features_incremental_scaler,own_year,2022,2022,pr_auc,0.8906137683028884,0.9035039502051037,0.017548432526306168,-0.007553574496700919,0.035347030729281324,0.01458257792066786,0.011902604000437385,2000,percentile,0.05,0.4722354096754166,0.45468697714911044,0.13693153423288357,0.732902779379541
