family_id,family_label,table_type,model_year,eval_year,is_baseline,n_test_samples,n_cubes,threshold_used,published_f1_score,recomputed_f1_score,metric,point_estimate,ci_lower,ci_upper,bootstrap_mean,bootstrap_std,n_bootstrap,ci_method,ci_alpha
"mlp_combined_HE=0.1_CC=0.1_UP=0.1_PR=(0.2,10)_RR=0.5","MLP Combined (HE=0.1, CC=0.1, UP=0.1, PR=(0.2,10), RR=0.5)",own_year,2017,2017,False,1278749,297,0.8868572450409312,0.26990527637235134,0.26990527637235134,f1_score,0.26990527637235134,0.2260617785641498,0.30813719399076933,0.2692430463443328,0.020949221001672638,2000,percentile,0.05
"mlp_combined_HE=0.1_CC=0.1_UP=0.1_PR=(0.2,10)_RR=0.5","MLP Combined (HE=0.1, CC=0.1, UP=0.1, PR=(0.2,10), RR=0.5)",own_year,2017,2017,False,1278749,297,0.8868572450409312,0.26990527637235134,0.26990527637235134,pr_auc,0.2075467391825583,0.16630160128307908,0.2518771619785942,0.2086523405725959,0.021640160831351517,2000,percentile,0.05
"mlp_combined_HE=0_CC=0.15_UP=0_PR=(0,10)_MC=0.1_RWS=1_RR=0.4","MLP Combined (HE=0, CC=0.15, UP=0, PR=(0,10), MC=0.1, RWS=1, RR=0.4)",own_year,2017,2017,False,1278749,297,0.8868572450409312,0.26990527637235134,0.26990527637235134,f1_score,0.26990527637235134,0.2260617785641498,0.30813719399076933,0.2692430463443328,0.020949221001672638,2000,percentile,0.05
"mlp_combined_HE=0_CC=0.15_UP=0_PR=(0,10)_MC=0.1_RWS=1_RR=0.4","MLP Combined (HE=0, CC=0.15, UP=0, PR=(0,10), MC=0.1, RWS=1, RR=0.4)",own_year,2017,2017,False,1278749,297,0.8868572450409312,0.26990527637235134,0.26990527637235134,pr_auc,0.2075467391825583,0.16630160128307908,0.2518771619785942,0.2086523405725959,0.021640160831351517,2000,percentile,0.05
"mlp_combined_HE=0_CC=0.1_UP=0.1_PR=(0,10)_MC=0.1_RWS=1_RR=0.5","MLP Combined (HE=0, CC=0.1, UP=0.1, PR=(0,10), MC=0.1, RWS=1, RR=0.5)",own_year,2017,2017,False,1278749,297,0.8868572450409312,0.26990527637235134,0.26990527637235134,f1_score,0.26990527637235134,0.2260617785641498,0.30813719399076933,0.2692430463443328,0.020949221001672638,2000,percentile,0.05
"mlp_combined_HE=0_CC=0.1_UP=0.1_PR=(0,10)_MC=0.1_RWS=1_RR=0.5","MLP Combined (HE=0, CC=0.1, UP=0.1, PR=(0,10), MC=0.1, RWS=1, RR=0.5)",own_year,2017,2017,False,1278749,297,0.8868572450409312,0.26990527637235134,0.26990527637235134,pr_auc,0.2075467391825583,0.16630160128307908,0.2518771619785942,0.2086523405725959,0.021640160831351517,2000,percentile,0.05
"mlp_combined_HE=0_CC=0.1_UP=0.2_PR=(0.1,10)_RR=0.5","MLP Combined (HE=0, CC=0.1, UP=0.2, PR=(0.1,10), RR=0.5)",own_year,2017,2017,False,1278749,297,0.8868572450409312,0.26990527637235134,0.26990527637235134,f1_score,0.26990527637235134,0.2260617785641498,0.30813719399076933,0.2692430463443328,0.020949221001672638,2000,percentile,0.05
"mlp_combined_HE=0_CC=0.1_UP=0.2_PR=(0.1,10)_RR=0.5","MLP Combined (HE=0, CC=0.1, UP=0.2, PR=(0.1,10), RR=0.5)",own_year,2017,2017,False,1278749,297,0.8868572450409312,0.26990527637235134,0.26990527637235134,pr_auc,0.2075467391825583,0.16630160128307908,0.2518771619785942,0.2086523405725959,0.021640160831351517,2000,percentile,0.05
"mlp_combined_HE=0_CC=0.2_UP=0.1_PR=(0.2,10)_RR=0.5","MLP Combined (HE=0, CC=0.2, UP=0.1, PR=(0.2,10), RR=0.5)",own_year,2017,2017,False,1278749,297,0.8868572450409312,0.26990527637235134,0.26990527637235134,f1_score,0.26990527637235134,0.2260617785641498,0.30813719399076933,0.2692430463443328,0.020949221001672638,2000,percentile,0.05
"mlp_combined_HE=0_CC=0.2_UP=0.1_PR=(0.2,10)_RR=0.5","MLP Combined (HE=0, CC=0.2, UP=0.1, PR=(0.2,10), RR=0.5)",own_year,2017,2017,False,1278749,297,0.8868572450409312,0.26990527637235134,0.26990527637235134,pr_auc,0.2075467391825583,0.16630160128307908,0.2518771619785942,0.2086523405725959,0.021640160831351517,2000,percentile,0.05
"mlp_combined_HE=0_CC=0.2_UP=0.2_PR=(0.1,10)_RR=0.5","MLP Combined (HE=0, CC=0.2, UP=0.2, PR=(0.1,10), RR=0.5)",own_year,2017,2017,False,1278749,297,0.8868572450409312,0.26990527637235134,0.26990527637235134,f1_score,0.26990527637235134,0.2260617785641498,0.30813719399076933,0.2692430463443328,0.020949221001672638,2000,percentile,0.05
"mlp_combined_HE=0_CC=0.2_UP=0.2_PR=(0.1,10)_RR=0.5","MLP Combined (HE=0, CC=0.2, UP=0.2, PR=(0.1,10), RR=0.5)",own_year,2017,2017,False,1278749,297,0.8868572450409312,0.26990527637235134,0.26990527637235134,pr_auc,0.2075467391825583,0.16630160128307908,0.2518771619785942,0.2086523405725959,0.021640160831351517,2000,percentile,0.05
mlp_prevyears_monthly_features_incremental_scaler,MLP Prevyears + Monthly (Incremental Scaler),own_year,2017,2017,True,1278749,297,0.8921930405021389,0.2632884836503742,0.2632884836503742,f1_score,0.2632884836503742,0.21925528826227,0.3044556201694662,0.26251394068269684,0.021667879084870355,2000,percentile,0.05
mlp_prevyears_monthly_features_incremental_scaler,MLP Prevyears + Monthly (Incremental Scaler),own_year,2017,2017,True,1278749,297,0.8921930405021389,0.2632884836503742,0.2632884836503742,pr_auc,0.20373072363761843,0.16022374728742864,0.24757210530636992,0.20418630407355476,0.021965487882117114,2000,percentile,0.05
mlp_prevyears_monthly_features_incremental_scaler_experience_replay_RR_0.2,MLP Prevyears + Monthly (Incremental Scaler + Replay RR=0.2),own_year,2017,2017,False,1278749,297,0.8700637577508289,0.2676402920876263,0.2676402920876263,f1_score,0.2676402920876263,0.2231288687447934,0.3059400265526131,0.26688857654940296,0.02129212785172301,2000,percentile,0.05
mlp_prevyears_monthly_features_incremental_scaler_experience_replay_RR_0.2,MLP Prevyears + Monthly (Incremental Scaler + Replay RR=0.2),own_year,2017,2017,False,1278749,297,0.8700637577508289,0.2676402920876263,0.2676402920876263,pr_auc,0.1994114260696525,0.15757553619711012,0.24233287448974,0.20024453110769322,0.02147705452244224,2000,percentile,0.05
mlp_prevyears_monthly_features_incremental_scaler_experience_replay_RR_0.2_PR_0.10,"MLP Prevyears + Monthly (Incremental Scaler + Replay RR=0.2, PR=0.10)",own_year,2017,2017,False,1278749,297,0.8868572450409312,0.26990527637235134,0.26990527637235134,f1_score,0.26990527637235134,0.2260617785641498,0.30813719399076933,0.2692430463443328,0.020949221001672638,2000,percentile,0.05
mlp_prevyears_monthly_features_incremental_scaler_experience_replay_RR_0.2_PR_0.10,"MLP Prevyears + Monthly (Incremental Scaler + Replay RR=0.2, PR=0.10)",own_year,2017,2017,False,1278749,297,0.8868572450409312,0.26990527637235134,0.26990527637235134,pr_auc,0.2075467391825583,0.16630160128307908,0.2518771619785942,0.2086523405725959,0.021640160831351517,2000,percentile,0.05
mlp_prevyears_monthly_features_incremental_scaler_experience_replay_RR_0.2_PR_0.15,"MLP Prevyears + Monthly (Incremental Scaler + Replay RR=0.2, PR=0.15)",own_year,2017,2017,False,1278749,297,0.8654755072470515,0.25553846153846155,0.25553846153846155,f1_score,0.25553846153846155,0.21371995625203088,0.2939414017272154,0.2547549637058667,0.02055953804912554,2000,percentile,0.05
mlp_prevyears_monthly_features_incremental_scaler_experience_replay_RR_0.2_PR_0.15,"MLP Prevyears + Monthly (Incremental Scaler + Replay RR=0.2, PR=0.15)",own_year,2017,2017,False,1278749,297,0.8654755072470515,0.25553846153846155,0.25553846153846155,pr_auc,0.19306035056803397,0.15348224630900836,0.2331428856562563,0.19313806634099775,0.02029960011029484,2000,percentile,0.05
mlp_prevyears_monthly_features_incremental_scaler_experience_replay_RR_0.3,MLP Prevyears + Monthly (Incremental Scaler + Replay RR=0.3),own_year,2017,2017,False,1278749,297,0.8700637577508289,0.2676402920876263,0.2676402920876263,f1_score,0.2676402920876263,0.2231288687447934,0.3059400265526131,0.26688857654940296,0.02129212785172301,2000,percentile,0.05
mlp_prevyears_monthly_features_incremental_scaler_experience_replay_RR_0.3,MLP Prevyears + Monthly (Incremental Scaler + Replay RR=0.3),own_year,2017,2017,False,1278749,297,0.8700637577508289,0.2676402920876263,0.2676402920876263,pr_auc,0.1994114260696525,0.15757553619711012,0.24233287448974,0.20024453110769322,0.02147705452244224,2000,percentile,0.05
mlp_prevyears_monthly_features_incremental_scaler_experience_replay_RR_0.3_PR_0.10,"MLP Prevyears + Monthly (Incremental Scaler + Replay RR=0.3, PR=0.10)",own_year,2017,2017,False,1278749,297,0.8868572450409312,0.26990527637235134,0.26990527637235134,f1_score,0.26990527637235134,0.2260617785641498,0.30813719399076933,0.2692430463443328,0.020949221001672638,2000,percentile,0.05
mlp_prevyears_monthly_features_incremental_scaler_experience_replay_RR_0.3_PR_0.10,"MLP Prevyears + Monthly (Incremental Scaler + Replay RR=0.3, PR=0.10)",own_year,2017,2017,False,1278749,297,0.8868572450409312,0.26990527637235134,0.26990527637235134,pr_auc,0.2075467391825583,0.16630160128307908,0.2518771619785942,0.2086523405725959,0.021640160831351517,2000,percentile,0.05
mlp_prevyears_monthly_features_incremental_scaler_experience_replay_RR_0.3_PR_0.15,"MLP Prevyears + Monthly (Incremental Scaler + Replay RR=0.3, PR=0.15)",own_year,2017,2017,False,1278749,297,0.912307946207955,0.26700930512092513,0.26700930512092513,f1_score,0.26700930512092513,0.22384018887230767,0.30629024553016604,0.26617862133497355,0.021348262765982513,2000,percentile,0.05
mlp_prevyears_monthly_features_incremental_scaler_experience_replay_RR_0.3_PR_0.15,"MLP Prevyears + Monthly (Incremental Scaler + Replay RR=0.3, PR=0.15)",own_year,2017,2017,False,1278749,297,0.912307946207955,0.26700930512092513,0.26700930512092513,pr_auc,0.20138919073608882,0.16116050780334845,0.24355275602383908,0.20223736858862695,0.02095732339999832,2000,percentile,0.05
mlp_prevyears_monthly_features_incremental_scaler_experience_replay_RR_0.4,MLP Prevyears + Monthly (Incremental Scaler + Replay RR=0.4),own_year,2017,2017,False,1278749,297,0.8700637577508289,0.2676402920876263,0.2676402920876263,f1_score,0.2676402920876263,0.2231288687447934,0.3059400265526131,0.26688857654940296,0.02129212785172301,2000,percentile,0.05
mlp_prevyears_monthly_features_incremental_scaler_experience_replay_RR_0.4,MLP Prevyears + Monthly (Incremental Scaler + Replay RR=0.4),own_year,2017,2017,False,1278749,297,0.8700637577508289,0.2676402920876263,0.2676402920876263,pr_auc,0.1994114260696525,0.15757553619711012,0.24233287448974,0.20024453110769322,0.02147705452244224,2000,percentile,0.05
mlp_prevyears_monthly_features_incremental_scaler_experience_replay_RR_0.4_PR_0.10,"MLP Prevyears + Monthly (Incremental Scaler + Replay RR=0.4, PR=0.10)",own_year,2017,2017,False,1278749,297,0.8868572450409312,0.26990527637235134,0.26990527637235134,f1_score,0.26990527637235134,0.2260617785641498,0.30813719399076933,0.2692430463443328,0.020949221001672638,2000,percentile,0.05
mlp_prevyears_monthly_features_incremental_scaler_experience_replay_RR_0.4_PR_0.10,"MLP Prevyears + Monthly (Incremental Scaler + Replay RR=0.4, PR=0.10)",own_year,2017,2017,False,1278749,297,0.8868572450409312,0.26990527637235134,0.26990527637235134,pr_auc,0.2075467391825583,0.16630160128307908,0.2518771619785942,0.2086523405725959,0.021640160831351517,2000,percentile,0.05
mlp_prevyears_monthly_features_incremental_scaler_experience_replay_RR_0.4_PR_0.15,"MLP Prevyears + Monthly (Incremental Scaler + Replay RR=0.4, PR=0.15)",own_year,2017,2017,False,1278749,297,0.8827227302909989,0.2709938669602139,0.2709938669602139,f1_score,0.2709938669602139,0.22577589719880303,0.31117613136420247,0.2702521181470551,0.021587313238643286,2000,percentile,0.05
mlp_prevyears_monthly_features_incremental_scaler_experience_replay_RR_0.4_PR_0.15,"MLP Prevyears + Monthly (Incremental Scaler + Replay RR=0.4, PR=0.15)",own_year,2017,2017,False,1278749,297,0.8827227302909989,0.2709938669602139,0.2709938669602139,pr_auc,0.19904524547134647,0.15909414205305528,0.24088258952635253,0.20018082734778125,0.02101876002892697,2000,percentile,0.05
mlp_prevyears_monthly_features_incremental_scaler_experience_replay_RR_0.5,MLP Prevyears + Monthly (Incremental Scaler + Replay RR=0.5),own_year,2017,2017,False,1278749,297,0.8700637577508289,0.2676402920876263,0.2676402920876263,f1_score,0.2676402920876263,0.2231288687447934,0.3059400265526131,0.26688857654940296,0.02129212785172301,2000,percentile,0.05
mlp_prevyears_monthly_features_incremental_scaler_experience_replay_RR_0.5,MLP Prevyears + Monthly (Incremental Scaler + Replay RR=0.5),own_year,2017,2017,False,1278749,297,0.8700637577508289,0.2676402920876263,0.2676402920876263,pr_auc,0.1994114260696525,0.15757553619711012,0.24233287448974,0.20024453110769322,0.02147705452244224,2000,percentile,0.05
mlp_prevyears_monthly_features_incremental_scaler_experience_replay_RR_0.5_PR_0.10,"MLP Prevyears + Monthly (Incremental Scaler + Replay RR=0.5, PR=0.10)",own_year,2017,2017,False,1278749,297,0.8868572450409312,0.26990527637235134,0.26990527637235134,f1_score,0.26990527637235134,0.2260617785641498,0.30813719399076933,0.2692430463443328,0.020949221001672638,2000,percentile,0.05
mlp_prevyears_monthly_features_incremental_scaler_experience_replay_RR_0.5_PR_0.10,"MLP Prevyears + Monthly (Incremental Scaler + Replay RR=0.5, PR=0.10)",own_year,2017,2017,False,1278749,297,0.8868572450409312,0.26990527637235134,0.26990527637235134,pr_auc,0.2075467391825583,0.16630160128307908,0.2518771619785942,0.2086523405725959,0.021640160831351517,2000,percentile,0.05
mlp_prevyears_monthly_features_incremental_scaler_experience_replay_RR_0.5_PR_0.15,"MLP Prevyears + Monthly (Incremental Scaler + Replay RR=0.5, PR=0.15)",own_year,2017,2017,False,1278749,297,0.887694644276313,0.26468417945690675,0.26468417945690675,f1_score,0.26468417945690675,0.22193637857087564,0.3028500673477524,0.26402574586094146,0.02090394153782616,2000,percentile,0.05
mlp_prevyears_monthly_features_incremental_scaler_experience_replay_RR_0.5_PR_0.15,"MLP Prevyears + Monthly (Incremental Scaler + Replay RR=0.5, PR=0.15)",own_year,2017,2017,False,1278749,297,0.887694644276313,0.26468417945690675,0.26468417945690675,pr_auc,0.1932521971336108,0.1527202350729493,0.23734442528253719,0.19425234514726394,0.02110136946551145,2000,percentile,0.05
mlp_prevyears_monthly_features_incremental_scaler_experience_replay_confidently_correct_memory_RR_0.2,MLP Prevyears + Monthly (Incremental Scaler + Replay Confidently Correct RR=0.2),own_year,2017,2017,False,1278749,297,0.8868572450409312,0.26990527637235134,0.26990527637235134,f1_score,0.26990527637235134,0.2260617785641498,0.30813719399076933,0.2692430463443328,0.020949221001672638,2000,percentile,0.05
mlp_prevyears_monthly_features_incremental_scaler_experience_replay_confidently_correct_memory_RR_0.2,MLP Prevyears + Monthly (Incremental Scaler + Replay Confidently Correct RR=0.2),own_year,2017,2017,False,1278749,297,0.8868572450409312,0.26990527637235134,0.26990527637235134,pr_auc,0.2075467391825583,0.16630160128307908,0.2518771619785942,0.2086523405725959,0.021640160831351517,2000,percentile,0.05
mlp_prevyears_monthly_features_incremental_scaler_experience_replay_confidently_correct_memory_RR_0.3,MLP Prevyears + Monthly (Incremental Scaler + Replay Confidently Correct RR=0.3),own_year,2017,2017,False,1278749,297,0.8868572450409312,0.26990527637235134,0.26990527637235134,f1_score,0.26990527637235134,0.2260617785641498,0.30813719399076933,0.2692430463443328,0.020949221001672638,2000,percentile,0.05
mlp_prevyears_monthly_features_incremental_scaler_experience_replay_confidently_correct_memory_RR_0.3,MLP Prevyears + Monthly (Incremental Scaler + Replay Confidently Correct RR=0.3),own_year,2017,2017,False,1278749,297,0.8868572450409312,0.26990527637235134,0.26990527637235134,pr_auc,0.2075467391825583,0.16630160128307908,0.2518771619785942,0.2086523405725959,0.021640160831351517,2000,percentile,0.05
mlp_prevyears_monthly_features_incremental_scaler_experience_replay_confidently_correct_memory_RR_0.4,MLP Prevyears + Monthly (Incremental Scaler + Replay Confidently Correct RR=0.4),own_year,2017,2017,False,1278749,297,0.8868572450409312,0.26990527637235134,0.26990527637235134,f1_score,0.26990527637235134,0.2260617785641498,0.30813719399076933,0.2692430463443328,0.020949221001672638,2000,percentile,0.05
mlp_prevyears_monthly_features_incremental_scaler_experience_replay_confidently_correct_memory_RR_0.4,MLP Prevyears + Monthly (Incremental Scaler + Replay Confidently Correct RR=0.4),own_year,2017,2017,False,1278749,297,0.8868572450409312,0.26990527637235134,0.26990527637235134,pr_auc,0.2075467391825583,0.16630160128307908,0.2518771619785942,0.2086523405725959,0.021640160831351517,2000,percentile,0.05
mlp_prevyears_monthly_features_incremental_scaler_experience_replay_confidently_correct_memory_RR_0.5,MLP Prevyears + Monthly (Incremental Scaler + Replay Confidently Correct RR=0.5),own_year,2017,2017,False,1278749,297,0.8868572450409312,0.26990527637235134,0.26990527637235134,f1_score,0.26990527637235134,0.2260617785641498,0.30813719399076933,0.2692430463443328,0.020949221001672638,2000,percentile,0.05
mlp_prevyears_monthly_features_incremental_scaler_experience_replay_confidently_correct_memory_RR_0.5,MLP Prevyears + Monthly (Incremental Scaler + Replay Confidently Correct RR=0.5),own_year,2017,2017,False,1278749,297,0.8868572450409312,0.26990527637235134,0.26990527637235134,pr_auc,0.2075467391825583,0.16630160128307908,0.2518771619785942,0.2086523405725959,0.021640160831351517,2000,percentile,0.05
mlp_prevyears_monthly_features_incremental_scaler_experience_replay_hard_example_mining_RR_0.2,MLP Prevyears + Monthly (Incremental Scaler + Replay Hard Example Mining RR=0.2),own_year,2017,2017,False,1278749,297,0.8868572450409312,0.26990527637235134,0.26990527637235134,f1_score,0.26990527637235134,0.2260617785641498,0.30813719399076933,0.2692430463443328,0.020949221001672638,2000,percentile,0.05
mlp_prevyears_monthly_features_incremental_scaler_experience_replay_hard_example_mining_RR_0.2,MLP Prevyears + Monthly (Incremental Scaler + Replay Hard Example Mining RR=0.2),own_year,2017,2017,False,1278749,297,0.8868572450409312,0.26990527637235134,0.26990527637235134,pr_auc,0.2075467391825583,0.16630160128307908,0.2518771619785942,0.2086523405725959,0.021640160831351517,2000,percentile,0.05
mlp_prevyears_monthly_features_incremental_scaler_experience_replay_hard_example_mining_RR_0.3,MLP Prevyears + Monthly (Incremental Scaler + Replay Hard Example Mining RR=0.3),own_year,2017,2017,False,1278749,297,0.8868572450409312,0.26990527637235134,0.26990527637235134,f1_score,0.26990527637235134,0.2260617785641498,0.30813719399076933,0.2692430463443328,0.020949221001672638,2000,percentile,0.05
mlp_prevyears_monthly_features_incremental_scaler_experience_replay_hard_example_mining_RR_0.3,MLP Prevyears + Monthly (Incremental Scaler + Replay Hard Example Mining RR=0.3),own_year,2017,2017,False,1278749,297,0.8868572450409312,0.26990527637235134,0.26990527637235134,pr_auc,0.2075467391825583,0.16630160128307908,0.2518771619785942,0.2086523405725959,0.021640160831351517,2000,percentile,0.05
mlp_prevyears_monthly_features_incremental_scaler_experience_replay_hard_example_mining_RR_0.4,MLP Prevyears + Monthly (Incremental Scaler + Replay Hard Example Mining RR=0.4),own_year,2017,2017,False,1278749,297,0.8868572450409312,0.26990527637235134,0.26990527637235134,f1_score,0.26990527637235134,0.2260617785641498,0.30813719399076933,0.2692430463443328,0.020949221001672638,2000,percentile,0.05
mlp_prevyears_monthly_features_incremental_scaler_experience_replay_hard_example_mining_RR_0.4,MLP Prevyears + Monthly (Incremental Scaler + Replay Hard Example Mining RR=0.4),own_year,2017,2017,False,1278749,297,0.8868572450409312,0.26990527637235134,0.26990527637235134,pr_auc,0.2075467391825583,0.16630160128307908,0.2518771619785942,0.2086523405725959,0.021640160831351517,2000,percentile,0.05
mlp_prevyears_monthly_features_incremental_scaler_experience_replay_hard_example_mining_RR_0.5,MLP Prevyears + Monthly (Incremental Scaler + Replay Hard Example Mining RR=0.5),own_year,2017,2017,False,1278749,297,0.8868572450409312,0.26990527637235134,0.26990527637235134,f1_score,0.26990527637235134,0.2260617785641498,0.30813719399076933,0.2692430463443328,0.020949221001672638,2000,percentile,0.05
mlp_prevyears_monthly_features_incremental_scaler_experience_replay_hard_example_mining_RR_0.5,MLP Prevyears + Monthly (Incremental Scaler + Replay Hard Example Mining RR=0.5),own_year,2017,2017,False,1278749,297,0.8868572450409312,0.26990527637235134,0.26990527637235134,pr_auc,0.2075467391825583,0.16630160128307908,0.2518771619785942,0.2086523405725959,0.021640160831351517,2000,percentile,0.05
mlp_prevyears_monthly_features_incremental_scaler_experience_replay_uncertainity_prioritization_RR_0.2,MLP Prevyears + Monthly (Incremental Scaler + Replay Uncertainty Prioritization RR=0.2),own_year,2017,2017,False,1278749,297,0.8700637577508289,0.2676402920876263,0.2676402920876263,f1_score,0.2676402920876263,0.2231288687447934,0.3059400265526131,0.26688857654940296,0.02129212785172301,2000,percentile,0.05
mlp_prevyears_monthly_features_incremental_scaler_experience_replay_uncertainity_prioritization_RR_0.2,MLP Prevyears + Monthly (Incremental Scaler + Replay Uncertainty Prioritization RR=0.2),own_year,2017,2017,False,1278749,297,0.8700637577508289,0.2676402920876263,0.2676402920876263,pr_auc,0.1994114260696525,0.15757553619711012,0.24233287448974,0.20024453110769322,0.02147705452244224,2000,percentile,0.05
mlp_prevyears_monthly_features_incremental_scaler_experience_replay_uncertainity_prioritization_RR_0.3,MLP Prevyears + Monthly (Incremental Scaler + Replay Uncertainty Prioritization RR=0.3),own_year,2017,2017,False,1278749,297,0.8700637577508289,0.2676402920876263,0.2676402920876263,f1_score,0.2676402920876263,0.2231288687447934,0.3059400265526131,0.26688857654940296,0.02129212785172301,2000,percentile,0.05
mlp_prevyears_monthly_features_incremental_scaler_experience_replay_uncertainity_prioritization_RR_0.3,MLP Prevyears + Monthly (Incremental Scaler + Replay Uncertainty Prioritization RR=0.3),own_year,2017,2017,False,1278749,297,0.8700637577508289,0.2676402920876263,0.2676402920876263,pr_auc,0.1994114260696525,0.15757553619711012,0.24233287448974,0.20024453110769322,0.02147705452244224,2000,percentile,0.05
mlp_prevyears_monthly_features_incremental_scaler_experience_replay_uncertainity_prioritization_RR_0.4,MLP Prevyears + Monthly (Incremental Scaler + Replay Uncertainty Prioritization RR=0.4),own_year,2017,2017,False,1278749,297,0.8700637577508289,0.2676402920876263,0.2676402920876263,f1_score,0.2676402920876263,0.2231288687447934,0.3059400265526131,0.26688857654940296,0.02129212785172301,2000,percentile,0.05
mlp_prevyears_monthly_features_incremental_scaler_experience_replay_uncertainity_prioritization_RR_0.4,MLP Prevyears + Monthly (Incremental Scaler + Replay Uncertainty Prioritization RR=0.4),own_year,2017,2017,False,1278749,297,0.8700637577508289,0.2676402920876263,0.2676402920876263,pr_auc,0.1994114260696525,0.15757553619711012,0.24233287448974,0.20024453110769322,0.02147705452244224,2000,percentile,0.05
mlp_prevyears_monthly_features_incremental_scaler_experience_replay_uncertainity_prioritization_RR_0.5,MLP Prevyears + Monthly (Incremental Scaler + Replay Uncertainty Prioritization RR=0.5),own_year,2017,2017,False,1278749,297,0.8700637577508289,0.2676402920876263,0.2676402920876263,f1_score,0.2676402920876263,0.2231288687447934,0.3059400265526131,0.26688857654940296,0.02129212785172301,2000,percentile,0.05
mlp_prevyears_monthly_features_incremental_scaler_experience_replay_uncertainity_prioritization_RR_0.5,MLP Prevyears + Monthly (Incremental Scaler + Replay Uncertainty Prioritization RR=0.5),own_year,2017,2017,False,1278749,297,0.8700637577508289,0.2676402920876263,0.2676402920876263,pr_auc,0.1994114260696525,0.15757553619711012,0.24233287448974,0.20024453110769322,0.02147705452244224,2000,percentile,0.05
mlp_prevyears_monthly_features_incremental_scaler_missclassification_buffer_RR_0.3,MLP Prevyears + Monthly (Incremental Scaler + Misclassification Buffer RR=0.3),own_year,2017,2017,False,1278749,297,0.8544613391869174,0.26275277234181343,0.26275277234181343,f1_score,0.26275277234181343,0.21892057739130708,0.30085858321013953,0.26202482277832895,0.020777286789840265,2000,percentile,0.05
mlp_prevyears_monthly_features_incremental_scaler_missclassification_buffer_RR_0.3,MLP Prevyears + Monthly (Incremental Scaler + Misclassification Buffer RR=0.3),own_year,2017,2017,False,1278749,297,0.8544613391869174,0.26275277234181343,0.26275277234181343,pr_auc,0.20390736583587127,0.16266274111864246,0.24658364109115263,0.2047329143887465,0.02115739116262517,2000,percentile,0.05
"mlp_combined_HE=0.1_CC=0.1_UP=0.1_PR=(0.2,10)_RR=0.5","MLP Combined (HE=0.1, CC=0.1, UP=0.1, PR=(0.2,10), RR=0.5)",own_year,2018,2018,False,1281406,297,0.909859371625545,0.4494763880655997,0.4494763880655997,f1_score,0.4494763880655997,0.3672281935957054,0.5169112758010964,0.4484904415408081,0.038065488043886354,2000,percentile,0.05
"mlp_combined_HE=0.1_CC=0.1_UP=0.1_PR=(0.2,10)_RR=0.5","MLP Combined (HE=0.1, CC=0.1, UP=0.1, PR=(0.2,10), RR=0.5)",own_year,2018,2018,False,1281406,297,0.909859371625545,0.4494763880655997,0.4494763880655997,pr_auc,0.4472924003671097,0.3696610320328189,0.519562350079744,0.44704330364311423,0.03829370281088401,2000,percentile,0.05
"mlp_combined_HE=0_CC=0.15_UP=0_PR=(0,10)_MC=0.1_RWS=1_RR=0.4","MLP Combined (HE=0, CC=0.15, UP=0, PR=(0,10), MC=0.1, RWS=1, RR=0.4)",own_year,2018,2018,False,1281406,297,0.9123465408907011,0.44185858258793054,0.44185858258793054,f1_score,0.44185858258793054,0.3612757446019991,0.5084084613117206,0.44079485999839246,0.037750230183959704,2000,percentile,0.05
"mlp_combined_HE=0_CC=0.15_UP=0_PR=(0,10)_MC=0.1_RWS=1_RR=0.4","MLP Combined (HE=0, CC=0.15, UP=0, PR=(0,10), MC=0.1, RWS=1, RR=0.4)",own_year,2018,2018,False,1281406,297,0.9123465408907011,0.44185858258793054,0.44185858258793054,pr_auc,0.4411234279015673,0.36543541900886833,0.511761845136743,0.44038215465030706,0.03708521591163177,2000,percentile,0.05
"mlp_combined_HE=0_CC=0.1_UP=0.1_PR=(0,10)_MC=0.1_RWS=1_RR=0.5","MLP Combined (HE=0, CC=0.1, UP=0.1, PR=(0,10), MC=0.1, RWS=1, RR=0.5)",own_year,2018,2018,False,1281406,297,0.9235035028522348,0.45183167279446784,0.45183167279446784,f1_score,0.45183167279446784,0.37770985866939744,0.5147640115613179,0.4506351910582148,0.034699083398133795,2000,percentile,0.05
"mlp_combined_HE=0_CC=0.1_UP=0.1_PR=(0,10)_MC=0.1_RWS=1_RR=0.5","MLP Combined (HE=0, CC=0.1, UP=0.1, PR=(0,10), MC=0.1, RWS=1, RR=0.5)",own_year,2018,2018,False,1281406,297,0.9235035028522348,0.45183167279446784,0.45183167279446784,pr_auc,0.44820263730331816,0.37289636883384536,0.5159587249043528,0.4472399467208923,0.036316723120931246,2000,percentile,0.05
"mlp_combined_HE=0_CC=0.1_UP=0.2_PR=(0.1,10)_RR=0.5","MLP Combined (HE=0, CC=0.1, UP=0.2, PR=(0.1,10), RR=0.5)",own_year,2018,2018,False,1281406,297,0.8930916299198819,0.45019079321263294,0.45019079321263294,f1_score,0.45019079321263294,0.37000908591206394,0.5170341050023539,0.44903752812861386,0.03753380657915711,2000,percentile,0.05
"mlp_combined_HE=0_CC=0.1_UP=0.2_PR=(0.1,10)_RR=0.5","MLP Combined (HE=0, CC=0.1, UP=0.2, PR=(0.1,10), RR=0.5)",own_year,2018,2018,False,1281406,297,0.8930916299198819,0.45019079321263294,0.45019079321263294,pr_auc,0.4500645210728281,0.37529445674950374,0.5185456629297059,0.44912355724531244,0.03642377417560433,2000,percentile,0.05
"mlp_combined_HE=0_CC=0.2_UP=0.1_PR=(0.2,10)_RR=0.5","MLP Combined (HE=0, CC=0.2, UP=0.1, PR=(0.2,10), RR=0.5)",own_year,2018,2018,False,1281406,297,0.8908083611058523,0.44752315437531226,0.44752315437531226,f1_score,0.44752315437531226,0.37454177897597657,0.5124711705087477,0.4463437915090993,0.03495720129644747,2000,percentile,0.05
"mlp_combined_HE=0_CC=0.2_UP=0.1_PR=(0.2,10)_RR=0.5","MLP Combined (HE=0, CC=0.2, UP=0.1, PR=(0.2,10), RR=0.5)",own_year,2018,2018,False,1281406,297,0.8908083611058523,0.44752315437531226,0.44752315437531226,pr_auc,0.442100214697893,0.3659243607615989,0.5118399648469693,0.4410400820624531,0.03669985656030433,2000,percentile,0.05
"mlp_combined_HE=0_CC=0.2_UP=0.2_PR=(0.1,10)_RR=0.5","MLP Combined (HE=0, CC=0.2, UP=0.2, PR=(0.1,10), RR=0.5)",own_year,2018,2018,False,1281406,297,0.8890954883460978,0.4494954367414668,0.4494954367414668,f1_score,0.4494954367414668,0.3764572233692457,0.5129087478114915,0.4482982143475052,0.03476640690689281,2000,percentile,0.05
"mlp_combined_HE=0_CC=0.2_UP=0.2_PR=(0.1,10)_RR=0.5","MLP Combined (HE=0, CC=0.2, UP=0.2, PR=(0.1,10), RR=0.5)",own_year,2018,2018,False,1281406,297,0.8890954883460978,0.4494954367414668,0.4494954367414668,pr_auc,0.4437468874818259,0.3683013595766758,0.5139234092581614,0.4428402250872392,0.036983128356629966,2000,percentile,0.05
mlp_prevyears_monthly_features_incremental_scaler,MLP Prevyears + Monthly (Incremental Scaler),own_year,2018,2018,True,1281406,297,0.907768510253678,0.4505210314140108,0.4505210314140108,f1_score,0.4505210314140108,0.36834020763350606,0.5179494016790338,0.4494690095537015,0.037854736860343456,2000,percentile,0.05
mlp_prevyears_monthly_features_incremental_scaler,MLP Prevyears + Monthly (Incremental Scaler),own_year,2018,2018,True,1281406,297,0.907768510253678,0.4505210314140108,0.4505210314140108,pr_auc,0.44471266978039237,0.367610581919608,0.5165929795824112,0.4442554125884143,0.03839636053470243,2000,percentile,0.05
mlp_prevyears_monthly_features_incremental_scaler_experience_replay_RR_0.2,MLP Prevyears + Monthly (Incremental Scaler + Replay RR=0.2),own_year,2018,2018,False,1281406,297,0.9226806099558648,0.44460365792982665,0.44460365792982665,f1_score,0.44460365792982665,0.36229746279446473,0.5144508095537673,0.4436652127310988,0.03900634919332867,2000,percentile,0.05
mlp_prevyears_monthly_features_incremental_scaler_experience_replay_RR_0.2,MLP Prevyears + Monthly (Incremental Scaler + Replay RR=0.2),own_year,2018,2018,False,1281406,297,0.9226806099558648,0.44460365792982665,0.44460365792982665,pr_auc,0.43618212863986705,0.3557522782863816,0.5135029257978806,0.43620314881163785,0.040247152235853394,2000,percentile,0.05
mlp_prevyears_monthly_features_incremental_scaler_experience_replay_RR_0.2_PR_0.10,"MLP Prevyears + Monthly (Incremental Scaler + Replay RR=0.2, PR=0.10)",own_year,2018,2018,False,1281406,297,0.8951874652447346,0.43620381293047683,0.43620381293047683,f1_score,0.43620381293047683,0.3585859760953072,0.5036224309103153,0.4351393627557433,0.037008174518070626,2000,percentile,0.05
mlp_prevyears_monthly_features_incremental_scaler_experience_replay_RR_0.2_PR_0.10,"MLP Prevyears + Monthly (Incremental Scaler + Replay RR=0.2, PR=0.10)",own_year,2018,2018,False,1281406,297,0.8951874652447346,0.43620381293047683,0.43620381293047683,pr_auc,0.4257069340413649,0.3479256995564093,0.49883175405148333,0.42545749049202686,0.03813747849572715,2000,percentile,0.05
mlp_prevyears_monthly_features_incremental_scaler_experience_replay_RR_0.2_PR_0.15,"MLP Prevyears + Monthly (Incremental Scaler + Replay RR=0.2, PR=0.15)",own_year,2018,2018,False,1281406,297,0.9030846021841509,0.4437956761501326,0.4437956761501326,f1_score,0.4437956761501326,0.37271554666458406,0.5061617782287668,0.44259194482349506,0.03438832491009062,2000,percentile,0.05
mlp_prevyears_monthly_features_incremental_scaler_experience_replay_RR_0.2_PR_0.15,"MLP Prevyears + Monthly (Incremental Scaler + Replay RR=0.2, PR=0.15)",own_year,2018,2018,False,1281406,297,0.9030846021841509,0.4437956761501326,0.4437956761501326,pr_auc,0.42978664995958776,0.35532272584504937,0.4983581329140705,0.42922167279001405,0.035975512170125325,2000,percentile,0.05
mlp_prevyears_monthly_features_incremental_scaler_experience_replay_RR_0.3,MLP Prevyears + Monthly (Incremental Scaler + Replay RR=0.3),own_year,2018,2018,False,1281406,297,0.9040382410282146,0.45828941568770243,0.45828941568770243,f1_score,0.45828941568770243,0.3836569752111309,0.5219135962743391,0.45726698173704483,0.0352540260767209,2000,percentile,0.05
mlp_prevyears_monthly_features_incremental_scaler_experience_replay_RR_0.3,MLP Prevyears + Monthly (Incremental Scaler + Replay RR=0.3),own_year,2018,2018,False,1281406,297,0.9040382410282146,0.45828941568770243,0.45828941568770243,pr_auc,0.452426512576206,0.3776703221382785,0.5197541850614595,0.45167827071111,0.036239258652817734,2000,percentile,0.05
mlp_prevyears_monthly_features_incremental_scaler_experience_replay_RR_0.3_PR_0.10,"MLP Prevyears + Monthly (Incremental Scaler + Replay RR=0.3, PR=0.10)",own_year,2018,2018,False,1281406,297,0.9066625315825738,0.45247355466621575,0.45247355466621575,f1_score,0.45247355466621575,0.37584107122483934,0.5166093862862966,0.45145801904081523,0.035769013718797316,2000,percentile,0.05
mlp_prevyears_monthly_features_incremental_scaler_experience_replay_RR_0.3_PR_0.10,"MLP Prevyears + Monthly (Incremental Scaler + Replay RR=0.3, PR=0.10)",own_year,2018,2018,False,1281406,297,0.9066625315825738,0.45247355466621575,0.45247355466621575,pr_auc,0.44295618439152934,0.3682904421495818,0.5131258052893305,0.4423598607360492,0.03664393980362247,2000,percentile,0.05
mlp_prevyears_monthly_features_incremental_scaler_experience_replay_RR_0.3_PR_0.15,"MLP Prevyears + Monthly (Incremental Scaler + Replay RR=0.3, PR=0.15)",own_year,2018,2018,False,1281406,297,0.8998606351424626,0.44561891515994434,0.44561891515994434,f1_score,0.44561891515994434,0.36490317166749864,0.5122966380305141,0.4447469462562601,0.03786587821243557,2000,percentile,0.05
mlp_prevyears_monthly_features_incremental_scaler_experience_replay_RR_0.3_PR_0.15,"MLP Prevyears + Monthly (Incremental Scaler + Replay RR=0.3, PR=0.15)",own_year,2018,2018,False,1281406,297,0.8998606351424626,0.44561891515994434,0.44561891515994434,pr_auc,0.4377761466840445,0.3602452300841218,0.5109125370018238,0.4375816726047294,0.03871643317967425,2000,percentile,0.05
mlp_prevyears_monthly_features_incremental_scaler_experience_replay_RR_0.4,MLP Prevyears + Monthly (Incremental Scaler + Replay RR=0.4),own_year,2018,2018,False,1281406,297,0.916026174111179,0.4438142785821268,0.4438142785821268,f1_score,0.4438142785821268,0.36421725164166835,0.5121415093653992,0.4427612796962445,0.03764782520226381,2000,percentile,0.05
mlp_prevyears_monthly_features_incremental_scaler_experience_replay_RR_0.4,MLP Prevyears + Monthly (Incremental Scaler + Replay RR=0.4),own_year,2018,2018,False,1281406,297,0.916026174111179,0.4438142785821268,0.4438142785821268,pr_auc,0.44089743403275444,0.36417131575633915,0.5132711805299035,0.4403062664341582,0.03785705427402276,2000,percentile,0.05
mlp_prevyears_monthly_features_incremental_scaler_experience_replay_RR_0.4_PR_0.10,"MLP Prevyears + Monthly (Incremental Scaler + Replay RR=0.4, PR=0.10)",own_year,2018,2018,False,1281406,297,0.927573393666524,0.44963986302987363,0.44963986302987363,f1_score,0.44963986302987363,0.36658702442964186,0.5190219553980675,0.44886595734935797,0.03882379822531824,2000,percentile,0.05
mlp_prevyears_monthly_features_incremental_scaler_experience_replay_RR_0.4_PR_0.10,"MLP Prevyears + Monthly (Incremental Scaler + Replay RR=0.4, PR=0.10)",own_year,2018,2018,False,1281406,297,0.927573393666524,0.44963986302987363,0.44963986302987363,pr_auc,0.4440992301104244,0.36553360987918826,0.5191146806590627,0.44395844618542857,0.039171909467221,2000,percentile,0.05
mlp_prevyears_monthly_features_incremental_scaler_experience_replay_RR_0.4_PR_0.15,"MLP Prevyears + Monthly (Incremental Scaler + Replay RR=0.4, PR=0.15)",own_year,2018,2018,False,1281406,297,0.8932935017610646,0.4572737686139748,0.4572737686139748,f1_score,0.4572737686139748,0.37673913588003993,0.522641268816164,0.45634799828133116,0.03663209298767574,2000,percentile,0.05
mlp_prevyears_monthly_features_incremental_scaler_experience_replay_RR_0.4_PR_0.15,"MLP Prevyears + Monthly (Incremental Scaler + Replay RR=0.4, PR=0.15)",own_year,2018,2018,False,1281406,297,0.8932935017610646,0.4572737686139748,0.4572737686139748,pr_auc,0.4476967068066342,0.3719507416705272,0.5181493662349925,0.447494371704198,0.03759856158828317,2000,percentile,0.05
mlp_prevyears_monthly_features_incremental_scaler_experience_replay_RR_0.5,MLP Prevyears + Monthly (Incremental Scaler + Replay RR=0.5),own_year,2018,2018,False,1281406,297,0.8984206690973232,0.433453770064562,0.433453770064562,f1_score,0.433453770064562,0.3545047744716757,0.5025829817868724,0.4325955834060428,0.03785023192546551,2000,percentile,0.05
mlp_prevyears_monthly_features_incremental_scaler_experience_replay_RR_0.5,MLP Prevyears + Monthly (Incremental Scaler + Replay RR=0.5),own_year,2018,2018,False,1281406,297,0.8984206690973232,0.433453770064562,0.433453770064562,pr_auc,0.42591073690452785,0.3473191445818614,0.5002231474947498,0.4256168210577246,0.038691134855745275,2000,percentile,0.05
mlp_prevyears_monthly_features_incremental_scaler_experience_replay_RR_0.5_PR_0.10,"MLP Prevyears + Monthly (Incremental Scaler + Replay RR=0.5, PR=0.10)",own_year,2018,2018,False,1281406,297,0.9197327243171926,0.44790599694644684,0.44790599694644684,f1_score,0.44790599694644684,0.3710333052018799,0.5125886590980884,0.44699809314487776,0.035743458478778495,2000,percentile,0.05
mlp_prevyears_monthly_features_incremental_scaler_experience_replay_RR_0.5_PR_0.10,"MLP Prevyears + Monthly (Incremental Scaler + Replay RR=0.5, PR=0.10)",own_year,2018,2018,False,1281406,297,0.9197327243171926,0.44790599694644684,0.44790599694644684,pr_auc,0.44143466331142867,0.3666681800812971,0.5113947021204939,0.44070645083692833,0.036766304085316344,2000,percentile,0.05
mlp_prevyears_monthly_features_incremental_scaler_experience_replay_RR_0.5_PR_0.15,"MLP Prevyears + Monthly (Incremental Scaler + Replay RR=0.5, PR=0.15)",own_year,2018,2018,False,1281406,297,0.9181787218898467,0.45301348136399683,0.45301348136399683,f1_score,0.45301348136399683,0.37050216141772757,0.5214268640342148,0.45201552512991416,0.03836535452860508,2000,percentile,0.05
mlp_prevyears_monthly_features_incremental_scaler_experience_replay_RR_0.5_PR_0.15,"MLP Prevyears + Monthly (Incremental Scaler + Replay RR=0.5, PR=0.15)",own_year,2018,2018,False,1281406,297,0.9181787218898467,0.45301348136399683,0.45301348136399683,pr_auc,0.44329619960937333,0.36627352114369566,0.5142816671029279,0.4429019676781907,0.037719865211000354,2000,percentile,0.05
mlp_prevyears_monthly_features_incremental_scaler_experience_replay_confidently_correct_memory_RR_0.2,MLP Prevyears + Monthly (Incremental Scaler + Replay Confidently Correct RR=0.2),own_year,2018,2018,False,1281406,297,0.8835039210927852,0.44539482556011484,0.44539482556011484,f1_score,0.44539482556011484,0.3642302790758219,0.5134549250638742,0.4446088566884324,0.037819376070319835,2000,percentile,0.05
mlp_prevyears_monthly_features_incremental_scaler_experience_replay_confidently_correct_memory_RR_0.2,MLP Prevyears + Monthly (Incremental Scaler + Replay Confidently Correct RR=0.2),own_year,2018,2018,False,1281406,297,0.8835039210927852,0.44539482556011484,0.44539482556011484,pr_auc,0.4382398354115402,0.36141511325475273,0.5102073017106685,0.43800087384513176,0.03866059928328033,2000,percentile,0.05
mlp_prevyears_monthly_features_incremental_scaler_experience_replay_confidently_correct_memory_RR_0.3,MLP Prevyears + Monthly (Incremental Scaler + Replay Confidently Correct RR=0.3),own_year,2018,2018,False,1281406,297,0.9019599042865214,0.44950342567180684,0.44950342567180684,f1_score,0.44950342567180684,0.3681606151695682,0.5184929925986896,0.44843306885987405,0.03845359962201997,2000,percentile,0.05
mlp_prevyears_monthly_features_incremental_scaler_experience_replay_confidently_correct_memory_RR_0.3,MLP Prevyears + Monthly (Incremental Scaler + Replay Confidently Correct RR=0.3),own_year,2018,2018,False,1281406,297,0.9019599042865214,0.44950342567180684,0.44950342567180684,pr_auc,0.4454492664792343,0.36695349547860556,0.5171565113293588,0.444792644599307,0.038204096355440774,2000,percentile,0.05
mlp_prevyears_monthly_features_incremental_scaler_experience_replay_confidently_correct_memory_RR_0.4,MLP Prevyears + Monthly (Incremental Scaler + Replay Confidently Correct RR=0.4),own_year,2018,2018,False,1281406,297,0.8864082959197579,0.4507382916886106,0.4507382916886106,f1_score,0.4507382916886106,0.37033672386501304,0.5184921768189905,0.44980519913378897,0.03788534532217522,2000,percentile,0.05
mlp_prevyears_monthly_features_incremental_scaler_experience_replay_confidently_correct_memory_RR_0.4,MLP Prevyears + Monthly (Incremental Scaler + Replay Confidently Correct RR=0.4),own_year,2018,2018,False,1281406,297,0.8864082959197579,0.4507382916886106,0.4507382916886106,pr_auc,0.44235871242743435,0.36618669213773486,0.5129286074247157,0.44192845929384283,0.038016610699966306,2000,percentile,0.05
mlp_prevyears_monthly_features_incremental_scaler_experience_replay_confidently_correct_memory_RR_0.5,MLP Prevyears + Monthly (Incremental Scaler + Replay Confidently Correct RR=0.5),own_year,2018,2018,False,1281406,297,0.9329182792123143,0.4492831648421766,0.4492831648421766,f1_score,0.4492831648421766,0.36784495675842366,0.5166512588098429,0.4484386015455143,0.03802905285695516,2000,percentile,0.05
mlp_prevyears_monthly_features_incremental_scaler_experience_replay_confidently_correct_memory_RR_0.5,MLP Prevyears + Monthly (Incremental Scaler + Replay Confidently Correct RR=0.5),own_year,2018,2018,False,1281406,297,0.9329182792123143,0.4492831648421766,0.4492831648421766,pr_auc,0.44288332303898126,0.3653500476620361,0.5161306508439311,0.44250214786056585,0.038645985324521764,2000,percentile,0.05
mlp_prevyears_monthly_features_incremental_scaler_experience_replay_hard_example_mining_RR_0.2,MLP Prevyears + Monthly (Incremental Scaler + Replay Hard Example Mining RR=0.2),own_year,2018,2018,False,1281406,297,0.9150335744849366,0.45436998147004326,0.45436998147004326,f1_score,0.45436998147004326,0.37082551713351564,0.5234190549486263,0.45348481758999304,0.03874249177329315,2000,percentile,0.05
mlp_prevyears_monthly_features_incremental_scaler_experience_replay_hard_example_mining_RR_0.2,MLP Prevyears + Monthly (Incremental Scaler + Replay Hard Example Mining RR=0.2),own_year,2018,2018,False,1281406,297,0.9150335744849366,0.45436998147004326,0.45436998147004326,pr_auc,0.44784739433995785,0.37165238467065126,0.519461998498128,0.4476520718921174,0.037711069546778664,2000,percentile,0.05
mlp_prevyears_monthly_features_incremental_scaler_experience_replay_hard_example_mining_RR_0.3,MLP Prevyears + Monthly (Incremental Scaler + Replay Hard Example Mining RR=0.3),own_year,2018,2018,False,1281406,297,0.9095481566122262,0.4477606055827157,0.4477606055827157,f1_score,0.4477606055827157,0.3696864339162191,0.5143439649875252,0.4466646026984187,0.03645109689705485,2000,percentile,0.05
mlp_prevyears_monthly_features_incremental_scaler_experience_replay_hard_example_mining_RR_0.3,MLP Prevyears + Monthly (Incremental Scaler + Replay Hard Example Mining RR=0.3),own_year,2018,2018,False,1281406,297,0.9095481566122262,0.4477606055827157,0.4477606055827157,pr_auc,0.43489599306240023,0.3594064054716814,0.5067207893951904,0.43450623744377204,0.03748809021723099,2000,percentile,0.05
mlp_prevyears_monthly_features_incremental_scaler_experience_replay_hard_example_mining_RR_0.4,MLP Prevyears + Monthly (Incremental Scaler + Replay Hard Example Mining RR=0.4),own_year,2018,2018,False,1281406,297,0.9016003873315855,0.44028436018957345,0.44028436018957345,f1_score,0.44028436018957345,0.36119188877350505,0.507677767440326,0.43953784063865703,0.03755347130123311,2000,percentile,0.05
mlp_prevyears_monthly_features_incremental_scaler_experience_replay_hard_example_mining_RR_0.4,MLP Prevyears + Monthly (Incremental Scaler + Replay Hard Example Mining RR=0.4),own_year,2018,2018,False,1281406,297,0.9016003873315855,0.44028436018957345,0.44028436018957345,pr_auc,0.4326017732733925,0.356979374084936,0.5051068888432162,0.43236039834195356,0.037931096854937126,2000,percentile,0.05
mlp_prevyears_monthly_features_incremental_scaler_experience_replay_hard_example_mining_RR_0.5,MLP Prevyears + Monthly (Incremental Scaler + Replay Hard Example Mining RR=0.5),own_year,2018,2018,False,1281406,297,0.9107851196784318,0.44947701383633154,0.44947701383633154,f1_score,0.44947701383633154,0.3712483605112036,0.5155524347322867,0.4485632818378275,0.036212648686741976,2000,percentile,0.05
mlp_prevyears_monthly_features_incremental_scaler_experience_replay_hard_example_mining_RR_0.5,MLP Prevyears + Monthly (Incremental Scaler + Replay Hard Example Mining RR=0.5),own_year,2018,2018,False,1281406,297,0.9107851196784318,0.44947701383633154,0.44947701383633154,pr_auc,0.4418574370295429,0.36656143270938174,0.5107908435947643,0.44105345284069747,0.03689284693087277,2000,percentile,0.05
mlp_prevyears_monthly_features_incremental_scaler_experience_replay_uncertainity_prioritization_RR_0.2,MLP Prevyears + Monthly (Incremental Scaler + Replay Uncertainty Prioritization RR=0.2),own_year,2018,2018,False,1281406,297,0.9437756094619373,0.45205452114390626,0.45205452114390626,f1_score,0.45205452114390626,0.3684154201412735,0.5209623003344471,0.4512556925945405,0.03887343797576263,2000,percentile,0.05
mlp_prevyears_monthly_features_incremental_scaler_experience_replay_uncertainity_prioritization_RR_0.2,MLP Prevyears + Monthly (Incremental Scaler + Replay Uncertainty Prioritization RR=0.2),own_year,2018,2018,False,1281406,297,0.9437756094619373,0.45205452114390626,0.45205452114390626,pr_auc,0.4451660126217002,0.3672229892594365,0.5193602318921706,0.44511708203678996,0.03924687915577763,2000,percentile,0.05
mlp_prevyears_monthly_features_incremental_scaler_experience_replay_uncertainity_prioritization_RR_0.3,MLP Prevyears + Monthly (Incremental Scaler + Replay Uncertainty Prioritization RR=0.3),own_year,2018,2018,False,1281406,297,0.9236843575815233,0.44235275738165913,0.44235275738165913,f1_score,0.44235275738165913,0.3595376060645382,0.5099142824968914,0.441407848713494,0.038170811634424186,2000,percentile,0.05
mlp_prevyears_monthly_features_incremental_scaler_experience_replay_uncertainity_prioritization_RR_0.3,MLP Prevyears + Monthly (Incremental Scaler + Replay Uncertainty Prioritization RR=0.3),own_year,2018,2018,False,1281406,297,0.9236843575815233,0.44235275738165913,0.44235275738165913,pr_auc,0.4357761107903678,0.35752697949510903,0.5085165040309364,0.43555799639869114,0.03861786337668012,2000,percentile,0.05
mlp_prevyears_monthly_features_incremental_scaler_experience_replay_uncertainity_prioritization_RR_0.4,MLP Prevyears + Monthly (Incremental Scaler + Replay Uncertainty Prioritization RR=0.4),own_year,2018,2018,False,1281406,297,0.9141368374601839,0.4460595137814171,0.4460595137814171,f1_score,0.4460595137814171,0.36556825230786577,0.5137069230252392,0.4449889751994826,0.03814060904240097,2000,percentile,0.05
mlp_prevyears_monthly_features_incremental_scaler_experience_replay_uncertainity_prioritization_RR_0.4,MLP Prevyears + Monthly (Incremental Scaler + Replay Uncertainty Prioritization RR=0.4),own_year,2018,2018,False,1281406,297,0.9141368374601839,0.4460595137814171,0.4460595137814171,pr_auc,0.44050511746204835,0.3626332904658944,0.5130133835977514,0.43999532789315443,0.0382817923462822,2000,percentile,0.05
mlp_prevyears_monthly_features_incremental_scaler_experience_replay_uncertainity_prioritization_RR_0.5,MLP Prevyears + Monthly (Incremental Scaler + Replay Uncertainty Prioritization RR=0.5),own_year,2018,2018,False,1281406,297,0.9256028583643758,0.4440262682898729,0.4440262682898729,f1_score,0.4440262682898729,0.36718995037389957,0.5078872552801851,0.4427860262971928,0.03642641966338095,2000,percentile,0.05
mlp_prevyears_monthly_features_incremental_scaler_experience_replay_uncertainity_prioritization_RR_0.5,MLP Prevyears + Monthly (Incremental Scaler + Replay Uncertainty Prioritization RR=0.5),own_year,2018,2018,False,1281406,297,0.9256028583643758,0.4440262682898729,0.4440262682898729,pr_auc,0.4366304812157461,0.36032885218629107,0.5070654186770189,0.4357675508498213,0.037274896389548444,2000,percentile,0.05
mlp_prevyears_monthly_features_incremental_scaler_missclassification_buffer_RR_0.3,MLP Prevyears + Monthly (Incremental Scaler + Misclassification Buffer RR=0.3),own_year,2018,2018,False,1281406,297,0.8997982883704229,0.4462851116863196,0.4462851116863196,f1_score,0.4462851116863196,0.3652097867600992,0.5135751749002415,0.4455569543183074,0.03755870752268136,2000,percentile,0.05
mlp_prevyears_monthly_features_incremental_scaler_missclassification_buffer_RR_0.3,MLP Prevyears + Monthly (Incremental Scaler + Misclassification Buffer RR=0.3),own_year,2018,2018,False,1281406,297,0.8997982883704229,0.4462851116863196,0.4462851116863196,pr_auc,0.4371220459493654,0.36078046643619976,0.5102126200365161,0.43694741282088684,0.03846274086456687,2000,percentile,0.05
"mlp_combined_HE=0.1_CC=0.1_UP=0.1_PR=(0.2,10)_RR=0.5","MLP Combined (HE=0.1, CC=0.1, UP=0.1, PR=(0.2,10), RR=0.5)",own_year,2019,2019,False,1280996,297,0.9189527365352477,0.47586551264980026,0.47586551264980026,f1_score,0.47586551264980026,0.40795753052133765,0.5382077927682928,0.4737831530274427,0.03267789109506819,2000,percentile,0.05
"mlp_combined_HE=0.1_CC=0.1_UP=0.1_PR=(0.2,10)_RR=0.5","MLP Combined (HE=0.1, CC=0.1, UP=0.1, PR=(0.2,10), RR=0.5)",own_year,2019,2019,False,1280996,297,0.9189527365352477,0.47586551264980026,0.47586551264980026,pr_auc,0.4345693698634399,0.35414533726527664,0.5074503963109067,0.43217338327399,0.03881917143241318,2000,percentile,0.05
"mlp_combined_HE=0_CC=0.15_UP=0_PR=(0,10)_MC=0.1_RWS=1_RR=0.4","MLP Combined (HE=0, CC=0.15, UP=0, PR=(0,10), MC=0.1, RWS=1, RR=0.4)",own_year,2019,2019,False,1280996,297,0.9150412432675369,0.4673173617272996,0.4673173617272996,f1_score,0.4673173617272996,0.40511324819624295,0.5204562400896013,0.4653010740270719,0.02909784722747282,2000,percentile,0.05
"mlp_combined_HE=0_CC=0.15_UP=0_PR=(0,10)_MC=0.1_RWS=1_RR=0.4","MLP Combined (HE=0, CC=0.15, UP=0, PR=(0,10), MC=0.1, RWS=1, RR=0.4)",own_year,2019,2019,False,1280996,297,0.9150412432675369,0.4673173617272996,0.4673173617272996,pr_auc,0.43001961875863587,0.3551192383986598,0.4956269877905567,0.42782468319980055,0.03484130163635651,2000,percentile,0.05
"mlp_combined_HE=0_CC=0.1_UP=0.1_PR=(0,10)_MC=0.1_RWS=1_RR=0.5","MLP Combined (HE=0, CC=0.1, UP=0.1, PR=(0,10), MC=0.1, RWS=1, RR=0.5)",own_year,2019,2019,False,1280996,297,0.9083142311139826,0.46886877638016844,0.46886877638016844,f1_score,0.46886877638016844,0.40836486902232977,0.520404649862277,0.466814699538329,0.027980968249617117,2000,percentile,0.05
"mlp_combined_HE=0_CC=0.1_UP=0.1_PR=(0,10)_MC=0.1_RWS=1_RR=0.5","MLP Combined (HE=0, CC=0.1, UP=0.1, PR=(0,10), MC=0.1, RWS=1, RR=0.5)",own_year,2019,2019,False,1280996,297,0.9083142311139826,0.46886877638016844,0.46886877638016844,pr_auc,0.4255501450792413,0.3520690962486507,0.4894647679432275,0.42341820995549845,0.03422586477577248,2000,percentile,0.05
"mlp_combined_HE=0_CC=0.1_UP=0.2_PR=(0.1,10)_RR=0.5","MLP Combined (HE=0, CC=0.1, UP=0.2, PR=(0.1,10), RR=0.5)",own_year,2019,2019,False,1280996,297,0.9115587906273842,0.4693585337915235,0.4693585337915235,f1_score,0.4693585337915235,0.40574452016300594,0.5272324460697533,0.46730947303336035,0.030528366543054863,2000,percentile,0.05
"mlp_combined_HE=0_CC=0.1_UP=0.2_PR=(0.1,10)_RR=0.5","MLP Combined (HE=0, CC=0.1, UP=0.2, PR=(0.1,10), RR=0.5)",own_year,2019,2019,False,1280996,297,0.9115587906273842,0.4693585337915235,0.4693585337915235,pr_auc,0.4311419317881028,0.35411379009459315,0.4989884950632874,0.42882419102267283,0.03722735254369785,2000,percentile,0.05
"mlp_combined_HE=0_CC=0.2_UP=0.1_PR=(0.2,10)_RR=0.5","MLP Combined (HE=0, CC=0.2, UP=0.1, PR=(0.2,10), RR=0.5)",own_year,2019,2019,False,1280996,297,0.8993037476270945,0.4787778628723447,0.4787778628723447,f1_score,0.4787778628723447,0.41117890953364994,0.5419677268666953,0.47668384358356697,0.03289873255468638,2000,percentile,0.05
"mlp_combined_HE=0_CC=0.2_UP=0.1_PR=(0.2,10)_RR=0.5","MLP Combined (HE=0, CC=0.2, UP=0.1, PR=(0.2,10), RR=0.5)",own_year,2019,2019,False,1280996,297,0.8993037476270945,0.4787778628723447,0.4787778628723447,pr_auc,0.44094148143352,0.3587346480190306,0.5177340439035523,0.43850570657240917,0.039747492482150634,2000,percentile,0.05
"mlp_combined_HE=0_CC=0.2_UP=0.2_PR=(0.1,10)_RR=0.5","MLP Combined (HE=0, CC=0.2, UP=0.2, PR=(0.1,10), RR=0.5)",own_year,2019,2019,False,1280996,297,0.8869378029873003,0.4728611229739898,0.4728611229739898,f1_score,0.4728611229739898,0.4097652706739104,0.5286877083643613,0.47084860418988395,0.030064022794604364,2000,percentile,0.05
"mlp_combined_HE=0_CC=0.2_UP=0.2_PR=(0.1,10)_RR=0.5","MLP Combined (HE=0, CC=0.2, UP=0.2, PR=(0.1,10), RR=0.5)",own_year,2019,2019,False,1280996,297,0.8869378029873003,0.4728611229739898,0.4728611229739898,pr_auc,0.43233339212836874,0.35665285627652105,0.49951239752312016,0.4299427017524325,0.03578351612843318,2000,percentile,0.05
mlp_prevyears_monthly_features_incremental_scaler,MLP Prevyears + Monthly (Incremental Scaler),own_year,2019,2019,True,1280996,297,0.9022646063011852,0.4687980574666127,0.4687980574666127,f1_score,0.4687980574666127,0.40965929302752496,0.5205120609000923,0.4667872957795397,0.02794369669404442,2000,percentile,0.05
mlp_prevyears_monthly_features_incremental_scaler,MLP Prevyears + Monthly (Incremental Scaler),own_year,2019,2019,True,1280996,297,0.9022646063011852,0.4687980574666127,0.4687980574666127,pr_auc,0.4256823872430504,0.35226432991959883,0.4895714728210898,0.4235595332889376,0.034375886298692704,2000,percentile,0.05
mlp_prevyears_monthly_features_incremental_scaler_experience_replay_RR_0.2,MLP Prevyears + Monthly (Incremental Scaler + Replay RR=0.2),own_year,2019,2019,False,1280996,297,0.9151660545409922,0.46911141293163766,0.46911141293163766,f1_score,0.46911141293163766,0.4035809860532852,0.5283780535470798,0.4669701306778005,0.03179047451152622,2000,percentile,0.05
mlp_prevyears_monthly_features_incremental_scaler_experience_replay_RR_0.2,MLP Prevyears + Monthly (Incremental Scaler + Replay RR=0.2),own_year,2019,2019,False,1280996,297,0.9151660545409922,0.46911141293163766,0.46911141293163766,pr_auc,0.4279217038996165,0.3500473687573962,0.4975046585513001,0.4256364826893841,0.037566863408183854,2000,percentile,0.05
mlp_prevyears_monthly_features_incremental_scaler_experience_replay_RR_0.2_PR_0.10,"MLP Prevyears + Monthly (Incremental Scaler + Replay RR=0.2, PR=0.10)",own_year,2019,2019,False,1280996,297,0.9043087108225907,0.4664326817124434,0.4664326817124434,f1_score,0.4664326817124434,0.40067180435664357,0.5273394541579871,0.4644070587676141,0.031770548145600895,2000,percentile,0.05
mlp_prevyears_monthly_features_incremental_scaler_experience_replay_RR_0.2_PR_0.10,"MLP Prevyears + Monthly (Incremental Scaler + Replay RR=0.2, PR=0.10)",own_year,2019,2019,False,1280996,297,0.9043087108225907,0.4664326817124434,0.4664326817124434,pr_auc,0.42819092987473695,0.34975555815182235,0.4971920173194856,0.425842473731484,0.03693828804833385,2000,percentile,0.05
mlp_prevyears_monthly_features_incremental_scaler_experience_replay_RR_0.2_PR_0.15,"MLP Prevyears + Monthly (Incremental Scaler + Replay RR=0.2, PR=0.15)",own_year,2019,2019,False,1280996,297,0.9025495485345202,0.4759969624202122,0.4759969624202122,f1_score,0.4759969624202122,0.40709624358556035,0.5394576596069894,0.47386054461079763,0.03299146107534112,2000,percentile,0.05
mlp_prevyears_monthly_features_incremental_scaler_experience_replay_RR_0.2_PR_0.15,"MLP Prevyears + Monthly (Incremental Scaler + Replay RR=0.2, PR=0.15)",own_year,2019,2019,False,1280996,297,0.9025495485345202,0.4759969624202122,0.4759969624202122,pr_auc,0.4390633248628379,0.3569267529526916,0.5164413392026973,0.4365005054763217,0.03978319666839035,2000,percentile,0.05
mlp_prevyears_monthly_features_incremental_scaler_experience_replay_RR_0.3,MLP Prevyears + Monthly (Incremental Scaler + Replay RR=0.3),own_year,2019,2019,False,1280996,297,0.9151322030595279,0.46843680036825475,0.46843680036825475,f1_score,0.46843680036825475,0.4079627600397721,0.5193011705380223,0.4663830113623443,0.02800845254323054,2000,percentile,0.05
mlp_prevyears_monthly_features_incremental_scaler_experience_replay_RR_0.3,MLP Prevyears + Monthly (Incremental Scaler + Replay RR=0.3),own_year,2019,2019,False,1280996,297,0.9151322030595279,0.46843680036825475,0.46843680036825475,pr_auc,0.42521343925854654,0.35263476495012663,0.48815474608164194,0.4231667467502687,0.033753064555943756,2000,percentile,0.05
mlp_prevyears_monthly_features_incremental_scaler_experience_replay_RR_0.3_PR_0.10,"MLP Prevyears + Monthly (Incremental Scaler + Replay RR=0.3, PR=0.10)",own_year,2019,2019,False,1280996,297,0.915679686504403,0.476351839990082,0.476351839990082,f1_score,0.476351839990082,0.40924615245916923,0.5368252697415371,0.4742545149701929,0.032994192403326135,2000,percentile,0.05
mlp_prevyears_monthly_features_incremental_scaler_experience_replay_RR_0.3_PR_0.10,"MLP Prevyears + Monthly (Incremental Scaler + Replay RR=0.3, PR=0.10)",own_year,2019,2019,False,1280996,297,0.915679686504403,0.476351839990082,0.476351839990082,pr_auc,0.44256168338405694,0.36161236609381703,0.517401261481387,0.43992899137066066,0.0392089038957859,2000,percentile,0.05
mlp_prevyears_monthly_features_incremental_scaler_experience_replay_RR_0.3_PR_0.15,"MLP Prevyears + Monthly (Incremental Scaler + Replay RR=0.3, PR=0.15)",own_year,2019,2019,False,1280996,297,0.9147601443811956,0.46588811217822396,0.46588811217822396,f1_score,0.46588811217822396,0.404375821337728,0.5200191549953931,0.4638594184783694,0.029284273372053228,2000,percentile,0.05
mlp_prevyears_monthly_features_incremental_scaler_experience_replay_RR_0.3_PR_0.15,"MLP Prevyears + Monthly (Incremental Scaler + Replay RR=0.3, PR=0.15)",own_year,2019,2019,False,1280996,297,0.9147601443811956,0.46588811217822396,0.46588811217822396,pr_auc,0.4218569234883438,0.3442660803639416,0.48848925606574745,0.41969828195338393,0.03568574037666584,2000,percentile,0.05
mlp_prevyears_monthly_features_incremental_scaler_experience_replay_RR_0.4,MLP Prevyears + Monthly (Incremental Scaler + Replay RR=0.4),own_year,2019,2019,False,1280996,297,0.8940396364764839,0.4628569039755863,0.4628569039755863,f1_score,0.4628569039755863,0.40357714417696217,0.5154541000215588,0.4608141167820766,0.02787129169872945,2000,percentile,0.05
mlp_prevyears_monthly_features_incremental_scaler_experience_replay_RR_0.4,MLP Prevyears + Monthly (Incremental Scaler + Replay RR=0.4),own_year,2019,2019,False,1280996,297,0.8940396364764839,0.4628569039755863,0.4628569039755863,pr_auc,0.42175941183151733,0.34688481864061593,0.48530699956960965,0.41945050504618675,0.03441063775768729,2000,percentile,0.05
mlp_prevyears_monthly_features_incremental_scaler_experience_replay_RR_0.4_PR_0.10,"MLP Prevyears + Monthly (Incremental Scaler + Replay RR=0.4, PR=0.10)",own_year,2019,2019,False,1280996,297,0.9271573461922767,0.4741269229989663,0.4741269229989663,f1_score,0.4741269229989663,0.408281840933463,0.5354028113920937,0.4720262176553141,0.03213965866992653,2000,percentile,0.05
mlp_prevyears_monthly_features_incremental_scaler_experience_replay_RR_0.4_PR_0.10,"MLP Prevyears + Monthly (Incremental Scaler + Replay RR=0.4, PR=0.10)",own_year,2019,2019,False,1280996,297,0.9271573461922767,0.4741269229989663,0.4741269229989663,pr_auc,0.4329757273322792,0.3543789155959875,0.5020010350724194,0.4306408597120127,0.03722824813752487,2000,percentile,0.05
mlp_prevyears_monthly_features_incremental_scaler_experience_replay_RR_0.4_PR_0.15,"MLP Prevyears + Monthly (Incremental Scaler + Replay RR=0.4, PR=0.15)",own_year,2019,2019,False,1280996,297,0.9153341091083853,0.4767461383478845,0.4767461383478845,f1_score,0.4767461383478845,0.4134552886601646,0.5303126431623705,0.47451877051405134,0.029235514506389587,2000,percentile,0.05
mlp_prevyears_monthly_features_incremental_scaler_experience_replay_RR_0.4_PR_0.15,"MLP Prevyears + Monthly (Incremental Scaler + Replay RR=0.4, PR=0.15)",own_year,2019,2019,False,1280996,297,0.9153341091083853,0.4767461383478845,0.4767461383478845,pr_auc,0.43834117479003754,0.36287594567652365,0.5040628264458331,0.43588340054555647,0.03551494533371869,2000,percentile,0.05
mlp_prevyears_monthly_features_incremental_scaler_experience_replay_RR_0.5,MLP Prevyears + Monthly (Incremental Scaler + Replay RR=0.5),own_year,2019,2019,False,1280996,297,0.9257908752967582,0.4657674857834986,0.4657674857834986,f1_score,0.4657674857834986,0.4021304630733411,0.521675249067079,0.4638253138553598,0.03010086119541206,2000,percentile,0.05
mlp_prevyears_monthly_features_incremental_scaler_experience_replay_RR_0.5,MLP Prevyears + Monthly (Incremental Scaler + Replay RR=0.5),own_year,2019,2019,False,1280996,297,0.9257908752967582,0.4657674857834986,0.4657674857834986,pr_auc,0.42897585154732926,0.35341433644999004,0.4955757534939128,0.4268286512966911,0.036168588860830776,2000,percentile,0.05
mlp_prevyears_monthly_features_incremental_scaler_experience_replay_RR_0.5_PR_0.10,"MLP Prevyears + Monthly (Incremental Scaler + Replay RR=0.5, PR=0.10)",own_year,2019,2019,False,1280996,297,0.9033767058771367,0.4641367465445326,0.4641367465445326,f1_score,0.4641367465445326,0.400115648198659,0.5197525949033903,0.46219044793423414,0.03022170423606623,2000,percentile,0.05
mlp_prevyears_monthly_features_incremental_scaler_experience_replay_RR_0.5_PR_0.10,"MLP Prevyears + Monthly (Incremental Scaler + Replay RR=0.5, PR=0.10)",own_year,2019,2019,False,1280996,297,0.9033767058771367,0.4641367465445326,0.4641367465445326,pr_auc,0.42268966785075124,0.3460498359599589,0.49064634616201885,0.4205650636328047,0.036205943753813336,2000,percentile,0.05
mlp_prevyears_monthly_features_incremental_scaler_experience_replay_RR_0.5_PR_0.15,"MLP Prevyears + Monthly (Incremental Scaler + Replay RR=0.5, PR=0.15)",own_year,2019,2019,False,1280996,297,0.9195738410010179,0.4619120244019907,0.4619120244019907,f1_score,0.4619120244019907,0.39753708335614235,0.5195433567165264,0.4599402955868793,0.03105209094054819,2000,percentile,0.05
mlp_prevyears_monthly_features_incremental_scaler_experience_replay_RR_0.5_PR_0.15,"MLP Prevyears + Monthly (Incremental Scaler + Replay RR=0.5, PR=0.15)",own_year,2019,2019,False,1280996,297,0.9195738410010179,0.4619120244019907,0.4619120244019907,pr_auc,0.4256487458595076,0.3462585608160151,0.4952588515296663,0.4230322517552815,0.037796983810946254,2000,percentile,0.05
mlp_prevyears_monthly_features_incremental_scaler_experience_replay_confidently_correct_memory_RR_0.2,MLP Prevyears + Monthly (Incremental Scaler + Replay Confidently Correct RR=0.2),own_year,2019,2019,False,1280996,297,0.9312449649420168,0.4793275501542411,0.4793275501542411,f1_score,0.4793275501542411,0.4120838126367327,0.5389454854758817,0.4771060042267063,0.03190889689999416,2000,percentile,0.05
mlp_prevyears_monthly_features_incremental_scaler_experience_replay_confidently_correct_memory_RR_0.2,MLP Prevyears + Monthly (Incremental Scaler + Replay Confidently Correct RR=0.2),own_year,2019,2019,False,1280996,297,0.9312449649420168,0.4793275501542411,0.4793275501542411,pr_auc,0.4435126335930088,0.3640487969875385,0.517165389655197,0.4410978269203954,0.038955009963245545,2000,percentile,0.05
mlp_prevyears_monthly_features_incremental_scaler_experience_replay_confidently_correct_memory_RR_0.3,MLP Prevyears + Monthly (Incremental Scaler + Replay Confidently Correct RR=0.3),own_year,2019,2019,False,1280996,297,0.9383915357134007,0.47766990291262135,0.47766990291262135,f1_score,0.47766990291262135,0.4131715384186179,0.5363228605767957,0.4756216665741797,0.030882825703336256,2000,percentile,0.05
mlp_prevyears_monthly_features_incremental_scaler_experience_replay_confidently_correct_memory_RR_0.3,MLP Prevyears + Monthly (Incremental Scaler + Replay Confidently Correct RR=0.3),own_year,2019,2019,False,1280996,297,0.9383915357134007,0.47766990291262135,0.47766990291262135,pr_auc,0.4395691789133582,0.3629268823045501,0.50800091820503,0.4371408029661552,0.036867806511880055,2000,percentile,0.05
mlp_prevyears_monthly_features_incremental_scaler_experience_replay_confidently_correct_memory_RR_0.4,MLP Prevyears + Monthly (Incremental Scaler + Replay Confidently Correct RR=0.4),own_year,2019,2019,False,1280996,297,0.9127832956104168,0.47161926400779,0.47161926400779,f1_score,0.47161926400779,0.40478295444944973,0.5329470266003387,0.469501404783597,0.03246339498306513,2000,percentile,0.05
mlp_prevyears_monthly_features_incremental_scaler_experience_replay_confidently_correct_memory_RR_0.4,MLP Prevyears + Monthly (Incremental Scaler + Replay Confidently Correct RR=0.4),own_year,2019,2019,False,1280996,297,0.9127832956104168,0.47161926400779,0.47161926400779,pr_auc,0.4355148476065937,0.35548670513868613,0.5113768973679343,0.4331589811497315,0.03956713042021913,2000,percentile,0.05
mlp_prevyears_monthly_features_incremental_scaler_experience_replay_confidently_correct_memory_RR_0.5,MLP Prevyears + Monthly (Incremental Scaler + Replay Confidently Correct RR=0.5),own_year,2019,2019,False,1280996,297,0.9201515981730443,0.46760448521916415,0.46760448521916415,f1_score,0.46760448521916415,0.4016116143561925,0.526537950017731,0.46554878394080645,0.03156618265575446,2000,percentile,0.05
mlp_prevyears_monthly_features_incremental_scaler_experience_replay_confidently_correct_memory_RR_0.5,MLP Prevyears + Monthly (Incremental Scaler + Replay Confidently Correct RR=0.5),own_year,2019,2019,False,1280996,297,0.9201515981730443,0.46760448521916415,0.46760448521916415,pr_auc,0.4267546658193361,0.34845071723587395,0.4960118034372929,0.4243878202430933,0.0377044802813088,2000,percentile,0.05
mlp_prevyears_monthly_features_incremental_scaler_experience_replay_hard_example_mining_RR_0.2,MLP Prevyears + Monthly (Incremental Scaler + Replay Hard Example Mining RR=0.2),own_year,2019,2019,False,1280996,297,0.9097605613140552,0.4594020652898068,0.4594020652898068,f1_score,0.4594020652898068,0.39325903022209857,0.5176136560276614,0.45739738710148253,0.030896195420810436,2000,percentile,0.05
mlp_prevyears_monthly_features_incremental_scaler_experience_replay_hard_example_mining_RR_0.2,MLP Prevyears + Monthly (Incremental Scaler + Replay Hard Example Mining RR=0.2),own_year,2019,2019,False,1280996,297,0.9097605613140552,0.4594020652898068,0.4594020652898068,pr_auc,0.4228892978631324,0.3461266051463522,0.4915274241400306,0.420556565372608,0.036247022434387786,2000,percentile,0.05
mlp_prevyears_monthly_features_incremental_scaler_experience_replay_hard_example_mining_RR_0.3,MLP Prevyears + Monthly (Incremental Scaler + Replay Hard Example Mining RR=0.3),own_year,2019,2019,False,1280996,297,0.9190157490456741,0.454106485716109,0.454106485716109,f1_score,0.454106485716109,0.395255055638859,0.5044860836155707,0.4520584665362809,0.027265123576457124,2000,percentile,0.05
mlp_prevyears_monthly_features_incremental_scaler_experience_replay_hard_example_mining_RR_0.3,MLP Prevyears + Monthly (Incremental Scaler + Replay Hard Example Mining RR=0.3),own_year,2019,2019,False,1280996,297,0.9190157490456741,0.454106485716109,0.454106485716109,pr_auc,0.4130046401421338,0.341992134592485,0.4756554941290036,0.41062554358006254,0.03367953967646895,2000,percentile,0.05
mlp_prevyears_monthly_features_incremental_scaler_experience_replay_hard_example_mining_RR_0.4,MLP Prevyears + Monthly (Incremental Scaler + Replay Hard Example Mining RR=0.4),own_year,2019,2019,False,1280996,297,0.9193557436050629,0.47337612530781964,0.47337612530781964,f1_score,0.47337612530781964,0.41093312089682477,0.5276824665060397,0.47146149498262707,0.029325795831385466,2000,percentile,0.05
mlp_prevyears_monthly_features_incremental_scaler_experience_replay_hard_example_mining_RR_0.4,MLP Prevyears + Monthly (Incremental Scaler + Replay Hard Example Mining RR=0.4),own_year,2019,2019,False,1280996,297,0.9193557436050629,0.47337612530781964,0.47337612530781964,pr_auc,0.4324902713064193,0.356203951974758,0.49834184636399376,0.43043872409185047,0.03611256482442411,2000,percentile,0.05
mlp_prevyears_monthly_features_incremental_scaler_experience_replay_hard_example_mining_RR_0.5,MLP Prevyears + Monthly (Incremental Scaler + Replay Hard Example Mining RR=0.5),own_year,2019,2019,False,1280996,297,0.9161464246758538,0.47153759539597145,0.47153759539597145,f1_score,0.47153759539597145,0.40685607611427516,0.5259296647199628,0.46947212457534865,0.029737563439837175,2000,percentile,0.05
mlp_prevyears_monthly_features_incremental_scaler_experience_replay_hard_example_mining_RR_0.5,MLP Prevyears + Monthly (Incremental Scaler + Replay Hard Example Mining RR=0.5),own_year,2019,2019,False,1280996,297,0.9161464246758538,0.47153759539597145,0.47153759539597145,pr_auc,0.42152054791353993,0.34656938146187094,0.4889682413852066,0.4194664129338895,0.03561605293884648,2000,percentile,0.05
mlp_prevyears_monthly_features_incremental_scaler_experience_replay_uncertainity_prioritization_RR_0.2,MLP Prevyears + Monthly (Incremental Scaler + Replay Uncertainty Prioritization RR=0.2),own_year,2019,2019,False,1280996,297,0.9145346309674333,0.4715239550411286,0.4715239550411286,f1_score,0.4715239550411286,0.40229254290502037,0.5355092116478225,0.469355977375136,0.03340731075461149,2000,percentile,0.05
mlp_prevyears_monthly_features_incremental_scaler_experience_replay_uncertainity_prioritization_RR_0.2,MLP Prevyears + Monthly (Incremental Scaler + Replay Uncertainty Prioritization RR=0.2),own_year,2019,2019,False,1280996,297,0.9145346309674333,0.4715239550411286,0.4715239550411286,pr_auc,0.4324211451488545,0.3495092989460146,0.5084096679729345,0.43004318886648457,0.04015433362748776,2000,percentile,0.05
mlp_prevyears_monthly_features_incremental_scaler_experience_replay_uncertainity_prioritization_RR_0.3,MLP Prevyears + Monthly (Incremental Scaler + Replay Uncertainty Prioritization RR=0.3),own_year,2019,2019,False,1280996,297,0.9076003938537432,0.4701351807372412,0.4701351807372412,f1_score,0.4701351807372412,0.4044012427319429,0.5316834462963117,0.4681742847256188,0.032014893577499315,2000,percentile,0.05
mlp_prevyears_monthly_features_incremental_scaler_experience_replay_uncertainity_prioritization_RR_0.3,MLP Prevyears + Monthly (Incremental Scaler + Replay Uncertainty Prioritization RR=0.3),own_year,2019,2019,False,1280996,297,0.9076003938537432,0.4701351807372412,0.4701351807372412,pr_auc,0.439704228178225,0.3571167558071853,0.5153128189029661,0.4371838896710525,0.03987370836560689,2000,percentile,0.05
mlp_prevyears_monthly_features_incremental_scaler_experience_replay_uncertainity_prioritization_RR_0.4,MLP Prevyears + Monthly (Incremental Scaler + Replay Uncertainty Prioritization RR=0.4),own_year,2019,2019,False,1280996,297,0.8969396536954691,0.4589568795127264,0.4589568795127264,f1_score,0.4589568795127264,0.4006999815085406,0.5114046112073648,0.45709328419027817,0.02760061897689509,2000,percentile,0.05
mlp_prevyears_monthly_features_incremental_scaler_experience_replay_uncertainity_prioritization_RR_0.4,MLP Prevyears + Monthly (Incremental Scaler + Replay Uncertainty Prioritization RR=0.4),own_year,2019,2019,False,1280996,297,0.8969396536954691,0.4589568795127264,0.4589568795127264,pr_auc,0.4217513190120937,0.34843396219049205,0.4851114157213196,0.41950214706127614,0.03405854817899189,2000,percentile,0.05
mlp_prevyears_monthly_features_incremental_scaler_experience_replay_uncertainity_prioritization_RR_0.5,MLP Prevyears + Monthly (Incremental Scaler + Replay Uncertainty Prioritization RR=0.5),own_year,2019,2019,False,1280996,297,0.9151439108206925,0.4638410159149006,0.4638410159149006,f1_score,0.4638410159149006,0.3981761314680901,0.5227573963207278,0.4617807657169442,0.031256346657661055,2000,percentile,0.05
mlp_prevyears_monthly_features_incremental_scaler_experience_replay_uncertainity_prioritization_RR_0.5,MLP Prevyears + Monthly (Incremental Scaler + Replay Uncertainty Prioritization RR=0.5),own_year,2019,2019,False,1280996,297,0.9151439108206925,0.4638410159149006,0.4638410159149006,pr_auc,0.42201840421418585,0.34493341202743216,0.49072898752189337,0.419747360632933,0.037021488119261994,2000,percentile,0.05
mlp_prevyears_monthly_features_incremental_scaler_missclassification_buffer_RR_0.3,MLP Prevyears + Monthly (Incremental Scaler + Misclassification Buffer RR=0.3),own_year,2019,2019,False,1280996,297,0.9205283015379195,0.4708619099185818,0.4708619099185818,f1_score,0.4708619099185818,0.4085056178890499,0.5254960061564571,0.468967914397075,0.029377583384035618,2000,percentile,0.05
mlp_prevyears_monthly_features_incremental_scaler_missclassification_buffer_RR_0.3,MLP Prevyears + Monthly (Incremental Scaler + Misclassification Buffer RR=0.3),own_year,2019,2019,False,1280996,297,0.9205283015379195,0.4708619099185818,0.4708619099185818,pr_auc,0.42397518642918713,0.3486353723380425,0.49001860305909406,0.42193522746749446,0.03517968019602969,2000,percentile,0.05
"mlp_combined_HE=0.1_CC=0.1_UP=0.1_PR=(0.2,10)_RR=0.5","MLP Combined (HE=0.1, CC=0.1, UP=0.1, PR=(0.2,10), RR=0.5)",own_year,2020,2020,False,1281509,297,0.9113169602724666,0.49183394488812143,0.49183394488812143,f1_score,0.49183394488812143,0.39193768258686845,0.5655025588686581,0.4848550586913066,0.044632263445705714,2000,percentile,0.05
"mlp_combined_HE=0.1_CC=0.1_UP=0.1_PR=(0.2,10)_RR=0.5","MLP Combined (HE=0.1, CC=0.1, UP=0.1, PR=(0.2,10), RR=0.5)",own_year,2020,2020,False,1281509,297,0.9113169602724666,0.49183394488812143,0.49183394488812143,pr_auc,0.4566477696269083,0.34483645847756106,0.5583516194146123,0.45017075836160136,0.055512179428584406,2000,percentile,0.05
"mlp_combined_HE=0_CC=0.15_UP=0_PR=(0,10)_MC=0.1_RWS=1_RR=0.4","MLP Combined (HE=0, CC=0.15, UP=0, PR=(0,10), MC=0.1, RWS=1, RR=0.4)",own_year,2020,2020,False,1281509,297,0.9068703638869615,0.49423553496390477,0.49423553496390477,f1_score,0.49423553496390477,0.38676404148658516,0.5728123472925382,0.486779270406989,0.04763719650698703,2000,percentile,0.05
"mlp_combined_HE=0_CC=0.15_UP=0_PR=(0,10)_MC=0.1_RWS=1_RR=0.4","MLP Combined (HE=0, CC=0.15, UP=0, PR=(0,10), MC=0.1, RWS=1, RR=0.4)",own_year,2020,2020,False,1281509,297,0.9068703638869615,0.49423553496390477,0.49423553496390477,pr_auc,0.4662093438829298,0.34562972553334925,0.5704692045934976,0.45807039590878296,0.059449973454979876,2000,percentile,0.05
"mlp_combined_HE=0_CC=0.1_UP=0.1_PR=(0,10)_MC=0.1_RWS=1_RR=0.5","MLP Combined (HE=0, CC=0.1, UP=0.1, PR=(0,10), MC=0.1, RWS=1, RR=0.5)",own_year,2020,2020,False,1281509,297,0.899013414439018,0.4859652960046661,0.4859652960046661,f1_score,0.4859652960046661,0.39181100428581184,0.5539949505237912,0.47941247197083414,0.04225400322283819,2000,percentile,0.05
"mlp_combined_HE=0_CC=0.1_UP=0.1_PR=(0,10)_MC=0.1_RWS=1_RR=0.5","MLP Combined (HE=0, CC=0.1, UP=0.1, PR=(0,10), MC=0.1, RWS=1, RR=0.5)",own_year,2020,2020,False,1281509,297,0.899013414439018,0.4859652960046661,0.4859652960046661,pr_auc,0.4568946286740745,0.3420276485177962,0.5554574509294512,0.44945352443268144,0.05527106021435715,2000,percentile,0.05
"mlp_combined_HE=0_CC=0.1_UP=0.2_PR=(0.1,10)_RR=0.5","MLP Combined (HE=0, CC=0.1, UP=0.2, PR=(0.1,10), RR=0.5)",own_year,2020,2020,False,1281509,297,0.8883313518755642,0.48370184636425806,0.48370184636425806,f1_score,0.48370184636425806,0.38730948928464276,0.5522204612622699,0.47715115277562803,0.04267685123500972,2000,percentile,0.05
"mlp_combined_HE=0_CC=0.1_UP=0.2_PR=(0.1,10)_RR=0.5","MLP Combined (HE=0, CC=0.1, UP=0.2, PR=(0.1,10), RR=0.5)",own_year,2020,2020,False,1281509,297,0.8883313518755642,0.48370184636425806,0.48370184636425806,pr_auc,0.4525629779445004,0.3373708421442442,0.5496672958525445,0.44534272746247916,0.05480372160689528,2000,percentile,0.05
"mlp_combined_HE=0_CC=0.2_UP=0.1_PR=(0.2,10)_RR=0.5","MLP Combined (HE=0, CC=0.2, UP=0.1, PR=(0.2,10), RR=0.5)",own_year,2020,2020,False,1281509,297,0.9029021804156102,0.496675791943684,0.496675791943684,f1_score,0.496675791943684,0.39804517182861177,0.5699532570947113,0.48975764747458406,0.04429557653926938,2000,percentile,0.05
"mlp_combined_HE=0_CC=0.2_UP=0.1_PR=(0.2,10)_RR=0.5","MLP Combined (HE=0, CC=0.2, UP=0.1, PR=(0.2,10), RR=0.5)",own_year,2020,2020,False,1281509,297,0.9029021804156102,0.496675791943684,0.496675791943684,pr_auc,0.4622415331561909,0.3511865897296485,0.561751084277318,0.4557777131589508,0.054823185524341664,2000,percentile,0.05
"mlp_combined_HE=0_CC=0.2_UP=0.2_PR=(0.1,10)_RR=0.5","MLP Combined (HE=0, CC=0.2, UP=0.2, PR=(0.1,10), RR=0.5)",own_year,2020,2020,False,1281509,297,0.8935733948796984,0.4913581573621335,0.4913581573621335,f1_score,0.4913581573621335,0.38979103646680485,0.565295677761082,0.4843146835954549,0.045170162034349266,2000,percentile,0.05
"mlp_combined_HE=0_CC=0.2_UP=0.2_PR=(0.1,10)_RR=0.5","MLP Combined (HE=0, CC=0.2, UP=0.2, PR=(0.1,10), RR=0.5)",own_year,2020,2020,False,1281509,297,0.8935733948796984,0.4913581573621335,0.4913581573621335,pr_auc,0.45927046361051954,0.34332264819888864,0.5608347632110554,0.45130179072497734,0.057147351734046045,2000,percentile,0.05
mlp_prevyears_monthly_features_incremental_scaler,MLP Prevyears + Monthly (Incremental Scaler),own_year,2020,2020,True,1281509,297,0.9460952365387653,0.48656481448352357,0.48656481448352357,f1_score,0.48656481448352357,0.38732783268141274,0.560862813661477,0.47976207060963527,0.04499007184697623,2000,percentile,0.05
mlp_prevyears_monthly_features_incremental_scaler,MLP Prevyears + Monthly (Incremental Scaler),own_year,2020,2020,True,1281509,297,0.9460952365387653,0.48656481448352357,0.48656481448352357,pr_auc,0.4548145690866518,0.3361156350419259,0.5582427816223573,0.4467246540399415,0.05853245789376606,2000,percentile,0.05
mlp_prevyears_monthly_features_incremental_scaler_experience_replay_RR_0.2,MLP Prevyears + Monthly (Incremental Scaler + Replay RR=0.2),own_year,2020,2020,False,1281509,297,0.9352356530464144,0.4906683910833288,0.4906683910833288,f1_score,0.4906683910833288,0.3915069521194032,0.560511130079876,0.4840651383332783,0.04369592897656554,2000,percentile,0.05
mlp_prevyears_monthly_features_incremental_scaler_experience_replay_RR_0.2,MLP Prevyears + Monthly (Incremental Scaler + Replay RR=0.2),own_year,2020,2020,False,1281509,297,0.9352356530464144,0.4906683910833288,0.4906683910833288,pr_auc,0.4579504531456945,0.34432621861472834,0.5563891869208804,0.4504732011177344,0.055381287168488745,2000,percentile,0.05
mlp_prevyears_monthly_features_incremental_scaler_experience_replay_RR_0.2_PR_0.10,"MLP Prevyears + Monthly (Incremental Scaler + Replay RR=0.2, PR=0.10)",own_year,2020,2020,False,1281509,297,0.9468745467159637,0.49278141621738974,0.49278141621738974,f1_score,0.49278141621738974,0.39388486589994365,0.562218080805607,0.4861067617795618,0.04344078698052316,2000,percentile,0.05
mlp_prevyears_monthly_features_incremental_scaler_experience_replay_RR_0.2_PR_0.10,"MLP Prevyears + Monthly (Incremental Scaler + Replay RR=0.2, PR=0.10)",own_year,2020,2020,False,1281509,297,0.9468745467159637,0.49278141621738974,0.49278141621738974,pr_auc,0.45713399843253666,0.3484416090406278,0.5547968231001025,0.45106859303476443,0.05308021025627722,2000,percentile,0.05
mlp_prevyears_monthly_features_incremental_scaler_experience_replay_RR_0.2_PR_0.15,"MLP Prevyears + Monthly (Incremental Scaler + Replay RR=0.2, PR=0.15)",own_year,2020,2020,False,1281509,297,0.959167202656249,0.4852356667090147,0.4852356667090147,f1_score,0.4852356667090147,0.38423741179380655,0.5580600339430389,0.478384315912774,0.0449145725161387,2000,percentile,0.05
mlp_prevyears_monthly_features_incremental_scaler_experience_replay_RR_0.2_PR_0.15,"MLP Prevyears + Monthly (Incremental Scaler + Replay RR=0.2, PR=0.15)",own_year,2020,2020,False,1281509,297,0.959167202656249,0.4852356667090147,0.4852356667090147,pr_auc,0.45519122526839767,0.3405771139641979,0.5562189138686061,0.44771042008124734,0.056513340258881696,2000,percentile,0.05
mlp_prevyears_monthly_features_incremental_scaler_experience_replay_RR_0.3,MLP Prevyears + Monthly (Incremental Scaler + Replay RR=0.3),own_year,2020,2020,False,1281509,297,0.9400005750936418,0.4865773631975704,0.4865773631975704,f1_score,0.4865773631975704,0.3945583395921426,0.5517676328410118,0.48046480193191726,0.04100969597765331,2000,percentile,0.05
mlp_prevyears_monthly_features_incremental_scaler_experience_replay_RR_0.3,MLP Prevyears + Monthly (Incremental Scaler + Replay RR=0.3),own_year,2020,2020,False,1281509,297,0.9400005750936418,0.4865773631975704,0.4865773631975704,pr_auc,0.4567432356933994,0.344563811445485,0.5488475937981095,0.44964659424533215,0.05279687158011998,2000,percentile,0.05
mlp_prevyears_monthly_features_incremental_scaler_experience_replay_RR_0.3_PR_0.10,"MLP Prevyears + Monthly (Incremental Scaler + Replay RR=0.3, PR=0.10)",own_year,2020,2020,False,1281509,297,0.9303167249158834,0.4840238385869175,0.4840238385869175,f1_score,0.4840238385869175,0.3868381760641447,0.5522365502877906,0.47753708522948635,0.042984519421462,2000,percentile,0.05
mlp_prevyears_monthly_features_incremental_scaler_experience_replay_RR_0.3_PR_0.10,"MLP Prevyears + Monthly (Incremental Scaler + Replay RR=0.3, PR=0.10)",own_year,2020,2020,False,1281509,297,0.9303167249158834,0.4840238385869175,0.4840238385869175,pr_auc,0.4460640562876572,0.3399051806399907,0.5419818725033604,0.4401370901957407,0.05230489408294266,2000,percentile,0.05
mlp_prevyears_monthly_features_incremental_scaler_experience_replay_RR_0.3_PR_0.15,"MLP Prevyears + Monthly (Incremental Scaler + Replay RR=0.3, PR=0.15)",own_year,2020,2020,False,1281509,297,0.9359203735651087,0.48485070929144264,0.48485070929144264,f1_score,0.48485070929144264,0.3910834093981643,0.551273822645716,0.47863048968417937,0.04154764785169806,2000,percentile,0.05
mlp_prevyears_monthly_features_incremental_scaler_experience_replay_RR_0.3_PR_0.15,"MLP Prevyears + Monthly (Incremental Scaler + Replay RR=0.3, PR=0.15)",own_year,2020,2020,False,1281509,297,0.9359203735651087,0.48485070929144264,0.48485070929144264,pr_auc,0.45284806657848564,0.3448708012048158,0.5458490851518899,0.44593731592765185,0.052123322577050005,2000,percentile,0.05
mlp_prevyears_monthly_features_incremental_scaler_experience_replay_RR_0.4,MLP Prevyears + Monthly (Incremental Scaler + Replay RR=0.4),own_year,2020,2020,False,1281509,297,0.9326214149312744,0.49906443071491613,0.49906443071491613,f1_score,0.49906443071491613,0.4006383169182277,0.5727944369209482,0.4922663540521272,0.043923109986020795,2000,percentile,0.05
mlp_prevyears_monthly_features_incremental_scaler_experience_replay_RR_0.4,MLP Prevyears + Monthly (Incremental Scaler + Replay RR=0.4),own_year,2020,2020,False,1281509,297,0.9326214149312744,0.49906443071491613,0.49906443071491613,pr_auc,0.46491128763908335,0.34927389877132553,0.566512157017393,0.4567360018888121,0.05714447693090133,2000,percentile,0.05
mlp_prevyears_monthly_features_incremental_scaler_experience_replay_RR_0.4_PR_0.10,"MLP Prevyears + Monthly (Incremental Scaler + Replay RR=0.4, PR=0.10)",own_year,2020,2020,False,1281509,297,0.9469302406870983,0.4900939985538684,0.4900939985538684,f1_score,0.4900939985538684,0.39353262532765926,0.558686595604591,0.4835752348164095,0.04310263188641015,2000,percentile,0.05
mlp_prevyears_monthly_features_incremental_scaler_experience_replay_RR_0.4_PR_0.10,"MLP Prevyears + Monthly (Incremental Scaler + Replay RR=0.4, PR=0.10)",own_year,2020,2020,False,1281509,297,0.9469302406870983,0.4900939985538684,0.4900939985538684,pr_auc,0.4594018721937365,0.3519704653666753,0.55703047382923,0.4533485364749449,0.05358678305985155,2000,percentile,0.05
mlp_prevyears_monthly_features_incremental_scaler_experience_replay_RR_0.4_PR_0.15,"MLP Prevyears + Monthly (Incremental Scaler + Replay RR=0.4, PR=0.15)",own_year,2020,2020,False,1281509,297,0.9345112415506343,0.4910149956624117,0.4910149956624117,f1_score,0.4910149956624117,0.3951241295023664,0.5615249375568818,0.48451003115007335,0.04306973142578162,2000,percentile,0.05
mlp_prevyears_monthly_features_incremental_scaler_experience_replay_RR_0.4_PR_0.15,"MLP Prevyears + Monthly (Incremental Scaler + Replay RR=0.4, PR=0.15)",own_year,2020,2020,False,1281509,297,0.9345112415506343,0.4910149956624117,0.4910149956624117,pr_auc,0.4494148041308344,0.3352683120768464,0.5492143649330354,0.44209649837163706,0.0555318772115411,2000,percentile,0.05
mlp_prevyears_monthly_features_incremental_scaler_experience_replay_RR_0.5,MLP Prevyears + Monthly (Incremental Scaler + Replay RR=0.5),own_year,2020,2020,False,1281509,297,0.9203260056762691,0.49638998775966364,0.49638998775966364,f1_score,0.49638998775966364,0.39559237893669374,0.5692719046551711,0.4893466006021133,0.04497604588502595,2000,percentile,0.05
mlp_prevyears_monthly_features_incremental_scaler_experience_replay_RR_0.5,MLP Prevyears + Monthly (Incremental Scaler + Replay RR=0.5),own_year,2020,2020,False,1281509,297,0.9203260056762691,0.49638998775966364,0.49638998775966364,pr_auc,0.46286755937355,0.3471283962667482,0.5646221900968399,0.4551922543820499,0.056689299603781204,2000,percentile,0.05
mlp_prevyears_monthly_features_incremental_scaler_experience_replay_RR_0.5_PR_0.10,"MLP Prevyears + Monthly (Incremental Scaler + Replay RR=0.5, PR=0.10)",own_year,2020,2020,False,1281509,297,0.9118981084964608,0.49870545100696795,0.49870545100696795,f1_score,0.49870545100696795,0.404784561642841,0.5702390396751035,0.49213413620841423,0.0426945392214092,2000,percentile,0.05
mlp_prevyears_monthly_features_incremental_scaler_experience_replay_RR_0.5_PR_0.10,"MLP Prevyears + Monthly (Incremental Scaler + Replay RR=0.5, PR=0.10)",own_year,2020,2020,False,1281509,297,0.9118981084964608,0.49870545100696795,0.49870545100696795,pr_auc,0.46047632881425204,0.35025650671624536,0.5596305057526753,0.45399135606810276,0.054225325431961825,2000,percentile,0.05
mlp_prevyears_monthly_features_incremental_scaler_experience_replay_RR_0.5_PR_0.15,"MLP Prevyears + Monthly (Incremental Scaler + Replay RR=0.5, PR=0.15)",own_year,2020,2020,False,1281509,297,0.9422944803156974,0.49425917735515257,0.49425917735515257,f1_score,0.49425917735515257,0.3928340960214621,0.5668943242693678,0.487294708186232,0.04490802143479967,2000,percentile,0.05
mlp_prevyears_monthly_features_incremental_scaler_experience_replay_RR_0.5_PR_0.15,"MLP Prevyears + Monthly (Incremental Scaler + Replay RR=0.5, PR=0.15)",own_year,2020,2020,False,1281509,297,0.9422944803156974,0.49425917735515257,0.49425917735515257,pr_auc,0.45486274194670945,0.34227367947715615,0.558203260116421,0.44885415418902885,0.055622085627510275,2000,percentile,0.05
mlp_prevyears_monthly_features_incremental_scaler_experience_replay_confidently_correct_memory_RR_0.2,MLP Prevyears + Monthly (Incremental Scaler + Replay Confidently Correct RR=0.2),own_year,2020,2020,False,1281509,297,0.9296490555626591,0.49206607094503113,0.49206607094503113,f1_score,0.49206607094503113,0.39152635203712316,0.5645305579268469,0.48525892568700196,0.044821601513128424,2000,percentile,0.05
mlp_prevyears_monthly_features_incremental_scaler_experience_replay_confidently_correct_memory_RR_0.2,MLP Prevyears + Monthly (Incremental Scaler + Replay Confidently Correct RR=0.2),own_year,2020,2020,False,1281509,297,0.9296490555626591,0.49206607094503113,0.49206607094503113,pr_auc,0.4595910119714479,0.35003285981113597,0.5592205727550292,0.45317550541660173,0.054473732745884136,2000,percentile,0.05
mlp_prevyears_monthly_features_incremental_scaler_experience_replay_confidently_correct_memory_RR_0.3,MLP Prevyears + Monthly (Incremental Scaler + Replay Confidently Correct RR=0.3),own_year,2020,2020,False,1281509,297,0.9486031710324537,0.4853240337111305,0.4853240337111305,f1_score,0.4853240337111305,0.38597406652222443,0.5565729619391061,0.47875062608210917,0.04408511036081335,2000,percentile,0.05
mlp_prevyears_monthly_features_incremental_scaler_experience_replay_confidently_correct_memory_RR_0.3,MLP Prevyears + Monthly (Incremental Scaler + Replay Confidently Correct RR=0.3),own_year,2020,2020,False,1281509,297,0.9486031710324537,0.4853240337111305,0.4853240337111305,pr_auc,0.4551392767747167,0.3440893438988731,0.5527539648075995,0.4480337104530918,0.05453834026595621,2000,percentile,0.05
mlp_prevyears_monthly_features_incremental_scaler_experience_replay_confidently_correct_memory_RR_0.4,MLP Prevyears + Monthly (Incremental Scaler + Replay Confidently Correct RR=0.4),own_year,2020,2020,False,1281509,297,0.9241868589833812,0.48503553729211124,0.48503553729211124,f1_score,0.48503553729211124,0.39567694988211805,0.5497375085559656,0.4792473669065556,0.04018581871281982,2000,percentile,0.05
mlp_prevyears_monthly_features_incremental_scaler_experience_replay_confidently_correct_memory_RR_0.4,MLP Prevyears + Monthly (Incremental Scaler + Replay Confidently Correct RR=0.4),own_year,2020,2020,False,1281509,297,0.9241868589833812,0.48503553729211124,0.48503553729211124,pr_auc,0.45765571144954287,0.348667944804073,0.5481000726377747,0.45069645122671637,0.0515045049167666,2000,percentile,0.05
mlp_prevyears_monthly_features_incremental_scaler_experience_replay_confidently_correct_memory_RR_0.5,MLP Prevyears + Monthly (Incremental Scaler + Replay Confidently Correct RR=0.5),own_year,2020,2020,False,1281509,297,0.9278284361049852,0.49110370487929605,0.49110370487929605,f1_score,0.49110370487929605,0.3965426127018172,0.5602836919630084,0.48469176420058413,0.04228061934819621,2000,percentile,0.05
mlp_prevyears_monthly_features_incremental_scaler_experience_replay_confidently_correct_memory_RR_0.5,MLP Prevyears + Monthly (Incremental Scaler + Replay Confidently Correct RR=0.5),own_year,2020,2020,False,1281509,297,0.9278284361049852,0.49110370487929605,0.49110370487929605,pr_auc,0.45678620303178136,0.3484780919224498,0.5521602270746029,0.45007266863610135,0.052823259336488786,2000,percentile,0.05
mlp_prevyears_monthly_features_incremental_scaler_experience_replay_hard_example_mining_RR_0.2,MLP Prevyears + Monthly (Incremental Scaler + Replay Hard Example Mining RR=0.2),own_year,2020,2020,False,1281509,297,0.9173952164320806,0.4843107552477819,0.4843107552477819,f1_score,0.4843107552477819,0.3818614162306276,0.5575909017104564,0.4772877284686979,0.04557967078438048,2000,percentile,0.05
mlp_prevyears_monthly_features_incremental_scaler_experience_replay_hard_example_mining_RR_0.2,MLP Prevyears + Monthly (Incremental Scaler + Replay Hard Example Mining RR=0.2),own_year,2020,2020,False,1281509,297,0.9173952164320806,0.4843107552477819,0.4843107552477819,pr_auc,0.44561614764913754,0.33135318598258423,0.548029569003786,0.4380908844264779,0.056735164747833564,2000,percentile,0.05
mlp_prevyears_monthly_features_incremental_scaler_experience_replay_hard_example_mining_RR_0.3,MLP Prevyears + Monthly (Incremental Scaler + Replay Hard Example Mining RR=0.3),own_year,2020,2020,False,1281509,297,0.9202836851724026,0.48972833306039265,0.48972833306039265,f1_score,0.48972833306039265,0.3867048260602353,0.5631144883816208,0.48255899711393846,0.045090547179021195,2000,percentile,0.05
mlp_prevyears_monthly_features_incremental_scaler_experience_replay_hard_example_mining_RR_0.3,MLP Prevyears + Monthly (Incremental Scaler + Replay Hard Example Mining RR=0.3),own_year,2020,2020,False,1281509,297,0.9202836851724026,0.48972833306039265,0.48972833306039265,pr_auc,0.4502055880042329,0.33624865904170675,0.5510051552888441,0.4435028176640699,0.055597625942869315,2000,percentile,0.05
mlp_prevyears_monthly_features_incremental_scaler_experience_replay_hard_example_mining_RR_0.4,MLP Prevyears + Monthly (Incremental Scaler + Replay Hard Example Mining RR=0.4),own_year,2020,2020,False,1281509,297,0.9247583770107952,0.4972999338048288,0.4972999338048288,f1_score,0.4972999338048288,0.3950564195453937,0.5740941017291246,0.4899801440255404,0.045805439407525066,2000,percentile,0.05
mlp_prevyears_monthly_features_incremental_scaler_experience_replay_hard_example_mining_RR_0.4,MLP Prevyears + Monthly (Incremental Scaler + Replay Hard Example Mining RR=0.4),own_year,2020,2020,False,1281509,297,0.9247583770107952,0.4972999338048288,0.4972999338048288,pr_auc,0.46227224669386524,0.34260259955777334,0.5665939946635669,0.4539221143868854,0.05904485466724147,2000,percentile,0.05
mlp_prevyears_monthly_features_incremental_scaler_experience_replay_hard_example_mining_RR_0.5,MLP Prevyears + Monthly (Incremental Scaler + Replay Hard Example Mining RR=0.5),own_year,2020,2020,False,1281509,297,0.9152687279436201,0.4944374475230898,0.4944374475230898,f1_score,0.4944374475230898,0.3973997376077138,0.567960905937089,0.487762747641253,0.04383905610361007,2000,percentile,0.05
mlp_prevyears_monthly_features_incremental_scaler_experience_replay_hard_example_mining_RR_0.5,MLP Prevyears + Monthly (Incremental Scaler + Replay Hard Example Mining RR=0.5),own_year,2020,2020,False,1281509,297,0.9152687279436201,0.4944374475230898,0.4944374475230898,pr_auc,0.4635459630590778,0.3467906229085563,0.5638226618164702,0.4559506751614952,0.05621347588051091,2000,percentile,0.05
mlp_prevyears_monthly_features_incremental_scaler_experience_replay_uncertainity_prioritization_RR_0.2,MLP Prevyears + Monthly (Incremental Scaler + Replay Uncertainty Prioritization RR=0.2),own_year,2020,2020,False,1281509,297,0.9252548430255269,0.4937860391819777,0.4937860391819777,f1_score,0.4937860391819777,0.39092639181044303,0.5695594295863371,0.4866238959423149,0.04610636375238531,2000,percentile,0.05
mlp_prevyears_monthly_features_incremental_scaler_experience_replay_uncertainity_prioritization_RR_0.2,MLP Prevyears + Monthly (Incremental Scaler + Replay Uncertainty Prioritization RR=0.2),own_year,2020,2020,False,1281509,297,0.9252548430255269,0.4937860391819777,0.4937860391819777,pr_auc,0.45861721082781454,0.34219452434703845,0.5622038329717705,0.4507243901365059,0.05802720797013212,2000,percentile,0.05
mlp_prevyears_monthly_features_incremental_scaler_experience_replay_uncertainity_prioritization_RR_0.3,MLP Prevyears + Monthly (Incremental Scaler + Replay Uncertainty Prioritization RR=0.3),own_year,2020,2020,False,1281509,297,0.9529319215231862,0.49339608873321655,0.49339608873321655,f1_score,0.49339608873321655,0.39424712489372377,0.5628953958972012,0.48658175381322655,0.04358953100943973,2000,percentile,0.05
mlp_prevyears_monthly_features_incremental_scaler_experience_replay_uncertainity_prioritization_RR_0.3,MLP Prevyears + Monthly (Incremental Scaler + Replay Uncertainty Prioritization RR=0.3),own_year,2020,2020,False,1281509,297,0.9529319215231862,0.49339608873321655,0.49339608873321655,pr_auc,0.4560140408749903,0.3474371164617996,0.5537353367186316,0.4495739745982983,0.054012520621944775,2000,percentile,0.05
mlp_prevyears_monthly_features_incremental_scaler_experience_replay_uncertainity_prioritization_RR_0.4,MLP Prevyears + Monthly (Incremental Scaler + Replay Uncertainty Prioritization RR=0.4),own_year,2020,2020,False,1281509,297,0.9367059127482142,0.501026476001699,0.501026476001699,f1_score,0.501026476001699,0.40193632028346116,0.5744142758489091,0.49428759525551286,0.04406865385916918,2000,percentile,0.05
mlp_prevyears_monthly_features_incremental_scaler_experience_replay_uncertainity_prioritization_RR_0.4,MLP Prevyears + Monthly (Incremental Scaler + Replay Uncertainty Prioritization RR=0.4),own_year,2020,2020,False,1281509,297,0.9367059127482142,0.501026476001699,0.501026476001699,pr_auc,0.46643398543332426,0.35185060055723016,0.5671875010946167,0.4584766529323251,0.05666295501802003,2000,percentile,0.05
mlp_prevyears_monthly_features_incremental_scaler_experience_replay_uncertainity_prioritization_RR_0.5,MLP Prevyears + Monthly (Incremental Scaler + Replay Uncertainty Prioritization RR=0.5),own_year,2020,2020,False,1281509,297,0.9379724787505704,0.48705322261188744,0.48705322261188744,f1_score,0.48705322261188744,0.39154778963545506,0.5547542045222359,0.48070070981754215,0.04219032072081064,2000,percentile,0.05
mlp_prevyears_monthly_features_incremental_scaler_experience_replay_uncertainity_prioritization_RR_0.5,MLP Prevyears + Monthly (Incremental Scaler + Replay Uncertainty Prioritization RR=0.5),own_year,2020,2020,False,1281509,297,0.9379724787505704,0.48705322261188744,0.48705322261188744,pr_auc,0.4464476545255892,0.3396966714379417,0.543648004417848,0.44067017618873694,0.05299663719194296,2000,percentile,0.05
mlp_prevyears_monthly_features_incremental_scaler_missclassification_buffer_RR_0.3,MLP Prevyears + Monthly (Incremental Scaler + Misclassification Buffer RR=0.3),own_year,2020,2020,False,1281509,297,0.9313201748060075,0.48478661148888846,0.48478661148888846,f1_score,0.48478661148888846,0.38222474230492387,0.561112223649971,0.4777322805227274,0.046499006342564334,2000,percentile,0.05
mlp_prevyears_monthly_features_incremental_scaler_missclassification_buffer_RR_0.3,MLP Prevyears + Monthly (Incremental Scaler + Misclassification Buffer RR=0.3),own_year,2020,2020,False,1281509,297,0.9313201748060075,0.48478661148888846,0.48478661148888846,pr_auc,0.46335017748753515,0.3412047383086886,0.5651811098025226,0.4545816783213453,0.058788828480881905,2000,percentile,0.05
"mlp_combined_HE=0.1_CC=0.1_UP=0.1_PR=(0.2,10)_RR=0.5","MLP Combined (HE=0.1, CC=0.1, UP=0.1, PR=(0.2,10), RR=0.5)",own_year,2021,2021,False,1281346,297,0.8761769711044464,0.4598762886597938,0.4598762886597938,f1_score,0.4598762886597938,0.3838112101264466,0.5200721278841256,0.45725216710415784,0.03446815540030627,2000,percentile,0.05
"mlp_combined_HE=0.1_CC=0.1_UP=0.1_PR=(0.2,10)_RR=0.5","MLP Combined (HE=0.1, CC=0.1, UP=0.1, PR=(0.2,10), RR=0.5)",own_year,2021,2021,False,1281346,297,0.8761769711044464,0.4598762886597938,0.4598762886597938,pr_auc,0.43181544617765233,0.3516244524768656,0.4996777071555906,0.4302437071933879,0.03748011397987446,2000,percentile,0.05
"mlp_combined_HE=0_CC=0.15_UP=0_PR=(0,10)_MC=0.1_RWS=1_RR=0.4","MLP Combined (HE=0, CC=0.15, UP=0, PR=(0,10), MC=0.1, RWS=1, RR=0.4)",own_year,2021,2021,False,1281346,297,0.9331921888747716,0.4595730741933723,0.4595730741933723,f1_score,0.4595730741933723,0.3887969302322396,0.5148859231570281,0.4564451930362259,0.03181203956428507,2000,percentile,0.05
"mlp_combined_HE=0_CC=0.15_UP=0_PR=(0,10)_MC=0.1_RWS=1_RR=0.4","MLP Combined (HE=0, CC=0.15, UP=0, PR=(0,10), MC=0.1, RWS=1, RR=0.4)",own_year,2021,2021,False,1281346,297,0.9331921888747716,0.4595730741933723,0.4595730741933723,pr_auc,0.4410121382885084,0.36563894115743556,0.504039011955638,0.4387750285595164,0.034826738244892845,2000,percentile,0.05
"mlp_combined_HE=0_CC=0.1_UP=0.1_PR=(0,10)_MC=0.1_RWS=1_RR=0.5","MLP Combined (HE=0, CC=0.1, UP=0.1, PR=(0,10), MC=0.1, RWS=1, RR=0.5)",own_year,2021,2021,False,1281346,297,0.9257088356338017,0.4641455293576243,0.4641455293576243,f1_score,0.4641455293576243,0.39172915680226184,0.5200344881782093,0.46152892851553823,0.032356155001926415,2000,percentile,0.05
"mlp_combined_HE=0_CC=0.1_UP=0.1_PR=(0,10)_MC=0.1_RWS=1_RR=0.5","MLP Combined (HE=0, CC=0.1, UP=0.1, PR=(0,10), MC=0.1, RWS=1, RR=0.5)",own_year,2021,2021,False,1281346,297,0.9257088356338017,0.4641455293576243,0.4641455293576243,pr_auc,0.44567630868577995,0.36997339454416706,0.5096613176306397,0.443865894005838,0.03540567780405359,2000,percentile,0.05
"mlp_combined_HE=0_CC=0.1_UP=0.2_PR=(0.1,10)_RR=0.5","MLP Combined (HE=0, CC=0.1, UP=0.2, PR=(0.1,10), RR=0.5)",own_year,2021,2021,False,1281346,297,0.9251728481621612,0.44660946581787986,0.44660946581787986,f1_score,0.44660946581787986,0.36499938004765653,0.510560415619096,0.443797504762724,0.03695774580965117,2000,percentile,0.05
"mlp_combined_HE=0_CC=0.1_UP=0.2_PR=(0.1,10)_RR=0.5","MLP Combined (HE=0, CC=0.1, UP=0.2, PR=(0.1,10), RR=0.5)",own_year,2021,2021,False,1281346,297,0.9251728481621612,0.44660946581787986,0.44660946581787986,pr_auc,0.4261175670279474,0.3497315930740767,0.4921900901160408,0.4244426978907925,0.03600380289258909,2000,percentile,0.05
"mlp_combined_HE=0_CC=0.2_UP=0.1_PR=(0.2,10)_RR=0.5","MLP Combined (HE=0, CC=0.2, UP=0.1, PR=(0.2,10), RR=0.5)",own_year,2021,2021,False,1281346,297,0.9238456392997344,0.47028369168999945,0.47028369168999945,f1_score,0.47028369168999945,0.4025636650176798,0.5219003729382953,0.4674630431437543,0.030333896683112583,2000,percentile,0.05
"mlp_combined_HE=0_CC=0.2_UP=0.1_PR=(0.2,10)_RR=0.5","MLP Combined (HE=0, CC=0.2, UP=0.1, PR=(0.2,10), RR=0.5)",own_year,2021,2021,False,1281346,297,0.9238456392997344,0.47028369168999945,0.47028369168999945,pr_auc,0.4470775596807339,0.37327385966155874,0.5092614357610261,0.4450330538777514,0.03476107168138598,2000,percentile,0.05
"mlp_combined_HE=0_CC=0.2_UP=0.2_PR=(0.1,10)_RR=0.5","MLP Combined (HE=0, CC=0.2, UP=0.2, PR=(0.1,10), RR=0.5)",own_year,2021,2021,False,1281346,297,0.9487291766391536,0.4632160034980324,0.4632160034980324,f1_score,0.4632160034980324,0.38948586257619827,0.5207211627255395,0.4604450643362824,0.03338016842256347,2000,percentile,0.05
"mlp_combined_HE=0_CC=0.2_UP=0.2_PR=(0.1,10)_RR=0.5","MLP Combined (HE=0, CC=0.2, UP=0.2, PR=(0.1,10), RR=0.5)",own_year,2021,2021,False,1281346,297,0.9487291766391536,0.4632160034980324,0.4632160034980324,pr_auc,0.43456299623597555,0.35453585778050395,0.4995154627234715,0.43288748564848567,0.03668234477370365,2000,percentile,0.05
mlp_prevyears_monthly_features_incremental_scaler,MLP Prevyears + Monthly (Incremental Scaler),own_year,2021,2021,True,1281346,297,0.9175288391514824,0.46958254667505767,0.46958254667505767,f1_score,0.46958254667505767,0.40086986335321667,0.5237137126848647,0.46666170786219,0.03127279687574759,2000,percentile,0.05
mlp_prevyears_monthly_features_incremental_scaler,MLP Prevyears + Monthly (Incremental Scaler),own_year,2021,2021,True,1281346,297,0.9175288391514824,0.46958254667505767,0.46958254667505767,pr_auc,0.4395936408650665,0.3662791015945982,0.5025337565879907,0.4376927166830077,0.034505423387466864,2000,percentile,0.05
mlp_prevyears_monthly_features_incremental_scaler_experience_replay_RR_0.2,MLP Prevyears + Monthly (Incremental Scaler + Replay RR=0.2),own_year,2021,2021,False,1281346,297,0.92670856081663,0.4677229893758647,0.4677229893758647,f1_score,0.4677229893758647,0.3991085946458297,0.51988716619148,0.46463350012456944,0.030497436148518076,2000,percentile,0.05
mlp_prevyears_monthly_features_incremental_scaler_experience_replay_RR_0.2,MLP Prevyears + Monthly (Incremental Scaler + Replay RR=0.2),own_year,2021,2021,False,1281346,297,0.92670856081663,0.4677229893758647,0.4677229893758647,pr_auc,0.43797271041659663,0.3669346441871715,0.49752757550051074,0.4360372229323012,0.03286748036845896,2000,percentile,0.05
mlp_prevyears_monthly_features_incremental_scaler_experience_replay_RR_0.2_PR_0.10,"MLP Prevyears + Monthly (Incremental Scaler + Replay RR=0.2, PR=0.10)",own_year,2021,2021,False,1281346,297,0.9434513714047986,0.4756573541495481,0.4756573541495481,f1_score,0.4756573541495481,0.4052275831180314,0.5287408971484733,0.47278976579968984,0.03100474023608852,2000,percentile,0.05
mlp_prevyears_monthly_features_incremental_scaler_experience_replay_RR_0.2_PR_0.10,"MLP Prevyears + Monthly (Incremental Scaler + Replay RR=0.2, PR=0.10)",own_year,2021,2021,False,1281346,297,0.9434513714047986,0.4756573541495481,0.4756573541495481,pr_auc,0.443754989681545,0.37369220422699984,0.503637363714926,0.4421119417198221,0.03288738773763856,2000,percentile,0.05
mlp_prevyears_monthly_features_incremental_scaler_experience_replay_RR_0.2_PR_0.15,"MLP Prevyears + Monthly (Incremental Scaler + Replay RR=0.2, PR=0.15)",own_year,2021,2021,False,1281346,297,0.9498186972484621,0.4760598306381407,0.4760598306381407,f1_score,0.4760598306381407,0.40447418506969823,0.5287110600644443,0.47285466683791083,0.03159685842129317,2000,percentile,0.05
mlp_prevyears_monthly_features_incremental_scaler_experience_replay_RR_0.2_PR_0.15,"MLP Prevyears + Monthly (Incremental Scaler + Replay RR=0.2, PR=0.15)",own_year,2021,2021,False,1281346,297,0.9498186972484621,0.4760598306381407,0.4760598306381407,pr_auc,0.43936732522581556,0.3674875395949875,0.49955055571151114,0.43704847330931773,0.03364477145978005,2000,percentile,0.05
mlp_prevyears_monthly_features_incremental_scaler_experience_replay_RR_0.3,MLP Prevyears + Monthly (Incremental Scaler + Replay RR=0.3),own_year,2021,2021,False,1281346,297,0.9434518833308743,0.4761259735861835,0.4761259735861835,f1_score,0.4761259735861835,0.411540755737714,0.5272183975925792,0.47356521463939827,0.029072071196002604,2000,percentile,0.05
mlp_prevyears_monthly_features_incremental_scaler_experience_replay_RR_0.3,MLP Prevyears + Monthly (Incremental Scaler + Replay RR=0.3),own_year,2021,2021,False,1281346,297,0.9434518833308743,0.4761259735861835,0.4761259735861835,pr_auc,0.44577786951559006,0.3747602036237525,0.5072896843995428,0.4439651525080042,0.03342199805317745,2000,percentile,0.05
mlp_prevyears_monthly_features_incremental_scaler_experience_replay_RR_0.3_PR_0.10,"MLP Prevyears + Monthly (Incremental Scaler + Replay RR=0.3, PR=0.10)",own_year,2021,2021,False,1281346,297,0.9438510531738351,0.4773901464713715,0.4773901464713715,f1_score,0.4773901464713715,0.41088047204673245,0.5266825738710774,0.4743605624428007,0.02906695596311173,2000,percentile,0.05
mlp_prevyears_monthly_features_incremental_scaler_experience_replay_RR_0.3_PR_0.10,"MLP Prevyears + Monthly (Incremental Scaler + Replay RR=0.3, PR=0.10)",own_year,2021,2021,False,1281346,297,0.9438510531738351,0.4773901464713715,0.4773901464713715,pr_auc,0.45233007775765804,0.38167516324045553,0.511888436904553,0.45012957324950187,0.032908733571426214,2000,percentile,0.05
mlp_prevyears_monthly_features_incremental_scaler_experience_replay_RR_0.3_PR_0.15,"MLP Prevyears + Monthly (Incremental Scaler + Replay RR=0.3, PR=0.15)",own_year,2021,2021,False,1281346,297,0.9587825760657906,0.4766006923341173,0.4766006923341173,f1_score,0.4766006923341173,0.41130383891403194,0.526982414600321,0.4737039868153823,0.029220588414920957,2000,percentile,0.05
mlp_prevyears_monthly_features_incremental_scaler_experience_replay_RR_0.3_PR_0.15,"MLP Prevyears + Monthly (Incremental Scaler + Replay RR=0.3, PR=0.15)",own_year,2021,2021,False,1281346,297,0.9587825760657906,0.4766006923341173,0.4766006923341173,pr_auc,0.44834254113400673,0.3775060947418581,0.5074214026283806,0.44627534391627227,0.03253069483163772,2000,percentile,0.05
mlp_prevyears_monthly_features_incremental_scaler_experience_replay_RR_0.4,MLP Prevyears + Monthly (Incremental Scaler + Replay RR=0.4),own_year,2021,2021,False,1281346,297,0.9447227246358143,0.470737175260451,0.470737175260451,f1_score,0.470737175260451,0.4042718050063454,0.5245827178306164,0.4682021897926412,0.03058473405875842,2000,percentile,0.05
mlp_prevyears_monthly_features_incremental_scaler_experience_replay_RR_0.4,MLP Prevyears + Monthly (Incremental Scaler + Replay RR=0.4),own_year,2021,2021,False,1281346,297,0.9447227246358143,0.470737175260451,0.470737175260451,pr_auc,0.44364427124051575,0.36943648023071224,0.5071732667029667,0.4417638928482902,0.03499622198871381,2000,percentile,0.05
mlp_prevyears_monthly_features_incremental_scaler_experience_replay_RR_0.4_PR_0.10,"MLP Prevyears + Monthly (Incremental Scaler + Replay RR=0.4, PR=0.10)",own_year,2021,2021,False,1281346,297,0.949629098366521,0.4604463004045413,0.4604463004045413,f1_score,0.4604463004045413,0.3906654459874427,0.5161890847787144,0.4577981586343979,0.03214992369467595,2000,percentile,0.05
mlp_prevyears_monthly_features_incremental_scaler_experience_replay_RR_0.4_PR_0.10,"MLP Prevyears + Monthly (Incremental Scaler + Replay RR=0.4, PR=0.10)",own_year,2021,2021,False,1281346,297,0.949629098366521,0.4604463004045413,0.4604463004045413,pr_auc,0.4349155293082321,0.3632930073907254,0.49694895560072766,0.4333494951266989,0.03377430285491696,2000,percentile,0.05
mlp_prevyears_monthly_features_incremental_scaler_experience_replay_RR_0.4_PR_0.15,"MLP Prevyears + Monthly (Incremental Scaler + Replay RR=0.4, PR=0.15)",own_year,2021,2021,False,1281346,297,0.9583770610358148,0.4681568069926019,0.4681568069926019,f1_score,0.4681568069926019,0.39577746431273125,0.522360533244723,0.4653388031025449,0.03167072280176853,2000,percentile,0.05
mlp_prevyears_monthly_features_incremental_scaler_experience_replay_RR_0.4_PR_0.15,"MLP Prevyears + Monthly (Incremental Scaler + Replay RR=0.4, PR=0.15)",own_year,2021,2021,False,1281346,297,0.9583770610358148,0.4681568069926019,0.4681568069926019,pr_auc,0.43651599853048084,0.36427904913030723,0.49799583434087097,0.4346905360645609,0.034243607591485835,2000,percentile,0.05
mlp_prevyears_monthly_features_incremental_scaler_experience_replay_RR_0.5,MLP Prevyears + Monthly (Incremental Scaler + Replay RR=0.5),own_year,2021,2021,False,1281346,297,0.9375416378656767,0.4762589558562954,0.4762589558562954,f1_score,0.4762589558562954,0.4095037638329225,0.5273200610839014,0.4734578734035062,0.029521736207805727,2000,percentile,0.05
mlp_prevyears_monthly_features_incremental_scaler_experience_replay_RR_0.5,MLP Prevyears + Monthly (Incremental Scaler + Replay RR=0.5),own_year,2021,2021,False,1281346,297,0.9375416378656767,0.4762589558562954,0.4762589558562954,pr_auc,0.44642481643062326,0.3700515677330457,0.508809588724222,0.4441413085751623,0.03512940748971072,2000,percentile,0.05
mlp_prevyears_monthly_features_incremental_scaler_experience_replay_RR_0.5_PR_0.10,"MLP Prevyears + Monthly (Incremental Scaler + Replay RR=0.5, PR=0.10)",own_year,2021,2021,False,1281346,297,0.9620043499337708,0.46384451544195954,0.46384451544195954,f1_score,0.46384451544195954,0.39299943020457156,0.5176052623487228,0.4610975768751701,0.031352084344601835,2000,percentile,0.05
mlp_prevyears_monthly_features_incremental_scaler_experience_replay_RR_0.5_PR_0.10,"MLP Prevyears + Monthly (Incremental Scaler + Replay RR=0.5, PR=0.10)",own_year,2021,2021,False,1281346,297,0.9620043499337708,0.46384451544195954,0.46384451544195954,pr_auc,0.44430354159545477,0.37215449306185094,0.504056370420453,0.4423343013402826,0.033556381969873005,2000,percentile,0.05
mlp_prevyears_monthly_features_incremental_scaler_experience_replay_RR_0.5_PR_0.15,"MLP Prevyears + Monthly (Incremental Scaler + Replay RR=0.5, PR=0.15)",own_year,2021,2021,False,1281346,297,0.9526011302980621,0.4740215748605972,0.4740215748605972,f1_score,0.4740215748605972,0.40875152087214456,0.5246442764101765,0.4713089589004895,0.029502794148218374,2000,percentile,0.05
mlp_prevyears_monthly_features_incremental_scaler_experience_replay_RR_0.5_PR_0.15,"MLP Prevyears + Monthly (Incremental Scaler + Replay RR=0.5, PR=0.15)",own_year,2021,2021,False,1281346,297,0.9526011302980621,0.4740215748605972,0.4740215748605972,pr_auc,0.4413367674490066,0.3717297034774399,0.5001129906229468,0.43962241885695563,0.032538760119318326,2000,percentile,0.05
mlp_prevyears_monthly_features_incremental_scaler_experience_replay_confidently_correct_memory_RR_0.2,MLP Prevyears + Monthly (Incremental Scaler + Replay Confidently Correct RR=0.2),own_year,2021,2021,False,1281346,297,0.9603258477662937,0.4649332695273037,0.4649332695273037,f1_score,0.4649332695273037,0.39267793396648476,0.5194294816027514,0.4620455311466402,0.03199998928544978,2000,percentile,0.05
mlp_prevyears_monthly_features_incremental_scaler_experience_replay_confidently_correct_memory_RR_0.2,MLP Prevyears + Monthly (Incremental Scaler + Replay Confidently Correct RR=0.2),own_year,2021,2021,False,1281346,297,0.9603258477662937,0.4649332695273037,0.4649332695273037,pr_auc,0.4380591697918004,0.3655250592979689,0.4989458060263831,0.43630095249486883,0.03386532327494504,2000,percentile,0.05
mlp_prevyears_monthly_features_incremental_scaler_experience_replay_confidently_correct_memory_RR_0.3,MLP Prevyears + Monthly (Incremental Scaler + Replay Confidently Correct RR=0.3),own_year,2021,2021,False,1281346,297,0.9407432261916685,0.4694882146112775,0.4694882146112775,f1_score,0.4694882146112775,0.3987793439089152,0.5237892962039921,0.46652025446574386,0.031547154051084235,2000,percentile,0.05
mlp_prevyears_monthly_features_incremental_scaler_experience_replay_confidently_correct_memory_RR_0.3,MLP Prevyears + Monthly (Incremental Scaler + Replay Confidently Correct RR=0.3),own_year,2021,2021,False,1281346,297,0.9407432261916685,0.4694882146112775,0.4694882146112775,pr_auc,0.4418663238348185,0.3691799070773783,0.5025457148943361,0.4398161414291758,0.034020986416888076,2000,percentile,0.05
mlp_prevyears_monthly_features_incremental_scaler_experience_replay_confidently_correct_memory_RR_0.4,MLP Prevyears + Monthly (Incremental Scaler + Replay Confidently Correct RR=0.4),own_year,2021,2021,False,1281346,297,0.9544071704261958,0.4728041113400986,0.4728041113400986,f1_score,0.4728041113400986,0.4087424803778436,0.5256157475968496,0.47028725530918236,0.029330137609853448,2000,percentile,0.05
mlp_prevyears_monthly_features_incremental_scaler_experience_replay_confidently_correct_memory_RR_0.4,MLP Prevyears + Monthly (Incremental Scaler + Replay Confidently Correct RR=0.4),own_year,2021,2021,False,1281346,297,0.9544071704261958,0.4728041113400986,0.4728041113400986,pr_auc,0.43746989440107464,0.36419739531913986,0.5010667826066011,0.4358230357775835,0.034541802196592614,2000,percentile,0.05
mlp_prevyears_monthly_features_incremental_scaler_experience_replay_confidently_correct_memory_RR_0.5,MLP Prevyears + Monthly (Incremental Scaler + Replay Confidently Correct RR=0.5),own_year,2021,2021,False,1281346,297,0.9513189771889552,0.48076823523321427,0.48076823523321427,f1_score,0.48076823523321427,0.41670338317723626,0.5298361513119533,0.4778563289153243,0.028434121976058362,2000,percentile,0.05
mlp_prevyears_monthly_features_incremental_scaler_experience_replay_confidently_correct_memory_RR_0.5,MLP Prevyears + Monthly (Incremental Scaler + Replay Confidently Correct RR=0.5),own_year,2021,2021,False,1281346,297,0.9513189771889552,0.48076823523321427,0.48076823523321427,pr_auc,0.45346375668413647,0.3808322088969152,0.5131902732861214,0.45139639689097866,0.0335410043698384,2000,percentile,0.05
mlp_prevyears_monthly_features_incremental_scaler_experience_replay_hard_example_mining_RR_0.2,MLP Prevyears + Monthly (Incremental Scaler + Replay Hard Example Mining RR=0.2),own_year,2021,2021,False,1281346,297,0.9092903219469568,0.45745559686080134,0.45745559686080134,f1_score,0.45745559686080134,0.38106698293674435,0.5153129256351971,0.45449819199124397,0.03404594223308759,2000,percentile,0.05
mlp_prevyears_monthly_features_incremental_scaler_experience_replay_hard_example_mining_RR_0.2,MLP Prevyears + Monthly (Incremental Scaler + Replay Hard Example Mining RR=0.2),own_year,2021,2021,False,1281346,297,0.9092903219469568,0.45745559686080134,0.45745559686080134,pr_auc,0.42166286715428525,0.34475706843661413,0.4855157022408988,0.42018803112408587,0.036231454721069915,2000,percentile,0.05
mlp_prevyears_monthly_features_incremental_scaler_experience_replay_hard_example_mining_RR_0.3,MLP Prevyears + Monthly (Incremental Scaler + Replay Hard Example Mining RR=0.3),own_year,2021,2021,False,1281346,297,0.930665132212484,0.4525411163888965,0.4525411163888965,f1_score,0.4525411163888965,0.3758831340777612,0.5105987146450579,0.4494596903735866,0.0345625491336768,2000,percentile,0.05
mlp_prevyears_monthly_features_incremental_scaler_experience_replay_hard_example_mining_RR_0.3,MLP Prevyears + Monthly (Incremental Scaler + Replay Hard Example Mining RR=0.3),own_year,2021,2021,False,1281346,297,0.930665132212484,0.4525411163888965,0.4525411163888965,pr_auc,0.43194666451919184,0.3542928054954416,0.4962443728573072,0.42973705676285123,0.035782343151012246,2000,percentile,0.05
mlp_prevyears_monthly_features_incremental_scaler_experience_replay_hard_example_mining_RR_0.4,MLP Prevyears + Monthly (Incremental Scaler + Replay Hard Example Mining RR=0.4),own_year,2021,2021,False,1281346,297,0.9252054027668108,0.4574093209336831,0.4574093209336831,f1_score,0.4574093209336831,0.3786686743313138,0.5187241159785749,0.45460230934214324,0.03529888222068108,2000,percentile,0.05
mlp_prevyears_monthly_features_incremental_scaler_experience_replay_hard_example_mining_RR_0.4,MLP Prevyears + Monthly (Incremental Scaler + Replay Hard Example Mining RR=0.4),own_year,2021,2021,False,1281346,297,0.9252054027668108,0.4574093209336831,0.4574093209336831,pr_auc,0.42517936864538874,0.3403851663816279,0.49693598059633454,0.42340163210325366,0.03941225264966557,2000,percentile,0.05
mlp_prevyears_monthly_features_incremental_scaler_experience_replay_hard_example_mining_RR_0.5,MLP Prevyears + Monthly (Incremental Scaler + Replay Hard Example Mining RR=0.5),own_year,2021,2021,False,1281346,297,0.9254935092043354,0.4688578173234066,0.4688578173234066,f1_score,0.4688578173234066,0.39936175530031515,0.5202157476103177,0.4658878431521284,0.030444366793885402,2000,percentile,0.05
mlp_prevyears_monthly_features_incremental_scaler_experience_replay_hard_example_mining_RR_0.5,MLP Prevyears + Monthly (Incremental Scaler + Replay Hard Example Mining RR=0.5),own_year,2021,2021,False,1281346,297,0.9254935092043354,0.4688578173234066,0.4688578173234066,pr_auc,0.4261967288105413,0.3503291439377881,0.4881728255317807,0.42429344931169,0.03562731889797285,2000,percentile,0.05
mlp_prevyears_monthly_features_incremental_scaler_experience_replay_uncertainity_prioritization_RR_0.2,MLP Prevyears + Monthly (Incremental Scaler + Replay Uncertainty Prioritization RR=0.2),own_year,2021,2021,False,1281346,297,0.9371032410917672,0.49006993006993005,0.49006993006993005,f1_score,0.49006993006993005,0.42794113448850746,0.537308969019562,0.4874046912843579,0.02762152498955815,2000,percentile,0.05
mlp_prevyears_monthly_features_incremental_scaler_experience_replay_uncertainity_prioritization_RR_0.2,MLP Prevyears + Monthly (Incremental Scaler + Replay Uncertainty Prioritization RR=0.2),own_year,2021,2021,False,1281346,297,0.9371032410917672,0.49006993006993005,0.49006993006993005,pr_auc,0.45459015965069594,0.38397878328333584,0.5137939321853068,0.4525428693916083,0.032746133386535564,2000,percentile,0.05
mlp_prevyears_monthly_features_incremental_scaler_experience_replay_uncertainity_prioritization_RR_0.3,MLP Prevyears + Monthly (Incremental Scaler + Replay Uncertainty Prioritization RR=0.3),own_year,2021,2021,False,1281346,297,0.946970984245379,0.4773447401774398,0.4773447401774398,f1_score,0.4773447401774398,0.408012964254165,0.5297825666396571,0.4747370607276466,0.03063988330796117,2000,percentile,0.05
mlp_prevyears_monthly_features_incremental_scaler_experience_replay_uncertainity_prioritization_RR_0.3,MLP Prevyears + Monthly (Incremental Scaler + Replay Uncertainty Prioritization RR=0.3),own_year,2021,2021,False,1281346,297,0.946970984245379,0.4773447401774398,0.4773447401774398,pr_auc,0.45049386974318645,0.37811913089532095,0.5119182613797659,0.4486130999643017,0.03343024924097297,2000,percentile,0.05
mlp_prevyears_monthly_features_incremental_scaler_experience_replay_uncertainity_prioritization_RR_0.4,MLP Prevyears + Monthly (Incremental Scaler + Replay Uncertainty Prioritization RR=0.4),own_year,2021,2021,False,1281346,297,0.9466763634229517,0.4777086308916548,0.4777086308916548,f1_score,0.4777086308916548,0.41041356822087915,0.5290687843107741,0.47511390651448154,0.02993990470473795,2000,percentile,0.05
mlp_prevyears_monthly_features_incremental_scaler_experience_replay_uncertainity_prioritization_RR_0.4,MLP Prevyears + Monthly (Incremental Scaler + Replay Uncertainty Prioritization RR=0.4),own_year,2021,2021,False,1281346,297,0.9466763634229517,0.4777086308916548,0.4777086308916548,pr_auc,0.43961886674507844,0.36024116551687396,0.5019770123147967,0.43779782450523136,0.03624068003481896,2000,percentile,0.05
mlp_prevyears_monthly_features_incremental_scaler_experience_replay_uncertainity_prioritization_RR_0.5,MLP Prevyears + Monthly (Incremental Scaler + Replay Uncertainty Prioritization RR=0.5),own_year,2021,2021,False,1281346,297,0.9407887750034106,0.48531124627928046,0.48531124627928046,f1_score,0.48531124627928046,0.42691576345275806,0.5309216311011493,0.48274716498207887,0.026646673342514852,2000,percentile,0.05
mlp_prevyears_monthly_features_incremental_scaler_experience_replay_uncertainity_prioritization_RR_0.5,MLP Prevyears + Monthly (Incremental Scaler + Replay Uncertainty Prioritization RR=0.5),own_year,2021,2021,False,1281346,297,0.9407887750034106,0.48531124627928046,0.48531124627928046,pr_auc,0.4521610486586661,0.38395419239926365,0.5112466266896545,0.45023012870432333,0.03217245613012638,2000,percentile,0.05
mlp_prevyears_monthly_features_incremental_scaler_missclassification_buffer_RR_0.3,MLP Prevyears + Monthly (Incremental Scaler + Misclassification Buffer RR=0.3),own_year,2021,2021,False,1281346,297,0.9203063197948591,0.4621081081081081,0.4621081081081081,f1_score,0.4621081081081081,0.3915376793615446,0.5164330920425664,0.4593908148412167,0.03167852216800241,2000,percentile,0.05
mlp_prevyears_monthly_features_incremental_scaler_missclassification_buffer_RR_0.3,MLP Prevyears + Monthly (Incremental Scaler + Misclassification Buffer RR=0.3),own_year,2021,2021,False,1281346,297,0.9203063197948591,0.4621081081081081,0.4621081081081081,pr_auc,0.4320110302570544,0.3576585468514812,0.4931527352218286,0.43027150284526805,0.034329125280147206,2000,percentile,0.05
"mlp_combined_HE=0.1_CC=0.1_UP=0.1_PR=(0.2,10)_RR=0.5","MLP Combined (HE=0.1, CC=0.1, UP=0.1, PR=(0.2,10), RR=0.5)",own_year,2022,2022,False,1282431,297,0.8117805015738833,0.453724551465883,0.453724551465883,f1_score,0.453724551465883,0.32738692427855126,0.5733067709315006,0.44376042440687363,0.06652237375504037,2000,percentile,0.05
"mlp_combined_HE=0.1_CC=0.1_UP=0.1_PR=(0.2,10)_RR=0.5","MLP Combined (HE=0.1, CC=0.1, UP=0.1, PR=(0.2,10), RR=0.5)",own_year,2022,2022,False,1282431,297,0.8117805015738833,0.453724551465883,0.453724551465883,pr_auc,0.43925914268474614,0.30218623365952396,0.5719307605761563,0.4303276194164498,0.07292557578496571,2000,percentile,0.05
"mlp_combined_HE=0_CC=0.15_UP=0_PR=(0,10)_MC=0.1_RWS=1_RR=0.4","MLP Combined (HE=0, CC=0.15, UP=0, PR=(0,10), MC=0.1, RWS=1, RR=0.4)",own_year,2022,2022,False,1282431,297,0.8273101512811031,0.46509420101490717,0.46509420101490717,f1_score,0.46509420101490717,0.3400217763318676,0.5860827855227031,0.45603755235566995,0.06700137182967088,2000,percentile,0.05
"mlp_combined_HE=0_CC=0.15_UP=0_PR=(0,10)_MC=0.1_RWS=1_RR=0.4","MLP Combined (HE=0, CC=0.15, UP=0, PR=(0,10), MC=0.1, RWS=1, RR=0.4)",own_year,2022,2022,False,1282431,297,0.8273101512811031,0.46509420101490717,0.46509420101490717,pr_auc,0.45084658516683995,0.31994265979304753,0.5789672952227307,0.4435510401165833,0.06942048340535761,2000,percentile,0.05
"mlp_combined_HE=0_CC=0.1_UP=0.1_PR=(0,10)_MC=0.1_RWS=1_RR=0.5","MLP Combined (HE=0, CC=0.1, UP=0.1, PR=(0,10), MC=0.1, RWS=1, RR=0.5)",own_year,2022,2022,False,1282431,297,0.8499906288659069,0.4872978081048575,0.4872978081048575,f1_score,0.4872978081048575,0.3447345832084113,0.6166282815739081,0.47489555316047155,0.0759060577010066,2000,percentile,0.05
"mlp_combined_HE=0_CC=0.1_UP=0.1_PR=(0,10)_MC=0.1_RWS=1_RR=0.5","MLP Combined (HE=0, CC=0.1, UP=0.1, PR=(0,10), MC=0.1, RWS=1, RR=0.5)",own_year,2022,2022,False,1282431,297,0.8499906288659069,0.4872978081048575,0.4872978081048575,pr_auc,0.467721226117804,0.3163758920706689,0.6090079367148146,0.4561154008191721,0.08068734660086034,2000,percentile,0.05
"mlp_combined_HE=0_CC=0.1_UP=0.2_PR=(0.1,10)_RR=0.5","MLP Combined (HE=0, CC=0.1, UP=0.2, PR=(0.1,10), RR=0.5)",own_year,2022,2022,False,1282431,297,0.8312063317007002,0.479656877345565,0.479656877345565,f1_score,0.479656877345565,0.3424342659724174,0.6114524636053609,0.46860317951499997,0.0747693522399695,2000,percentile,0.05
"mlp_combined_HE=0_CC=0.1_UP=0.2_PR=(0.1,10)_RR=0.5","MLP Combined (HE=0, CC=0.1, UP=0.2, PR=(0.1,10), RR=0.5)",own_year,2022,2022,False,1282431,297,0.8312063317007002,0.479656877345565,0.479656877345565,pr_auc,0.47138426457551175,0.31918741702598935,0.6195738102277029,0.46054659356679944,0.0816496983736768,2000,percentile,0.05
"mlp_combined_HE=0_CC=0.2_UP=0.1_PR=(0.2,10)_RR=0.5","MLP Combined (HE=0, CC=0.2, UP=0.1, PR=(0.2,10), RR=0.5)",own_year,2022,2022,False,1282431,297,0.8230294410532468,0.4601195972387108,0.4601195972387108,f1_score,0.4601195972387108,0.3285950073993546,0.585825821326766,0.45073294640866185,0.07036490415755274,2000,percentile,0.05
"mlp_combined_HE=0_CC=0.2_UP=0.1_PR=(0.2,10)_RR=0.5","MLP Combined (HE=0, CC=0.2, UP=0.1, PR=(0.2,10), RR=0.5)",own_year,2022,2022,False,1282431,297,0.8230294410532468,0.4601195972387108,0.4601195972387108,pr_auc,0.45675819121284394,0.31688256308597745,0.5903950599879003,0.44809665282745015,0.07373657221663472,2000,percentile,0.05
"mlp_combined_HE=0_CC=0.2_UP=0.2_PR=(0.1,10)_RR=0.5","MLP Combined (HE=0, CC=0.2, UP=0.2, PR=(0.1,10), RR=0.5)",own_year,2022,2022,False,1282431,297,0.8356157325237004,0.488956775600202,0.488956775600202,f1_score,0.488956775600202,0.3463952239336508,0.6187253885842673,0.4762525844406008,0.07593740937357747,2000,percentile,0.05
"mlp_combined_HE=0_CC=0.2_UP=0.2_PR=(0.1,10)_RR=0.5","MLP Combined (HE=0, CC=0.2, UP=0.2, PR=(0.1,10), RR=0.5)",own_year,2022,2022,False,1282431,297,0.8356157325237004,0.488956775600202,0.488956775600202,pr_auc,0.47753692372738776,0.3203738145024459,0.6183177325236037,0.4648437181414254,0.08266496223857402,2000,percentile,0.05
mlp_prevyears_monthly_features_incremental_scaler,MLP Prevyears + Monthly (Incremental Scaler),own_year,2022,2022,True,1282431,297,0.9035039502051037,0.4726893276081272,0.4726893276081272,f1_score,0.4726893276081272,0.3465847439283788,0.5835061113792074,0.46308464783285447,0.0642123569199167,2000,percentile,0.05
mlp_prevyears_monthly_features_incremental_scaler,MLP Prevyears + Monthly (Incremental Scaler),own_year,2022,2022,True,1282431,297,0.9035039502051037,0.4726893276081272,0.4726893276081272,pr_auc,0.45468697714911044,0.31771537137638856,0.5808471715554865,0.4467785307124859,0.06966095280591598,2000,percentile,0.05
mlp_prevyears_monthly_features_incremental_scaler_experience_replay_RR_0.2,MLP Prevyears + Monthly (Incremental Scaler + Replay RR=0.2),own_year,2022,2022,False,1282431,297,0.8931716179890571,0.4837099598556232,0.4837099598556232,f1_score,0.4837099598556232,0.3486827093326522,0.6060293697301341,0.47269595768518863,0.07047361396565507,2000,percentile,0.05
mlp_prevyears_monthly_features_incremental_scaler_experience_replay_RR_0.2,MLP Prevyears + Monthly (Incremental Scaler + Replay RR=0.2),own_year,2022,2022,False,1282431,297,0.8931716179890571,0.4837099598556232,0.4837099598556232,pr_auc,0.4645399708384377,0.31914950095922706,0.600904131001369,0.45476480196580893,0.07650223941950718,2000,percentile,0.05
mlp_prevyears_monthly_features_incremental_scaler_experience_replay_RR_0.2_PR_0.10,"MLP Prevyears + Monthly (Incremental Scaler + Replay RR=0.2, PR=0.10)",own_year,2022,2022,False,1282431,297,0.883652256065147,0.4924917471270074,0.4924917471270074,f1_score,0.4924917471270074,0.3611561957568346,0.6139172617888897,0.48181435946850887,0.06955105215271194,2000,percentile,0.05
mlp_prevyears_monthly_features_incremental_scaler_experience_replay_RR_0.2_PR_0.10,"MLP Prevyears + Monthly (Incremental Scaler + Replay RR=0.2, PR=0.10)",own_year,2022,2022,False,1282431,297,0.883652256065147,0.4924917471270074,0.4924917471270074,pr_auc,0.46843002816225454,0.3263047514959828,0.6041099019783426,0.45926712548297405,0.07610023695096405,2000,percentile,0.05
mlp_prevyears_monthly_features_incremental_scaler_experience_replay_RR_0.2_PR_0.15,"MLP Prevyears + Monthly (Incremental Scaler + Replay RR=0.2, PR=0.15)",own_year,2022,2022,False,1282431,297,0.8761036146493254,0.47594146148031574,0.47594146148031574,f1_score,0.47594146148031574,0.3458861360932527,0.5924615133384468,0.4660661003087934,0.06673974267121528,2000,percentile,0.05
mlp_prevyears_monthly_features_incremental_scaler_experience_replay_RR_0.2_PR_0.15,"MLP Prevyears + Monthly (Incremental Scaler + Replay RR=0.2, PR=0.15)",own_year,2022,2022,False,1282431,297,0.8761036146493254,0.47594146148031574,0.47594146148031574,pr_auc,0.4544195716457176,0.3147589254772187,0.5879288282892438,0.44629909899910525,0.07328630648628699,2000,percentile,0.05
mlp_prevyears_monthly_features_incremental_scaler_experience_replay_RR_0.3,MLP Prevyears + Monthly (Incremental Scaler + Replay RR=0.3),own_year,2022,2022,False,1282431,297,0.8852617399563433,0.44924887067969327,0.44924887067969327,f1_score,0.44924887067969327,0.33137106576126224,0.5637093079621287,0.44136773909862975,0.06312146444178132,2000,percentile,0.05
mlp_prevyears_monthly_features_incremental_scaler_experience_replay_RR_0.3,MLP Prevyears + Monthly (Incremental Scaler + Replay RR=0.3),own_year,2022,2022,False,1282431,297,0.8852617399563433,0.44924887067969327,0.44924887067969327,pr_auc,0.4499677290974896,0.31575458084601743,0.575785533366251,0.44202696086586785,0.06952662740416528,2000,percentile,0.05
mlp_prevyears_monthly_features_incremental_scaler_experience_replay_RR_0.3_PR_0.10,"MLP Prevyears + Monthly (Incremental Scaler + Replay RR=0.3, PR=0.10)",own_year,2022,2022,False,1282431,297,0.8782471353032385,0.47709257188799414,0.47709257188799414,f1_score,0.47709257188799414,0.35339001654958296,0.5900973786156316,0.46743235590109367,0.06410042113892518,2000,percentile,0.05
mlp_prevyears_monthly_features_incremental_scaler_experience_replay_RR_0.3_PR_0.10,"MLP Prevyears + Monthly (Incremental Scaler + Replay RR=0.3, PR=0.10)",own_year,2022,2022,False,1282431,297,0.8782471353032385,0.47709257188799414,0.47709257188799414,pr_auc,0.4502954292432648,0.3180238961956091,0.5779455549592597,0.44278107270719846,0.06962802415396942,2000,percentile,0.05
mlp_prevyears_monthly_features_incremental_scaler_experience_replay_RR_0.3_PR_0.15,"MLP Prevyears + Monthly (Incremental Scaler + Replay RR=0.3, PR=0.15)",own_year,2022,2022,False,1282431,297,0.8761514273102083,0.480986246994313,0.480986246994313,f1_score,0.480986246994313,0.35802414857148107,0.5900516864027967,0.47102283184566995,0.0635628749231459,2000,percentile,0.05
mlp_prevyears_monthly_features_incremental_scaler_experience_replay_RR_0.3_PR_0.15,"MLP Prevyears + Monthly (Incremental Scaler + Replay RR=0.3, PR=0.15)",own_year,2022,2022,False,1282431,297,0.8761514273102083,0.480986246994313,0.480986246994313,pr_auc,0.4526649100736047,0.3209101941826447,0.5774875370375921,0.4451759758178242,0.06840665396747558,2000,percentile,0.05
mlp_prevyears_monthly_features_incremental_scaler_experience_replay_RR_0.4,MLP Prevyears + Monthly (Incremental Scaler + Replay RR=0.4),own_year,2022,2022,False,1282431,297,0.9238796167940432,0.4797151987169362,0.4797151987169362,f1_score,0.4797151987169362,0.3426510831465383,0.6013209287063266,0.4686722240563379,0.07104928449050008,2000,percentile,0.05
mlp_prevyears_monthly_features_incremental_scaler_experience_replay_RR_0.4,MLP Prevyears + Monthly (Incremental Scaler + Replay RR=0.4),own_year,2022,2022,False,1282431,297,0.9238796167940432,0.4797151987169362,0.4797151987169362,pr_auc,0.46740288606440605,0.31851198842996886,0.6046039495094229,0.4571348683046465,0.07798776297058767,2000,percentile,0.05
mlp_prevyears_monthly_features_incremental_scaler_experience_replay_RR_0.4_PR_0.10,"MLP Prevyears + Monthly (Incremental Scaler + Replay RR=0.4, PR=0.10)",own_year,2022,2022,False,1282431,297,0.8663128561801915,0.4797190120099705,0.4797190120099705,f1_score,0.4797190120099705,0.35081918059287,0.6051292564456634,0.46978190420806143,0.0703049826035922,2000,percentile,0.05
mlp_prevyears_monthly_features_incremental_scaler_experience_replay_RR_0.4_PR_0.10,"MLP Prevyears + Monthly (Incremental Scaler + Replay RR=0.4, PR=0.10)",own_year,2022,2022,False,1282431,297,0.8663128561801915,0.4797190120099705,0.4797190120099705,pr_auc,0.4759159792735474,0.32374907730549024,0.6147889675626779,0.4645988363843649,0.07998810087761979,2000,percentile,0.05
mlp_prevyears_monthly_features_incremental_scaler_experience_replay_RR_0.4_PR_0.15,"MLP Prevyears + Monthly (Incremental Scaler + Replay RR=0.4, PR=0.15)",own_year,2022,2022,False,1282431,297,0.8697742204247577,0.48334564207838376,0.48334564207838376,f1_score,0.48334564207838376,0.3487947008790358,0.6043842908143772,0.47260377810280135,0.06965129231536593,2000,percentile,0.05
mlp_prevyears_monthly_features_incremental_scaler_experience_replay_RR_0.4_PR_0.15,"MLP Prevyears + Monthly (Incremental Scaler + Replay RR=0.4, PR=0.15)",own_year,2022,2022,False,1282431,297,0.8697742204247577,0.48334564207838376,0.48334564207838376,pr_auc,0.46300470024278284,0.3141859045538853,0.5999560612416458,0.45322023281867424,0.0771720307124048,2000,percentile,0.05
mlp_prevyears_monthly_features_incremental_scaler_experience_replay_RR_0.5,MLP Prevyears + Monthly (Incremental Scaler + Replay RR=0.5),own_year,2022,2022,False,1282431,297,0.9295029720219559,0.4596456692913386,0.4596456692913386,f1_score,0.4596456692913386,0.3493041008690659,0.5536123790903921,0.4514538335294361,0.05456799788766158,2000,percentile,0.05
mlp_prevyears_monthly_features_incremental_scaler_experience_replay_RR_0.5,MLP Prevyears + Monthly (Incremental Scaler + Replay RR=0.5),own_year,2022,2022,False,1282431,297,0.9295029720219559,0.4596456692913386,0.4596456692913386,pr_auc,0.4385618234695984,0.3183352671753318,0.552440190892441,0.43246142851206787,0.06160866741859433,2000,percentile,0.05
mlp_prevyears_monthly_features_incremental_scaler_experience_replay_RR_0.5_PR_0.10,"MLP Prevyears + Monthly (Incremental Scaler + Replay RR=0.5, PR=0.10)",own_year,2022,2022,False,1282431,297,0.8970089447853216,0.4779314553035696,0.4779314553035696,f1_score,0.4779314553035696,0.358694657678879,0.5809224773027598,0.46886978592313105,0.059880351734572,2000,percentile,0.05
mlp_prevyears_monthly_features_incremental_scaler_experience_replay_RR_0.5_PR_0.10,"MLP Prevyears + Monthly (Incremental Scaler + Replay RR=0.5, PR=0.10)",own_year,2022,2022,False,1282431,297,0.8970089447853216,0.4779314553035696,0.4779314553035696,pr_auc,0.45262596220939594,0.3227458961661261,0.5739143639148826,0.44551663112695633,0.0665187288424278,2000,percentile,0.05
mlp_prevyears_monthly_features_incremental_scaler_experience_replay_RR_0.5_PR_0.15,"MLP Prevyears + Monthly (Incremental Scaler + Replay RR=0.5, PR=0.15)",own_year,2022,2022,False,1282431,297,0.8702225660695554,0.4842431672315569,0.4842431672315569,f1_score,0.4842431672315569,0.3522987797362258,0.6040609359638882,0.4739374726635914,0.06819809444012605,2000,percentile,0.05
mlp_prevyears_monthly_features_incremental_scaler_experience_replay_RR_0.5_PR_0.15,"MLP Prevyears + Monthly (Incremental Scaler + Replay RR=0.5, PR=0.15)",own_year,2022,2022,False,1282431,297,0.8702225660695554,0.4842431672315569,0.4842431672315569,pr_auc,0.46655481085305506,0.3232305620990548,0.5970448827249951,0.4572885099422524,0.07327785195164536,2000,percentile,0.05
mlp_prevyears_monthly_features_incremental_scaler_experience_replay_confidently_correct_memory_RR_0.2,MLP Prevyears + Monthly (Incremental Scaler + Replay Confidently Correct RR=0.2),own_year,2022,2022,False,1282431,297,0.8590207654319847,0.49262873626710857,0.49262873626710857,f1_score,0.49262873626710857,0.348361494111444,0.6209214746715968,0.48007738529173705,0.0758298253506318,2000,percentile,0.05
mlp_prevyears_monthly_features_incremental_scaler_experience_replay_confidently_correct_memory_RR_0.2,MLP Prevyears + Monthly (Incremental Scaler + Replay Confidently Correct RR=0.2),own_year,2022,2022,False,1282431,297,0.8590207654319847,0.49262873626710857,0.49262873626710857,pr_auc,0.47388056737594103,0.31687028325886263,0.6163029919308631,0.46210854749587316,0.08217361255407961,2000,percentile,0.05
mlp_prevyears_monthly_features_incremental_scaler_experience_replay_confidently_correct_memory_RR_0.3,MLP Prevyears + Monthly (Incremental Scaler + Replay Confidently Correct RR=0.3),own_year,2022,2022,False,1282431,297,0.8930408509897299,0.48658349858179173,0.48658349858179173,f1_score,0.48658349858179173,0.35542471034197765,0.6047200848613593,0.47565524360851685,0.06834149080427737,2000,percentile,0.05
mlp_prevyears_monthly_features_incremental_scaler_experience_replay_confidently_correct_memory_RR_0.3,MLP Prevyears + Monthly (Incremental Scaler + Replay Confidently Correct RR=0.3),own_year,2022,2022,False,1282431,297,0.8930408509897299,0.48658349858179173,0.48658349858179173,pr_auc,0.4591069639856676,0.3198311989812092,0.5908602574293195,0.45063082655323555,0.07273514739833595,2000,percentile,0.05
mlp_prevyears_monthly_features_incremental_scaler_experience_replay_confidently_correct_memory_RR_0.4,MLP Prevyears + Monthly (Incremental Scaler + Replay Confidently Correct RR=0.4),own_year,2022,2022,False,1282431,297,0.8879268176748423,0.47341778225612974,0.47341778225612974,f1_score,0.47341778225612974,0.352626980726435,0.5842882032597794,0.46432175957307587,0.0629389783752955,2000,percentile,0.05
mlp_prevyears_monthly_features_incremental_scaler_experience_replay_confidently_correct_memory_RR_0.4,MLP Prevyears + Monthly (Incremental Scaler + Replay Confidently Correct RR=0.4),own_year,2022,2022,False,1282431,297,0.8879268176748423,0.47341778225612974,0.47341778225612974,pr_auc,0.4562986976014972,0.3205719067769195,0.5862673680743496,0.44798024715903123,0.07161034849383982,2000,percentile,0.05
mlp_prevyears_monthly_features_incremental_scaler_experience_replay_confidently_correct_memory_RR_0.5,MLP Prevyears + Monthly (Incremental Scaler + Replay Confidently Correct RR=0.5),own_year,2022,2022,False,1282431,297,0.8865287505047583,0.48515573623482994,0.48515573623482994,f1_score,0.48515573623482994,0.35154654968278637,0.609875253740849,0.4743573479939503,0.07129593628903914,2000,percentile,0.05
mlp_prevyears_monthly_features_incremental_scaler_experience_replay_confidently_correct_memory_RR_0.5,MLP Prevyears + Monthly (Incremental Scaler + Replay Confidently Correct RR=0.5),own_year,2022,2022,False,1282431,297,0.8865287505047583,0.48515573623482994,0.48515573623482994,pr_auc,0.4611105082902656,0.32051466757899255,0.5949818217171534,0.45211153191974857,0.07477258515047898,2000,percentile,0.05
mlp_prevyears_monthly_features_incremental_scaler_experience_replay_hard_example_mining_RR_0.2,MLP Prevyears + Monthly (Incremental Scaler + Replay Hard Example Mining RR=0.2),own_year,2022,2022,False,1282431,297,0.832391496319498,0.4607607178574176,0.4607607178574176,f1_score,0.4607607178574176,0.32355977759870524,0.5950791786785486,0.449483066451553,0.07664614242333768,2000,percentile,0.05
mlp_prevyears_monthly_features_incremental_scaler_experience_replay_hard_example_mining_RR_0.2,MLP Prevyears + Monthly (Incremental Scaler + Replay Hard Example Mining RR=0.2),own_year,2022,2022,False,1282431,297,0.832391496319498,0.4607607178574176,0.4607607178574176,pr_auc,0.46564808893646115,0.28636644772608427,0.62494253360572,0.4485833850393649,0.09695400360094036,2000,percentile,0.05
mlp_prevyears_monthly_features_incremental_scaler_experience_replay_hard_example_mining_RR_0.3,MLP Prevyears + Monthly (Incremental Scaler + Replay Hard Example Mining RR=0.3),own_year,2022,2022,False,1282431,297,0.8503852797634529,0.448063201962682,0.448063201962682,f1_score,0.448063201962682,0.3186168602549353,0.5724357009154631,0.4380136326434874,0.07057191073155278,2000,percentile,0.05
mlp_prevyears_monthly_features_incremental_scaler_experience_replay_hard_example_mining_RR_0.3,MLP Prevyears + Monthly (Incremental Scaler + Replay Hard Example Mining RR=0.3),own_year,2022,2022,False,1282431,297,0.8503852797634529,0.448063201962682,0.448063201962682,pr_auc,0.42399159745898135,0.2786000025330388,0.5670678026738212,0.4143673307637153,0.07974533197701729,2000,percentile,0.05
mlp_prevyears_monthly_features_incremental_scaler_experience_replay_hard_example_mining_RR_0.4,MLP Prevyears + Monthly (Incremental Scaler + Replay Hard Example Mining RR=0.4),own_year,2022,2022,False,1282431,297,0.8409121193556092,0.46385950637374557,0.46385950637374557,f1_score,0.46385950637374557,0.3276850124438358,0.5919243100020238,0.45280437824329617,0.07251963781220343,2000,percentile,0.05
mlp_prevyears_monthly_features_incremental_scaler_experience_replay_hard_example_mining_RR_0.4,MLP Prevyears + Monthly (Incremental Scaler + Replay Hard Example Mining RR=0.4),own_year,2022,2022,False,1282431,297,0.8409121193556092,0.46385950637374557,0.46385950637374557,pr_auc,0.45327788767596905,0.2952423552759165,0.6004121999986584,0.4409583648944206,0.08467396310918804,2000,percentile,0.05
mlp_prevyears_monthly_features_incremental_scaler_experience_replay_hard_example_mining_RR_0.5,MLP Prevyears + Monthly (Incremental Scaler + Replay Hard Example Mining RR=0.5),own_year,2022,2022,False,1282431,297,0.8594364680446981,0.46199578388877044,0.46199578388877044,f1_score,0.46199578388877044,0.32664269253010536,0.5839087821149122,0.4513771742327954,0.07148816841159066,2000,percentile,0.05
mlp_prevyears_monthly_features_incremental_scaler_experience_replay_hard_example_mining_RR_0.5,MLP Prevyears + Monthly (Incremental Scaler + Replay Hard Example Mining RR=0.5),own_year,2022,2022,False,1282431,297,0.8594364680446981,0.46199578388877044,0.46199578388877044,pr_auc,0.4403239008253397,0.2935737847718434,0.5787593475232526,0.43017437677741976,0.07840312901803692,2000,percentile,0.05
mlp_prevyears_monthly_features_incremental_scaler_experience_replay_uncertainity_prioritization_RR_0.2,MLP Prevyears + Monthly (Incremental Scaler + Replay Uncertainty Prioritization RR=0.2),own_year,2022,2022,False,1282431,297,0.9246191381855988,0.48549729127245395,0.48549729127245395,f1_score,0.48549729127245395,0.36694403797878394,0.5916584572087763,0.4760179443159949,0.06129753245612368,2000,percentile,0.05
mlp_prevyears_monthly_features_incremental_scaler_experience_replay_uncertainity_prioritization_RR_0.2,MLP Prevyears + Monthly (Incremental Scaler + Replay Uncertainty Prioritization RR=0.2),own_year,2022,2022,False,1282431,297,0.9246191381855988,0.48549729127245395,0.48549729127245395,pr_auc,0.4544706912377023,0.3261479021566166,0.5797314136820139,0.44749448027853966,0.06752027408231617,2000,percentile,0.05
mlp_prevyears_monthly_features_incremental_scaler_experience_replay_uncertainity_prioritization_RR_0.3,MLP Prevyears + Monthly (Incremental Scaler + Replay Uncertainty Prioritization RR=0.3),own_year,2022,2022,False,1282431,297,0.9076146067959733,0.4774413260142175,0.4774413260142175,f1_score,0.4774413260142175,0.35153125981202266,0.5959569949050217,0.46767759679320714,0.06684670438788778,2000,percentile,0.05
mlp_prevyears_monthly_features_incremental_scaler_experience_replay_uncertainity_prioritization_RR_0.3,MLP Prevyears + Monthly (Incremental Scaler + Replay Uncertainty Prioritization RR=0.3),own_year,2022,2022,False,1282431,297,0.9076146067959733,0.4774413260142175,0.4774413260142175,pr_auc,0.4623918469852936,0.321111552867435,0.5951433897461474,0.45308152285055886,0.07435473240582684,2000,percentile,0.05
mlp_prevyears_monthly_features_incremental_scaler_experience_replay_uncertainity_prioritization_RR_0.4,MLP Prevyears + Monthly (Incremental Scaler + Replay Uncertainty Prioritization RR=0.4),own_year,2022,2022,False,1282431,297,0.9269381734973817,0.48674396449566654,0.48674396449566654,f1_score,0.48674396449566654,0.348673818242939,0.6164852136125654,0.47489832983797603,0.07489831704139589,2000,percentile,0.05
mlp_prevyears_monthly_features_incremental_scaler_experience_replay_uncertainity_prioritization_RR_0.4,MLP Prevyears + Monthly (Incremental Scaler + Replay Uncertainty Prioritization RR=0.4),own_year,2022,2022,False,1282431,297,0.9269381734973817,0.48674396449566654,0.48674396449566654,pr_auc,0.4777259712813154,0.31621863915052073,0.6238232373999273,0.46472310289857083,0.085764781638858,2000,percentile,0.05
mlp_prevyears_monthly_features_incremental_scaler_experience_replay_uncertainity_prioritization_RR_0.5,MLP Prevyears + Monthly (Incremental Scaler + Replay Uncertainty Prioritization RR=0.5),own_year,2022,2022,False,1282431,297,0.9197217805239604,0.48006913423970593,0.48006913423970593,f1_score,0.48006913423970593,0.34548805654968373,0.6047903603598417,0.46872884381831276,0.07146469199437863,2000,percentile,0.05
mlp_prevyears_monthly_features_incremental_scaler_experience_replay_uncertainity_prioritization_RR_0.5,MLP Prevyears + Monthly (Incremental Scaler + Replay Uncertainty Prioritization RR=0.5),own_year,2022,2022,False,1282431,297,0.9197217805239604,0.48006913423970593,0.48006913423970593,pr_auc,0.46480317821142014,0.3170551001818039,0.6053028095781655,0.45420044953745126,0.07908061114103124,2000,percentile,0.05
mlp_prevyears_monthly_features_incremental_scaler_missclassification_buffer_RR_0.3,MLP Prevyears + Monthly (Incremental Scaler + Misclassification Buffer RR=0.3),own_year,2022,2022,False,1282431,297,0.8906137683028884,0.4914013364779874,0.4914013364779874,f1_score,0.4914013364779874,0.3571273821799641,0.6156199752835572,0.4796811221274668,0.07213772341368851,2000,percentile,0.05
mlp_prevyears_monthly_features_incremental_scaler_missclassification_buffer_RR_0.3,MLP Prevyears + Monthly (Incremental Scaler + Misclassification Buffer RR=0.3),own_year,2022,2022,False,1282431,297,0.8906137683028884,0.4914013364779874,0.4914013364779874,pr_auc,0.4722354096754166,0.32395409518595286,0.6084058484386541,0.46136110863315377,0.07773125397942134,2000,percentile,0.05
