family_id,family_label,baseline_family_id,table_type,model_year,eval_year,metric,strategy_threshold,baseline_threshold,point_estimate,ci_lower,ci_upper,bootstrap_mean,bootstrap_std,n_bootstrap,ci_method,ci_alpha,strategy_point_estimate,baseline_point_estimate,p_value_one_sided,q_value_bh
"mlp_combined_HE=0.1_CC=0.1_UP=0.1_PR=(0.2,10)_RR=0.5","MLP Combined (HE=0.1, CC=0.1, UP=0.1, PR=(0.2,10), RR=0.5)",mlp_prevyears_monthly_features_incremental_scaler,prior_years,2017,2017,f1_score,0.8868572450409312,0.8921930405021389,0.006616792721977127,-0.004957150785703107,0.018998565918699358,0.00672910566163597,0.006058655905785195,2000,percentile,0.05,0.26990527637235134,0.2632884836503742,0.1294352823588206,0.20857021984057478
"mlp_combined_HE=0.1_CC=0.1_UP=0.1_PR=(0.2,10)_RR=0.5","MLP Combined (HE=0.1, CC=0.1, UP=0.1, PR=(0.2,10), RR=0.5)",mlp_prevyears_monthly_features_incremental_scaler,prior_years,2017,2017,pr_auc,0.8868572450409312,0.8921930405021389,0.003816015544939877,-0.0117971136343442,0.02171896529667465,0.004466036499041153,0.00858426953658776,2000,percentile,0.05,0.2075467391825583,0.20373072363761843,0.30684657671164417,0.4340183487431989
"mlp_combined_HE=0_CC=0.15_UP=0_PR=(0,10)_MC=0.1_RWS=1_RR=0.4","MLP Combined (HE=0, CC=0.15, UP=0, PR=(0,10), MC=0.1, RWS=1, RR=0.4)",mlp_prevyears_monthly_features_incremental_scaler,prior_years,2017,2017,f1_score,0.8868572450409312,0.8921930405021389,0.006616792721977127,-0.004957150785703107,0.018998565918699358,0.00672910566163597,0.006058655905785195,2000,percentile,0.05,0.26990527637235134,0.2632884836503742,0.1294352823588206,0.20857021984057478
"mlp_combined_HE=0_CC=0.15_UP=0_PR=(0,10)_MC=0.1_RWS=1_RR=0.4","MLP Combined (HE=0, CC=0.15, UP=0, PR=(0,10), MC=0.1, RWS=1, RR=0.4)",mlp_prevyears_monthly_features_incremental_scaler,prior_years,2017,2017,pr_auc,0.8868572450409312,0.8921930405021389,0.003816015544939877,-0.0117971136343442,0.02171896529667465,0.004466036499041153,0.00858426953658776,2000,percentile,0.05,0.2075467391825583,0.20373072363761843,0.30684657671164417,0.4340183487431989
"mlp_combined_HE=0_CC=0.1_UP=0.1_PR=(0,10)_MC=0.1_RWS=1_RR=0.5","MLP Combined (HE=0, CC=0.1, UP=0.1, PR=(0,10), MC=0.1, RWS=1, RR=0.5)",mlp_prevyears_monthly_features_incremental_scaler,prior_years,2017,2017,f1_score,0.8868572450409312,0.8921930405021389,0.006616792721977127,-0.004957150785703107,0.018998565918699358,0.00672910566163597,0.006058655905785195,2000,percentile,0.05,0.26990527637235134,0.2632884836503742,0.1294352823588206,0.20857021984057478
"mlp_combined_HE=0_CC=0.1_UP=0.1_PR=(0,10)_MC=0.1_RWS=1_RR=0.5","MLP Combined (HE=0, CC=0.1, UP=0.1, PR=(0,10), MC=0.1, RWS=1, RR=0.5)",mlp_prevyears_monthly_features_incremental_scaler,prior_years,2017,2017,pr_auc,0.8868572450409312,0.8921930405021389,0.003816015544939877,-0.0117971136343442,0.02171896529667465,0.004466036499041153,0.00858426953658776,2000,percentile,0.05,0.2075467391825583,0.20373072363761843,0.30684657671164417,0.4340183487431989
"mlp_combined_HE=0_CC=0.1_UP=0.2_PR=(0.1,10)_RR=0.5","MLP Combined (HE=0, CC=0.1, UP=0.2, PR=(0.1,10), RR=0.5)",mlp_prevyears_monthly_features_incremental_scaler,prior_years,2017,2017,f1_score,0.8868572450409312,0.8921930405021389,0.006616792721977127,-0.004957150785703107,0.018998565918699358,0.00672910566163597,0.006058655905785195,2000,percentile,0.05,0.26990527637235134,0.2632884836503742,0.1294352823588206,0.20857021984057478
"mlp_combined_HE=0_CC=0.1_UP=0.2_PR=(0.1,10)_RR=0.5","MLP Combined (HE=0, CC=0.1, UP=0.2, PR=(0.1,10), RR=0.5)",mlp_prevyears_monthly_features_incremental_scaler,prior_years,2017,2017,pr_auc,0.8868572450409312,0.8921930405021389,0.003816015544939877,-0.0117971136343442,0.02171896529667465,0.004466036499041153,0.00858426953658776,2000,percentile,0.05,0.2075467391825583,0.20373072363761843,0.30684657671164417,0.4340183487431989
"mlp_combined_HE=0_CC=0.2_UP=0.1_PR=(0.2,10)_RR=0.5","MLP Combined (HE=0, CC=0.2, UP=0.1, PR=(0.2,10), RR=0.5)",mlp_prevyears_monthly_features_incremental_scaler,prior_years,2017,2017,f1_score,0.8868572450409312,0.8921930405021389,0.006616792721977127,-0.004957150785703107,0.018998565918699358,0.00672910566163597,0.006058655905785195,2000,percentile,0.05,0.26990527637235134,0.2632884836503742,0.1294352823588206,0.20857021984057478
"mlp_combined_HE=0_CC=0.2_UP=0.1_PR=(0.2,10)_RR=0.5","MLP Combined (HE=0, CC=0.2, UP=0.1, PR=(0.2,10), RR=0.5)",mlp_prevyears_monthly_features_incremental_scaler,prior_years,2017,2017,pr_auc,0.8868572450409312,0.8921930405021389,0.003816015544939877,-0.0117971136343442,0.02171896529667465,0.004466036499041153,0.00858426953658776,2000,percentile,0.05,0.2075467391825583,0.20373072363761843,0.30684657671164417,0.4340183487431989
"mlp_combined_HE=0_CC=0.2_UP=0.2_PR=(0.1,10)_RR=0.5","MLP Combined (HE=0, CC=0.2, UP=0.2, PR=(0.1,10), RR=0.5)",mlp_prevyears_monthly_features_incremental_scaler,prior_years,2017,2017,f1_score,0.8868572450409312,0.8921930405021389,0.006616792721977127,-0.004957150785703107,0.018998565918699358,0.00672910566163597,0.006058655905785195,2000,percentile,0.05,0.26990527637235134,0.2632884836503742,0.1294352823588206,0.20857021984057478
"mlp_combined_HE=0_CC=0.2_UP=0.2_PR=(0.1,10)_RR=0.5","MLP Combined (HE=0, CC=0.2, UP=0.2, PR=(0.1,10), RR=0.5)",mlp_prevyears_monthly_features_incremental_scaler,prior_years,2017,2017,pr_auc,0.8868572450409312,0.8921930405021389,0.003816015544939877,-0.0117971136343442,0.02171896529667465,0.004466036499041153,0.00858426953658776,2000,percentile,0.05,0.2075467391825583,0.20373072363761843,0.30684657671164417,0.4340183487431989
mlp_prevyears_monthly_features_incremental_scaler_experience_replay_RR_0.2,MLP Prevyears + Monthly (Incremental Scaler + Replay RR=0.2),mlp_prevyears_monthly_features_incremental_scaler,prior_years,2017,2017,f1_score,0.8700637577508289,0.8921930405021389,0.0043518084372520804,-0.007118213360988772,0.01755429681346995,0.004374635866706085,0.00640523993836048,2000,percentile,0.05,0.2676402920876263,0.2632884836503742,0.26186906546726635,0.38137977990870336
mlp_prevyears_monthly_features_incremental_scaler_experience_replay_RR_0.2,MLP Prevyears + Monthly (Incremental Scaler + Replay RR=0.2),mlp_prevyears_monthly_features_incremental_scaler,prior_years,2017,2017,pr_auc,0.8700637577508289,0.8921930405021389,-0.004319297567965924,-0.018377395466955278,0.011638359909651192,-0.003941772965861527,0.007607175776069351,2000,percentile,0.05,0.1994114260696525,0.20373072363761843,0.7106446776611695,0.8396183033710005
mlp_prevyears_monthly_features_incremental_scaler_experience_replay_RR_0.2_PR_0.10,"MLP Prevyears + Monthly (Incremental Scaler + Replay RR=0.2, PR=0.10)",mlp_prevyears_monthly_features_incremental_scaler,prior_years,2017,2017,f1_score,0.8868572450409312,0.8921930405021389,0.006616792721977127,-0.004957150785703107,0.018998565918699358,0.00672910566163597,0.006058655905785195,2000,percentile,0.05,0.26990527637235134,0.2632884836503742,0.1294352823588206,0.20857021984057478
mlp_prevyears_monthly_features_incremental_scaler_experience_replay_RR_0.2_PR_0.10,"MLP Prevyears + Monthly (Incremental Scaler + Replay RR=0.2, PR=0.10)",mlp_prevyears_monthly_features_incremental_scaler,prior_years,2017,2017,pr_auc,0.8868572450409312,0.8921930405021389,0.003816015544939877,-0.0117971136343442,0.02171896529667465,0.004466036499041153,0.00858426953658776,2000,percentile,0.05,0.2075467391825583,0.20373072363761843,0.30684657671164417,0.4340183487431989
mlp_prevyears_monthly_features_incremental_scaler_experience_replay_RR_0.2_PR_0.15,"MLP Prevyears + Monthly (Incremental Scaler + Replay RR=0.2, PR=0.15)",mlp_prevyears_monthly_features_incremental_scaler,prior_years,2017,2017,f1_score,0.8654755072470515,0.8921930405021389,-0.007750022111912669,-0.021411143127946303,0.006700484321006335,-0.0077589769768301375,0.007179986596517015,2000,percentile,0.05,0.25553846153846155,0.2632884836503742,0.8630684657671165,0.9816798917614364
mlp_prevyears_monthly_features_incremental_scaler_experience_replay_RR_0.2_PR_0.15,"MLP Prevyears + Monthly (Incremental Scaler + Replay RR=0.2, PR=0.15)",mlp_prevyears_monthly_features_incremental_scaler,prior_years,2017,2017,pr_auc,0.8654755072470515,0.8921930405021389,-0.01067037306958446,-0.025837325749118657,0.0029157043987027725,-0.011048237732557005,0.007237220783370062,2000,percentile,0.05,0.19306035056803397,0.20373072363761843,0.9445277361319341,1.0
mlp_prevyears_monthly_features_incremental_scaler_experience_replay_RR_0.3,MLP Prevyears + Monthly (Incremental Scaler + Replay RR=0.3),mlp_prevyears_monthly_features_incremental_scaler,prior_years,2017,2017,f1_score,0.8700637577508289,0.8921930405021389,0.0043518084372520804,-0.007118213360988772,0.01755429681346995,0.004374635866706085,0.00640523993836048,2000,percentile,0.05,0.2676402920876263,0.2632884836503742,0.26186906546726635,0.38137977990870336
mlp_prevyears_monthly_features_incremental_scaler_experience_replay_RR_0.3,MLP Prevyears + Monthly (Incremental Scaler + Replay RR=0.3),mlp_prevyears_monthly_features_incremental_scaler,prior_years,2017,2017,pr_auc,0.8700637577508289,0.8921930405021389,-0.004319297567965924,-0.018377395466955278,0.011638359909651192,-0.003941772965861527,0.007607175776069351,2000,percentile,0.05,0.1994114260696525,0.20373072363761843,0.7106446776611695,0.8396183033710005
mlp_prevyears_monthly_features_incremental_scaler_experience_replay_RR_0.3_PR_0.10,"MLP Prevyears + Monthly (Incremental Scaler + Replay RR=0.3, PR=0.10)",mlp_prevyears_monthly_features_incremental_scaler,prior_years,2017,2017,f1_score,0.8868572450409312,0.8921930405021389,0.006616792721977127,-0.004957150785703107,0.018998565918699358,0.00672910566163597,0.006058655905785195,2000,percentile,0.05,0.26990527637235134,0.2632884836503742,0.1294352823588206,0.20857021984057478
mlp_prevyears_monthly_features_incremental_scaler_experience_replay_RR_0.3_PR_0.10,"MLP Prevyears + Monthly (Incremental Scaler + Replay RR=0.3, PR=0.10)",mlp_prevyears_monthly_features_incremental_scaler,prior_years,2017,2017,pr_auc,0.8868572450409312,0.8921930405021389,0.003816015544939877,-0.0117971136343442,0.02171896529667465,0.004466036499041153,0.00858426953658776,2000,percentile,0.05,0.2075467391825583,0.20373072363761843,0.30684657671164417,0.4340183487431989
mlp_prevyears_monthly_features_incremental_scaler_experience_replay_RR_0.3_PR_0.15,"MLP Prevyears + Monthly (Incremental Scaler + Replay RR=0.3, PR=0.15)",mlp_prevyears_monthly_features_incremental_scaler,prior_years,2017,2017,f1_score,0.912307946207955,0.8921930405021389,0.003720821470550917,-0.00627572184854395,0.014241443906498006,0.0036646806522767123,0.005290779142297099,2000,percentile,0.05,0.26700930512092513,0.2632884836503742,0.25337331334332835,0.37831657565712556
mlp_prevyears_monthly_features_incremental_scaler_experience_replay_RR_0.3_PR_0.15,"MLP Prevyears + Monthly (Incremental Scaler + Replay RR=0.3, PR=0.15)",mlp_prevyears_monthly_features_incremental_scaler,prior_years,2017,2017,pr_auc,0.912307946207955,0.8921930405021389,-0.0023415329015296082,-0.013890616439213065,0.011721743923296479,-0.0019489354849277884,0.006424522575332731,2000,percentile,0.05,0.20138919073608882,0.20373072363761843,0.6341829085457271,0.7834024164388393
mlp_prevyears_monthly_features_incremental_scaler_experience_replay_RR_0.4,MLP Prevyears + Monthly (Incremental Scaler + Replay RR=0.4),mlp_prevyears_monthly_features_incremental_scaler,prior_years,2017,2017,f1_score,0.8700637577508289,0.8921930405021389,0.0043518084372520804,-0.007118213360988772,0.01755429681346995,0.004374635866706085,0.00640523993836048,2000,percentile,0.05,0.2676402920876263,0.2632884836503742,0.26186906546726635,0.38137977990870336
mlp_prevyears_monthly_features_incremental_scaler_experience_replay_RR_0.4,MLP Prevyears + Monthly (Incremental Scaler + Replay RR=0.4),mlp_prevyears_monthly_features_incremental_scaler,prior_years,2017,2017,pr_auc,0.8700637577508289,0.8921930405021389,-0.004319297567965924,-0.018377395466955278,0.011638359909651192,-0.003941772965861527,0.007607175776069351,2000,percentile,0.05,0.1994114260696525,0.20373072363761843,0.7106446776611695,0.8396183033710005
mlp_prevyears_monthly_features_incremental_scaler_experience_replay_RR_0.4_PR_0.10,"MLP Prevyears + Monthly (Incremental Scaler + Replay RR=0.4, PR=0.10)",mlp_prevyears_monthly_features_incremental_scaler,prior_years,2017,2017,f1_score,0.8868572450409312,0.8921930405021389,0.006616792721977127,-0.004957150785703107,0.018998565918699358,0.00672910566163597,0.006058655905785195,2000,percentile,0.05,0.26990527637235134,0.2632884836503742,0.1294352823588206,0.20857021984057478
mlp_prevyears_monthly_features_incremental_scaler_experience_replay_RR_0.4_PR_0.10,"MLP Prevyears + Monthly (Incremental Scaler + Replay RR=0.4, PR=0.10)",mlp_prevyears_monthly_features_incremental_scaler,prior_years,2017,2017,pr_auc,0.8868572450409312,0.8921930405021389,0.003816015544939877,-0.0117971136343442,0.02171896529667465,0.004466036499041153,0.00858426953658776,2000,percentile,0.05,0.2075467391825583,0.20373072363761843,0.30684657671164417,0.4340183487431989
mlp_prevyears_monthly_features_incremental_scaler_experience_replay_RR_0.4_PR_0.15,"MLP Prevyears + Monthly (Incremental Scaler + Replay RR=0.4, PR=0.15)",mlp_prevyears_monthly_features_incremental_scaler,prior_years,2017,2017,f1_score,0.8827227302909989,0.8921930405021389,0.007705383309839664,-0.0026731187254877245,0.019480275527678302,0.007738177464358159,0.005578469751134153,2000,percentile,0.05,0.2709938669602139,0.2632884836503742,0.07746126936531735,0.1389181442336683
mlp_prevyears_monthly_features_incremental_scaler_experience_replay_RR_0.4_PR_0.15,"MLP Prevyears + Monthly (Incremental Scaler + Replay RR=0.4, PR=0.15)",mlp_prevyears_monthly_features_incremental_scaler,prior_years,2017,2017,pr_auc,0.8827227302909989,0.8921930405021389,-0.004685478166271961,-0.019459842078051206,0.012969267757903673,-0.004005476725773533,0.008273315120500316,2000,percentile,0.05,0.19904524547134647,0.20373072363761843,0.6991504247876063,0.8396183033710005
mlp_prevyears_monthly_features_incremental_scaler_experience_replay_RR_0.5,MLP Prevyears + Monthly (Incremental Scaler + Replay RR=0.5),mlp_prevyears_monthly_features_incremental_scaler,prior_years,2017,2017,f1_score,0.8700637577508289,0.8921930405021389,0.0043518084372520804,-0.007118213360988772,0.01755429681346995,0.004374635866706085,0.00640523993836048,2000,percentile,0.05,0.2676402920876263,0.2632884836503742,0.26186906546726635,0.38137977990870336
mlp_prevyears_monthly_features_incremental_scaler_experience_replay_RR_0.5,MLP Prevyears + Monthly (Incremental Scaler + Replay RR=0.5),mlp_prevyears_monthly_features_incremental_scaler,prior_years,2017,2017,pr_auc,0.8700637577508289,0.8921930405021389,-0.004319297567965924,-0.018377395466955278,0.011638359909651192,-0.003941772965861527,0.007607175776069351,2000,percentile,0.05,0.1994114260696525,0.20373072363761843,0.7106446776611695,0.8396183033710005
mlp_prevyears_monthly_features_incremental_scaler_experience_replay_RR_0.5_PR_0.10,"MLP Prevyears + Monthly (Incremental Scaler + Replay RR=0.5, PR=0.10)",mlp_prevyears_monthly_features_incremental_scaler,prior_years,2017,2017,f1_score,0.8868572450409312,0.8921930405021389,0.006616792721977127,-0.004957150785703107,0.018998565918699358,0.00672910566163597,0.006058655905785195,2000,percentile,0.05,0.26990527637235134,0.2632884836503742,0.1294352823588206,0.20857021984057478
mlp_prevyears_monthly_features_incremental_scaler_experience_replay_RR_0.5_PR_0.10,"MLP Prevyears + Monthly (Incremental Scaler + Replay RR=0.5, PR=0.10)",mlp_prevyears_monthly_features_incremental_scaler,prior_years,2017,2017,pr_auc,0.8868572450409312,0.8921930405021389,0.003816015544939877,-0.0117971136343442,0.02171896529667465,0.004466036499041153,0.00858426953658776,2000,percentile,0.05,0.2075467391825583,0.20373072363761843,0.30684657671164417,0.4340183487431989
mlp_prevyears_monthly_features_incremental_scaler_experience_replay_RR_0.5_PR_0.15,"MLP Prevyears + Monthly (Incremental Scaler + Replay RR=0.5, PR=0.15)",mlp_prevyears_monthly_features_incremental_scaler,prior_years,2017,2017,f1_score,0.887694644276313,0.8921930405021389,0.0013956958065325376,-0.011766248811304184,0.01589808189841707,0.0015118051782446336,0.007134026521235592,2000,percentile,0.05,0.26468417945690675,0.2632884836503742,0.4302848575712144,0.5823605868583379
mlp_prevyears_monthly_features_incremental_scaler_experience_replay_RR_0.5_PR_0.15,"MLP Prevyears + Monthly (Incremental Scaler + Replay RR=0.5, PR=0.15)",mlp_prevyears_monthly_features_incremental_scaler,prior_years,2017,2017,pr_auc,0.887694644276313,0.8921930405021389,-0.01047852650400763,-0.027295035410251894,0.008729258248412584,-0.009933958926290811,0.009082253359528166,2000,percentile,0.05,0.1932521971336108,0.20373072363761843,0.8575712143928036,0.9664432489637534
mlp_prevyears_monthly_features_incremental_scaler_experience_replay_confidently_correct_memory_RR_0.2,MLP Prevyears + Monthly (Incremental Scaler + Replay Confidently Correct RR=0.2),mlp_prevyears_monthly_features_incremental_scaler,prior_years,2017,2017,f1_score,0.8868572450409312,0.8921930405021389,0.006616792721977127,-0.004957150785703107,0.018998565918699358,0.00672910566163597,0.006058655905785195,2000,percentile,0.05,0.26990527637235134,0.2632884836503742,0.1294352823588206,0.20857021984057478
mlp_prevyears_monthly_features_incremental_scaler_experience_replay_confidently_correct_memory_RR_0.2,MLP Prevyears + Monthly (Incremental Scaler + Replay Confidently Correct RR=0.2),mlp_prevyears_monthly_features_incremental_scaler,prior_years,2017,2017,pr_auc,0.8868572450409312,0.8921930405021389,0.003816015544939877,-0.0117971136343442,0.02171896529667465,0.004466036499041153,0.00858426953658776,2000,percentile,0.05,0.2075467391825583,0.20373072363761843,0.30684657671164417,0.4340183487431989
mlp_prevyears_monthly_features_incremental_scaler_experience_replay_confidently_correct_memory_RR_0.3,MLP Prevyears + Monthly (Incremental Scaler + Replay Confidently Correct RR=0.3),mlp_prevyears_monthly_features_incremental_scaler,prior_years,2017,2017,f1_score,0.8868572450409312,0.8921930405021389,0.006616792721977127,-0.004957150785703107,0.018998565918699358,0.00672910566163597,0.006058655905785195,2000,percentile,0.05,0.26990527637235134,0.2632884836503742,0.1294352823588206,0.20857021984057478
mlp_prevyears_monthly_features_incremental_scaler_experience_replay_confidently_correct_memory_RR_0.3,MLP Prevyears + Monthly (Incremental Scaler + Replay Confidently Correct RR=0.3),mlp_prevyears_monthly_features_incremental_scaler,prior_years,2017,2017,pr_auc,0.8868572450409312,0.8921930405021389,0.003816015544939877,-0.0117971136343442,0.02171896529667465,0.004466036499041153,0.00858426953658776,2000,percentile,0.05,0.2075467391825583,0.20373072363761843,0.30684657671164417,0.4340183487431989
mlp_prevyears_monthly_features_incremental_scaler_experience_replay_confidently_correct_memory_RR_0.4,MLP Prevyears + Monthly (Incremental Scaler + Replay Confidently Correct RR=0.4),mlp_prevyears_monthly_features_incremental_scaler,prior_years,2017,2017,f1_score,0.8868572450409312,0.8921930405021389,0.006616792721977127,-0.004957150785703107,0.018998565918699358,0.00672910566163597,0.006058655905785195,2000,percentile,0.05,0.26990527637235134,0.2632884836503742,0.1294352823588206,0.20857021984057478
mlp_prevyears_monthly_features_incremental_scaler_experience_replay_confidently_correct_memory_RR_0.4,MLP Prevyears + Monthly (Incremental Scaler + Replay Confidently Correct RR=0.4),mlp_prevyears_monthly_features_incremental_scaler,prior_years,2017,2017,pr_auc,0.8868572450409312,0.8921930405021389,0.003816015544939877,-0.0117971136343442,0.02171896529667465,0.004466036499041153,0.00858426953658776,2000,percentile,0.05,0.2075467391825583,0.20373072363761843,0.30684657671164417,0.4340183487431989
mlp_prevyears_monthly_features_incremental_scaler_experience_replay_confidently_correct_memory_RR_0.5,MLP Prevyears + Monthly (Incremental Scaler + Replay Confidently Correct RR=0.5),mlp_prevyears_monthly_features_incremental_scaler,prior_years,2017,2017,f1_score,0.8868572450409312,0.8921930405021389,0.006616792721977127,-0.004957150785703107,0.018998565918699358,0.00672910566163597,0.006058655905785195,2000,percentile,0.05,0.26990527637235134,0.2632884836503742,0.1294352823588206,0.20857021984057478
mlp_prevyears_monthly_features_incremental_scaler_experience_replay_confidently_correct_memory_RR_0.5,MLP Prevyears + Monthly (Incremental Scaler + Replay Confidently Correct RR=0.5),mlp_prevyears_monthly_features_incremental_scaler,prior_years,2017,2017,pr_auc,0.8868572450409312,0.8921930405021389,0.003816015544939877,-0.0117971136343442,0.02171896529667465,0.004466036499041153,0.00858426953658776,2000,percentile,0.05,0.2075467391825583,0.20373072363761843,0.30684657671164417,0.4340183487431989
mlp_prevyears_monthly_features_incremental_scaler_experience_replay_hard_example_mining_RR_0.2,MLP Prevyears + Monthly (Incremental Scaler + Replay Hard Example Mining RR=0.2),mlp_prevyears_monthly_features_incremental_scaler,prior_years,2017,2017,f1_score,0.8868572450409312,0.8921930405021389,0.006616792721977127,-0.004957150785703107,0.018998565918699358,0.00672910566163597,0.006058655905785195,2000,percentile,0.05,0.26990527637235134,0.2632884836503742,0.1294352823588206,0.20857021984057478
mlp_prevyears_monthly_features_incremental_scaler_experience_replay_hard_example_mining_RR_0.2,MLP Prevyears + Monthly (Incremental Scaler + Replay Hard Example Mining RR=0.2),mlp_prevyears_monthly_features_incremental_scaler,prior_years,2017,2017,pr_auc,0.8868572450409312,0.8921930405021389,0.003816015544939877,-0.0117971136343442,0.02171896529667465,0.004466036499041153,0.00858426953658776,2000,percentile,0.05,0.2075467391825583,0.20373072363761843,0.30684657671164417,0.4340183487431989
mlp_prevyears_monthly_features_incremental_scaler_experience_replay_hard_example_mining_RR_0.3,MLP Prevyears + Monthly (Incremental Scaler + Replay Hard Example Mining RR=0.3),mlp_prevyears_monthly_features_incremental_scaler,prior_years,2017,2017,f1_score,0.8868572450409312,0.8921930405021389,0.006616792721977127,-0.004957150785703107,0.018998565918699358,0.00672910566163597,0.006058655905785195,2000,percentile,0.05,0.26990527637235134,0.2632884836503742,0.1294352823588206,0.20857021984057478
mlp_prevyears_monthly_features_incremental_scaler_experience_replay_hard_example_mining_RR_0.3,MLP Prevyears + Monthly (Incremental Scaler + Replay Hard Example Mining RR=0.3),mlp_prevyears_monthly_features_incremental_scaler,prior_years,2017,2017,pr_auc,0.8868572450409312,0.8921930405021389,0.003816015544939877,-0.0117971136343442,0.02171896529667465,0.004466036499041153,0.00858426953658776,2000,percentile,0.05,0.2075467391825583,0.20373072363761843,0.30684657671164417,0.4340183487431989
mlp_prevyears_monthly_features_incremental_scaler_experience_replay_hard_example_mining_RR_0.4,MLP Prevyears + Monthly (Incremental Scaler + Replay Hard Example Mining RR=0.4),mlp_prevyears_monthly_features_incremental_scaler,prior_years,2017,2017,f1_score,0.8868572450409312,0.8921930405021389,0.006616792721977127,-0.004957150785703107,0.018998565918699358,0.00672910566163597,0.006058655905785195,2000,percentile,0.05,0.26990527637235134,0.2632884836503742,0.1294352823588206,0.20857021984057478
mlp_prevyears_monthly_features_incremental_scaler_experience_replay_hard_example_mining_RR_0.4,MLP Prevyears + Monthly (Incremental Scaler + Replay Hard Example Mining RR=0.4),mlp_prevyears_monthly_features_incremental_scaler,prior_years,2017,2017,pr_auc,0.8868572450409312,0.8921930405021389,0.003816015544939877,-0.0117971136343442,0.02171896529667465,0.004466036499041153,0.00858426953658776,2000,percentile,0.05,0.2075467391825583,0.20373072363761843,0.30684657671164417,0.4340183487431989
mlp_prevyears_monthly_features_incremental_scaler_experience_replay_hard_example_mining_RR_0.5,MLP Prevyears + Monthly (Incremental Scaler + Replay Hard Example Mining RR=0.5),mlp_prevyears_monthly_features_incremental_scaler,prior_years,2017,2017,f1_score,0.8868572450409312,0.8921930405021389,0.006616792721977127,-0.004957150785703107,0.018998565918699358,0.00672910566163597,0.006058655905785195,2000,percentile,0.05,0.26990527637235134,0.2632884836503742,0.1294352823588206,0.20857021984057478
mlp_prevyears_monthly_features_incremental_scaler_experience_replay_hard_example_mining_RR_0.5,MLP Prevyears + Monthly (Incremental Scaler + Replay Hard Example Mining RR=0.5),mlp_prevyears_monthly_features_incremental_scaler,prior_years,2017,2017,pr_auc,0.8868572450409312,0.8921930405021389,0.003816015544939877,-0.0117971136343442,0.02171896529667465,0.004466036499041153,0.00858426953658776,2000,percentile,0.05,0.2075467391825583,0.20373072363761843,0.30684657671164417,0.4340183487431989
mlp_prevyears_monthly_features_incremental_scaler_experience_replay_uncertainity_prioritization_RR_0.2,MLP Prevyears + Monthly (Incremental Scaler + Replay Uncertainty Prioritization RR=0.2),mlp_prevyears_monthly_features_incremental_scaler,prior_years,2017,2017,f1_score,0.8700637577508289,0.8921930405021389,0.0043518084372520804,-0.007118213360988772,0.01755429681346995,0.004374635866706085,0.00640523993836048,2000,percentile,0.05,0.2676402920876263,0.2632884836503742,0.26186906546726635,0.38137977990870336
mlp_prevyears_monthly_features_incremental_scaler_experience_replay_uncertainity_prioritization_RR_0.2,MLP Prevyears + Monthly (Incremental Scaler + Replay Uncertainty Prioritization RR=0.2),mlp_prevyears_monthly_features_incremental_scaler,prior_years,2017,2017,pr_auc,0.8700637577508289,0.8921930405021389,-0.004319297567965924,-0.018377395466955278,0.011638359909651192,-0.003941772965861527,0.007607175776069351,2000,percentile,0.05,0.1994114260696525,0.20373072363761843,0.7106446776611695,0.8396183033710005
mlp_prevyears_monthly_features_incremental_scaler_experience_replay_uncertainity_prioritization_RR_0.3,MLP Prevyears + Monthly (Incremental Scaler + Replay Uncertainty Prioritization RR=0.3),mlp_prevyears_monthly_features_incremental_scaler,prior_years,2017,2017,f1_score,0.8700637577508289,0.8921930405021389,0.0043518084372520804,-0.007118213360988772,0.01755429681346995,0.004374635866706085,0.00640523993836048,2000,percentile,0.05,0.2676402920876263,0.2632884836503742,0.26186906546726635,0.38137977990870336
mlp_prevyears_monthly_features_incremental_scaler_experience_replay_uncertainity_prioritization_RR_0.3,MLP Prevyears + Monthly (Incremental Scaler + Replay Uncertainty Prioritization RR=0.3),mlp_prevyears_monthly_features_incremental_scaler,prior_years,2017,2017,pr_auc,0.8700637577508289,0.8921930405021389,-0.004319297567965924,-0.018377395466955278,0.011638359909651192,-0.003941772965861527,0.007607175776069351,2000,percentile,0.05,0.1994114260696525,0.20373072363761843,0.7106446776611695,0.8396183033710005
mlp_prevyears_monthly_features_incremental_scaler_experience_replay_uncertainity_prioritization_RR_0.4,MLP Prevyears + Monthly (Incremental Scaler + Replay Uncertainty Prioritization RR=0.4),mlp_prevyears_monthly_features_incremental_scaler,prior_years,2017,2017,f1_score,0.8700637577508289,0.8921930405021389,0.0043518084372520804,-0.007118213360988772,0.01755429681346995,0.004374635866706085,0.00640523993836048,2000,percentile,0.05,0.2676402920876263,0.2632884836503742,0.26186906546726635,0.38137977990870336
mlp_prevyears_monthly_features_incremental_scaler_experience_replay_uncertainity_prioritization_RR_0.4,MLP Prevyears + Monthly (Incremental Scaler + Replay Uncertainty Prioritization RR=0.4),mlp_prevyears_monthly_features_incremental_scaler,prior_years,2017,2017,pr_auc,0.8700637577508289,0.8921930405021389,-0.004319297567965924,-0.018377395466955278,0.011638359909651192,-0.003941772965861527,0.007607175776069351,2000,percentile,0.05,0.1994114260696525,0.20373072363761843,0.7106446776611695,0.8396183033710005
mlp_prevyears_monthly_features_incremental_scaler_experience_replay_uncertainity_prioritization_RR_0.5,MLP Prevyears + Monthly (Incremental Scaler + Replay Uncertainty Prioritization RR=0.5),mlp_prevyears_monthly_features_incremental_scaler,prior_years,2017,2017,f1_score,0.8700637577508289,0.8921930405021389,0.0043518084372520804,-0.007118213360988772,0.01755429681346995,0.004374635866706085,0.00640523993836048,2000,percentile,0.05,0.2676402920876263,0.2632884836503742,0.26186906546726635,0.38137977990870336
mlp_prevyears_monthly_features_incremental_scaler_experience_replay_uncertainity_prioritization_RR_0.5,MLP Prevyears + Monthly (Incremental Scaler + Replay Uncertainty Prioritization RR=0.5),mlp_prevyears_monthly_features_incremental_scaler,prior_years,2017,2017,pr_auc,0.8700637577508289,0.8921930405021389,-0.004319297567965924,-0.018377395466955278,0.011638359909651192,-0.003941772965861527,0.007607175776069351,2000,percentile,0.05,0.1994114260696525,0.20373072363761843,0.7106446776611695,0.8396183033710005
mlp_prevyears_monthly_features_incremental_scaler_missclassification_buffer_RR_0.3,MLP Prevyears + Monthly (Incremental Scaler + Misclassification Buffer RR=0.3),mlp_prevyears_monthly_features_incremental_scaler,prior_years,2017,2017,f1_score,0.8544613391869174,0.8921930405021389,-0.0005357113085607823,-0.013948603254289092,0.013155207858462123,-0.0004891179043679062,0.006827423439784561,2000,percentile,0.05,0.26275277234181343,0.2632884836503742,0.543728135932034,0.696785465534949
mlp_prevyears_monthly_features_incremental_scaler_missclassification_buffer_RR_0.3,MLP Prevyears + Monthly (Incremental Scaler + Misclassification Buffer RR=0.3),mlp_prevyears_monthly_features_incremental_scaler,prior_years,2017,2017,pr_auc,0.8544613391869174,0.8921930405021389,0.00017664219825283545,-0.013584278802386256,0.015363244497327472,0.000546610315191741,0.007328532109102996,2000,percentile,0.05,0.20390736583587127,0.20373072363761843,0.47276361819090457,0.6155382308845577
"mlp_combined_HE=0.1_CC=0.1_UP=0.1_PR=(0.2,10)_RR=0.5","MLP Combined (HE=0.1, CC=0.1, UP=0.1, PR=(0.2,10), RR=0.5)",mlp_prevyears_monthly_features_incremental_scaler,prior_years,2018,2017,f1_score,0.5933484870182617,0.7943149688176933,0.10497606959335956,0.07443879794096782,0.13446195416591772,0.10452588947451971,0.01510949242355688,2000,percentile,0.05,0.2679714576962283,0.16299538810286876,0.0004997501249375312,0.001260997408272608
"mlp_combined_HE=0.1_CC=0.1_UP=0.1_PR=(0.2,10)_RR=0.5","MLP Combined (HE=0.1, CC=0.1, UP=0.1, PR=(0.2,10), RR=0.5)",mlp_prevyears_monthly_features_incremental_scaler,prior_years,2018,2017,pr_auc,0.5933484870182617,0.7943149688176933,0.10747610813538211,0.07793381089058088,0.14002134823420606,0.10760503746555244,0.016111141672172334,2000,percentile,0.05,0.1929612434394484,0.08548513530406629,0.0004997501249375312,0.001080854921376521
"mlp_combined_HE=0_CC=0.15_UP=0_PR=(0,10)_MC=0.1_RWS=1_RR=0.4","MLP Combined (HE=0, CC=0.15, UP=0, PR=(0,10), MC=0.1, RWS=1, RR=0.4)",mlp_prevyears_monthly_features_incremental_scaler,prior_years,2018,2017,f1_score,0.7519916546912471,0.7943149688176933,0.09038673029472952,0.059032576898077005,0.1218970181616692,0.09003442412217776,0.016336503562490754,2000,percentile,0.05,0.2533821183975983,0.16299538810286876,0.0004997501249375312,0.001260997408272608
"mlp_combined_HE=0_CC=0.15_UP=0_PR=(0,10)_MC=0.1_RWS=1_RR=0.4","MLP Combined (HE=0, CC=0.15, UP=0, PR=(0,10), MC=0.1, RWS=1, RR=0.4)",mlp_prevyears_monthly_features_incremental_scaler,prior_years,2018,2017,pr_auc,0.7519916546912471,0.7943149688176933,0.10091767871365157,0.06810081203560489,0.13817924968868528,0.10137077355131274,0.01792865648260004,2000,percentile,0.05,0.18640281401771785,0.08548513530406629,0.0004997501249375312,0.001080854921376521
"mlp_combined_HE=0_CC=0.1_UP=0.1_PR=(0,10)_MC=0.1_RWS=1_RR=0.5","MLP Combined (HE=0, CC=0.1, UP=0.1, PR=(0,10), MC=0.1, RWS=1, RR=0.5)",mlp_prevyears_monthly_features_incremental_scaler,prior_years,2018,2017,f1_score,0.7174640312093754,0.7943149688176933,0.1015785134946263,0.07472423799010623,0.12931203498929522,0.10112537946859564,0.013805242279892957,2000,percentile,0.05,0.26457390159749505,0.16299538810286876,0.0004997501249375312,0.001260997408272608
"mlp_combined_HE=0_CC=0.1_UP=0.1_PR=(0,10)_MC=0.1_RWS=1_RR=0.5","MLP Combined (HE=0, CC=0.1, UP=0.1, PR=(0,10), MC=0.1, RWS=1, RR=0.5)",mlp_prevyears_monthly_features_incremental_scaler,prior_years,2018,2017,pr_auc,0.7174640312093754,0.7943149688176933,0.10799812782599025,0.07867315262579927,0.14231407044473526,0.10871235711814915,0.01661603627202683,2000,percentile,0.05,0.19348326313005654,0.08548513530406629,0.0004997501249375312,0.001080854921376521
"mlp_combined_HE=0_CC=0.1_UP=0.2_PR=(0.1,10)_RR=0.5","MLP Combined (HE=0, CC=0.1, UP=0.2, PR=(0.1,10), RR=0.5)",mlp_prevyears_monthly_features_incremental_scaler,prior_years,2018,2017,f1_score,0.7267892144722495,0.7943149688176933,0.10298370260478387,0.07135123808405268,0.1343491963091811,0.10283025048156338,0.015912704937755158,2000,percentile,0.05,0.26597909070765263,0.16299538810286876,0.0004997501249375312,0.001260997408272608
"mlp_combined_HE=0_CC=0.1_UP=0.2_PR=(0.1,10)_RR=0.5","MLP Combined (HE=0, CC=0.1, UP=0.2, PR=(0.1,10), RR=0.5)",mlp_prevyears_monthly_features_incremental_scaler,prior_years,2018,2017,pr_auc,0.7267892144722495,0.7943149688176933,0.10033097097335594,0.06756276110509153,0.14263469244753196,0.10208390570271689,0.019310581823442235,2000,percentile,0.05,0.18581610627742223,0.08548513530406629,0.0004997501249375312,0.001080854921376521
"mlp_combined_HE=0_CC=0.2_UP=0.1_PR=(0.2,10)_RR=0.5","MLP Combined (HE=0, CC=0.2, UP=0.1, PR=(0.2,10), RR=0.5)",mlp_prevyears_monthly_features_incremental_scaler,prior_years,2018,2017,f1_score,0.774868112953069,0.7943149688176933,0.09356265855230053,0.06342151227223214,0.1267018466515458,0.09294389353922586,0.0156281265605121,2000,percentile,0.05,0.2565580466551693,0.16299538810286876,0.0004997501249375312,0.001260997408272608
"mlp_combined_HE=0_CC=0.2_UP=0.1_PR=(0.2,10)_RR=0.5","MLP Combined (HE=0, CC=0.2, UP=0.1, PR=(0.2,10), RR=0.5)",mlp_prevyears_monthly_features_incremental_scaler,prior_years,2018,2017,pr_auc,0.774868112953069,0.7943149688176933,0.09483539460696222,0.06701513706524095,0.13168843618854026,0.09560274610460914,0.016223577616459477,2000,percentile,0.05,0.1803205299110285,0.08548513530406629,0.0004997501249375312,0.001080854921376521
"mlp_combined_HE=0_CC=0.2_UP=0.2_PR=(0.1,10)_RR=0.5","MLP Combined (HE=0, CC=0.2, UP=0.2, PR=(0.1,10), RR=0.5)",mlp_prevyears_monthly_features_incremental_scaler,prior_years,2018,2017,f1_score,0.7462974130266082,0.7943149688176933,0.09634286523323285,0.06747255375924181,0.12493613966259029,0.09596352939203864,0.01462387917885306,2000,percentile,0.05,0.2593382533361016,0.16299538810286876,0.0004997501249375312,0.001260997408272608
"mlp_combined_HE=0_CC=0.2_UP=0.2_PR=(0.1,10)_RR=0.5","MLP Combined (HE=0, CC=0.2, UP=0.2, PR=(0.1,10), RR=0.5)",mlp_prevyears_monthly_features_incremental_scaler,prior_years,2018,2017,pr_auc,0.7462974130266082,0.7943149688176933,0.1003937111429331,0.07129905951744234,0.1331851616136592,0.10083667765080694,0.01606815172341273,2000,percentile,0.05,0.1858788464469994,0.08548513530406629,0.0004997501249375312,0.001080854921376521
mlp_prevyears_monthly_features_incremental_scaler_experience_replay_RR_0.2,MLP Prevyears + Monthly (Incremental Scaler + Replay RR=0.2),mlp_prevyears_monthly_features_incremental_scaler,prior_years,2018,2017,f1_score,0.8636205419478084,0.7943149688176933,0.07986948651376483,0.05404726469357068,0.10706305872192051,0.07954203150188312,0.013467546341905988,2000,percentile,0.05,0.24286487461663359,0.16299538810286876,0.0004997501249375312,0.001260997408272608
mlp_prevyears_monthly_features_incremental_scaler_experience_replay_RR_0.2,MLP Prevyears + Monthly (Incremental Scaler + Replay RR=0.2),mlp_prevyears_monthly_features_incremental_scaler,prior_years,2018,2017,pr_auc,0.8636205419478084,0.7943149688176933,0.08377963997107171,0.05715902385146137,0.11246415196658462,0.08366617888715241,0.014293646605913056,2000,percentile,0.05,0.169264775275138,0.08548513530406629,0.0004997501249375312,0.001080854921376521
mlp_prevyears_monthly_features_incremental_scaler_experience_replay_RR_0.2_PR_0.10,"MLP Prevyears + Monthly (Incremental Scaler + Replay RR=0.2, PR=0.10)",mlp_prevyears_monthly_features_incremental_scaler,prior_years,2018,2017,f1_score,0.8684924959514716,0.7943149688176933,0.09971840096440818,0.0730964617261487,0.12754899068025688,0.09925203327495381,0.013813110605662005,2000,percentile,0.05,0.26271378906727694,0.16299538810286876,0.0004997501249375312,0.001260997408272608
mlp_prevyears_monthly_features_incremental_scaler_experience_replay_RR_0.2_PR_0.10,"MLP Prevyears + Monthly (Incremental Scaler + Replay RR=0.2, PR=0.10)",mlp_prevyears_monthly_features_incremental_scaler,prior_years,2018,2017,pr_auc,0.8684924959514716,0.7943149688176933,0.10931521119081627,0.07934512149960213,0.13774379003217804,0.10864082982776387,0.015043607415429488,2000,percentile,0.05,0.19480034649488256,0.08548513530406629,0.0004997501249375312,0.001080854921376521
mlp_prevyears_monthly_features_incremental_scaler_experience_replay_RR_0.2_PR_0.15,"MLP Prevyears + Monthly (Incremental Scaler + Replay RR=0.2, PR=0.15)",mlp_prevyears_monthly_features_incremental_scaler,prior_years,2018,2017,f1_score,0.8628750661647123,0.7943149688176933,0.0800059667813936,0.05505268440160038,0.10390522585542585,0.0795104861379188,0.012278258082424826,2000,percentile,0.05,0.24300135488426236,0.16299538810286876,0.0004997501249375312,0.001260997408272608
mlp_prevyears_monthly_features_incremental_scaler_experience_replay_RR_0.2_PR_0.15,"MLP Prevyears + Monthly (Incremental Scaler + Replay RR=0.2, PR=0.15)",mlp_prevyears_monthly_features_incremental_scaler,prior_years,2018,2017,pr_auc,0.8628750661647123,0.7943149688176933,0.07944635003673264,0.055880587630201616,0.1045625011087785,0.0793721606454115,0.012286024588886583,2000,percentile,0.05,0.16493148534079893,0.08548513530406629,0.0004997501249375312,0.001080854921376521
mlp_prevyears_monthly_features_incremental_scaler_experience_replay_RR_0.3,MLP Prevyears + Monthly (Incremental Scaler + Replay RR=0.3),mlp_prevyears_monthly_features_incremental_scaler,prior_years,2018,2017,f1_score,0.858988625506945,0.7943149688176933,0.08092288502933329,0.05246216696757204,0.11054478693452427,0.08053247859104684,0.01513392184612035,2000,percentile,0.05,0.24391827313220205,0.16299538810286876,0.0004997501249375312,0.001260997408272608
mlp_prevyears_monthly_features_incremental_scaler_experience_replay_RR_0.3,MLP Prevyears + Monthly (Incremental Scaler + Replay RR=0.3),mlp_prevyears_monthly_features_incremental_scaler,prior_years,2018,2017,pr_auc,0.858988625506945,0.7943149688176933,0.08105646886256024,0.053177608432454906,0.11319169002015529,0.08145601014199169,0.015482005477077168,2000,percentile,0.05,0.16654160416662653,0.08548513530406629,0.0004997501249375312,0.001080854921376521
mlp_prevyears_monthly_features_incremental_scaler_experience_replay_RR_0.3_PR_0.10,"MLP Prevyears + Monthly (Incremental Scaler + Replay RR=0.3, PR=0.10)",mlp_prevyears_monthly_features_incremental_scaler,prior_years,2018,2017,f1_score,0.9004148366018356,0.7943149688176933,0.07484437029116214,0.043217724581007776,0.10563165014854087,0.0743091044032406,0.015956485037475463,2000,percentile,0.05,0.2378397583940309,0.16299538810286876,0.0004997501249375312,0.001260997408272608
mlp_prevyears_monthly_features_incremental_scaler_experience_replay_RR_0.3_PR_0.10,"MLP Prevyears + Monthly (Incremental Scaler + Replay RR=0.3, PR=0.10)",mlp_prevyears_monthly_features_incremental_scaler,prior_years,2018,2017,pr_auc,0.9004148366018356,0.7943149688176933,0.06748164733223402,0.039958334471953676,0.09925209592384852,0.06794025808403663,0.015140799047050521,2000,percentile,0.05,0.1529667826363003,0.08548513530406629,0.0004997501249375312,0.001080854921376521
mlp_prevyears_monthly_features_incremental_scaler_experience_replay_RR_0.3_PR_0.15,"MLP Prevyears + Monthly (Incremental Scaler + Replay RR=0.3, PR=0.15)",mlp_prevyears_monthly_features_incremental_scaler,prior_years,2018,2017,f1_score,0.861041257251206,0.7943149688176933,0.08642311252336132,0.05577001944755713,0.11582284051995591,0.0860676641410194,0.015576524604206402,2000,percentile,0.05,0.24941850062623008,0.16299538810286876,0.0004997501249375312,0.001260997408272608
mlp_prevyears_monthly_features_incremental_scaler_experience_replay_RR_0.3_PR_0.15,"MLP Prevyears + Monthly (Incremental Scaler + Replay RR=0.3, PR=0.15)",mlp_prevyears_monthly_features_incremental_scaler,prior_years,2018,2017,pr_auc,0.861041257251206,0.7943149688176933,0.08593019247128417,0.05731052944593074,0.11866424534994993,0.08602651561058101,0.01524927966462858,2000,percentile,0.05,0.17141532777535046,0.08548513530406629,0.0004997501249375312,0.001080854921376521
mlp_prevyears_monthly_features_incremental_scaler_experience_replay_RR_0.4,MLP Prevyears + Monthly (Incremental Scaler + Replay RR=0.4),mlp_prevyears_monthly_features_incremental_scaler,prior_years,2018,2017,f1_score,0.8590576807847927,0.7943149688176933,0.09440201430866654,0.0662135511014999,0.12458464873141957,0.09441653332299321,0.015072190370582255,2000,percentile,0.05,0.2573974024115353,0.16299538810286876,0.0004997501249375312,0.001260997408272608
mlp_prevyears_monthly_features_incremental_scaler_experience_replay_RR_0.4,MLP Prevyears + Monthly (Incremental Scaler + Replay RR=0.4),mlp_prevyears_monthly_features_incremental_scaler,prior_years,2018,2017,pr_auc,0.8590576807847927,0.7943149688176933,0.09455064867677346,0.06482720257578177,0.13320267984778755,0.09642440861144731,0.017866683358471032,2000,percentile,0.05,0.18003578398083975,0.08548513530406629,0.0004997501249375312,0.001080854921376521
mlp_prevyears_monthly_features_incremental_scaler_experience_replay_RR_0.4_PR_0.10,"MLP Prevyears + Monthly (Incremental Scaler + Replay RR=0.4, PR=0.10)",mlp_prevyears_monthly_features_incremental_scaler,prior_years,2018,2017,f1_score,0.8730491129609191,0.7943149688176933,0.0924610775155307,0.061006087905198174,0.12188669722280485,0.09220787953879316,0.01552117446223349,2000,percentile,0.05,0.25545646561839946,0.16299538810286876,0.0004997501249375312,0.001260997408272608
mlp_prevyears_monthly_features_incremental_scaler_experience_replay_RR_0.4_PR_0.10,"MLP Prevyears + Monthly (Incremental Scaler + Replay RR=0.4, PR=0.10)",mlp_prevyears_monthly_features_incremental_scaler,prior_years,2018,2017,pr_auc,0.8730491129609191,0.7943149688176933,0.09383643344094256,0.061836882425604235,0.12633578140993013,0.09402232038966894,0.01602328581190626,2000,percentile,0.05,0.17932156874500885,0.08548513530406629,0.0004997501249375312,0.001080854921376521
mlp_prevyears_monthly_features_incremental_scaler_experience_replay_RR_0.4_PR_0.15,"MLP Prevyears + Monthly (Incremental Scaler + Replay RR=0.4, PR=0.15)",mlp_prevyears_monthly_features_incremental_scaler,prior_years,2018,2017,f1_score,0.8664546122653077,0.7943149688176933,0.08525263978192302,0.056308375240205995,0.11427189225180004,0.08491896630197089,0.014810181411046444,2000,percentile,0.05,0.24824802788479178,0.16299538810286876,0.0004997501249375312,0.001260997408272608
mlp_prevyears_monthly_features_incremental_scaler_experience_replay_RR_0.4_PR_0.15,"MLP Prevyears + Monthly (Incremental Scaler + Replay RR=0.4, PR=0.15)",mlp_prevyears_monthly_features_incremental_scaler,prior_years,2018,2017,pr_auc,0.8664546122653077,0.7943149688176933,0.08756502368330166,0.05707591545651998,0.12036937309648343,0.08786403227526085,0.015877918288791933,2000,percentile,0.05,0.17305015898736795,0.08548513530406629,0.0004997501249375312,0.001080854921376521
mlp_prevyears_monthly_features_incremental_scaler_experience_replay_RR_0.5,MLP Prevyears + Monthly (Incremental Scaler + Replay RR=0.5),mlp_prevyears_monthly_features_incremental_scaler,prior_years,2018,2017,f1_score,0.8642517153410584,0.7943149688176933,0.09186633377732276,0.06476184405959104,0.11763545918108861,0.09152527627250251,0.01364469402861959,2000,percentile,0.05,0.2548617218801915,0.16299538810286876,0.0004997501249375312,0.001260997408272608
mlp_prevyears_monthly_features_incremental_scaler_experience_replay_RR_0.5,MLP Prevyears + Monthly (Incremental Scaler + Replay RR=0.5),mlp_prevyears_monthly_features_incremental_scaler,prior_years,2018,2017,pr_auc,0.8642517153410584,0.7943149688176933,0.10469633684162613,0.07374162307555375,0.13697234164166322,0.1045604714614377,0.015675316038602893,2000,percentile,0.05,0.19018147214569242,0.08548513530406629,0.0004997501249375312,0.001080854921376521
mlp_prevyears_monthly_features_incremental_scaler_experience_replay_RR_0.5_PR_0.10,"MLP Prevyears + Monthly (Incremental Scaler + Replay RR=0.5, PR=0.10)",mlp_prevyears_monthly_features_incremental_scaler,prior_years,2018,2017,f1_score,0.872717677179807,0.7943149688176933,0.09179284784946337,0.061611501404512874,0.12073333854706246,0.09139479307518053,0.015147525315302727,2000,percentile,0.05,0.25478823595233213,0.16299538810286876,0.0004997501249375312,0.001260997408272608
mlp_prevyears_monthly_features_incremental_scaler_experience_replay_RR_0.5_PR_0.10,"MLP Prevyears + Monthly (Incremental Scaler + Replay RR=0.5, PR=0.10)",mlp_prevyears_monthly_features_incremental_scaler,prior_years,2018,2017,pr_auc,0.872717677179807,0.7943149688176933,0.09582105179123715,0.06508284551877284,0.12979504964612093,0.09608557233016253,0.016764454942376897,2000,percentile,0.05,0.18130618709530344,0.08548513530406629,0.0004997501249375312,0.001080854921376521
mlp_prevyears_monthly_features_incremental_scaler_experience_replay_RR_0.5_PR_0.15,"MLP Prevyears + Monthly (Incremental Scaler + Replay RR=0.5, PR=0.15)",mlp_prevyears_monthly_features_incremental_scaler,prior_years,2018,2017,f1_score,0.8874367587792017,0.7943149688176933,0.08490457008634406,0.05531802336808684,0.11512697457183628,0.08467259678040978,0.015343559126945813,2000,percentile,0.05,0.24789995818921282,0.16299538810286876,0.0004997501249375312,0.001260997408272608
mlp_prevyears_monthly_features_incremental_scaler_experience_replay_RR_0.5_PR_0.15,"MLP Prevyears + Monthly (Incremental Scaler + Replay RR=0.5, PR=0.15)",mlp_prevyears_monthly_features_incremental_scaler,prior_years,2018,2017,pr_auc,0.8874367587792017,0.7943149688176933,0.08965096788080829,0.05842313050927034,0.12444274126118149,0.08995977893127097,0.016702385583576354,2000,percentile,0.05,0.17513610318487458,0.08548513530406629,0.0004997501249375312,0.001080854921376521
mlp_prevyears_monthly_features_incremental_scaler_experience_replay_confidently_correct_memory_RR_0.2,MLP Prevyears + Monthly (Incremental Scaler + Replay Confidently Correct RR=0.2),mlp_prevyears_monthly_features_incremental_scaler,prior_years,2018,2017,f1_score,0.8810189160851111,0.7943149688176933,0.09073441524415257,0.06332091851356873,0.11776086347530319,0.09015815713597991,0.014016559784990107,2000,percentile,0.05,0.25372980334702133,0.16299538810286876,0.0004997501249375312,0.001260997408272608
mlp_prevyears_monthly_features_incremental_scaler_experience_replay_confidently_correct_memory_RR_0.2,MLP Prevyears + Monthly (Incremental Scaler + Replay Confidently Correct RR=0.2),mlp_prevyears_monthly_features_incremental_scaler,prior_years,2018,2017,pr_auc,0.8810189160851111,0.7943149688176933,0.09397288788841979,0.0632668320960413,0.12791539783578054,0.09406243198789992,0.016475203145082776,2000,percentile,0.05,0.17945802319248608,0.08548513530406629,0.0004997501249375312,0.001080854921376521
mlp_prevyears_monthly_features_incremental_scaler_experience_replay_confidently_correct_memory_RR_0.3,MLP Prevyears + Monthly (Incremental Scaler + Replay Confidently Correct RR=0.3),mlp_prevyears_monthly_features_incremental_scaler,prior_years,2018,2017,f1_score,0.8581877840988553,0.7943149688176933,0.07408952908989042,0.0464657383811529,0.10165515987944698,0.07381819752633893,0.014110225709418674,2000,percentile,0.05,0.23708491719275918,0.16299538810286876,0.0004997501249375312,0.001260997408272608
mlp_prevyears_monthly_features_incremental_scaler_experience_replay_confidently_correct_memory_RR_0.3,MLP Prevyears + Monthly (Incremental Scaler + Replay Confidently Correct RR=0.3),mlp_prevyears_monthly_features_incremental_scaler,prior_years,2018,2017,pr_auc,0.8581877840988553,0.7943149688176933,0.07468488858241817,0.048204379909006355,0.10514740910972338,0.07465495000094433,0.014718882937095647,2000,percentile,0.05,0.16017002388648446,0.08548513530406629,0.0004997501249375312,0.001080854921376521
mlp_prevyears_monthly_features_incremental_scaler_experience_replay_confidently_correct_memory_RR_0.4,MLP Prevyears + Monthly (Incremental Scaler + Replay Confidently Correct RR=0.4),mlp_prevyears_monthly_features_incremental_scaler,prior_years,2018,2017,f1_score,0.8657316582780852,0.7943149688176933,0.09123579662885614,0.06009255839630901,0.12175849938371265,0.09088324556724388,0.016160255170420006,2000,percentile,0.05,0.2542311847317249,0.16299538810286876,0.0004997501249375312,0.001260997408272608
mlp_prevyears_monthly_features_incremental_scaler_experience_replay_confidently_correct_memory_RR_0.4,MLP Prevyears + Monthly (Incremental Scaler + Replay Confidently Correct RR=0.4),mlp_prevyears_monthly_features_incremental_scaler,prior_years,2018,2017,pr_auc,0.8657316582780852,0.7943149688176933,0.10110877519240313,0.06856278070957608,0.13491738830637465,0.10133905430944223,0.016890192418715286,2000,percentile,0.05,0.18659391049646942,0.08548513530406629,0.0004997501249375312,0.001080854921376521
mlp_prevyears_monthly_features_incremental_scaler_experience_replay_confidently_correct_memory_RR_0.5,MLP Prevyears + Monthly (Incremental Scaler + Replay Confidently Correct RR=0.5),mlp_prevyears_monthly_features_incremental_scaler,prior_years,2018,2017,f1_score,0.8944603292333103,0.7943149688176933,0.08746285663648165,0.05910020988035952,0.11586676327062145,0.08716299410348875,0.01447335362436547,2000,percentile,0.05,0.2504582447393504,0.16299538810286876,0.0004997501249375312,0.001260997408272608
mlp_prevyears_monthly_features_incremental_scaler_experience_replay_confidently_correct_memory_RR_0.5,MLP Prevyears + Monthly (Incremental Scaler + Replay Confidently Correct RR=0.5),mlp_prevyears_monthly_features_incremental_scaler,prior_years,2018,2017,pr_auc,0.8944603292333103,0.7943149688176933,0.09761510985899671,0.06505566065451167,0.13191199806388565,0.09764311930889545,0.016301141567462197,2000,percentile,0.05,0.183100245163063,0.08548513530406629,0.0004997501249375312,0.001080854921376521
mlp_prevyears_monthly_features_incremental_scaler_experience_replay_hard_example_mining_RR_0.2,MLP Prevyears + Monthly (Incremental Scaler + Replay Hard Example Mining RR=0.2),mlp_prevyears_monthly_features_incremental_scaler,prior_years,2018,2017,f1_score,0.7468622692814959,0.7943149688176933,-0.03789854937038434,-0.07120480072547412,-0.0013532355315130503,-0.037884979420015535,0.01785153433708012,2000,percentile,0.05,0.12509683873248442,0.16299538810286876,0.9785107446276862,1.0
mlp_prevyears_monthly_features_incremental_scaler_experience_replay_hard_example_mining_RR_0.2,MLP Prevyears + Monthly (Incremental Scaler + Replay Hard Example Mining RR=0.2),mlp_prevyears_monthly_features_incremental_scaler,prior_years,2018,2017,pr_auc,0.7468622692814959,0.7943149688176933,-0.015112845949625156,-0.0362461731039968,0.0028816935851109925,-0.015752683631237115,0.00996635200254043,2000,percentile,0.05,0.07037228935444113,0.08548513530406629,0.9515242378810594,1.0
mlp_prevyears_monthly_features_incremental_scaler_experience_replay_hard_example_mining_RR_0.3,MLP Prevyears + Monthly (Incremental Scaler + Replay Hard Example Mining RR=0.3),mlp_prevyears_monthly_features_incremental_scaler,prior_years,2018,2017,f1_score,0.7468452954112035,0.7943149688176933,0.0019217629338277031,-0.029585143260422806,0.03677670477791129,0.0022052445061964978,0.017325008898722346,2000,percentile,0.05,0.16491715103669646,0.16299538810286876,0.45977011494252873,0.6120865947394402
mlp_prevyears_monthly_features_incremental_scaler_experience_replay_hard_example_mining_RR_0.3,MLP Prevyears + Monthly (Incremental Scaler + Replay Hard Example Mining RR=0.3),mlp_prevyears_monthly_features_incremental_scaler,prior_years,2018,2017,pr_auc,0.7468452954112035,0.7943149688176933,0.03081648928308349,0.007826682367097515,0.05219030859433148,0.03060943374331009,0.011289881185303078,2000,percentile,0.05,0.11630162458714978,0.08548513530406629,0.004997501249375313,0.009682658670664668
mlp_prevyears_monthly_features_incremental_scaler_experience_replay_hard_example_mining_RR_0.4,MLP Prevyears + Monthly (Incremental Scaler + Replay Hard Example Mining RR=0.4),mlp_prevyears_monthly_features_incremental_scaler,prior_years,2018,2017,f1_score,0.8524767654479857,0.7943149688176933,0.056648223673437775,0.02988172092629066,0.08440416853259874,0.056196423343421516,0.01379191810912503,2000,percentile,0.05,0.21964361177630654,0.16299538810286876,0.0004997501249375312,0.001260997408272608
mlp_prevyears_monthly_features_incremental_scaler_experience_replay_hard_example_mining_RR_0.4,MLP Prevyears + Monthly (Incremental Scaler + Replay Hard Example Mining RR=0.4),mlp_prevyears_monthly_features_incremental_scaler,prior_years,2018,2017,pr_auc,0.8524767654479857,0.7943149688176933,0.055778683941673346,0.03362247257498292,0.07952303246721705,0.05567835202502928,0.011658651058916324,2000,percentile,0.05,0.14126381924573964,0.08548513530406629,0.0004997501249375312,0.001080854921376521
mlp_prevyears_monthly_features_incremental_scaler_experience_replay_hard_example_mining_RR_0.5,MLP Prevyears + Monthly (Incremental Scaler + Replay Hard Example Mining RR=0.5),mlp_prevyears_monthly_features_incremental_scaler,prior_years,2018,2017,f1_score,0.8622828732921632,0.7943149688176933,0.05521349306805656,0.030335863461533975,0.08102019697169491,0.05478824711638245,0.012974650275772994,2000,percentile,0.05,0.21820888117092532,0.16299538810286876,0.0004997501249375312,0.001260997408272608
mlp_prevyears_monthly_features_incremental_scaler_experience_replay_hard_example_mining_RR_0.5,MLP Prevyears + Monthly (Incremental Scaler + Replay Hard Example Mining RR=0.5),mlp_prevyears_monthly_features_incremental_scaler,prior_years,2018,2017,pr_auc,0.8622828732921632,0.7943149688176933,0.05541669382961675,0.031772239395460006,0.0810246578753886,0.055405590844457744,0.012626641110255191,2000,percentile,0.05,0.14090182913368304,0.08548513530406629,0.0004997501249375312,0.001080854921376521
mlp_prevyears_monthly_features_incremental_scaler_experience_replay_uncertainity_prioritization_RR_0.2,MLP Prevyears + Monthly (Incremental Scaler + Replay Uncertainty Prioritization RR=0.2),mlp_prevyears_monthly_features_incremental_scaler,prior_years,2018,2017,f1_score,0.8938009921709947,0.7943149688176933,0.09699123559750214,0.06758998580880927,0.1287858106645373,0.09685165309058082,0.015106284947531684,2000,percentile,0.05,0.2599866237003709,0.16299538810286876,0.0004997501249375312,0.001260997408272608
mlp_prevyears_monthly_features_incremental_scaler_experience_replay_uncertainity_prioritization_RR_0.2,MLP Prevyears + Monthly (Incremental Scaler + Replay Uncertainty Prioritization RR=0.2),mlp_prevyears_monthly_features_incremental_scaler,prior_years,2018,2017,pr_auc,0.8938009921709947,0.7943149688176933,0.09767288424723031,0.06889573877022195,0.13552427890903923,0.09901275906438844,0.017419728102992756,2000,percentile,0.05,0.1831580195512966,0.08548513530406629,0.0004997501249375312,0.001080854921376521
mlp_prevyears_monthly_features_incremental_scaler_experience_replay_uncertainity_prioritization_RR_0.3,MLP Prevyears + Monthly (Incremental Scaler + Replay Uncertainty Prioritization RR=0.3),mlp_prevyears_monthly_features_incremental_scaler,prior_years,2018,2017,f1_score,0.8804395191251557,0.7943149688176933,0.09346408610628085,0.06655196290663448,0.12126282507711822,0.0932571260090549,0.013886785363199023,2000,percentile,0.05,0.2564594742091496,0.16299538810286876,0.0004997501249375312,0.001260997408272608
mlp_prevyears_monthly_features_incremental_scaler_experience_replay_uncertainity_prioritization_RR_0.3,MLP Prevyears + Monthly (Incremental Scaler + Replay Uncertainty Prioritization RR=0.3),mlp_prevyears_monthly_features_incremental_scaler,prior_years,2018,2017,pr_auc,0.8804395191251557,0.7943149688176933,0.10081970438533525,0.07215770323173686,0.13727330744670874,0.10162035855195957,0.0166843326690664,2000,percentile,0.05,0.18630483968940154,0.08548513530406629,0.0004997501249375312,0.001080854921376521
mlp_prevyears_monthly_features_incremental_scaler_experience_replay_uncertainity_prioritization_RR_0.4,MLP Prevyears + Monthly (Incremental Scaler + Replay Uncertainty Prioritization RR=0.4),mlp_prevyears_monthly_features_incremental_scaler,prior_years,2018,2017,f1_score,0.8428191758820861,0.7943149688176933,0.10471606449624546,0.076569109203576,0.13395419797431038,0.10451525020808257,0.014583034177177538,2000,percentile,0.05,0.2677114525991142,0.16299538810286876,0.0004997501249375312,0.001260997408272608
mlp_prevyears_monthly_features_incremental_scaler_experience_replay_uncertainity_prioritization_RR_0.4,MLP Prevyears + Monthly (Incremental Scaler + Replay Uncertainty Prioritization RR=0.4),mlp_prevyears_monthly_features_incremental_scaler,prior_years,2018,2017,pr_auc,0.8428191758820861,0.7943149688176933,0.11930269510696201,0.08856578451154885,0.15359714733549792,0.11953935771091391,0.016561530060282558,2000,percentile,0.05,0.2047878304110283,0.08548513530406629,0.0004997501249375312,0.001080854921376521
mlp_prevyears_monthly_features_incremental_scaler_experience_replay_uncertainity_prioritization_RR_0.5,MLP Prevyears + Monthly (Incremental Scaler + Replay Uncertainty Prioritization RR=0.5),mlp_prevyears_monthly_features_incremental_scaler,prior_years,2018,2017,f1_score,0.8283939639266512,0.7943149688176933,0.09658646093754755,0.06445732156964963,0.12944033641206573,0.09655905762709997,0.016233722893379064,2000,percentile,0.05,0.2595818490404163,0.16299538810286876,0.0004997501249375312,0.001260997408272608
mlp_prevyears_monthly_features_incremental_scaler_experience_replay_uncertainity_prioritization_RR_0.5,MLP Prevyears + Monthly (Incremental Scaler + Replay Uncertainty Prioritization RR=0.5),mlp_prevyears_monthly_features_incremental_scaler,prior_years,2018,2017,pr_auc,0.8283939639266512,0.7943149688176933,0.10818478893672814,0.07522729646819852,0.14802076661864988,0.10894460664926939,0.01877319380335176,2000,percentile,0.05,0.19366992424079443,0.08548513530406629,0.0004997501249375312,0.001080854921376521
mlp_prevyears_monthly_features_incremental_scaler_missclassification_buffer_RR_0.3,MLP Prevyears + Monthly (Incremental Scaler + Misclassification Buffer RR=0.3),mlp_prevyears_monthly_features_incremental_scaler,prior_years,2018,2017,f1_score,0.7554522520379243,0.7943149688176933,-0.04164141607132066,-0.07320416334199722,-0.0129028595747429,-0.04177693822733815,0.014995761338552318,2000,percentile,0.05,0.1213539720315481,0.16299538810286876,0.999000499750125,1.0
mlp_prevyears_monthly_features_incremental_scaler_missclassification_buffer_RR_0.3,MLP Prevyears + Monthly (Incremental Scaler + Misclassification Buffer RR=0.3),mlp_prevyears_monthly_features_incremental_scaler,prior_years,2018,2017,pr_auc,0.7554522520379243,0.7943149688176933,-0.012034116544771725,-0.034862852980596895,0.011974662948669133,-0.012647288666730283,0.011792349583446417,2000,percentile,0.05,0.07345101875929456,0.08548513530406629,0.8605697151424287,0.9675835657300882
"mlp_combined_HE=0.1_CC=0.1_UP=0.1_PR=(0.2,10)_RR=0.5","MLP Combined (HE=0.1, CC=0.1, UP=0.1, PR=(0.2,10), RR=0.5)",mlp_prevyears_monthly_features_incremental_scaler,prior_years,2018,2018,f1_score,0.909859371625545,0.907768510253678,-0.0010446433484110895,-0.012957597566628782,0.010541214776907237,-0.0009785680128933877,0.005989977657813898,2000,percentile,0.05,0.4494763880655997,0.4505210314140108,0.552223888055972,0.7062824187120585
"mlp_combined_HE=0.1_CC=0.1_UP=0.1_PR=(0.2,10)_RR=0.5","MLP Combined (HE=0.1, CC=0.1, UP=0.1, PR=(0.2,10), RR=0.5)",mlp_prevyears_monthly_features_incremental_scaler,prior_years,2018,2018,pr_auc,0.909859371625545,0.907768510253678,0.0025797305867173437,-0.004187275033629717,0.009414200456608398,0.002787891054699987,0.0035200661983510375,2000,percentile,0.05,0.4472924003671097,0.44471266978039237,0.21189405297351324,0.33481317593630366
"mlp_combined_HE=0_CC=0.15_UP=0_PR=(0,10)_MC=0.1_RWS=1_RR=0.4","MLP Combined (HE=0, CC=0.15, UP=0, PR=(0,10), MC=0.1, RWS=1, RR=0.4)",mlp_prevyears_monthly_features_incremental_scaler,prior_years,2018,2018,f1_score,0.9123465408907011,0.907768510253678,-0.008662448826080249,-0.02399305162574706,0.004040179220994131,-0.008674149555309034,0.00733819732215996,2000,percentile,0.05,0.44185858258793054,0.4505210314140108,0.8910544727636182,0.9989703943209117
"mlp_combined_HE=0_CC=0.15_UP=0_PR=(0,10)_MC=0.1_RWS=1_RR=0.4","MLP Combined (HE=0, CC=0.15, UP=0, PR=(0,10), MC=0.1, RWS=1, RR=0.4)",mlp_prevyears_monthly_features_incremental_scaler,prior_years,2018,2018,pr_auc,0.9123465408907011,0.907768510253678,-0.003589241878825089,-0.014986953062092906,0.007021893245247066,-0.003873257938107215,0.0057512311709066125,2000,percentile,0.05,0.4411234279015673,0.44471266978039237,0.7436281859070465,0.8660142200813726
"mlp_combined_HE=0_CC=0.1_UP=0.1_PR=(0,10)_MC=0.1_RWS=1_RR=0.5","MLP Combined (HE=0, CC=0.1, UP=0.1, PR=(0,10), MC=0.1, RWS=1, RR=0.5)",mlp_prevyears_monthly_features_incremental_scaler,prior_years,2018,2018,f1_score,0.9235035028522348,0.907768510253678,0.001310641380457056,-0.009784294562433068,0.014165331690777739,0.001166181504513268,0.0062050056690003625,2000,percentile,0.05,0.45183167279446784,0.4505210314140108,0.4567716141929036,0.6093408213925825
"mlp_combined_HE=0_CC=0.1_UP=0.1_PR=(0,10)_MC=0.1_RWS=1_RR=0.5","MLP Combined (HE=0, CC=0.1, UP=0.1, PR=(0,10), MC=0.1, RWS=1, RR=0.5)",mlp_prevyears_monthly_features_incremental_scaler,prior_years,2018,2018,pr_auc,0.9235035028522348,0.907768510253678,0.0034899675229257965,-0.008712352981134425,0.017631188273423505,0.0029845341324780676,0.00683965865836318,2000,percentile,0.05,0.44820263730331816,0.44471266978039237,0.37381309345327335,0.5072827411657996
"mlp_combined_HE=0_CC=0.1_UP=0.2_PR=(0.1,10)_RR=0.5","MLP Combined (HE=0, CC=0.1, UP=0.2, PR=(0.1,10), RR=0.5)",mlp_prevyears_monthly_features_incremental_scaler,prior_years,2018,2018,f1_score,0.8930916299198819,0.907768510253678,-0.00033023820137784154,-0.01458684901757142,0.014902984111175379,-0.0004314814250876128,0.007610140088869063,2000,percentile,0.05,0.45019079321263294,0.4505210314140108,0.5332333833083458,0.68875978677328
"mlp_combined_HE=0_CC=0.1_UP=0.2_PR=(0.1,10)_RR=0.5","MLP Combined (HE=0, CC=0.1, UP=0.2, PR=(0.1,10), RR=0.5)",mlp_prevyears_monthly_features_incremental_scaler,prior_years,2018,2018,pr_auc,0.8930916299198819,0.907768510253678,0.005351851292435761,-0.006399513938920851,0.01766911358482821,0.004868144656898153,0.0062995624746273165,2000,percentile,0.05,0.4500645210728281,0.44471266978039237,0.23488255872063968,0.3632031965015117
"mlp_combined_HE=0_CC=0.2_UP=0.1_PR=(0.2,10)_RR=0.5","MLP Combined (HE=0, CC=0.2, UP=0.1, PR=(0.2,10), RR=0.5)",mlp_prevyears_monthly_features_incremental_scaler,prior_years,2018,2018,f1_score,0.8908083611058523,0.907768510253678,-0.0029978770386985265,-0.016526728296927078,0.01140972191226039,-0.0031252180446022116,0.007151504124025201,2000,percentile,0.05,0.44752315437531226,0.4505210314140108,0.679160419790105,0.8389628715054238
"mlp_combined_HE=0_CC=0.2_UP=0.1_PR=(0.2,10)_RR=0.5","MLP Combined (HE=0, CC=0.2, UP=0.1, PR=(0.2,10), RR=0.5)",mlp_prevyears_monthly_features_incremental_scaler,prior_years,2018,2018,pr_auc,0.8908083611058523,0.907768510253678,-0.002612455082499354,-0.016122920419290303,0.012242319646602962,-0.0032153305259611555,0.00746794948519738,2000,percentile,0.05,0.442100214697893,0.44471266978039237,0.68015992003998,0.8275806230962731
"mlp_combined_HE=0_CC=0.2_UP=0.2_PR=(0.1,10)_RR=0.5","MLP Combined (HE=0, CC=0.2, UP=0.2, PR=(0.1,10), RR=0.5)",mlp_prevyears_monthly_features_incremental_scaler,prior_years,2018,2018,f1_score,0.8890954883460978,0.907768510253678,-0.0010255946725439835,-0.013282579169473053,0.012310326179043513,-0.0011707952061962815,0.0066080032612476575,2000,percentile,0.05,0.4494954367414668,0.4505210314140108,0.5772113943028486,0.7287052798552368
"mlp_combined_HE=0_CC=0.2_UP=0.2_PR=(0.1,10)_RR=0.5","MLP Combined (HE=0, CC=0.2, UP=0.2, PR=(0.1,10), RR=0.5)",mlp_prevyears_monthly_features_incremental_scaler,prior_years,2018,2018,pr_auc,0.8890954883460978,0.907768510253678,-0.0009657822985664755,-0.012719595324008797,0.012393755168370588,-0.0014151875011750594,0.0064315007367632794,2000,percentile,0.05,0.4437468874818259,0.44471266978039237,0.6111944027986007,0.763699724034336
mlp_prevyears_monthly_features_incremental_scaler_experience_replay_RR_0.2,MLP Prevyears + Monthly (Incremental Scaler + Replay RR=0.2),mlp_prevyears_monthly_features_incremental_scaler,prior_years,2018,2018,f1_score,0.9226806099558648,0.907768510253678,-0.005917373484184141,-0.018464272276861923,0.007911302255014659,-0.0058037968226026405,0.006722100727206297,2000,percentile,0.05,0.44460365792982665,0.4505210314140108,0.8050974512743628,0.9432442052355118
mlp_prevyears_monthly_features_incremental_scaler_experience_replay_RR_0.2,MLP Prevyears + Monthly (Incremental Scaler + Replay RR=0.2),mlp_prevyears_monthly_features_incremental_scaler,prior_years,2018,2018,pr_auc,0.9226806099558648,0.907768510253678,-0.008530541140525316,-0.019928825184483148,0.003656027483089877,-0.008052263776776411,0.00620217907700534,2000,percentile,0.05,0.43618212863986705,0.44471266978039237,0.8960519740129935,0.9864535637586611
mlp_prevyears_monthly_features_incremental_scaler_experience_replay_RR_0.2_PR_0.10,"MLP Prevyears + Monthly (Incremental Scaler + Replay RR=0.2, PR=0.10)",mlp_prevyears_monthly_features_incremental_scaler,prior_years,2018,2018,f1_score,0.8951874652447346,0.907768510253678,-0.014317218483533956,-0.02457773165114805,-0.005243234258950144,-0.014329646797958234,0.005148108354044423,2000,percentile,0.05,0.43620381293047683,0.4505210314140108,0.9985007496251874,1.0
mlp_prevyears_monthly_features_incremental_scaler_experience_replay_RR_0.2_PR_0.10,"MLP Prevyears + Monthly (Incremental Scaler + Replay RR=0.2, PR=0.10)",mlp_prevyears_monthly_features_incremental_scaler,prior_years,2018,2018,pr_auc,0.8951874652447346,0.907768510253678,-0.019005735739027474,-0.02938116900208677,-0.008817706899954947,-0.01879792209638746,0.00528143861032577,2000,percentile,0.05,0.4257069340413649,0.44471266978039237,1.0,1.0
mlp_prevyears_monthly_features_incremental_scaler_experience_replay_RR_0.2_PR_0.15,"MLP Prevyears + Monthly (Incremental Scaler + Replay RR=0.2, PR=0.15)",mlp_prevyears_monthly_features_incremental_scaler,prior_years,2018,2018,f1_score,0.9030846021841509,0.907768510253678,-0.0067253552638781855,-0.021080052680402077,0.009043962203743228,-0.006877064730206429,0.0077804592343355804,2000,percentile,0.05,0.4437956761501326,0.4505210314140108,0.8205897051474262,0.9539355322338829
mlp_prevyears_monthly_features_incremental_scaler_experience_replay_RR_0.2_PR_0.15,"MLP Prevyears + Monthly (Incremental Scaler + Replay RR=0.2, PR=0.15)",mlp_prevyears_monthly_features_incremental_scaler,prior_years,2018,2018,pr_auc,0.9030846021841509,0.907768510253678,-0.014926019820804604,-0.0287589500956548,0.0003998598287708281,-0.015033739798400248,0.0074522594228951565,2000,percentile,0.05,0.42978664995958776,0.44471266978039237,0.9705147426286856,1.0
mlp_prevyears_monthly_features_incremental_scaler_experience_replay_RR_0.3,MLP Prevyears + Monthly (Incremental Scaler + Replay RR=0.3),mlp_prevyears_monthly_features_incremental_scaler,prior_years,2018,2018,f1_score,0.9040382410282146,0.907768510253678,0.007768384273691642,-0.002327336392982471,0.019234388383791774,0.007797972183343335,0.005623702496221412,2000,percentile,0.05,0.45828941568770243,0.4505210314140108,0.07646176911544228,0.13750445219379262
mlp_prevyears_monthly_features_incremental_scaler_experience_replay_RR_0.3,MLP Prevyears + Monthly (Incremental Scaler + Replay RR=0.3),mlp_prevyears_monthly_features_incremental_scaler,prior_years,2018,2018,pr_auc,0.9040382410282146,0.907768510253678,0.007713842795813608,-0.0018475237496148613,0.01915390081119341,0.007422858122695711,0.0054462316214890045,2000,percentile,0.05,0.452426512576206,0.44471266978039237,0.07746126936531735,0.1337593802568212
mlp_prevyears_monthly_features_incremental_scaler_experience_replay_RR_0.3_PR_0.10,"MLP Prevyears + Monthly (Incremental Scaler + Replay RR=0.3, PR=0.10)",mlp_prevyears_monthly_features_incremental_scaler,prior_years,2018,2018,f1_score,0.9066625315825738,0.907768510253678,0.001952523252204963,-0.00776169989213925,0.013252154876959181,0.001989009487113713,0.005326416375034705,2000,percentile,0.05,0.45247355466621575,0.4505210314140108,0.35782108945527236,0.4988041311250156
mlp_prevyears_monthly_features_incremental_scaler_experience_replay_RR_0.3_PR_0.10,"MLP Prevyears + Monthly (Incremental Scaler + Replay RR=0.3, PR=0.10)",mlp_prevyears_monthly_features_incremental_scaler,prior_years,2018,2018,pr_auc,0.9066625315825738,0.907768510253678,-0.0017564853888630272,-0.014138399857581193,0.011901190969658679,-0.0018955518523650445,0.006645900904578619,2000,percentile,0.05,0.44295618439152934,0.44471266978039237,0.6291854072963519,0.7801899050474763
mlp_prevyears_monthly_features_incremental_scaler_experience_replay_RR_0.3_PR_0.15,"MLP Prevyears + Monthly (Incremental Scaler + Replay RR=0.3, PR=0.15)",mlp_prevyears_monthly_features_incremental_scaler,prior_years,2018,2018,f1_score,0.8998606351424626,0.907768510253678,-0.0049021162540664465,-0.014306934536184616,0.00470107334231401,-0.0047220632974413375,0.0048591763382798085,2000,percentile,0.05,0.44561891515994434,0.4505210314140108,0.8305847076461769,0.9592836560443182
mlp_prevyears_monthly_features_incremental_scaler_experience_replay_RR_0.3_PR_0.15,"MLP Prevyears + Monthly (Incremental Scaler + Replay RR=0.3, PR=0.15)",mlp_prevyears_monthly_features_incremental_scaler,prior_years,2018,2018,pr_auc,0.8998606351424626,0.907768510253678,-0.006936523096347846,-0.013572030271011818,0.00040035526691255366,-0.0066737399836848494,0.0035962616903253606,2000,percentile,0.05,0.4377761466840445,0.44471266978039237,0.9660169915042479,1.0
mlp_prevyears_monthly_features_incremental_scaler_experience_replay_RR_0.4,MLP Prevyears + Monthly (Incremental Scaler + Replay RR=0.4),mlp_prevyears_monthly_features_incremental_scaler,prior_years,2018,2018,f1_score,0.916026174111179,0.907768510253678,-0.006706752831883989,-0.021520541655755013,0.008512299048262346,-0.006707729857457035,0.007688864930724423,2000,percentile,0.05,0.4438142785821268,0.4505210314140108,0.8075962018990505,0.9438871228658562
mlp_prevyears_monthly_features_incremental_scaler_experience_replay_RR_0.4,MLP Prevyears + Monthly (Incremental Scaler + Replay RR=0.4),mlp_prevyears_monthly_features_incremental_scaler,prior_years,2018,2018,pr_auc,0.916026174111179,0.907768510253678,-0.003815235747637924,-0.013869245229002663,0.005862887350163287,-0.00394914615425607,0.005074833358934648,2000,percentile,0.05,0.44089743403275444,0.44471266978039237,0.7956021989005497,0.908661458744312
mlp_prevyears_monthly_features_incremental_scaler_experience_replay_RR_0.4_PR_0.10,"MLP Prevyears + Monthly (Incremental Scaler + Replay RR=0.4, PR=0.10)",mlp_prevyears_monthly_features_incremental_scaler,prior_years,2018,2018,f1_score,0.927573393666524,0.907768510253678,-0.0008811683841371543,-0.009733473183541595,0.010363220990319617,-0.0006030522043435117,0.005060898918115621,2000,percentile,0.05,0.44963986302987363,0.4505210314140108,0.5642178910544727,0.7172641749300788
mlp_prevyears_monthly_features_incremental_scaler_experience_replay_RR_0.4_PR_0.10,"MLP Prevyears + Monthly (Incremental Scaler + Replay RR=0.4, PR=0.10)",mlp_prevyears_monthly_features_incremental_scaler,prior_years,2018,2018,pr_auc,0.927573393666524,0.907768510253678,-0.0006134396699679634,-0.008027408819420326,0.00796915255073179,-0.00029696640298570575,0.004057911624296072,2000,percentile,0.05,0.4440992301104244,0.44471266978039237,0.5422288855572214,0.6921392245053943
mlp_prevyears_monthly_features_incremental_scaler_experience_replay_RR_0.4_PR_0.15,"MLP Prevyears + Monthly (Incremental Scaler + Replay RR=0.4, PR=0.15)",mlp_prevyears_monthly_features_incremental_scaler,prior_years,2018,2018,f1_score,0.8932935017610646,0.907768510253678,0.0067527371999639985,-0.0010534324954193375,0.014674468772770394,0.006878988727629656,0.004114040878900541,2000,percentile,0.05,0.4572737686139748,0.4505210314140108,0.04597701149425287,0.08803245436105477
mlp_prevyears_monthly_features_incremental_scaler_experience_replay_RR_0.4_PR_0.15,"MLP Prevyears + Monthly (Incremental Scaler + Replay RR=0.4, PR=0.15)",mlp_prevyears_monthly_features_incremental_scaler,prior_years,2018,2018,pr_auc,0.8932935017610646,0.907768510253678,0.002984037026241837,-0.0038553013449740088,0.010038843806065333,0.003238959115783718,0.003524477120938955,2000,percentile,0.05,0.4476967068066342,0.44471266978039237,0.1839080459770115,0.296346876066917
mlp_prevyears_monthly_features_incremental_scaler_experience_replay_RR_0.5,MLP Prevyears + Monthly (Incremental Scaler + Replay RR=0.5),mlp_prevyears_monthly_features_incremental_scaler,prior_years,2018,2018,f1_score,0.8984206690973232,0.907768510253678,-0.017067261349448803,-0.02900815965458678,-0.004079189099125096,-0.01687342614765872,0.006239610801598191,2000,percentile,0.05,0.433453770064562,0.4505210314140108,0.9950024987506247,1.0
mlp_prevyears_monthly_features_incremental_scaler_experience_replay_RR_0.5,MLP Prevyears + Monthly (Incremental Scaler + Replay RR=0.5),mlp_prevyears_monthly_features_incremental_scaler,prior_years,2018,2018,pr_auc,0.8984206690973232,0.907768510253678,-0.018801932875864513,-0.028742852423146652,-0.008664996182414675,-0.018638591530689693,0.005169873875475402,2000,percentile,0.05,0.42591073690452785,0.44471266978039237,0.9995002498750625,1.0
mlp_prevyears_monthly_features_incremental_scaler_experience_replay_RR_0.5_PR_0.10,"MLP Prevyears + Monthly (Incremental Scaler + Replay RR=0.5, PR=0.10)",mlp_prevyears_monthly_features_incremental_scaler,prior_years,2018,2018,f1_score,0.9197327243171926,0.907768510253678,-0.002615034467563948,-0.010926500385393837,0.006764116909132667,-0.002470916408823708,0.004564964928053543,2000,percentile,0.05,0.44790599694644684,0.4505210314140108,0.7116441779110445,0.8704146988419486
mlp_prevyears_monthly_features_incremental_scaler_experience_replay_RR_0.5_PR_0.10,"MLP Prevyears + Monthly (Incremental Scaler + Replay RR=0.5, PR=0.10)",mlp_prevyears_monthly_features_incremental_scaler,prior_years,2018,2018,pr_auc,0.9197327243171926,0.907768510253678,-0.003278006468963701,-0.013016818949858448,0.007508665062330769,-0.0035489617514859236,0.005286723186585763,2000,percentile,0.05,0.44143466331142867,0.44471266978039237,0.7511244377811095,0.8731821589205397
mlp_prevyears_monthly_features_incremental_scaler_experience_replay_RR_0.5_PR_0.15,"MLP Prevyears + Monthly (Incremental Scaler + Replay RR=0.5, PR=0.15)",mlp_prevyears_monthly_features_incremental_scaler,prior_years,2018,2018,f1_score,0.9181787218898467,0.907768510253678,0.002492449949986042,-0.007336699998578461,0.01585117461512976,0.0025465155762126814,0.00587537538890237,2000,percentile,0.05,0.45301348136399683,0.4505210314140108,0.3748125937031484,0.5191553159590417
mlp_prevyears_monthly_features_incremental_scaler_experience_replay_RR_0.5_PR_0.15,"MLP Prevyears + Monthly (Incremental Scaler + Replay RR=0.5, PR=0.15)",mlp_prevyears_monthly_features_incremental_scaler,prior_years,2018,2018,pr_auc,0.9181787218898467,0.907768510253678,-0.0014164701710190353,-0.013044945607712684,0.010009332067832654,-0.0013534449102236153,0.005793626090852069,2000,percentile,0.05,0.44329619960937333,0.44471266978039237,0.5902048975512244,0.7417439928684307
mlp_prevyears_monthly_features_incremental_scaler_experience_replay_confidently_correct_memory_RR_0.2,MLP Prevyears + Monthly (Incremental Scaler + Replay Confidently Correct RR=0.2),mlp_prevyears_monthly_features_incremental_scaler,prior_years,2018,2018,f1_score,0.8835039210927852,0.907768510253678,-0.005126205853895949,-0.012637455775876317,0.004138815553370018,-0.004860152865269142,0.004258903417077995,2000,percentile,0.05,0.44539482556011484,0.4505210314140108,0.8745627186406797,0.9867250083796923
mlp_prevyears_monthly_features_incremental_scaler_experience_replay_confidently_correct_memory_RR_0.2,MLP Prevyears + Monthly (Incremental Scaler + Replay Confidently Correct RR=0.2),mlp_prevyears_monthly_features_incremental_scaler,prior_years,2018,2018,pr_auc,0.8835039210927852,0.907768510253678,-0.006472834368852154,-0.01494585359853614,0.002421553305370012,-0.0062545387432824595,0.004340936152580552,2000,percentile,0.05,0.4382398354115402,0.44471266978039237,0.9255372313843079,1.0
mlp_prevyears_monthly_features_incremental_scaler_experience_replay_confidently_correct_memory_RR_0.3,MLP Prevyears + Monthly (Incremental Scaler + Replay Confidently Correct RR=0.3),mlp_prevyears_monthly_features_incremental_scaler,prior_years,2018,2018,f1_score,0.9019599042865214,0.907768510253678,-0.001017605742203942,-0.011042562177879751,0.008248287894596189,-0.0010359406938274716,0.0049628135502176795,2000,percentile,0.05,0.44950342567180684,0.4505210314140108,0.5652173913043478,0.7172641749300788
mlp_prevyears_monthly_features_incremental_scaler_experience_replay_confidently_correct_memory_RR_0.3,MLP Prevyears + Monthly (Incremental Scaler + Replay Confidently Correct RR=0.3),mlp_prevyears_monthly_features_incremental_scaler,prior_years,2018,2018,pr_auc,0.9019599042865214,0.907768510253678,0.000736596698841907,-0.008536091638354537,0.00979901400372501,0.0005372320108927602,0.0046601594471263755,2000,percentile,0.05,0.4454492664792343,0.44471266978039237,0.4607696151924038,0.6035432987731486
mlp_prevyears_monthly_features_incremental_scaler_experience_replay_confidently_correct_memory_RR_0.4,MLP Prevyears + Monthly (Incremental Scaler + Replay Confidently Correct RR=0.4),mlp_prevyears_monthly_features_incremental_scaler,prior_years,2018,2018,f1_score,0.8864082959197579,0.907768510253678,0.00021726027459983976,-0.007984800534855296,0.010647657867244916,0.0003361895800874901,0.004779917553582201,2000,percentile,0.05,0.4507382916886106,0.4505210314140108,0.5027486256871564,0.6598575712143927
mlp_prevyears_monthly_features_incremental_scaler_experience_replay_confidently_correct_memory_RR_0.4,MLP Prevyears + Monthly (Incremental Scaler + Replay Confidently Correct RR=0.4),mlp_prevyears_monthly_features_incremental_scaler,prior_years,2018,2018,pr_auc,0.8864082959197579,0.907768510253678,-0.0023539573529580138,-0.009899588136119849,0.005251691350656844,-0.0023269532945714086,0.0038703873924875033,2000,percentile,0.05,0.44235871242743435,0.44471266978039237,0.7336331834082959,0.8564884224554389
mlp_prevyears_monthly_features_incremental_scaler_experience_replay_confidently_correct_memory_RR_0.5,MLP Prevyears + Monthly (Incremental Scaler + Replay Confidently Correct RR=0.5),mlp_prevyears_monthly_features_incremental_scaler,prior_years,2018,2018,f1_score,0.9329182792123143,0.907768510253678,-0.0012378665718341675,-0.009333175620055516,0.008331425495131939,-0.001030408008187166,0.004447334037659837,2000,percentile,0.05,0.4492831648421766,0.4505210314140108,0.616191904047976,0.769944202562826
mlp_prevyears_monthly_features_incremental_scaler_experience_replay_confidently_correct_memory_RR_0.5,MLP Prevyears + Monthly (Incremental Scaler + Replay Confidently Correct RR=0.5),mlp_prevyears_monthly_features_incremental_scaler,prior_years,2018,2018,pr_auc,0.9329182792123143,0.907768510253678,-0.0018293467414111086,-0.008700246551406426,0.005233386810123463,-0.001753264727848405,0.0035075201795624336,2000,percentile,0.05,0.44288332303898126,0.44471266978039237,0.6981509245377311,0.8396183033710005
mlp_prevyears_monthly_features_incremental_scaler_experience_replay_hard_example_mining_RR_0.2,MLP Prevyears + Monthly (Incremental Scaler + Replay Hard Example Mining RR=0.2),mlp_prevyears_monthly_features_incremental_scaler,prior_years,2018,2018,f1_score,0.9150335744849366,0.907768510253678,0.003848950056032474,-0.0025562331897679784,0.011019879905093776,0.004015808036291515,0.003500787534560842,2000,percentile,0.05,0.45436998147004326,0.4505210314140108,0.11944027986006997,0.20301729031045834
mlp_prevyears_monthly_features_incremental_scaler_experience_replay_hard_example_mining_RR_0.2,MLP Prevyears + Monthly (Incremental Scaler + Replay Hard Example Mining RR=0.2),mlp_prevyears_monthly_features_incremental_scaler,prior_years,2018,2018,pr_auc,0.9150335744849366,0.907768510253678,0.0031347245595654827,-0.004173486678341676,0.010872993524131134,0.003396659303703197,0.003962232739867501,2000,percentile,0.05,0.44784739433995785,0.44471266978039237,0.19440279860069964,0.3117148322390529
mlp_prevyears_monthly_features_incremental_scaler_experience_replay_hard_example_mining_RR_0.3,MLP Prevyears + Monthly (Incremental Scaler + Replay Hard Example Mining RR=0.3),mlp_prevyears_monthly_features_incremental_scaler,prior_years,2018,2018,f1_score,0.9095481566122262,0.907768510253678,-0.002760425831295099,-0.013202766023155819,0.007162355853753618,-0.0028044068552828573,0.005288986571633828,2000,percentile,0.05,0.4477606055827157,0.4505210314140108,0.697151424287856,0.8579311478476263
mlp_prevyears_monthly_features_incremental_scaler_experience_replay_hard_example_mining_RR_0.3,MLP Prevyears + Monthly (Incremental Scaler + Replay Hard Example Mining RR=0.3),mlp_prevyears_monthly_features_incremental_scaler,prior_years,2018,2018,pr_auc,0.9095481566122262,0.907768510253678,-0.009816676717992134,-0.02033906283014964,0.0011425835655269083,-0.009749175144642233,0.005477480840146107,2000,percentile,0.05,0.43489599306240023,0.44471266978039237,0.9655172413793104,1.0
mlp_prevyears_monthly_features_incremental_scaler_experience_replay_hard_example_mining_RR_0.4,MLP Prevyears + Monthly (Incremental Scaler + Replay Hard Example Mining RR=0.4),mlp_prevyears_monthly_features_incremental_scaler,prior_years,2018,2018,f1_score,0.9016003873315855,0.907768510253678,-0.010236671224437333,-0.019024505409139095,-0.0003302540253840038,-0.009931168915044423,0.004792122938098471,2000,percentile,0.05,0.44028436018957345,0.4505210314140108,0.9795102448775612,1.0
mlp_prevyears_monthly_features_incremental_scaler_experience_replay_hard_example_mining_RR_0.4,MLP Prevyears + Monthly (Incremental Scaler + Replay Hard Example Mining RR=0.4),mlp_prevyears_monthly_features_incremental_scaler,prior_years,2018,2018,pr_auc,0.9016003873315855,0.907768510253678,-0.012110896506999869,-0.021123043622705936,-0.003017849909547238,-0.011895014246460722,0.004533041445458736,2000,percentile,0.05,0.4326017732733925,0.44471266978039237,0.9960019990004998,1.0
mlp_prevyears_monthly_features_incremental_scaler_experience_replay_hard_example_mining_RR_0.5,MLP Prevyears + Monthly (Incremental Scaler + Replay Hard Example Mining RR=0.5),mlp_prevyears_monthly_features_incremental_scaler,prior_years,2018,2018,f1_score,0.9107851196784318,0.907768510253678,-0.001044017577679246,-0.011742450711052996,0.011810402529769188,-0.0009057277158739797,0.006014998947321187,2000,percentile,0.05,0.44947701383633154,0.4505210314140108,0.5787106446776612,0.7287052798552368
mlp_prevyears_monthly_features_incremental_scaler_experience_replay_hard_example_mining_RR_0.5,MLP Prevyears + Monthly (Incremental Scaler + Replay Hard Example Mining RR=0.5),mlp_prevyears_monthly_features_incremental_scaler,prior_years,2018,2018,pr_auc,0.9107851196784318,0.907768510253678,-0.002855232750849479,-0.013835661375037106,0.008750807691993257,-0.0032019597477167885,0.0059902872240350895,2000,percentile,0.05,0.4418574370295429,0.44471266978039237,0.7176411794102948,0.8463485648480108
mlp_prevyears_monthly_features_incremental_scaler_experience_replay_uncertainity_prioritization_RR_0.2,MLP Prevyears + Monthly (Incremental Scaler + Replay Uncertainty Prioritization RR=0.2),mlp_prevyears_monthly_features_incremental_scaler,prior_years,2018,2018,f1_score,0.9437756094619373,0.907768510253678,0.0015334897298954764,-0.00858191860834629,0.015719893911738305,0.001786683040839045,0.00626532427772126,2000,percentile,0.05,0.45205452114390626,0.4505210314140108,0.4217891054472764,0.573245736213313
mlp_prevyears_monthly_features_incremental_scaler_experience_replay_uncertainity_prioritization_RR_0.2,MLP Prevyears + Monthly (Incremental Scaler + Replay Uncertainty Prioritization RR=0.2),mlp_prevyears_monthly_features_incremental_scaler,prior_years,2018,2018,pr_auc,0.9437756094619373,0.907768510253678,0.00045334284130782443,-0.008328006179219761,0.01088057437100142,0.0008616694483756456,0.0049415673746839184,2000,percentile,0.05,0.4451660126217002,0.44471266978039237,0.43728135932033985,0.5785978961738643
mlp_prevyears_monthly_features_incremental_scaler_experience_replay_uncertainity_prioritization_RR_0.3,MLP Prevyears + Monthly (Incremental Scaler + Replay Uncertainty Prioritization RR=0.3),mlp_prevyears_monthly_features_incremental_scaler,prior_years,2018,2018,f1_score,0.9236843575815233,0.907768510253678,-0.008168274032351652,-0.017747835741787062,0.0022634638222502846,-0.008061160840207521,0.004935427802525735,2000,percentile,0.05,0.44235275738165913,0.4505210314140108,0.9470264867566217,1.0
mlp_prevyears_monthly_features_incremental_scaler_experience_replay_uncertainity_prioritization_RR_0.3,MLP Prevyears + Monthly (Incremental Scaler + Replay Uncertainty Prioritization RR=0.3),mlp_prevyears_monthly_features_incremental_scaler,prior_years,2018,2018,pr_auc,0.9236843575815233,0.907768510253678,-0.008936558990024546,-0.016253746384474924,-0.0012583766086683309,-0.008697416189723082,0.003804226583321402,2000,percentile,0.05,0.4357761107903678,0.44471266978039237,0.9875062468765617,1.0
mlp_prevyears_monthly_features_incremental_scaler_experience_replay_uncertainity_prioritization_RR_0.4,MLP Prevyears + Monthly (Incremental Scaler + Replay Uncertainty Prioritization RR=0.4),mlp_prevyears_monthly_features_incremental_scaler,prior_years,2018,2018,f1_score,0.9141368374601839,0.907768510253678,-0.00446151763259367,-0.016487049372559077,0.006839682336739154,-0.004480034354218929,0.005937926362418713,2000,percentile,0.05,0.4460595137814171,0.4505210314140108,0.7756121939030485,0.9219869992011294
mlp_prevyears_monthly_features_incremental_scaler_experience_replay_uncertainity_prioritization_RR_0.4,MLP Prevyears + Monthly (Incremental Scaler + Replay Uncertainty Prioritization RR=0.4),mlp_prevyears_monthly_features_incremental_scaler,prior_years,2018,2018,pr_auc,0.9141368374601839,0.907768510253678,-0.004207552318344021,-0.011817763486023283,0.002637125767348304,-0.004260084695259888,0.0036510755925571255,2000,percentile,0.05,0.44050511746204835,0.44471266978039237,0.8840579710144928,0.9837978446674098
mlp_prevyears_monthly_features_incremental_scaler_experience_replay_uncertainity_prioritization_RR_0.5,MLP Prevyears + Monthly (Incremental Scaler + Replay Uncertainty Prioritization RR=0.5),mlp_prevyears_monthly_features_incremental_scaler,prior_years,2018,2018,f1_score,0.9256028583643758,0.907768510253678,-0.006494763124137881,-0.020315400891600315,0.005755933949867979,-0.006682983256508601,0.006593241301757759,2000,percentile,0.05,0.4440262682898729,0.4505210314140108,0.8510744627686156,0.9771595683639661
mlp_prevyears_monthly_features_incremental_scaler_experience_replay_uncertainity_prioritization_RR_0.5,MLP Prevyears + Monthly (Incremental Scaler + Replay Uncertainty Prioritization RR=0.5),mlp_prevyears_monthly_features_incremental_scaler,prior_years,2018,2018,pr_auc,0.9256028583643758,0.907768510253678,-0.008082188564646264,-0.018767038901437542,0.002362262986157158,-0.008487861738593037,0.005431708586078753,2000,percentile,0.05,0.4366304812157461,0.44471266978039237,0.9390304847576212,1.0
mlp_prevyears_monthly_features_incremental_scaler_missclassification_buffer_RR_0.3,MLP Prevyears + Monthly (Incremental Scaler + Misclassification Buffer RR=0.3),mlp_prevyears_monthly_features_incremental_scaler,prior_years,2018,2018,f1_score,0.8997982883704229,0.907768510253678,-0.004235919727691162,-0.013797683894874926,0.007426072678704928,-0.003912055235394085,0.005416323898464385,2000,percentile,0.05,0.4462851116863196,0.4505210314140108,0.776111944027986,0.9219869992011294
mlp_prevyears_monthly_features_incremental_scaler_missclassification_buffer_RR_0.3,MLP Prevyears + Monthly (Incremental Scaler + Misclassification Buffer RR=0.3),mlp_prevyears_monthly_features_incremental_scaler,prior_years,2018,2018,pr_auc,0.8997982883704229,0.907768510253678,-0.007590623831026988,-0.016121896859727383,0.0023391390041488974,-0.007307999767527422,0.004750771148627886,2000,percentile,0.05,0.4371220459493654,0.44471266978039237,0.9335332333833083,1.0
"mlp_combined_HE=0.1_CC=0.1_UP=0.1_PR=(0.2,10)_RR=0.5","MLP Combined (HE=0.1, CC=0.1, UP=0.1, PR=(0.2,10), RR=0.5)",mlp_prevyears_monthly_features_incremental_scaler,prior_years,2019,2017,f1_score,0.7136593573797453,0.9845718448312417,0.19797832246594643,0.15526114288954215,0.2387342478309375,0.19739027284306457,0.021091312390553906,2000,percentile,0.05,0.2635748638023588,0.06559654133641234,0.0004997501249375312,0.001260997408272608
"mlp_combined_HE=0.1_CC=0.1_UP=0.1_PR=(0.2,10)_RR=0.5","MLP Combined (HE=0.1, CC=0.1, UP=0.1, PR=(0.2,10), RR=0.5)",mlp_prevyears_monthly_features_incremental_scaler,prior_years,2019,2017,pr_auc,0.7136593573797453,0.9845718448312417,0.1744036417277583,0.13222514689130016,0.21807716520064907,0.1748302269272448,0.021921214187636318,2000,percentile,0.05,0.20626127810604838,0.0318576363782901,0.0004997501249375312,0.001080854921376521
"mlp_combined_HE=0_CC=0.15_UP=0_PR=(0,10)_MC=0.1_RWS=1_RR=0.4","MLP Combined (HE=0, CC=0.15, UP=0, PR=(0,10), MC=0.1, RWS=1, RR=0.4)",mlp_prevyears_monthly_features_incremental_scaler,prior_years,2019,2017,f1_score,0.7581272556909522,0.9845718448312417,0.1713498947664978,0.13619810732576562,0.20439706591017875,0.1708711204889287,0.01754703197296919,2000,percentile,0.05,0.23694643610291016,0.06559654133641234,0.0004997501249375312,0.001260997408272608
"mlp_combined_HE=0_CC=0.15_UP=0_PR=(0,10)_MC=0.1_RWS=1_RR=0.4","MLP Combined (HE=0, CC=0.15, UP=0, PR=(0,10), MC=0.1, RWS=1, RR=0.4)",mlp_prevyears_monthly_features_incremental_scaler,prior_years,2019,2017,pr_auc,0.7581272556909522,0.9845718448312417,0.13252214871167095,0.1004245003688,0.17247234025436017,0.1344894696162861,0.01819436594041197,2000,percentile,0.05,0.16437978508996107,0.0318576363782901,0.0004997501249375312,0.001080854921376521
"mlp_combined_HE=0_CC=0.1_UP=0.1_PR=(0,10)_MC=0.1_RWS=1_RR=0.5","MLP Combined (HE=0, CC=0.1, UP=0.1, PR=(0,10), MC=0.1, RWS=1, RR=0.5)",mlp_prevyears_monthly_features_incremental_scaler,prior_years,2019,2017,f1_score,0.6798018550954833,0.9845718448312417,0.13852954258254546,0.10595742114474843,0.16971343236985803,0.13753396461742443,0.01653856152955337,2000,percentile,0.05,0.20412608391895778,0.06559654133641234,0.0004997501249375312,0.001260997408272608
"mlp_combined_HE=0_CC=0.1_UP=0.1_PR=(0,10)_MC=0.1_RWS=1_RR=0.5","MLP Combined (HE=0, CC=0.1, UP=0.1, PR=(0,10), MC=0.1, RWS=1, RR=0.5)",mlp_prevyears_monthly_features_incremental_scaler,prior_years,2019,2017,pr_auc,0.6798018550954833,0.9845718448312417,0.10614954716137266,0.07945274744030467,0.1371440443785355,0.10702686918555156,0.014892118598121859,2000,percentile,0.05,0.13800718353966276,0.0318576363782901,0.0004997501249375312,0.001080854921376521
"mlp_combined_HE=0_CC=0.1_UP=0.2_PR=(0.1,10)_RR=0.5","MLP Combined (HE=0, CC=0.1, UP=0.2, PR=(0.1,10), RR=0.5)",mlp_prevyears_monthly_features_incremental_scaler,prior_years,2019,2017,f1_score,0.7829033551899929,0.9845718448312417,0.1287138698414687,0.10098165425493083,0.1553777108985856,0.1283396812573965,0.013891446314211917,2000,percentile,0.05,0.19431041117788106,0.06559654133641234,0.0004997501249375312,0.001260997408272608
"mlp_combined_HE=0_CC=0.1_UP=0.2_PR=(0.1,10)_RR=0.5","MLP Combined (HE=0, CC=0.1, UP=0.2, PR=(0.1,10), RR=0.5)",mlp_prevyears_monthly_features_incremental_scaler,prior_years,2019,2017,pr_auc,0.7829033551899929,0.9845718448312417,0.10904373146734135,0.0794462884365884,0.14126375868751642,0.10911934233649893,0.015954836402554743,2000,percentile,0.05,0.14090136784563145,0.0318576363782901,0.0004997501249375312,0.001080854921376521
"mlp_combined_HE=0_CC=0.2_UP=0.1_PR=(0.2,10)_RR=0.5","MLP Combined (HE=0, CC=0.2, UP=0.1, PR=(0.2,10), RR=0.5)",mlp_prevyears_monthly_features_incremental_scaler,prior_years,2019,2017,f1_score,0.7769507813500617,0.9845718448312417,0.1663285978323319,0.13104405403856773,0.19963780287238891,0.16608453858698308,0.017744212412902992,2000,percentile,0.05,0.23192513916874424,0.06559654133641234,0.0004997501249375312,0.001260997408272608
"mlp_combined_HE=0_CC=0.2_UP=0.1_PR=(0.2,10)_RR=0.5","MLP Combined (HE=0, CC=0.2, UP=0.1, PR=(0.2,10), RR=0.5)",mlp_prevyears_monthly_features_incremental_scaler,prior_years,2019,2017,pr_auc,0.7769507813500617,0.9845718448312417,0.13892960578973718,0.10425804388812877,0.17658060361477101,0.14006350291692837,0.018599022230292098,2000,percentile,0.05,0.17078724216802726,0.0318576363782901,0.0004997501249375312,0.001080854921376521
"mlp_combined_HE=0_CC=0.2_UP=0.2_PR=(0.1,10)_RR=0.5","MLP Combined (HE=0, CC=0.2, UP=0.2, PR=(0.1,10), RR=0.5)",mlp_prevyears_monthly_features_incremental_scaler,prior_years,2019,2017,f1_score,0.73121766976664,0.9845718448312417,0.1764813584208223,0.13526163703420666,0.21460875883425004,0.1758120984828742,0.020349081494396997,2000,percentile,0.05,0.24207789975723462,0.06559654133641234,0.0004997501249375312,0.001260997408272608
"mlp_combined_HE=0_CC=0.2_UP=0.2_PR=(0.1,10)_RR=0.5","MLP Combined (HE=0, CC=0.2, UP=0.2, PR=(0.1,10), RR=0.5)",mlp_prevyears_monthly_features_incremental_scaler,prior_years,2019,2017,pr_auc,0.73121766976664,0.9845718448312417,0.1534922438574236,0.1124082245552283,0.19578209028633733,0.15393102084010843,0.021097413107775544,2000,percentile,0.05,0.1853498802357137,0.0318576363782901,0.0004997501249375312,0.001080854921376521
mlp_prevyears_monthly_features_incremental_scaler_experience_replay_RR_0.2,MLP Prevyears + Monthly (Incremental Scaler + Replay RR=0.2),mlp_prevyears_monthly_features_incremental_scaler,prior_years,2019,2017,f1_score,0.87878238201007,0.9845718448312417,0.17312478790324815,0.13281156083594417,0.20930242320315248,0.17244391454982352,0.01942117123294793,2000,percentile,0.05,0.23872132923966047,0.06559654133641234,0.0004997501249375312,0.001260997408272608
mlp_prevyears_monthly_features_incremental_scaler_experience_replay_RR_0.2,MLP Prevyears + Monthly (Incremental Scaler + Replay RR=0.2),mlp_prevyears_monthly_features_incremental_scaler,prior_years,2019,2017,pr_auc,0.87878238201007,0.9845718448312417,0.1367704685990329,0.09885580797867673,0.17788773068597366,0.1375947153653946,0.019855622709441165,2000,percentile,0.05,0.16862810497732303,0.0318576363782901,0.0004997501249375312,0.001080854921376521
mlp_prevyears_monthly_features_incremental_scaler_experience_replay_RR_0.2_PR_0.10,"MLP Prevyears + Monthly (Incremental Scaler + Replay RR=0.2, PR=0.10)",mlp_prevyears_monthly_features_incremental_scaler,prior_years,2019,2017,f1_score,0.8998609331918178,0.9845718448312417,0.1862649305250595,0.14541315118030068,0.2260005868808599,0.1857768182886685,0.020489682805477933,2000,percentile,0.05,0.25186147186147184,0.06559654133641234,0.0004997501249375312,0.001260997408272608
mlp_prevyears_monthly_features_incremental_scaler_experience_replay_RR_0.2_PR_0.10,"MLP Prevyears + Monthly (Incremental Scaler + Replay RR=0.2, PR=0.10)",mlp_prevyears_monthly_features_incremental_scaler,prior_years,2019,2017,pr_auc,0.8998609331918178,0.9845718448312417,0.14404184286898608,0.10769000166546105,0.18563253838452187,0.14546301261526465,0.019395324349124134,2000,percentile,0.05,0.1758994792472762,0.0318576363782901,0.0004997501249375312,0.001080854921376521
mlp_prevyears_monthly_features_incremental_scaler_experience_replay_RR_0.2_PR_0.15,"MLP Prevyears + Monthly (Incremental Scaler + Replay RR=0.2, PR=0.15)",mlp_prevyears_monthly_features_incremental_scaler,prior_years,2019,2017,f1_score,0.8578678086088402,0.9845718448312417,0.16363735372752936,0.12957948901755068,0.19518113013848915,0.16315787663260345,0.01648171322282355,2000,percentile,0.05,0.22923389506394168,0.06559654133641234,0.0004997501249375312,0.001260997408272608
mlp_prevyears_monthly_features_incremental_scaler_experience_replay_RR_0.2_PR_0.15,"MLP Prevyears + Monthly (Incremental Scaler + Replay RR=0.2, PR=0.15)",mlp_prevyears_monthly_features_incremental_scaler,prior_years,2019,2017,pr_auc,0.8578678086088402,0.9845718448312417,0.12185312895000748,0.09246794881936286,0.15387366624034374,0.12290022568076191,0.015894522627342738,2000,percentile,0.05,0.15371076532829758,0.0318576363782901,0.0004997501249375312,0.001080854921376521
mlp_prevyears_monthly_features_incremental_scaler_experience_replay_RR_0.3,MLP Prevyears + Monthly (Incremental Scaler + Replay RR=0.3),mlp_prevyears_monthly_features_incremental_scaler,prior_years,2019,2017,f1_score,0.8626712114520944,0.9845718448312417,0.19059048607601237,0.15314122181608736,0.22426900758966437,0.19001463573084812,0.018063080429643344,2000,percentile,0.05,0.2561870274124247,0.06559654133641234,0.0004997501249375312,0.001260997408272608
mlp_prevyears_monthly_features_incremental_scaler_experience_replay_RR_0.3,MLP Prevyears + Monthly (Incremental Scaler + Replay RR=0.3),mlp_prevyears_monthly_features_incremental_scaler,prior_years,2019,2017,pr_auc,0.8626712114520944,0.9845718448312417,0.1544514281404719,0.11906061348784222,0.19043144134823867,0.15488682776081067,0.01832900700674674,2000,percentile,0.05,0.18630906451876203,0.0318576363782901,0.0004997501249375312,0.001080854921376521
mlp_prevyears_monthly_features_incremental_scaler_experience_replay_RR_0.3_PR_0.10,"MLP Prevyears + Monthly (Incremental Scaler + Replay RR=0.3, PR=0.10)",mlp_prevyears_monthly_features_incremental_scaler,prior_years,2019,2017,f1_score,0.8921158741522446,0.9845718448312417,0.19575101499318381,0.15994252164421044,0.23072054467137856,0.19567038834881328,0.018322941429547584,2000,percentile,0.05,0.26134755632959616,0.06559654133641234,0.0004997501249375312,0.001260997408272608
mlp_prevyears_monthly_features_incremental_scaler_experience_replay_RR_0.3_PR_0.10,"MLP Prevyears + Monthly (Incremental Scaler + Replay RR=0.3, PR=0.10)",mlp_prevyears_monthly_features_incremental_scaler,prior_years,2019,2017,pr_auc,0.8921158741522446,0.9845718448312417,0.1613465152549674,0.12110306226171332,0.20592199351561213,0.16269753074473461,0.02177357560075035,2000,percentile,0.05,0.1932041516332575,0.0318576363782901,0.0004997501249375312,0.001080854921376521
mlp_prevyears_monthly_features_incremental_scaler_experience_replay_RR_0.3_PR_0.15,"MLP Prevyears + Monthly (Incremental Scaler + Replay RR=0.3, PR=0.15)",mlp_prevyears_monthly_features_incremental_scaler,prior_years,2019,2017,f1_score,0.8852612771663999,0.9845718448312417,0.15710695503873678,0.12295353420019935,0.19078471732657523,0.15692381891615748,0.01735103614205238,2000,percentile,0.05,0.22270349637514913,0.06559654133641234,0.0004997501249375312,0.001260997408272608
mlp_prevyears_monthly_features_incremental_scaler_experience_replay_RR_0.3_PR_0.15,"MLP Prevyears + Monthly (Incremental Scaler + Replay RR=0.3, PR=0.15)",mlp_prevyears_monthly_features_incremental_scaler,prior_years,2019,2017,pr_auc,0.8852612771663999,0.9845718448312417,0.1152932120071944,0.08491604987701028,0.14893379431033155,0.11617376280138367,0.016601983884151836,2000,percentile,0.05,0.1471508483854845,0.0318576363782901,0.0004997501249375312,0.001080854921376521
mlp_prevyears_monthly_features_incremental_scaler_experience_replay_RR_0.4,MLP Prevyears + Monthly (Incremental Scaler + Replay RR=0.4),mlp_prevyears_monthly_features_incremental_scaler,prior_years,2019,2017,f1_score,0.8041328070842314,0.9845718448312417,0.17720370376162686,0.1445773668782087,0.20911079229386298,0.17691651681185094,0.01675512243554436,2000,percentile,0.05,0.2428002450980392,0.06559654133641234,0.0004997501249375312,0.001260997408272608
mlp_prevyears_monthly_features_incremental_scaler_experience_replay_RR_0.4,MLP Prevyears + Monthly (Incremental Scaler + Replay RR=0.4),mlp_prevyears_monthly_features_incremental_scaler,prior_years,2019,2017,pr_auc,0.8041328070842314,0.9845718448312417,0.1511252439160481,0.11359621268280226,0.18819679522148933,0.1517485854176638,0.018423144977354127,2000,percentile,0.05,0.18298288029433818,0.0318576363782901,0.0004997501249375312,0.001080854921376521
mlp_prevyears_monthly_features_incremental_scaler_experience_replay_RR_0.4_PR_0.10,"MLP Prevyears + Monthly (Incremental Scaler + Replay RR=0.4, PR=0.10)",mlp_prevyears_monthly_features_incremental_scaler,prior_years,2019,2017,f1_score,0.8807943365852255,0.9845718448312417,0.1764797735484278,0.14319006805219475,0.20850368064133118,0.17623722311784673,0.01687701198988583,2000,percentile,0.05,0.24207631488484016,0.06559654133641234,0.0004997501249375312,0.001260997408272608
mlp_prevyears_monthly_features_incremental_scaler_experience_replay_RR_0.4_PR_0.10,"MLP Prevyears + Monthly (Incremental Scaler + Replay RR=0.4, PR=0.10)",mlp_prevyears_monthly_features_incremental_scaler,prior_years,2019,2017,pr_auc,0.8807943365852255,0.9845718448312417,0.14647607539267493,0.11019837529241475,0.1830483820921301,0.1471040442173613,0.018643080781553484,2000,percentile,0.05,0.17833371177096502,0.0318576363782901,0.0004997501249375312,0.001080854921376521
mlp_prevyears_monthly_features_incremental_scaler_experience_replay_RR_0.4_PR_0.15,"MLP Prevyears + Monthly (Incremental Scaler + Replay RR=0.4, PR=0.15)",mlp_prevyears_monthly_features_incremental_scaler,prior_years,2019,2017,f1_score,0.8843992912224851,0.9845718448312417,0.18456761942327315,0.14709962581790584,0.2204445156355572,0.184374856519954,0.018908803915787347,2000,percentile,0.05,0.2501641607596855,0.06559654133641234,0.0004997501249375312,0.001260997408272608
mlp_prevyears_monthly_features_incremental_scaler_experience_replay_RR_0.4_PR_0.15,"MLP Prevyears + Monthly (Incremental Scaler + Replay RR=0.4, PR=0.15)",mlp_prevyears_monthly_features_incremental_scaler,prior_years,2019,2017,pr_auc,0.8843992912224851,0.9845718448312417,0.15464646384564307,0.11867089503183073,0.19580349343102307,0.15569797044692274,0.01951428672330076,2000,percentile,0.05,0.18650410022393318,0.0318576363782901,0.0004997501249375312,0.001080854921376521
mlp_prevyears_monthly_features_incremental_scaler_experience_replay_RR_0.5,MLP Prevyears + Monthly (Incremental Scaler + Replay RR=0.5),mlp_prevyears_monthly_features_incremental_scaler,prior_years,2019,2017,f1_score,0.8635846549094064,0.9845718448312417,0.181262372705764,0.14569478113252016,0.21550989795157305,0.1807925634804092,0.01779963253421526,2000,percentile,0.05,0.24685891404217633,0.06559654133641234,0.0004997501249375312,0.001260997408272608
mlp_prevyears_monthly_features_incremental_scaler_experience_replay_RR_0.5,MLP Prevyears + Monthly (Incremental Scaler + Replay RR=0.5),mlp_prevyears_monthly_features_incremental_scaler,prior_years,2019,2017,pr_auc,0.8635846549094064,0.9845718448312417,0.15193783735122035,0.11584591681665314,0.18917712288458385,0.15225137950651588,0.01896562179975674,2000,percentile,0.05,0.18379547372951047,0.0318576363782901,0.0004997501249375312,0.001080854921376521
mlp_prevyears_monthly_features_incremental_scaler_experience_replay_RR_0.5_PR_0.10,"MLP Prevyears + Monthly (Incremental Scaler + Replay RR=0.5, PR=0.10)",mlp_prevyears_monthly_features_incremental_scaler,prior_years,2019,2017,f1_score,0.8735040215215988,0.9845718448312417,0.18533937178119764,0.14903017758438908,0.21748382144618386,0.1849057036343803,0.017388254269620422,2000,percentile,0.05,0.25093591311761,0.06559654133641234,0.0004997501249375312,0.001260997408272608
mlp_prevyears_monthly_features_incremental_scaler_experience_replay_RR_0.5_PR_0.10,"MLP Prevyears + Monthly (Incremental Scaler + Replay RR=0.5, PR=0.10)",mlp_prevyears_monthly_features_incremental_scaler,prior_years,2019,2017,pr_auc,0.8735040215215988,0.9845718448312417,0.14550341551275875,0.10964118203420144,0.18487304358322917,0.1467431952290685,0.019047244597639932,2000,percentile,0.05,0.17736105189104884,0.0318576363782901,0.0004997501249375312,0.001080854921376521
mlp_prevyears_monthly_features_incremental_scaler_experience_replay_RR_0.5_PR_0.15,"MLP Prevyears + Monthly (Incremental Scaler + Replay RR=0.5, PR=0.15)",mlp_prevyears_monthly_features_incremental_scaler,prior_years,2019,2017,f1_score,0.8679642911047171,0.9845718448312417,0.1784858544169346,0.14349452315703493,0.212101540711288,0.17801732002066326,0.017500171235231024,2000,percentile,0.05,0.24408239575334692,0.06559654133641234,0.0004997501249375312,0.001260997408272608
mlp_prevyears_monthly_features_incremental_scaler_experience_replay_RR_0.5_PR_0.15,"MLP Prevyears + Monthly (Incremental Scaler + Replay RR=0.5, PR=0.15)",mlp_prevyears_monthly_features_incremental_scaler,prior_years,2019,2017,pr_auc,0.8679642911047171,0.9845718448312417,0.12747355894439832,0.09451163596846948,0.16324374913016237,0.1283593371281658,0.017535004581254544,2000,percentile,0.05,0.15933119532268844,0.0318576363782901,0.0004997501249375312,0.001080854921376521
mlp_prevyears_monthly_features_incremental_scaler_experience_replay_confidently_correct_memory_RR_0.2,MLP Prevyears + Monthly (Incremental Scaler + Replay Confidently Correct RR=0.2),mlp_prevyears_monthly_features_incremental_scaler,prior_years,2019,2017,f1_score,0.9179250584012647,0.9845718448312417,0.17016403016202442,0.1344763276548986,0.20659287121655354,0.16962430507729806,0.018375312702837866,2000,percentile,0.05,0.23576057149843677,0.06559654133641234,0.0004997501249375312,0.001260997408272608
mlp_prevyears_monthly_features_incremental_scaler_experience_replay_confidently_correct_memory_RR_0.2,MLP Prevyears + Monthly (Incremental Scaler + Replay Confidently Correct RR=0.2),mlp_prevyears_monthly_features_incremental_scaler,prior_years,2019,2017,pr_auc,0.9179250584012647,0.9845718448312417,0.12397969684853181,0.0897677095530602,0.16526745092800355,0.12546729803121023,0.01930092884741231,2000,percentile,0.05,0.15583733322682192,0.0318576363782901,0.0004997501249375312,0.001080854921376521
mlp_prevyears_monthly_features_incremental_scaler_experience_replay_confidently_correct_memory_RR_0.3,MLP Prevyears + Monthly (Incremental Scaler + Replay Confidently Correct RR=0.3),mlp_prevyears_monthly_features_incremental_scaler,prior_years,2019,2017,f1_score,0.9308124778964896,0.9845718448312417,0.18351923132344128,0.14411262484270615,0.22228633253061028,0.183154407077867,0.01983323356751772,2000,percentile,0.05,0.24911577265985363,0.06559654133641234,0.0004997501249375312,0.001260997408272608
mlp_prevyears_monthly_features_incremental_scaler_experience_replay_confidently_correct_memory_RR_0.3,MLP Prevyears + Monthly (Incremental Scaler + Replay Confidently Correct RR=0.3),mlp_prevyears_monthly_features_incremental_scaler,prior_years,2019,2017,pr_auc,0.9308124778964896,0.9845718448312417,0.1516768310217338,0.11261230139568819,0.19232442267581468,0.15178232247863338,0.02031167007501004,2000,percentile,0.05,0.18353446740002388,0.0318576363782901,0.0004997501249375312,0.001080854921376521
mlp_prevyears_monthly_features_incremental_scaler_experience_replay_confidently_correct_memory_RR_0.4,MLP Prevyears + Monthly (Incremental Scaler + Replay Confidently Correct RR=0.4),mlp_prevyears_monthly_features_incremental_scaler,prior_years,2019,2017,f1_score,0.873863933770973,0.9845718448312417,0.18316497200254772,0.14698365305112068,0.2168040295902791,0.1826512088178933,0.018374129121225852,2000,percentile,0.05,0.24876151333896004,0.06559654133641234,0.0004997501249375312,0.001260997408272608
mlp_prevyears_monthly_features_incremental_scaler_experience_replay_confidently_correct_memory_RR_0.4,MLP Prevyears + Monthly (Incremental Scaler + Replay Confidently Correct RR=0.4),mlp_prevyears_monthly_features_incremental_scaler,prior_years,2019,2017,pr_auc,0.873863933770973,0.9845718448312417,0.13968806809815137,0.10488371010808703,0.17663114112824718,0.14062154673155203,0.01810476260811427,2000,percentile,0.05,0.1715457044764415,0.0318576363782901,0.0004997501249375312,0.001080854921376521
mlp_prevyears_monthly_features_incremental_scaler_experience_replay_confidently_correct_memory_RR_0.5,MLP Prevyears + Monthly (Incremental Scaler + Replay Confidently Correct RR=0.5),mlp_prevyears_monthly_features_incremental_scaler,prior_years,2019,2017,f1_score,0.8590007321665151,0.9845718448312417,0.17806513779908228,0.14272735887938434,0.2108432566643311,0.17755808438061169,0.017477727472640193,2000,percentile,0.05,0.2436616791354946,0.06559654133641234,0.0004997501249375312,0.001260997408272608
mlp_prevyears_monthly_features_incremental_scaler_experience_replay_confidently_correct_memory_RR_0.5,MLP Prevyears + Monthly (Incremental Scaler + Replay Confidently Correct RR=0.5),mlp_prevyears_monthly_features_incremental_scaler,prior_years,2019,2017,pr_auc,0.8590007321665151,0.9845718448312417,0.14440686645385015,0.1083517749574011,0.18135057755968975,0.14495364311922332,0.018642614296295126,2000,percentile,0.05,0.17626450283214024,0.0318576363782901,0.0004997501249375312,0.001080854921376521
mlp_prevyears_monthly_features_incremental_scaler_experience_replay_hard_example_mining_RR_0.2,MLP Prevyears + Monthly (Incremental Scaler + Replay Hard Example Mining RR=0.2),mlp_prevyears_monthly_features_incremental_scaler,prior_years,2019,2017,f1_score,0.6164760588435688,0.9845718448312417,0.11651740002925738,0.08012212110300629,0.15134440064810342,0.11574259994377709,0.018365057001900165,2000,percentile,0.05,0.18211394136566972,0.06559654133641234,0.0004997501249375312,0.001260997408272608
mlp_prevyears_monthly_features_incremental_scaler_experience_replay_hard_example_mining_RR_0.2,MLP Prevyears + Monthly (Incremental Scaler + Replay Hard Example Mining RR=0.2),mlp_prevyears_monthly_features_incremental_scaler,prior_years,2019,2017,pr_auc,0.6164760588435688,0.9845718448312417,0.07293130116350144,0.045052114790696804,0.10722830580426883,0.07430293470272745,0.015831673182208218,2000,percentile,0.05,0.10478893754179154,0.0318576363782901,0.0004997501249375312,0.001080854921376521
mlp_prevyears_monthly_features_incremental_scaler_experience_replay_hard_example_mining_RR_0.3,MLP Prevyears + Monthly (Incremental Scaler + Replay Hard Example Mining RR=0.3),mlp_prevyears_monthly_features_incremental_scaler,prior_years,2019,2017,f1_score,0.8158115338292159,0.9845718448312417,0.10559451727186482,0.07297669092661624,0.13945436856906948,0.1050043575687261,0.01743359106982749,2000,percentile,0.05,0.17119105860827716,0.06559654133641234,0.0004997501249375312,0.001260997408272608
mlp_prevyears_monthly_features_incremental_scaler_experience_replay_hard_example_mining_RR_0.3,MLP Prevyears + Monthly (Incremental Scaler + Replay Hard Example Mining RR=0.3),mlp_prevyears_monthly_features_incremental_scaler,prior_years,2019,2017,pr_auc,0.8158115338292159,0.9845718448312417,0.06714590886756368,0.04283673220541186,0.09563212688081177,0.0678957931869797,0.013458352933186488,2000,percentile,0.05,0.09900354524585378,0.0318576363782901,0.0004997501249375312,0.001080854921376521
mlp_prevyears_monthly_features_incremental_scaler_experience_replay_hard_example_mining_RR_0.4,MLP Prevyears + Monthly (Incremental Scaler + Replay Hard Example Mining RR=0.4),mlp_prevyears_monthly_features_incremental_scaler,prior_years,2019,2017,f1_score,0.8032189044003896,0.9845718448312417,0.10166345629026381,0.06912296073204408,0.13315061169919665,0.1016608752155976,0.01690379237606656,2000,percentile,0.05,0.16725999762667615,0.06559654133641234,0.0004997501249375312,0.001260997408272608
mlp_prevyears_monthly_features_incremental_scaler_experience_replay_hard_example_mining_RR_0.4,MLP Prevyears + Monthly (Incremental Scaler + Replay Hard Example Mining RR=0.4),mlp_prevyears_monthly_features_incremental_scaler,prior_years,2019,2017,pr_auc,0.8032189044003896,0.9845718448312417,0.0658054018564339,0.04260095669905646,0.09239872399695767,0.06671480598237099,0.012812094674938025,2000,percentile,0.05,0.097663038234724,0.0318576363782901,0.0004997501249375312,0.001080854921376521
mlp_prevyears_monthly_features_incremental_scaler_experience_replay_hard_example_mining_RR_0.5,MLP Prevyears + Monthly (Incremental Scaler + Replay Hard Example Mining RR=0.5),mlp_prevyears_monthly_features_incremental_scaler,prior_years,2019,2017,f1_score,0.7802063388094932,0.9845718448312417,0.08720798928101116,0.0604091994209964,0.11330409627317589,0.08687429137393397,0.01382523686799622,2000,percentile,0.05,0.1528045306174235,0.06559654133641234,0.0004997501249375312,0.001260997408272608
mlp_prevyears_monthly_features_incremental_scaler_experience_replay_hard_example_mining_RR_0.5,MLP Prevyears + Monthly (Incremental Scaler + Replay Hard Example Mining RR=0.5),mlp_prevyears_monthly_features_incremental_scaler,prior_years,2019,2017,pr_auc,0.7802063388094932,0.9845718448312417,0.051614038375384905,0.0355235571426715,0.07107532868425218,0.052093356943924696,0.009212965452878088,2000,percentile,0.05,0.08347167475367501,0.0318576363782901,0.0004997501249375312,0.001080854921376521
mlp_prevyears_monthly_features_incremental_scaler_experience_replay_uncertainity_prioritization_RR_0.2,MLP Prevyears + Monthly (Incremental Scaler + Replay Uncertainty Prioritization RR=0.2),mlp_prevyears_monthly_features_incremental_scaler,prior_years,2019,2017,f1_score,0.9046362384779164,0.9845718448312417,0.18527831124367772,0.14416908199994416,0.22204683059406666,0.1844944810443894,0.019796804770162976,2000,percentile,0.05,0.25087485258009007,0.06559654133641234,0.0004997501249375312,0.001260997408272608
mlp_prevyears_monthly_features_incremental_scaler_experience_replay_uncertainity_prioritization_RR_0.2,MLP Prevyears + Monthly (Incremental Scaler + Replay Uncertainty Prioritization RR=0.2),mlp_prevyears_monthly_features_incremental_scaler,prior_years,2019,2017,pr_auc,0.9046362384779164,0.9845718448312417,0.16176007756179495,0.12081425506824225,0.20361083801155616,0.16212989922929866,0.021119942107246194,2000,percentile,0.05,0.19361771394008503,0.0318576363782901,0.0004997501249375312,0.001080854921376521
mlp_prevyears_monthly_features_incremental_scaler_experience_replay_uncertainity_prioritization_RR_0.3,MLP Prevyears + Monthly (Incremental Scaler + Replay Uncertainty Prioritization RR=0.3),mlp_prevyears_monthly_features_incremental_scaler,prior_years,2019,2017,f1_score,0.8635876391655344,0.9845718448312417,0.1824377558450161,0.1468576260835425,0.2141917743990627,0.18208953548469187,0.017105252308011697,2000,percentile,0.05,0.24803429718142844,0.06559654133641234,0.0004997501249375312,0.001260997408272608
mlp_prevyears_monthly_features_incremental_scaler_experience_replay_uncertainity_prioritization_RR_0.3,MLP Prevyears + Monthly (Incremental Scaler + Replay Uncertainty Prioritization RR=0.3),mlp_prevyears_monthly_features_incremental_scaler,prior_years,2019,2017,pr_auc,0.8635876391655344,0.9845718448312417,0.14765967180255302,0.1149857835817437,0.18147771262361068,0.148346181712778,0.017347311625738274,2000,percentile,0.05,0.1795173081808431,0.0318576363782901,0.0004997501249375312,0.001080854921376521
mlp_prevyears_monthly_features_incremental_scaler_experience_replay_uncertainity_prioritization_RR_0.4,MLP Prevyears + Monthly (Incremental Scaler + Replay Uncertainty Prioritization RR=0.4),mlp_prevyears_monthly_features_incremental_scaler,prior_years,2019,2017,f1_score,0.878080132059194,0.9845718448312417,0.19655845513487152,0.15820556030695612,0.23248910582778126,0.1961360114907503,0.01889465691637609,2000,percentile,0.05,0.2621549964712839,0.06559654133641234,0.0004997501249375312,0.001260997408272608
mlp_prevyears_monthly_features_incremental_scaler_experience_replay_uncertainity_prioritization_RR_0.4,MLP Prevyears + Monthly (Incremental Scaler + Replay Uncertainty Prioritization RR=0.4),mlp_prevyears_monthly_features_incremental_scaler,prior_years,2019,2017,pr_auc,0.878080132059194,0.9845718448312417,0.15621211267802043,0.12022046862350158,0.196404887095629,0.15764680379785523,0.01943870244319175,2000,percentile,0.05,0.18806974905631055,0.0318576363782901,0.0004997501249375312,0.001080854921376521
mlp_prevyears_monthly_features_incremental_scaler_experience_replay_uncertainity_prioritization_RR_0.5,MLP Prevyears + Monthly (Incremental Scaler + Replay Uncertainty Prioritization RR=0.5),mlp_prevyears_monthly_features_incremental_scaler,prior_years,2019,2017,f1_score,0.8718168715015947,0.9845718448312417,0.20011322358221334,0.16236510016318295,0.23515309941128257,0.19970489271783157,0.018749868179476437,2000,percentile,0.05,0.2657097649186257,0.06559654133641234,0.0004997501249375312,0.001260997408272608
mlp_prevyears_monthly_features_incremental_scaler_experience_replay_uncertainity_prioritization_RR_0.5,MLP Prevyears + Monthly (Incremental Scaler + Replay Uncertainty Prioritization RR=0.5),mlp_prevyears_monthly_features_incremental_scaler,prior_years,2019,2017,pr_auc,0.8718168715015947,0.9845718448312417,0.16877298422359288,0.12854787678988572,0.20887777159299126,0.1693510777007019,0.020413178420898615,2000,percentile,0.05,0.20063062060188297,0.0318576363782901,0.0004997501249375312,0.001080854921376521
mlp_prevyears_monthly_features_incremental_scaler_missclassification_buffer_RR_0.3,MLP Prevyears + Monthly (Incremental Scaler + Misclassification Buffer RR=0.3),mlp_prevyears_monthly_features_incremental_scaler,prior_years,2019,2017,f1_score,0.85044031493458,0.9845718448312417,0.12412796417756687,0.08796818400602592,0.1611302107757452,0.12343186758352515,0.018889458472582017,2000,percentile,0.05,0.1897245055139792,0.06559654133641234,0.0004997501249375312,0.001260997408272608
mlp_prevyears_monthly_features_incremental_scaler_missclassification_buffer_RR_0.3,MLP Prevyears + Monthly (Incremental Scaler + Misclassification Buffer RR=0.3),mlp_prevyears_monthly_features_incremental_scaler,prior_years,2019,2017,pr_auc,0.85044031493458,0.9845718448312417,0.07794204361557616,0.0540438719762451,0.10520280929281105,0.07808037115535546,0.013160723867583483,2000,percentile,0.05,0.10979967999386626,0.0318576363782901,0.0004997501249375312,0.001080854921376521
"mlp_combined_HE=0.1_CC=0.1_UP=0.1_PR=(0.2,10)_RR=0.5","MLP Combined (HE=0.1, CC=0.1, UP=0.1, PR=(0.2,10), RR=0.5)",mlp_prevyears_monthly_features_incremental_scaler,prior_years,2019,2018,f1_score,0.7223570341418734,0.9795908758500065,0.06370238491264629,0.032912284725439535,0.09475997237755387,0.06410788056949301,0.015735426879352594,2000,percentile,0.05,0.4456563191213485,0.3819539342087022,0.0004997501249375312,0.001260997408272608
"mlp_combined_HE=0.1_CC=0.1_UP=0.1_PR=(0.2,10)_RR=0.5","MLP Combined (HE=0.1, CC=0.1, UP=0.1, PR=(0.2,10), RR=0.5)",mlp_prevyears_monthly_features_incremental_scaler,prior_years,2019,2018,pr_auc,0.7223570341418734,0.9795908758500065,0.10151845969808987,0.06743578980160288,0.13450841015456677,0.10112062235233964,0.017192627894462933,2000,percentile,0.05,0.4371844509821373,0.33566599128404745,0.0004997501249375312,0.001080854921376521
"mlp_combined_HE=0_CC=0.15_UP=0_PR=(0,10)_MC=0.1_RWS=1_RR=0.4","MLP Combined (HE=0, CC=0.15, UP=0, PR=(0,10), MC=0.1, RWS=1, RR=0.4)",mlp_prevyears_monthly_features_incremental_scaler,prior_years,2019,2018,f1_score,0.7882549209626567,0.9795908758500065,0.05959734506489883,0.036986526015782145,0.08393092286805366,0.05985072257265256,0.012059509276387489,2000,percentile,0.05,0.44155127927360105,0.3819539342087022,0.0004997501249375312,0.001260997408272608
"mlp_combined_HE=0_CC=0.15_UP=0_PR=(0,10)_MC=0.1_RWS=1_RR=0.4","MLP Combined (HE=0, CC=0.15, UP=0, PR=(0,10), MC=0.1, RWS=1, RR=0.4)",mlp_prevyears_monthly_features_incremental_scaler,prior_years,2019,2018,pr_auc,0.7882549209626567,0.9795908758500065,0.08374150427290528,0.05730140911432399,0.1083799047190636,0.0832389789378163,0.0128850708511979,2000,percentile,0.05,0.4194074955569527,0.33566599128404745,0.0004997501249375312,0.001080854921376521
"mlp_combined_HE=0_CC=0.1_UP=0.1_PR=(0,10)_MC=0.1_RWS=1_RR=0.5","MLP Combined (HE=0, CC=0.1, UP=0.1, PR=(0,10), MC=0.1, RWS=1, RR=0.5)",mlp_prevyears_monthly_features_incremental_scaler,prior_years,2019,2018,f1_score,0.7634038033876347,0.9795908758500065,0.02624466848523943,0.0009051536885003681,0.050934066054991775,0.026535696067707195,0.012677179397495882,2000,percentile,0.05,0.40819860269394165,0.3819539342087022,0.020989505247376312,0.04365548854965488
"mlp_combined_HE=0_CC=0.1_UP=0.1_PR=(0,10)_MC=0.1_RWS=1_RR=0.5","MLP Combined (HE=0, CC=0.1, UP=0.1, PR=(0,10), MC=0.1, RWS=1, RR=0.5)",mlp_prevyears_monthly_features_incremental_scaler,prior_years,2019,2018,pr_auc,0.7634038033876347,0.9795908758500065,0.04946938511405091,0.018389379706741812,0.07836794372795311,0.0489178740752795,0.015226891411211956,2000,percentile,0.05,0.38513537639809836,0.33566599128404745,0.0009995002498750624,0.002078832788078804
"mlp_combined_HE=0_CC=0.1_UP=0.2_PR=(0.1,10)_RR=0.5","MLP Combined (HE=0, CC=0.1, UP=0.2, PR=(0.1,10), RR=0.5)",mlp_prevyears_monthly_features_incremental_scaler,prior_years,2019,2018,f1_score,0.802240552521842,0.9795908758500065,0.029220173988793674,-0.005043807572573252,0.06343895062562646,0.02935489636253296,0.01749538611382766,2000,percentile,0.05,0.4111741081974959,0.3819539342087022,0.051974012993503245,0.09807270277904526
"mlp_combined_HE=0_CC=0.1_UP=0.2_PR=(0.1,10)_RR=0.5","MLP Combined (HE=0, CC=0.1, UP=0.2, PR=(0.1,10), RR=0.5)",mlp_prevyears_monthly_features_incremental_scaler,prior_years,2019,2018,pr_auc,0.802240552521842,0.9795908758500065,0.06408620709071683,0.02131867329287098,0.1055339803053874,0.06310578926182134,0.021466989823448808,2000,percentile,0.05,0.3997521983747643,0.33566599128404745,0.0009995002498750624,0.002078832788078804
"mlp_combined_HE=0_CC=0.2_UP=0.1_PR=(0.2,10)_RR=0.5","MLP Combined (HE=0, CC=0.2, UP=0.1, PR=(0.2,10), RR=0.5)",mlp_prevyears_monthly_features_incremental_scaler,prior_years,2019,2018,f1_score,0.8050907264360774,0.9795908758500065,0.06210283229592378,0.03475544261083664,0.09004366477621252,0.06240887784779793,0.013951372755210894,2000,percentile,0.05,0.444056766504626,0.3819539342087022,0.0004997501249375312,0.001260997408272608
"mlp_combined_HE=0_CC=0.2_UP=0.1_PR=(0.2,10)_RR=0.5","MLP Combined (HE=0, CC=0.2, UP=0.1, PR=(0.2,10), RR=0.5)",mlp_prevyears_monthly_features_incremental_scaler,prior_years,2019,2018,pr_auc,0.8050907264360774,0.9795908758500065,0.0982842196531632,0.0647437724628636,0.1298705642594356,0.0977569586173368,0.016385296877267103,2000,percentile,0.05,0.43395021093721065,0.33566599128404745,0.0004997501249375312,0.001080854921376521
"mlp_combined_HE=0_CC=0.2_UP=0.2_PR=(0.1,10)_RR=0.5","MLP Combined (HE=0, CC=0.2, UP=0.2, PR=(0.1,10), RR=0.5)",mlp_prevyears_monthly_features_incremental_scaler,prior_years,2019,2018,f1_score,0.7352473508070784,0.9795908758500065,0.06411646304408791,0.038803912876110416,0.08774279276655642,0.06428559537003838,0.01246084170799817,2000,percentile,0.05,0.44607039725279013,0.3819539342087022,0.0004997501249375312,0.001260997408272608
"mlp_combined_HE=0_CC=0.2_UP=0.2_PR=(0.1,10)_RR=0.5","MLP Combined (HE=0, CC=0.2, UP=0.2, PR=(0.1,10), RR=0.5)",mlp_prevyears_monthly_features_incremental_scaler,prior_years,2019,2018,pr_auc,0.7352473508070784,0.9795908758500065,0.1001589389082338,0.06753211712528151,0.13217375220287234,0.09923634632292755,0.016863213759766117,2000,percentile,0.05,0.43582493019228125,0.33566599128404745,0.0004997501249375312,0.001080854921376521
mlp_prevyears_monthly_features_incremental_scaler_experience_replay_RR_0.2,MLP Prevyears + Monthly (Incremental Scaler + Replay RR=0.2),mlp_prevyears_monthly_features_incremental_scaler,prior_years,2019,2018,f1_score,0.9393276728372506,0.9795908758500065,0.045016721996995634,0.023044684192617588,0.06655348806001603,0.045074553176919156,0.010926053941083287,2000,percentile,0.05,0.42697065620569785,0.3819539342087022,0.0004997501249375312,0.001260997408272608
mlp_prevyears_monthly_features_incremental_scaler_experience_replay_RR_0.2,MLP Prevyears + Monthly (Incremental Scaler + Replay RR=0.2),mlp_prevyears_monthly_features_incremental_scaler,prior_years,2019,2018,pr_auc,0.9393276728372506,0.9795908758500065,0.08481193114506913,0.05745028534126417,0.11216102378599214,0.08428833718111006,0.013977887900002572,2000,percentile,0.05,0.4204779224291166,0.33566599128404745,0.0004997501249375312,0.001080854921376521
mlp_prevyears_monthly_features_incremental_scaler_experience_replay_RR_0.2_PR_0.10,"MLP Prevyears + Monthly (Incremental Scaler + Replay RR=0.2, PR=0.10)",mlp_prevyears_monthly_features_incremental_scaler,prior_years,2019,2018,f1_score,0.9476840543291606,0.9795908758500065,0.04712322405020841,0.02389458862294172,0.07023668992354401,0.04744232128440379,0.011774179275595724,2000,percentile,0.05,0.42907715825891063,0.3819539342087022,0.0004997501249375312,0.001260997408272608
mlp_prevyears_monthly_features_incremental_scaler_experience_replay_RR_0.2_PR_0.10,"MLP Prevyears + Monthly (Incremental Scaler + Replay RR=0.2, PR=0.10)",mlp_prevyears_monthly_features_incremental_scaler,prior_years,2019,2018,pr_auc,0.9476840543291606,0.9795908758500065,0.08547158637331376,0.05183224019254602,0.11837680731678987,0.08495154509668833,0.016978620940019895,2000,percentile,0.05,0.4211375776573612,0.33566599128404745,0.0004997501249375312,0.001080854921376521
mlp_prevyears_monthly_features_incremental_scaler_experience_replay_RR_0.2_PR_0.15,"MLP Prevyears + Monthly (Incremental Scaler + Replay RR=0.2, PR=0.15)",mlp_prevyears_monthly_features_incremental_scaler,prior_years,2019,2018,f1_score,0.9429163579088256,0.9795908758500065,0.052256592107087274,0.027973621020404522,0.07869255970483474,0.052781797648607395,0.012457661093619456,2000,percentile,0.05,0.4342105263157895,0.3819539342087022,0.0004997501249375312,0.001260997408272608
mlp_prevyears_monthly_features_incremental_scaler_experience_replay_RR_0.2_PR_0.15,"MLP Prevyears + Monthly (Incremental Scaler + Replay RR=0.2, PR=0.15)",mlp_prevyears_monthly_features_incremental_scaler,prior_years,2019,2018,pr_auc,0.9429163579088256,0.9795908758500065,0.08542292969166088,0.05216710494055017,0.11799836717042958,0.08486833718683297,0.01655476745689397,2000,percentile,0.05,0.4210889209757083,0.33566599128404745,0.0004997501249375312,0.001080854921376521
mlp_prevyears_monthly_features_incremental_scaler_experience_replay_RR_0.3,MLP Prevyears + Monthly (Incremental Scaler + Replay RR=0.3),mlp_prevyears_monthly_features_incremental_scaler,prior_years,2019,2018,f1_score,0.9202340150907863,0.9795908758500065,0.05682932167414079,0.027382694458796666,0.08481856831564973,0.05692783956507957,0.014395939595169983,2000,percentile,0.05,0.438783255882843,0.3819539342087022,0.0004997501249375312,0.001260997408272608
mlp_prevyears_monthly_features_incremental_scaler_experience_replay_RR_0.3,MLP Prevyears + Monthly (Incremental Scaler + Replay RR=0.3),mlp_prevyears_monthly_features_incremental_scaler,prior_years,2019,2018,pr_auc,0.9202340150907863,0.9795908758500065,0.09715890283974121,0.06003395805095717,0.134417008905055,0.09591506825516707,0.019168054638104195,2000,percentile,0.05,0.43282489412378866,0.33566599128404745,0.0004997501249375312,0.001080854921376521
mlp_prevyears_monthly_features_incremental_scaler_experience_replay_RR_0.3_PR_0.10,"MLP Prevyears + Monthly (Incremental Scaler + Replay RR=0.3, PR=0.10)",mlp_prevyears_monthly_features_incremental_scaler,prior_years,2019,2018,f1_score,0.9526258152470836,0.9795908758500065,0.059971118102501886,0.03736142804217533,0.08270241994999739,0.06040927622111754,0.011561128660368397,2000,percentile,0.05,0.4419250523112041,0.3819539342087022,0.0004997501249375312,0.001260997408272608
mlp_prevyears_monthly_features_incremental_scaler_experience_replay_RR_0.3_PR_0.10,"MLP Prevyears + Monthly (Incremental Scaler + Replay RR=0.3, PR=0.10)",mlp_prevyears_monthly_features_incremental_scaler,prior_years,2019,2018,pr_auc,0.9526258152470836,0.9795908758500065,0.089653237505543,0.05729102728189618,0.11993389145321369,0.08920449716661834,0.016119799827713666,2000,percentile,0.05,0.42531922878959044,0.33566599128404745,0.0004997501249375312,0.001080854921376521
mlp_prevyears_monthly_features_incremental_scaler_experience_replay_RR_0.3_PR_0.15,"MLP Prevyears + Monthly (Incremental Scaler + Replay RR=0.3, PR=0.15)",mlp_prevyears_monthly_features_incremental_scaler,prior_years,2019,2018,f1_score,0.9358052480769917,0.9795908758500065,0.05347397635413509,0.030469459243109613,0.07788078793420349,0.054111806888707106,0.011920849893610969,2000,percentile,0.05,0.4354279105628373,0.3819539342087022,0.0004997501249375312,0.001260997408272608
mlp_prevyears_monthly_features_incremental_scaler_experience_replay_RR_0.3_PR_0.15,"MLP Prevyears + Monthly (Incremental Scaler + Replay RR=0.3, PR=0.15)",mlp_prevyears_monthly_features_incremental_scaler,prior_years,2019,2018,pr_auc,0.9358052480769917,0.9795908758500065,0.08877351068157896,0.06078425307897345,0.11674676548057103,0.08861837299814843,0.014179495489784137,2000,percentile,0.05,0.4244395019656264,0.33566599128404745,0.0004997501249375312,0.001080854921376521
mlp_prevyears_monthly_features_incremental_scaler_experience_replay_RR_0.4,MLP Prevyears + Monthly (Incremental Scaler + Replay RR=0.4),mlp_prevyears_monthly_features_incremental_scaler,prior_years,2019,2018,f1_score,0.9093929660071908,0.9795908758500065,0.05227966803612416,0.02603268234951036,0.07875496276281471,0.0524362006977727,0.013596572162789316,2000,percentile,0.05,0.4342336022448264,0.3819539342087022,0.0004997501249375312,0.001260997408272608
mlp_prevyears_monthly_features_incremental_scaler_experience_replay_RR_0.4,MLP Prevyears + Monthly (Incremental Scaler + Replay RR=0.4),mlp_prevyears_monthly_features_incremental_scaler,prior_years,2019,2018,pr_auc,0.9093929660071908,0.9795908758500065,0.08889325924820068,0.0515155251087984,0.13190727226791887,0.08786182218813823,0.021107757762192272,2000,percentile,0.05,0.42455925053224813,0.33566599128404745,0.0004997501249375312,0.001080854921376521
mlp_prevyears_monthly_features_incremental_scaler_experience_replay_RR_0.4_PR_0.10,"MLP Prevyears + Monthly (Incremental Scaler + Replay RR=0.4, PR=0.10)",mlp_prevyears_monthly_features_incremental_scaler,prior_years,2019,2018,f1_score,0.9393452182101902,0.9795908758500065,0.051737555548519776,0.02739089565616562,0.07775724655928971,0.05212696408421275,0.01280092819418164,2000,percentile,0.05,0.433691489757222,0.3819539342087022,0.0004997501249375312,0.001260997408272608
mlp_prevyears_monthly_features_incremental_scaler_experience_replay_RR_0.4_PR_0.10,"MLP Prevyears + Monthly (Incremental Scaler + Replay RR=0.4, PR=0.10)",mlp_prevyears_monthly_features_incremental_scaler,prior_years,2019,2018,pr_auc,0.9393452182101902,0.9795908758500065,0.09326237269899285,0.06248967987768165,0.12232742842598086,0.09277530380944814,0.015099330213049529,2000,percentile,0.05,0.4289283639830403,0.33566599128404745,0.0004997501249375312,0.001080854921376521
mlp_prevyears_monthly_features_incremental_scaler_experience_replay_RR_0.4_PR_0.15,"MLP Prevyears + Monthly (Incremental Scaler + Replay RR=0.4, PR=0.15)",mlp_prevyears_monthly_features_incremental_scaler,prior_years,2019,2018,f1_score,0.9130844474790665,0.9795908758500065,0.059246020165656166,0.03403441831022111,0.08653943792387606,0.05974917345350458,0.013322045419667758,2000,percentile,0.05,0.4411999543743584,0.3819539342087022,0.0004997501249375312,0.001260997408272608
mlp_prevyears_monthly_features_incremental_scaler_experience_replay_RR_0.4_PR_0.15,"MLP Prevyears + Monthly (Incremental Scaler + Replay RR=0.4, PR=0.15)",mlp_prevyears_monthly_features_incremental_scaler,prior_years,2019,2018,pr_auc,0.9130844474790665,0.9795908758500065,0.09323652839442859,0.06449194255229765,0.12042282068009444,0.09300507999231655,0.013995711237831913,2000,percentile,0.05,0.42890251967847604,0.33566599128404745,0.0004997501249375312,0.001080854921376521
mlp_prevyears_monthly_features_incremental_scaler_experience_replay_RR_0.5,MLP Prevyears + Monthly (Incremental Scaler + Replay RR=0.5),mlp_prevyears_monthly_features_incremental_scaler,prior_years,2019,2018,f1_score,0.9292752762781465,0.9795908758500065,0.05186685218240428,0.029889633383170636,0.0751847576400132,0.05219531787371731,0.011445095213173818,2000,percentile,0.05,0.4338207863911065,0.3819539342087022,0.0004997501249375312,0.001260997408272608
mlp_prevyears_monthly_features_incremental_scaler_experience_replay_RR_0.5,MLP Prevyears + Monthly (Incremental Scaler + Replay RR=0.5),mlp_prevyears_monthly_features_incremental_scaler,prior_years,2019,2018,pr_auc,0.9292752762781465,0.9795908758500065,0.0847614494319393,0.05468411214844521,0.11246173955651977,0.08438396075219513,0.014723072600763895,2000,percentile,0.05,0.42042744071598676,0.33566599128404745,0.0004997501249375312,0.001080854921376521
mlp_prevyears_monthly_features_incremental_scaler_experience_replay_RR_0.5_PR_0.10,"MLP Prevyears + Monthly (Incremental Scaler + Replay RR=0.5, PR=0.10)",mlp_prevyears_monthly_features_incremental_scaler,prior_years,2019,2018,f1_score,0.9443395334923907,0.9795908758500065,0.05413541206658723,0.0350753769234669,0.07431242802210189,0.054474288190040646,0.009966077245192363,2000,percentile,0.05,0.43608934627528945,0.3819539342087022,0.0004997501249375312,0.001260997408272608
mlp_prevyears_monthly_features_incremental_scaler_experience_replay_RR_0.5_PR_0.10,"MLP Prevyears + Monthly (Incremental Scaler + Replay RR=0.5, PR=0.10)",mlp_prevyears_monthly_features_incremental_scaler,prior_years,2019,2018,pr_auc,0.9443395334923907,0.9795908758500065,0.08934968203008414,0.0639102555664629,0.11282535676902325,0.0889140956661685,0.012403595968229377,2000,percentile,0.05,0.4250156733141316,0.33566599128404745,0.0004997501249375312,0.001080854921376521
mlp_prevyears_monthly_features_incremental_scaler_experience_replay_RR_0.5_PR_0.15,"MLP Prevyears + Monthly (Incremental Scaler + Replay RR=0.5, PR=0.15)",mlp_prevyears_monthly_features_incremental_scaler,prior_years,2019,2018,f1_score,0.9393090157140254,0.9795908758500065,0.05784177261928819,0.035026435753256806,0.08198991220490282,0.05813630357933904,0.011799690846481962,2000,percentile,0.05,0.4397957068279904,0.3819539342087022,0.0004997501249375312,0.001260997408272608
mlp_prevyears_monthly_features_incremental_scaler_experience_replay_RR_0.5_PR_0.15,"MLP Prevyears + Monthly (Incremental Scaler + Replay RR=0.5, PR=0.15)",mlp_prevyears_monthly_features_incremental_scaler,prior_years,2019,2018,pr_auc,0.9393090157140254,0.9795908758500065,0.08665054949625262,0.05137964126026724,0.12012075279114823,0.08614784818259179,0.01782465178905623,2000,percentile,0.05,0.42231654078030006,0.33566599128404745,0.0004997501249375312,0.001080854921376521
mlp_prevyears_monthly_features_incremental_scaler_experience_replay_confidently_correct_memory_RR_0.2,MLP Prevyears + Monthly (Incremental Scaler + Replay Confidently Correct RR=0.2),mlp_prevyears_monthly_features_incremental_scaler,prior_years,2019,2018,f1_score,0.9669149179653289,0.9795908758500065,0.05157598941113728,0.03040221137172161,0.07578126102930713,0.05192903884175397,0.011131612373827782,2000,percentile,0.05,0.4335299236198395,0.3819539342087022,0.0004997501249375312,0.001260997408272608
mlp_prevyears_monthly_features_incremental_scaler_experience_replay_confidently_correct_memory_RR_0.2,MLP Prevyears + Monthly (Incremental Scaler + Replay Confidently Correct RR=0.2),mlp_prevyears_monthly_features_incremental_scaler,prior_years,2019,2018,pr_auc,0.9669149179653289,0.9795908758500065,0.08107362940228169,0.05281049205895805,0.10929002935495871,0.08052777638820544,0.014529822179833052,2000,percentile,0.05,0.41673962068632914,0.33566599128404745,0.0004997501249375312,0.001080854921376521
mlp_prevyears_monthly_features_incremental_scaler_experience_replay_confidently_correct_memory_RR_0.3,MLP Prevyears + Monthly (Incremental Scaler + Replay Confidently Correct RR=0.3),mlp_prevyears_monthly_features_incremental_scaler,prior_years,2019,2018,f1_score,0.9489255362445418,0.9795908758500065,0.054280803877158335,0.03179302861805667,0.0797646594777152,0.05474065809385654,0.012068329597247823,2000,percentile,0.05,0.43623473808586055,0.3819539342087022,0.0004997501249375312,0.001260997408272608
mlp_prevyears_monthly_features_incremental_scaler_experience_replay_confidently_correct_memory_RR_0.3,MLP Prevyears + Monthly (Incremental Scaler + Replay Confidently Correct RR=0.3),mlp_prevyears_monthly_features_incremental_scaler,prior_years,2019,2018,pr_auc,0.9489255362445418,0.9795908758500065,0.09222811544455323,0.06324512825478168,0.12072597937575448,0.09169413620293512,0.014734264016760147,2000,percentile,0.05,0.4278941067286007,0.33566599128404745,0.0004997501249375312,0.001080854921376521
mlp_prevyears_monthly_features_incremental_scaler_experience_replay_confidently_correct_memory_RR_0.4,MLP Prevyears + Monthly (Incremental Scaler + Replay Confidently Correct RR=0.4),mlp_prevyears_monthly_features_incremental_scaler,prior_years,2019,2018,f1_score,0.942890199527874,0.9795908758500065,0.055448226838985926,0.035495643827736394,0.07547133197034828,0.05553079537466393,0.010126241142038488,2000,percentile,0.05,0.43740216104768814,0.3819539342087022,0.0004997501249375312,0.001260997408272608
mlp_prevyears_monthly_features_incremental_scaler_experience_replay_confidently_correct_memory_RR_0.4,MLP Prevyears + Monthly (Incremental Scaler + Replay Confidently Correct RR=0.4),mlp_prevyears_monthly_features_incremental_scaler,prior_years,2019,2018,pr_auc,0.942890199527874,0.9795908758500065,0.08761594647476345,0.06192327966027509,0.11126902481820337,0.08712827842854891,0.012501349207047608,2000,percentile,0.05,0.4232819377588109,0.33566599128404745,0.0004997501249375312,0.001080854921376521
mlp_prevyears_monthly_features_incremental_scaler_experience_replay_confidently_correct_memory_RR_0.5,MLP Prevyears + Monthly (Incremental Scaler + Replay Confidently Correct RR=0.5),mlp_prevyears_monthly_features_incremental_scaler,prior_years,2019,2018,f1_score,0.9330262556183395,0.9795908758500065,0.05678778764560244,0.03044639001102354,0.08455143633306278,0.05728981398100836,0.0138413447281127,2000,percentile,0.05,0.43874172185430466,0.3819539342087022,0.0004997501249375312,0.001260997408272608
mlp_prevyears_monthly_features_incremental_scaler_experience_replay_confidently_correct_memory_RR_0.5,MLP Prevyears + Monthly (Incremental Scaler + Replay Confidently Correct RR=0.5),mlp_prevyears_monthly_features_incremental_scaler,prior_years,2019,2018,pr_auc,0.9330262556183395,0.9795908758500065,0.08703631155715053,0.053053361829308456,0.1197672854800754,0.08680571908991234,0.017110468896400405,2000,percentile,0.05,0.422702302841198,0.33566599128404745,0.0004997501249375312,0.001080854921376521
mlp_prevyears_monthly_features_incremental_scaler_experience_replay_hard_example_mining_RR_0.2,MLP Prevyears + Monthly (Incremental Scaler + Replay Hard Example Mining RR=0.2),mlp_prevyears_monthly_features_incremental_scaler,prior_years,2019,2018,f1_score,0.7946484308662491,0.9795908758500065,-0.17230768819881984,-0.2561196787918314,-0.06443195214111631,-0.17293386621187057,0.049947315997001356,2000,percentile,0.05,0.20964624600988238,0.3819539342087022,0.9985007496251874,1.0
mlp_prevyears_monthly_features_incremental_scaler_experience_replay_hard_example_mining_RR_0.2,MLP Prevyears + Monthly (Incremental Scaler + Replay Hard Example Mining RR=0.2),mlp_prevyears_monthly_features_incremental_scaler,prior_years,2019,2018,pr_auc,0.7946484308662491,0.9795908758500065,-0.20637271749133915,-0.29945564124664803,-0.09932055169940181,-0.20716354703300302,0.05114214333202596,2000,percentile,0.05,0.1292932737927083,0.33566599128404745,1.0,1.0
mlp_prevyears_monthly_features_incremental_scaler_experience_replay_hard_example_mining_RR_0.3,MLP Prevyears + Monthly (Incremental Scaler + Replay Hard Example Mining RR=0.3),mlp_prevyears_monthly_features_incremental_scaler,prior_years,2019,2018,f1_score,0.8384739217662155,0.9795908758500065,-0.03695229148596396,-0.09469723960260426,0.03584939734408322,-0.03743241690759513,0.03424263771675059,2000,percentile,0.05,0.34500164272273826,0.3819539342087022,0.8510744627686156,0.9771595683639661
mlp_prevyears_monthly_features_incremental_scaler_experience_replay_hard_example_mining_RR_0.3,MLP Prevyears + Monthly (Incremental Scaler + Replay Hard Example Mining RR=0.3),mlp_prevyears_monthly_features_incremental_scaler,prior_years,2019,2018,pr_auc,0.8384739217662155,0.9795908758500065,-0.05521126192585846,-0.11767724746366162,0.019747334572742588,-0.05558790883243075,0.03529522424912689,2000,percentile,0.05,0.280454729358189,0.33566599128404745,0.9250374812593704,1.0
mlp_prevyears_monthly_features_incremental_scaler_experience_replay_hard_example_mining_RR_0.4,MLP Prevyears + Monthly (Incremental Scaler + Replay Hard Example Mining RR=0.4),mlp_prevyears_monthly_features_incremental_scaler,prior_years,2019,2018,f1_score,0.8488763247927961,0.9795908758500065,-0.01757012502908528,-0.06254697347804342,0.030293817892420305,-0.01746314318267819,0.024204068368406842,2000,percentile,0.05,0.36438380917961694,0.3819539342087022,0.7701149425287356,0.921589756592292
mlp_prevyears_monthly_features_incremental_scaler_experience_replay_hard_example_mining_RR_0.4,MLP Prevyears + Monthly (Incremental Scaler + Replay Hard Example Mining RR=0.4),mlp_prevyears_monthly_features_incremental_scaler,prior_years,2019,2018,pr_auc,0.8488763247927961,0.9795908758500065,-0.025361916351686553,-0.07324667574591971,0.025303864834623237,-0.02569591178163718,0.025273950526130972,2000,percentile,0.05,0.3103040749323609,0.33566599128404745,0.8405797101449275,0.9516824196597352
mlp_prevyears_monthly_features_incremental_scaler_experience_replay_hard_example_mining_RR_0.5,MLP Prevyears + Monthly (Incremental Scaler + Replay Hard Example Mining RR=0.5),mlp_prevyears_monthly_features_incremental_scaler,prior_years,2019,2018,f1_score,0.8631549476780215,0.9795908758500065,0.00820121159586279,-0.031607685903767516,0.05465540379244367,0.007978717223018737,0.02267182645873837,2000,percentile,0.05,0.390155145804565,0.3819539342087022,0.391304347826087,0.5397015475313192
mlp_prevyears_monthly_features_incremental_scaler_experience_replay_hard_example_mining_RR_0.5,MLP Prevyears + Monthly (Incremental Scaler + Replay Hard Example Mining RR=0.5),mlp_prevyears_monthly_features_incremental_scaler,prior_years,2019,2018,pr_auc,0.8631549476780215,0.9795908758500065,-0.011196149448592652,-0.06487962312393408,0.05096707794155045,-0.011232206006578448,0.030243170184205585,2000,percentile,0.05,0.3244698418354548,0.33566599128404745,0.6581709145427287,0.8084325761647478
mlp_prevyears_monthly_features_incremental_scaler_experience_replay_uncertainity_prioritization_RR_0.2,MLP Prevyears + Monthly (Incremental Scaler + Replay Uncertainty Prioritization RR=0.2),mlp_prevyears_monthly_features_incremental_scaler,prior_years,2019,2018,f1_score,0.9436772781627304,0.9795908758500065,0.052177916345435726,0.020191400397652614,0.08725908466282527,0.05294252545569248,0.016800732657972432,2000,percentile,0.05,0.43413185055413794,0.3819539342087022,0.0009995002498750624,0.002474048147029147
mlp_prevyears_monthly_features_incremental_scaler_experience_replay_uncertainity_prioritization_RR_0.2,MLP Prevyears + Monthly (Incremental Scaler + Replay Uncertainty Prioritization RR=0.2),mlp_prevyears_monthly_features_incremental_scaler,prior_years,2019,2018,pr_auc,0.9436772781627304,0.9795908758500065,0.08504858163000634,0.05309118804120444,0.11707846983060818,0.08541848258704292,0.016150752203036658,2000,percentile,0.05,0.4207145729140538,0.33566599128404745,0.0004997501249375312,0.001080854921376521
mlp_prevyears_monthly_features_incremental_scaler_experience_replay_uncertainity_prioritization_RR_0.3,MLP Prevyears + Monthly (Incremental Scaler + Replay Uncertainty Prioritization RR=0.3),mlp_prevyears_monthly_features_incremental_scaler,prior_years,2019,2018,f1_score,0.9266259291367085,0.9795908758500065,0.06508191137953306,0.0416458289266434,0.08898122230811695,0.06541761582064853,0.011843345071322736,2000,percentile,0.05,0.4470358455882353,0.3819539342087022,0.0004997501249375312,0.001260997408272608
mlp_prevyears_monthly_features_incremental_scaler_experience_replay_uncertainity_prioritization_RR_0.3,MLP Prevyears + Monthly (Incremental Scaler + Replay Uncertainty Prioritization RR=0.3),mlp_prevyears_monthly_features_incremental_scaler,prior_years,2019,2018,pr_auc,0.9266259291367085,0.9795908758500065,0.10129873288531127,0.07084200560434016,0.132804018267478,0.100781141435277,0.016044182614438445,2000,percentile,0.05,0.4369647241693587,0.33566599128404745,0.0004997501249375312,0.001080854921376521
mlp_prevyears_monthly_features_incremental_scaler_experience_replay_uncertainity_prioritization_RR_0.4,MLP Prevyears + Monthly (Incremental Scaler + Replay Uncertainty Prioritization RR=0.4),mlp_prevyears_monthly_features_incremental_scaler,prior_years,2019,2018,f1_score,0.9401289226589341,0.9795908758500065,0.05458629416772515,0.030978155765579305,0.07572705787814711,0.05468510429388417,0.01128772122644806,2000,percentile,0.05,0.43654022837642736,0.3819539342087022,0.0004997501249375312,0.001260997408272608
mlp_prevyears_monthly_features_incremental_scaler_experience_replay_uncertainity_prioritization_RR_0.4,MLP Prevyears + Monthly (Incremental Scaler + Replay Uncertainty Prioritization RR=0.4),mlp_prevyears_monthly_features_incremental_scaler,prior_years,2019,2018,pr_auc,0.9401289226589341,0.9795908758500065,0.09749887102614452,0.0660942876240394,0.12950970661083497,0.09667012971018062,0.016146201286569285,2000,percentile,0.05,0.43316486231019197,0.33566599128404745,0.0004997501249375312,0.001080854921376521
mlp_prevyears_monthly_features_incremental_scaler_experience_replay_uncertainity_prioritization_RR_0.5,MLP Prevyears + Monthly (Incremental Scaler + Replay Uncertainty Prioritization RR=0.5),mlp_prevyears_monthly_features_incremental_scaler,prior_years,2019,2018,f1_score,0.9415920360612647,0.9795908758500065,0.06142414824393039,0.039887672529334034,0.08415935786105186,0.06173806096540463,0.011318357586147992,2000,percentile,0.05,0.4433780824526326,0.3819539342087022,0.0004997501249375312,0.001260997408272608
mlp_prevyears_monthly_features_incremental_scaler_experience_replay_uncertainity_prioritization_RR_0.5,MLP Prevyears + Monthly (Incremental Scaler + Replay Uncertainty Prioritization RR=0.5),mlp_prevyears_monthly_features_incremental_scaler,prior_years,2019,2018,pr_auc,0.9415920360612647,0.9795908758500065,0.09708365936776941,0.0665882567035986,0.126802854087134,0.09647240180851785,0.01539222362795169,2000,percentile,0.05,0.43274965065181686,0.33566599128404745,0.0004997501249375312,0.001080854921376521
mlp_prevyears_monthly_features_incremental_scaler_missclassification_buffer_RR_0.3,MLP Prevyears + Monthly (Incremental Scaler + Misclassification Buffer RR=0.3),mlp_prevyears_monthly_features_incremental_scaler,prior_years,2019,2018,f1_score,0.8689147519613101,0.9795908758500065,0.011023075356661083,-0.02839963964948009,0.04796581601391198,0.010432562026400997,0.01930138490632342,2000,percentile,0.05,0.3929770095653633,0.3819539342087022,0.28385807096451776,0.4113709811760786
mlp_prevyears_monthly_features_incremental_scaler_missclassification_buffer_RR_0.3,MLP Prevyears + Monthly (Incremental Scaler + Misclassification Buffer RR=0.3),mlp_prevyears_monthly_features_incremental_scaler,prior_years,2019,2018,pr_auc,0.8689147519613101,0.9795908758500065,0.029864195906944058,-0.023746877562630234,0.08910422091767418,0.028062712109279984,0.028968577199505414,2000,percentile,0.05,0.3655301871909915,0.33566599128404745,0.16991504247876063,0.275160926999187
"mlp_combined_HE=0.1_CC=0.1_UP=0.1_PR=(0.2,10)_RR=0.5","MLP Combined (HE=0.1, CC=0.1, UP=0.1, PR=(0.2,10), RR=0.5)",mlp_prevyears_monthly_features_incremental_scaler,prior_years,2019,2019,f1_score,0.9189527365352477,0.9022646063011852,0.0070674551831875765,-0.00789671405085166,0.0282574554141693,0.00699585724790302,0.009680971031569445,2000,percentile,0.05,0.47586551264980026,0.4687980574666127,0.2983508245877061,0.4287558207651141
"mlp_combined_HE=0.1_CC=0.1_UP=0.1_PR=(0.2,10)_RR=0.5","MLP Combined (HE=0.1, CC=0.1, UP=0.1, PR=(0.2,10), RR=0.5)",mlp_prevyears_monthly_features_incremental_scaler,prior_years,2019,2019,pr_auc,0.9189527365352477,0.9022646063011852,0.008886982620389505,-0.010087903409547298,0.03576632759384158,0.008613849985052364,0.012262154413982446,2000,percentile,0.05,0.4345693698634399,0.4256823872430504,0.3023488255872064,0.4340183487431989
"mlp_combined_HE=0_CC=0.15_UP=0_PR=(0,10)_MC=0.1_RWS=1_RR=0.4","MLP Combined (HE=0, CC=0.15, UP=0, PR=(0,10), MC=0.1, RWS=1, RR=0.4)",mlp_prevyears_monthly_features_incremental_scaler,prior_years,2019,2019,f1_score,0.9150412432675369,0.9022646063011852,-0.001480695739313087,-0.008111439197195574,0.005079441183136434,-0.001486221752467811,0.0034021047818137925,2000,percentile,0.05,0.4673173617272996,0.4687980574666127,0.670664667666167,0.8300431533282789
"mlp_combined_HE=0_CC=0.15_UP=0_PR=(0,10)_MC=0.1_RWS=1_RR=0.4","MLP Combined (HE=0, CC=0.15, UP=0, PR=(0,10), MC=0.1, RWS=1, RR=0.4)",mlp_prevyears_monthly_features_incremental_scaler,prior_years,2019,2019,pr_auc,0.9150412432675369,0.9022646063011852,0.00433723151558546,-0.0037822573384897,0.012450662405309166,0.004265149910862933,0.004099617432242427,2000,percentile,0.05,0.43001961875863587,0.4256823872430504,0.14392803598200898,0.23660896824315114
"mlp_combined_HE=0_CC=0.1_UP=0.1_PR=(0,10)_MC=0.1_RWS=1_RR=0.5","MLP Combined (HE=0, CC=0.1, UP=0.1, PR=(0,10), MC=0.1, RWS=1, RR=0.5)",mlp_prevyears_monthly_features_incremental_scaler,prior_years,2019,2019,f1_score,0.9083142311139826,0.9022646063011852,7.071891355575621e-05,-0.006543286431106287,0.006439650175103446,2.740375878925158e-05,0.0033278991714614115,2000,percentile,0.05,0.46886877638016844,0.4687980574666127,0.48425787106446777,0.6407558415913994
"mlp_combined_HE=0_CC=0.1_UP=0.1_PR=(0,10)_MC=0.1_RWS=1_RR=0.5","MLP Combined (HE=0, CC=0.1, UP=0.1, PR=(0,10), MC=0.1, RWS=1, RR=0.5)",mlp_prevyears_monthly_features_incremental_scaler,prior_years,2019,2019,pr_auc,0.9083142311139826,0.9022646063011852,-0.00013224216380908205,-0.006662330827495809,0.007048361566379504,-0.00014132333343911676,0.0035218208249179067,2000,percentile,0.05,0.4255501450792413,0.4256823872430504,0.5222388805597201,0.6732227945433223
"mlp_combined_HE=0_CC=0.1_UP=0.2_PR=(0.1,10)_RR=0.5","MLP Combined (HE=0, CC=0.1, UP=0.2, PR=(0.1,10), RR=0.5)",mlp_prevyears_monthly_features_incremental_scaler,prior_years,2019,2019,f1_score,0.9115587906273842,0.9022646063011852,0.0005604763249107969,-0.010580501263956984,0.01494676109456361,0.0005221772538206185,0.006725064104165255,2000,percentile,0.05,0.4693585337915235,0.4687980574666127,0.48825587206396803,0.6447354416098239
"mlp_combined_HE=0_CC=0.1_UP=0.2_PR=(0.1,10)_RR=0.5","MLP Combined (HE=0, CC=0.1, UP=0.2, PR=(0.1,10), RR=0.5)",mlp_prevyears_monthly_features_incremental_scaler,prior_years,2019,2019,pr_auc,0.9115587906273842,0.9022646063011852,0.005459544545052375,-0.008665918974414297,0.02421424309523541,0.005264657733735267,0.008951473545161117,2000,percentile,0.05,0.4311419317881028,0.4256823872430504,0.3278360819590205,0.455056054062521
"mlp_combined_HE=0_CC=0.2_UP=0.1_PR=(0.2,10)_RR=0.5","MLP Combined (HE=0, CC=0.2, UP=0.1, PR=(0.2,10), RR=0.5)",mlp_prevyears_monthly_features_incremental_scaler,prior_years,2019,2019,f1_score,0.8993037476270945,0.9022646063011852,0.009979805405732012,-0.00698032874644023,0.03215524339289166,0.009896547804027225,0.010570560085980021,2000,percentile,0.05,0.4787778628723447,0.4687980574666127,0.21139430284857572,0.32610827287777916
"mlp_combined_HE=0_CC=0.2_UP=0.1_PR=(0.2,10)_RR=0.5","MLP Combined (HE=0, CC=0.2, UP=0.1, PR=(0.2,10), RR=0.5)",mlp_prevyears_monthly_features_incremental_scaler,prior_years,2019,2019,pr_auc,0.8993037476270945,0.9022646063011852,0.015259094190469613,-0.006560714455165905,0.0471053603844035,0.014946173283471547,0.014866042630419235,2000,percentile,0.05,0.44094148143352,0.4256823872430504,0.20889555222388806,0.33087835644221686
"mlp_combined_HE=0_CC=0.2_UP=0.2_PR=(0.1,10)_RR=0.5","MLP Combined (HE=0, CC=0.2, UP=0.2, PR=(0.1,10), RR=0.5)",mlp_prevyears_monthly_features_incremental_scaler,prior_years,2019,2019,f1_score,0.8869378029873003,0.9022646063011852,0.004063065507377117,-0.006626041929738138,0.017006035548618192,0.004061308410344218,0.006160120793320864,2000,percentile,0.05,0.4728611229739898,0.4687980574666127,0.2843578210894553,0.4113709811760786
"mlp_combined_HE=0_CC=0.2_UP=0.2_PR=(0.1,10)_RR=0.5","MLP Combined (HE=0, CC=0.2, UP=0.2, PR=(0.1,10), RR=0.5)",mlp_prevyears_monthly_features_incremental_scaler,prior_years,2019,2019,pr_auc,0.8869378029873003,0.9022646063011852,0.0066510048853183346,-0.006410021460400148,0.023610254426510206,0.006383168463494858,0.007900963867167978,2000,percentile,0.05,0.43233339212836874,0.4256823872430504,0.2448775612193903,0.37597946309863933
mlp_prevyears_monthly_features_incremental_scaler_experience_replay_RR_0.2,MLP Prevyears + Monthly (Incremental Scaler + Replay RR=0.2),mlp_prevyears_monthly_features_incremental_scaler,prior_years,2019,2019,f1_score,0.9151660545409922,0.9022646063011852,0.00031335546502497813,-0.014456325938759066,0.0178033977700318,0.00018283489826080343,0.00828913945849836,2000,percentile,0.05,0.46911141293163766,0.4687980574666127,0.5157421289355323,0.6714962518740631
mlp_prevyears_monthly_features_incremental_scaler_experience_replay_RR_0.2,MLP Prevyears + Monthly (Incremental Scaler + Replay RR=0.2),mlp_prevyears_monthly_features_incremental_scaler,prior_years,2019,2019,pr_auc,0.9151660545409922,0.9022646063011852,0.0022393166565660705,-0.01383694949516749,0.02299994073362875,0.0020769494004464484,0.009637132311585155,2000,percentile,0.05,0.4279217038996165,0.4256823872430504,0.4452773613193403,0.5862644435358078
mlp_prevyears_monthly_features_incremental_scaler_experience_replay_RR_0.2_PR_0.10,"MLP Prevyears + Monthly (Incremental Scaler + Replay RR=0.2, PR=0.10)",mlp_prevyears_monthly_features_incremental_scaler,prior_years,2019,2019,f1_score,0.9043087108225907,0.9022646063011852,-0.0023653757541692855,-0.016079474352718295,0.015304182042130464,-0.0023802370119255937,0.008370028922396454,2000,percentile,0.05,0.4664326817124434,0.4687980574666127,0.6271864067966016,0.7806851832210089
mlp_prevyears_monthly_features_incremental_scaler_experience_replay_RR_0.2_PR_0.10,"MLP Prevyears + Monthly (Incremental Scaler + Replay RR=0.2, PR=0.10)",mlp_prevyears_monthly_features_incremental_scaler,prior_years,2019,2019,pr_auc,0.9043087108225907,0.9022646063011852,0.002508542631686539,-0.012407676870080184,0.021071773739355065,0.0022829404425464203,0.008987266247908736,2000,percentile,0.05,0.42819092987473695,0.4256823872430504,0.41629185407296354,0.556480486656056
mlp_prevyears_monthly_features_incremental_scaler_experience_replay_RR_0.2_PR_0.15,"MLP Prevyears + Monthly (Incremental Scaler + Replay RR=0.2, PR=0.15)",mlp_prevyears_monthly_features_incremental_scaler,prior_years,2019,2019,f1_score,0.9025495485345202,0.9022646063011852,0.007198904953599539,-0.008906441796129313,0.029147882287255775,0.0070732488312579035,0.01029561871785875,2000,percentile,0.05,0.4759969624202122,0.4687980574666127,0.2983508245877061,0.4287558207651141
mlp_prevyears_monthly_features_incremental_scaler_experience_replay_RR_0.2_PR_0.15,"MLP Prevyears + Monthly (Incremental Scaler + Replay RR=0.2, PR=0.15)",mlp_prevyears_monthly_features_incremental_scaler,prior_years,2019,2019,pr_auc,0.9025495485345202,0.9022646063011852,0.01338093761978748,-0.008489764448094088,0.044362422019573994,0.012940972187384093,0.014645305175464123,2000,percentile,0.05,0.4390633248628379,0.4256823872430504,0.2613693153423288,0.3966233666383591
mlp_prevyears_monthly_features_incremental_scaler_experience_replay_RR_0.3,MLP Prevyears + Monthly (Incremental Scaler + Replay RR=0.3),mlp_prevyears_monthly_features_incremental_scaler,prior_years,2019,2019,f1_score,0.9151322030595279,0.9022646063011852,-0.0003612570983579366,-0.005708343906457259,0.00523234396101138,-0.00040428441719541464,0.0028085797529934036,2000,percentile,0.05,0.46843680036825475,0.4687980574666127,0.5647176411794103,0.7172641749300788
mlp_prevyears_monthly_features_incremental_scaler_experience_replay_RR_0.3,MLP Prevyears + Monthly (Incremental Scaler + Replay RR=0.3),mlp_prevyears_monthly_features_incremental_scaler,prior_years,2019,2019,pr_auc,0.9151322030595279,0.9022646063011852,-0.00046894798450386466,-0.0064816604641977525,0.0058091871682576565,-0.00039278653866889676,0.0031658297370109525,2000,percentile,0.05,0.42521343925854654,0.4256823872430504,0.5517241379310345,0.7015086206896551
mlp_prevyears_monthly_features_incremental_scaler_experience_replay_RR_0.3_PR_0.10,"MLP Prevyears + Monthly (Incremental Scaler + Replay RR=0.3, PR=0.10)",mlp_prevyears_monthly_features_incremental_scaler,prior_years,2019,2019,f1_score,0.915679686504403,0.9022646063011852,0.007553782523469332,-0.01171718016925105,0.03090256002773924,0.007467219190653165,0.010926175685139561,2000,percentile,0.05,0.476351839990082,0.4687980574666127,0.2613693153423288,0.38137977990870336
mlp_prevyears_monthly_features_incremental_scaler_experience_replay_RR_0.3_PR_0.10,"MLP Prevyears + Monthly (Incremental Scaler + Replay RR=0.3, PR=0.10)",mlp_prevyears_monthly_features_incremental_scaler,prior_years,2019,2019,pr_auc,0.915679686504403,0.9022646063011852,0.016879296141006528,-0.004698513028976032,0.048093097467821616,0.01636945808172301,0.014225272200535773,2000,percentile,0.05,0.44256168338405694,0.4256823872430504,0.12493753123438281,0.20908568851820875
mlp_prevyears_monthly_features_incremental_scaler_experience_replay_RR_0.3_PR_0.15,"MLP Prevyears + Monthly (Incremental Scaler + Replay RR=0.3, PR=0.15)",mlp_prevyears_monthly_features_incremental_scaler,prior_years,2019,2019,f1_score,0.9147601443811956,0.9022646063011852,-0.0029099452883887267,-0.011271686353467822,0.0056096800413037795,-0.0029278773011703167,0.004297273272750669,2000,percentile,0.05,0.46588811217822396,0.4687980574666127,0.7486256871564217,0.9025098561830195
mlp_prevyears_monthly_features_incremental_scaler_experience_replay_RR_0.3_PR_0.15,"MLP Prevyears + Monthly (Incremental Scaler + Replay RR=0.3, PR=0.15)",mlp_prevyears_monthly_features_incremental_scaler,prior_years,2019,2019,pr_auc,0.9147601443811956,0.9022646063011852,-0.003825463754706604,-0.012409006286351294,0.005866034864118643,-0.003861251335553704,0.004714545905132689,2000,percentile,0.05,0.4218569234883438,0.4256823872430504,0.791104447776112,0.9067059779969171
mlp_prevyears_monthly_features_incremental_scaler_experience_replay_RR_0.4,MLP Prevyears + Monthly (Incremental Scaler + Replay RR=0.4),mlp_prevyears_monthly_features_incremental_scaler,prior_years,2019,2019,f1_score,0.8940396364764839,0.9022646063011852,-0.005941153491026363,-0.015714434721548123,0.0031665760032841958,-0.005973178997463112,0.004790767627075153,2000,percentile,0.05,0.4628569039755863,0.4687980574666127,0.8975512243878061,1.0
mlp_prevyears_monthly_features_incremental_scaler_experience_replay_RR_0.4,MLP Prevyears + Monthly (Incremental Scaler + Replay RR=0.4),mlp_prevyears_monthly_features_incremental_scaler,prior_years,2019,2019,pr_auc,0.8940396364764839,0.9022646063011852,-0.003922975411533081,-0.012727368915208323,0.003991121597530386,-0.004109028242750821,0.00419936123745481,2000,percentile,0.05,0.42175941183151733,0.4256823872430504,0.8355822088955522,0.9476725052108093
mlp_prevyears_monthly_features_incremental_scaler_experience_replay_RR_0.4_PR_0.10,"MLP Prevyears + Monthly (Incremental Scaler + Replay RR=0.4, PR=0.10)",mlp_prevyears_monthly_features_incremental_scaler,prior_years,2019,2019,f1_score,0.9271573461922767,0.9022646063011852,0.005328865532353622,-0.008994879105392652,0.02647962305346549,0.0052389218757744145,0.00966947577307899,2000,percentile,0.05,0.4741269229989663,0.4687980574666127,0.3488255872063968,0.48730784822181183
mlp_prevyears_monthly_features_incremental_scaler_experience_replay_RR_0.4_PR_0.10,"MLP Prevyears + Monthly (Incremental Scaler + Replay RR=0.4, PR=0.10)",mlp_prevyears_monthly_features_incremental_scaler,prior_years,2019,2019,pr_auc,0.9271573461922767,0.9022646063011852,0.0072933400892287725,-0.00854835536568017,0.028372593072199175,0.007081326423075083,0.010011284210242964,2000,percentile,0.05,0.4329757273322792,0.4256823872430504,0.2818590704647676,0.424516379223783
mlp_prevyears_monthly_features_incremental_scaler_experience_replay_RR_0.4_PR_0.15,"MLP Prevyears + Monthly (Incremental Scaler + Replay RR=0.4, PR=0.15)",mlp_prevyears_monthly_features_incremental_scaler,prior_years,2019,2019,f1_score,0.9153341091083853,0.9022646063011852,0.007948080881271802,-0.000474483607173512,0.015646865723342538,0.007731474734511607,0.004120599533040773,2000,percentile,0.05,0.4767461383478845,0.4687980574666127,0.031984007996002,0.06386990553802853
mlp_prevyears_monthly_features_incremental_scaler_experience_replay_RR_0.4_PR_0.15,"MLP Prevyears + Monthly (Incremental Scaler + Replay RR=0.4, PR=0.15)",mlp_prevyears_monthly_features_incremental_scaler,prior_years,2019,2019,pr_auc,0.9153341091083853,0.9022646063011852,0.012658787546987127,0.0017863500730766063,0.02611216646248876,0.012323867256618829,0.006359170795150878,2000,percentile,0.05,0.43834117479003754,0.4256823872430504,0.00849575212393803,0.01626686656671664
mlp_prevyears_monthly_features_incremental_scaler_experience_replay_RR_0.5,MLP Prevyears + Monthly (Incremental Scaler + Replay RR=0.5),mlp_prevyears_monthly_features_incremental_scaler,prior_years,2019,2019,f1_score,0.9257908752967582,0.9022646063011852,-0.0030305716831141027,-0.012063889713936054,0.00686786958487495,-0.0029619819241799112,0.004932666053790264,2000,percentile,0.05,0.4657674857834986,0.4687980574666127,0.7256371814092953,0.8813242632415135
mlp_prevyears_monthly_features_incremental_scaler_experience_replay_RR_0.5,MLP Prevyears + Monthly (Incremental Scaler + Replay RR=0.5),mlp_prevyears_monthly_features_incremental_scaler,prior_years,2019,2019,pr_auc,0.9257908752967582,0.9022646063011852,0.003293464304278848,-0.007081773529333003,0.01620221256614237,0.0032691180077534772,0.0061602073709825095,2000,percentile,0.05,0.42897585154732926,0.4256823872430504,0.32733633183408295,0.455056054062521
mlp_prevyears_monthly_features_incremental_scaler_experience_replay_RR_0.5_PR_0.10,"MLP Prevyears + Monthly (Incremental Scaler + Replay RR=0.5, PR=0.10)",mlp_prevyears_monthly_features_incremental_scaler,prior_years,2019,2019,f1_score,0.9033767058771367,0.9022646063011852,-0.0046613109220801086,-0.014973742586243536,0.007066794541461342,-0.004596847845305557,0.005651356333563034,2000,percentile,0.05,0.4641367465445326,0.4687980574666127,0.7931034482758621,0.9371129652565023
mlp_prevyears_monthly_features_incremental_scaler_experience_replay_RR_0.5_PR_0.10,"MLP Prevyears + Monthly (Incremental Scaler + Replay RR=0.5, PR=0.10)",mlp_prevyears_monthly_features_incremental_scaler,prior_years,2019,2019,pr_auc,0.9033767058771367,0.9022646063011852,-0.00299271939229917,-0.013823758037614856,0.011159183070851252,-0.002994469656132891,0.006319587750654857,2000,percentile,0.05,0.42268966785075124,0.4256823872430504,0.6911544227886057,0.8347709262251991
mlp_prevyears_monthly_features_incremental_scaler_experience_replay_RR_0.5_PR_0.15,"MLP Prevyears + Monthly (Incremental Scaler + Replay RR=0.5, PR=0.15)",mlp_prevyears_monthly_features_incremental_scaler,prior_years,2019,2019,f1_score,0.9195738410010179,0.9022646063011852,-0.006886033064621988,-0.017851065271031856,0.006668124822702431,-0.006847000192660431,0.006438639356094921,2000,percentile,0.05,0.4619120244019907,0.4687980574666127,0.8530734632683659,0.9777273050645152
mlp_prevyears_monthly_features_incremental_scaler_experience_replay_RR_0.5_PR_0.15,"MLP Prevyears + Monthly (Incremental Scaler + Replay RR=0.5, PR=0.15)",mlp_prevyears_monthly_features_incremental_scaler,prior_years,2019,2019,pr_auc,0.9195738410010179,0.9022646063011852,-3.364138354278179e-05,-0.01896296751250427,0.020607990037038698,-0.0005272815336561377,0.010390825541881728,2000,percentile,0.05,0.4256487458595076,0.4256823872430504,0.5317341329335332,0.6827592121099213
mlp_prevyears_monthly_features_incremental_scaler_experience_replay_confidently_correct_memory_RR_0.2,MLP Prevyears + Monthly (Incremental Scaler + Replay Confidently Correct RR=0.2),mlp_prevyears_monthly_features_incremental_scaler,prior_years,2019,2019,f1_score,0.9312449649420168,0.9022646063011852,0.010529492687628428,-0.0038077364450092243,0.029331465326436188,0.010318708447166603,0.008952910268748239,2000,percentile,0.05,0.4793275501542411,0.4687980574666127,0.13193403298350825,0.21207174190682437
mlp_prevyears_monthly_features_incremental_scaler_experience_replay_confidently_correct_memory_RR_0.2,MLP Prevyears + Monthly (Incremental Scaler + Replay Confidently Correct RR=0.2),mlp_prevyears_monthly_features_incremental_scaler,prior_years,2019,2019,pr_auc,0.9312449649420168,0.9022646063011852,0.01783024634995839,-0.000786172627023271,0.04404426668215482,0.01753829363145776,0.012448164299532875,2000,percentile,0.05,0.4435126335930088,0.4256823872430504,0.03948025987006497,0.07022308517872212
mlp_prevyears_monthly_features_incremental_scaler_experience_replay_confidently_correct_memory_RR_0.3,MLP Prevyears + Monthly (Incremental Scaler + Replay Confidently Correct RR=0.3),mlp_prevyears_monthly_features_incremental_scaler,prior_years,2019,2019,f1_score,0.9383915357134007,0.9022646063011852,0.008871845446008664,-0.002307299593905447,0.024434323205471942,0.008834370794639942,0.007205919884998064,2000,percentile,0.05,0.47766990291262135,0.4687980574666127,0.10294852573713144,0.17919649800768064
mlp_prevyears_monthly_features_incremental_scaler_experience_replay_confidently_correct_memory_RR_0.3,MLP Prevyears + Monthly (Incremental Scaler + Replay Confidently Correct RR=0.3),mlp_prevyears_monthly_features_incremental_scaler,prior_years,2019,2019,pr_auc,0.9383915357134007,0.9022646063011852,0.013886791670307819,-0.0016037252095916206,0.03527557281952993,0.013581269677217594,0.009919379955121363,2000,percentile,0.05,0.4395691789133582,0.4256823872430504,0.05747126436781609,0.10057471264367816
mlp_prevyears_monthly_features_incremental_scaler_experience_replay_confidently_correct_memory_RR_0.4,MLP Prevyears + Monthly (Incremental Scaler + Replay Confidently Correct RR=0.4),mlp_prevyears_monthly_features_incremental_scaler,prior_years,2019,2019,f1_score,0.9127832956104168,0.9022646063011852,0.00282120654117729,-0.011253355074973732,0.02320673029967048,0.002714109004057246,0.009410069022911851,2000,percentile,0.05,0.47161926400779,0.4687980574666127,0.40229885057471265,0.5525243707260294
mlp_prevyears_monthly_features_incremental_scaler_experience_replay_confidently_correct_memory_RR_0.4,MLP Prevyears + Monthly (Incremental Scaler + Replay Confidently Correct RR=0.4),mlp_prevyears_monthly_features_incremental_scaler,prior_years,2019,2019,pr_auc,0.9127832956104168,0.9022646063011852,0.009832460363543294,-0.011014677496988355,0.04114435536666898,0.009599447860793845,0.014589539314706756,2000,percentile,0.05,0.4355148476065937,0.4256823872430504,0.3363318340829585,0.46388140675425
mlp_prevyears_monthly_features_incremental_scaler_experience_replay_confidently_correct_memory_RR_0.5,MLP Prevyears + Monthly (Incremental Scaler + Replay Confidently Correct RR=0.5),mlp_prevyears_monthly_features_incremental_scaler,prior_years,2019,2019,f1_score,0.9201515981730443,0.9022646063011852,-0.0011935722474485377,-0.013976211299336206,0.015987002350280784,-0.0012385118387332709,0.007962950616212112,2000,percentile,0.05,0.46760448521916415,0.4687980574666127,0.591704147926037,0.7421953763002892
mlp_prevyears_monthly_features_incremental_scaler_experience_replay_confidently_correct_memory_RR_0.5,MLP Prevyears + Monthly (Incremental Scaler + Replay Confidently Correct RR=0.5),mlp_prevyears_monthly_features_incremental_scaler,prior_years,2019,2019,pr_auc,0.9201515981730443,0.9022646063011852,0.001072278576285668,-0.01429138725034156,0.02148036902016641,0.0008282869541556481,0.009630646355339799,2000,percentile,0.05,0.4267546658193361,0.4256823872430504,0.48575712143928035,0.6299360280019353
mlp_prevyears_monthly_features_incremental_scaler_experience_replay_hard_example_mining_RR_0.2,MLP Prevyears + Monthly (Incremental Scaler + Replay Hard Example Mining RR=0.2),mlp_prevyears_monthly_features_incremental_scaler,prior_years,2019,2019,f1_score,0.9097605613140552,0.9022646063011852,-0.009395992176805867,-0.03249605136080961,0.00485495916599843,-0.009389908678057154,0.009978022006901078,2000,percentile,0.05,0.4594020652898068,0.4687980574666127,0.8255872063968016,0.9563296643493201
mlp_prevyears_monthly_features_incremental_scaler_experience_replay_hard_example_mining_RR_0.2,MLP Prevyears + Monthly (Incremental Scaler + Replay Hard Example Mining RR=0.2),mlp_prevyears_monthly_features_incremental_scaler,prior_years,2019,2019,pr_auc,0.9097605613140552,0.9022646063011852,-0.0027930893799180123,-0.020501774852052065,0.01342618931807907,-0.0030029679163295704,0.008696495386978257,2000,percentile,0.05,0.4228892978631324,0.4256823872430504,0.6291854072963519,0.7801899050474763
mlp_prevyears_monthly_features_incremental_scaler_experience_replay_hard_example_mining_RR_0.3,MLP Prevyears + Monthly (Incremental Scaler + Replay Hard Example Mining RR=0.3),mlp_prevyears_monthly_features_incremental_scaler,prior_years,2019,2019,f1_score,0.9190157490456741,0.9022646063011852,-0.014691571750503674,-0.03253332621898084,-0.0026331869895444317,-0.014728829243258829,0.007735184410858735,2000,percentile,0.05,0.454106485716109,0.4687980574666127,0.9940029985007496,1.0
mlp_prevyears_monthly_features_incremental_scaler_experience_replay_hard_example_mining_RR_0.3,MLP Prevyears + Monthly (Incremental Scaler + Replay Hard Example Mining RR=0.3),mlp_prevyears_monthly_features_incremental_scaler,prior_years,2019,2019,pr_auc,0.9190157490456741,0.9022646063011852,-0.012677747100916625,-0.02764194024099865,-0.002457164011215784,-0.012933989708875082,0.00637892969151182,2000,percentile,0.05,0.4130046401421338,0.4256823872430504,0.9975012493753124,1.0
mlp_prevyears_monthly_features_incremental_scaler_experience_replay_hard_example_mining_RR_0.4,MLP Prevyears + Monthly (Incremental Scaler + Replay Hard Example Mining RR=0.4),mlp_prevyears_monthly_features_incremental_scaler,prior_years,2019,2019,f1_score,0.9193557436050629,0.9022646063011852,0.004578067841206956,-0.004129525774856685,0.01619473333776174,0.004674199203087314,0.0052476874950209374,2000,percentile,0.05,0.47337612530781964,0.4687980574666127,0.19740129935032483,0.30597201399300344
mlp_prevyears_monthly_features_incremental_scaler_experience_replay_hard_example_mining_RR_0.4,MLP Prevyears + Monthly (Incremental Scaler + Replay Hard Example Mining RR=0.4),mlp_prevyears_monthly_features_incremental_scaler,prior_years,2019,2019,pr_auc,0.9193557436050629,0.9022646063011852,0.0068078840633689075,-0.006462477797186808,0.024941967699356724,0.006879190802912823,0.008163288433905335,2000,percentile,0.05,0.4324902713064193,0.4256823872430504,0.2318840579710145,0.3602780948427934
mlp_prevyears_monthly_features_incremental_scaler_experience_replay_hard_example_mining_RR_0.5,MLP Prevyears + Monthly (Incremental Scaler + Replay Hard Example Mining RR=0.5),mlp_prevyears_monthly_features_incremental_scaler,prior_years,2019,2019,f1_score,0.9161464246758538,0.9022646063011852,0.0027395379293587707,-0.005514960964936841,0.011230915813287617,0.0026848287958089107,0.004151559275556922,2000,percentile,0.05,0.47153759539597145,0.4687980574666127,0.2513743128435782,0.3761946612900446
mlp_prevyears_monthly_features_incremental_scaler_experience_replay_hard_example_mining_RR_0.5,MLP Prevyears + Monthly (Incremental Scaler + Replay Hard Example Mining RR=0.5),mlp_prevyears_monthly_features_incremental_scaler,prior_years,2019,2019,pr_auc,0.9161464246758538,0.9022646063011852,-0.004161839329510475,-0.015766528077764606,0.008766896699731203,-0.004093120355048095,0.006328340921629718,2000,percentile,0.05,0.42152054791353993,0.4256823872430504,0.7566216891554223,0.8746679757466399
mlp_prevyears_monthly_features_incremental_scaler_experience_replay_uncertainity_prioritization_RR_0.2,MLP Prevyears + Monthly (Incremental Scaler + Replay Uncertainty Prioritization RR=0.2),mlp_prevyears_monthly_features_incremental_scaler,prior_years,2019,2019,f1_score,0.9145346309674333,0.9022646063011852,0.002725897574515912,-0.014047851537146449,0.026229776082257465,0.0025686815955962786,0.01078213237056782,2000,percentile,0.05,0.4715239550411286,0.4687980574666127,0.4292853573213393,0.5822182658670665
mlp_prevyears_monthly_features_incremental_scaler_experience_replay_uncertainity_prioritization_RR_0.2,MLP Prevyears + Monthly (Incremental Scaler + Replay Uncertainty Prioritization RR=0.2),mlp_prevyears_monthly_features_incremental_scaler,prior_years,2019,2019,pr_auc,0.9145346309674333,0.9022646063011852,0.0067387579058040825,-0.016493507097097175,0.04088386789032211,0.006483655577546896,0.01568915889473418,2000,percentile,0.05,0.4324211451488545,0.4256823872430504,0.36231884057971014,0.4944854616716799
mlp_prevyears_monthly_features_incremental_scaler_experience_replay_uncertainity_prioritization_RR_0.3,MLP Prevyears + Monthly (Incremental Scaler + Replay Uncertainty Prioritization RR=0.3),mlp_prevyears_monthly_features_incremental_scaler,prior_years,2019,2019,f1_score,0.9076003938537432,0.9022646063011852,0.0013371232706285152,-0.01218518305703755,0.02152674235985408,0.0013869889460790858,0.009212926629399822,2000,percentile,0.05,0.4701351807372412,0.4687980574666127,0.4497751124437781,0.6024765395080238
mlp_prevyears_monthly_features_incremental_scaler_experience_replay_uncertainity_prioritization_RR_0.3,MLP Prevyears + Monthly (Incremental Scaler + Replay Uncertainty Prioritization RR=0.3),mlp_prevyears_monthly_features_incremental_scaler,prior_years,2019,2019,pr_auc,0.9076003938537432,0.9022646063011852,0.014021840935174612,-0.006751379621488746,0.04399731151064854,0.013624356382114879,0.01434349482672858,2000,percentile,0.05,0.439704228178225,0.4256823872430504,0.2518740629685157,0.3858117999823617
mlp_prevyears_monthly_features_incremental_scaler_experience_replay_uncertainity_prioritization_RR_0.4,MLP Prevyears + Monthly (Incremental Scaler + Replay Uncertainty Prioritization RR=0.4),mlp_prevyears_monthly_features_incremental_scaler,prior_years,2019,2019,f1_score,0.8969396536954691,0.9022646063011852,-0.009841177953886282,-0.016312890501363947,-0.003369677532122661,-0.009694011589261545,0.003375019911399282,2000,percentile,0.05,0.4589568795127264,0.4687980574666127,0.9980009995002499,1.0
mlp_prevyears_monthly_features_incremental_scaler_experience_replay_uncertainity_prioritization_RR_0.4,MLP Prevyears + Monthly (Incremental Scaler + Replay Uncertainty Prioritization RR=0.4),mlp_prevyears_monthly_features_incremental_scaler,prior_years,2019,2019,pr_auc,0.8969396536954691,0.9022646063011852,-0.003931068230956736,-0.010657480183605038,0.0019204923961058976,-0.00405738622766145,0.0032130626347195287,2000,percentile,0.05,0.4217513190120937,0.4256823872430504,0.8970514742628686,0.9864535637586611
mlp_prevyears_monthly_features_incremental_scaler_experience_replay_uncertainity_prioritization_RR_0.5,MLP Prevyears + Monthly (Incremental Scaler + Replay Uncertainty Prioritization RR=0.5),mlp_prevyears_monthly_features_incremental_scaler,prior_years,2019,2019,f1_score,0.9151439108206925,0.9022646063011852,-0.00495704155171206,-0.018873368259352815,0.011240591438235336,-0.0050065300625954795,0.0077900492480677585,2000,percentile,0.05,0.4638410159149006,0.4687980574666127,0.7391304347826086,0.8943753030547923
mlp_prevyears_monthly_features_incremental_scaler_experience_replay_uncertainity_prioritization_RR_0.5,MLP Prevyears + Monthly (Incremental Scaler + Replay Uncertainty Prioritization RR=0.5),mlp_prevyears_monthly_features_incremental_scaler,prior_years,2019,2019,pr_auc,0.9151439108206925,0.9022646063011852,-0.003663983028864559,-0.017469600265618793,0.013260712312849946,-0.003812172656004571,0.0080976917821372,2000,percentile,0.05,0.42201840421418585,0.4256823872430504,0.7011494252873564,0.8396183033710005
mlp_prevyears_monthly_features_incremental_scaler_missclassification_buffer_RR_0.3,MLP Prevyears + Monthly (Incremental Scaler + Misclassification Buffer RR=0.3),mlp_prevyears_monthly_features_incremental_scaler,prior_years,2019,2019,f1_score,0.9205283015379195,0.9022646063011852,0.002063852451969106,-0.006428581960800787,0.011488491611208356,0.002180618617535345,0.004571943592963532,2000,percentile,0.05,0.4708619099185818,0.4687980574666127,0.3218390804597701,0.455472263868066
mlp_prevyears_monthly_features_incremental_scaler_missclassification_buffer_RR_0.3,MLP Prevyears + Monthly (Incremental Scaler + Misclassification Buffer RR=0.3),mlp_prevyears_monthly_features_incremental_scaler,prior_years,2019,2019,pr_auc,0.9205283015379195,0.9022646063011852,-0.0017072008138632744,-0.011488997789861786,0.009093192417865294,-0.0016243058214432155,0.005272637654019115,2000,percentile,0.05,0.42397518642918713,0.4256823872430504,0.6381809095452274,0.7868480532461043
"mlp_combined_HE=0.1_CC=0.1_UP=0.1_PR=(0.2,10)_RR=0.5","MLP Combined (HE=0.1, CC=0.1, UP=0.1, PR=(0.2,10), RR=0.5)",mlp_prevyears_monthly_features_incremental_scaler,prior_years,2020,2017,f1_score,0.6301415293758871,0.8157723375962457,0.09529412397470219,0.06724568803447277,0.1230888394815496,0.09529765052081515,0.014187362988685,2000,percentile,0.05,0.26391058279408486,0.16861645881938267,0.0004997501249375312,0.001260997408272608
"mlp_combined_HE=0.1_CC=0.1_UP=0.1_PR=(0.2,10)_RR=0.5","MLP Combined (HE=0.1, CC=0.1, UP=0.1, PR=(0.2,10), RR=0.5)",mlp_prevyears_monthly_features_incremental_scaler,prior_years,2020,2017,pr_auc,0.6301415293758871,0.8157723375962457,0.10552994088722582,0.07497405223028383,0.14125287729059352,0.1063171689048026,0.01672844716777945,2000,percentile,0.05,0.19825428466635114,0.09272434377912532,0.0004997501249375312,0.001080854921376521
"mlp_combined_HE=0_CC=0.15_UP=0_PR=(0,10)_MC=0.1_RWS=1_RR=0.4","MLP Combined (HE=0, CC=0.15, UP=0, PR=(0,10), MC=0.1, RWS=1, RR=0.4)",mlp_prevyears_monthly_features_incremental_scaler,prior_years,2020,2017,f1_score,0.7280928650958096,0.8157723375962457,0.06191995948335319,0.02300789564202068,0.0991050188415453,0.06204852126111888,0.019221715866864192,2000,percentile,0.05,0.23053641830273586,0.16861645881938267,0.0009995002498750624,0.002474048147029147
"mlp_combined_HE=0_CC=0.15_UP=0_PR=(0,10)_MC=0.1_RWS=1_RR=0.4","MLP Combined (HE=0, CC=0.15, UP=0, PR=(0,10), MC=0.1, RWS=1, RR=0.4)",mlp_prevyears_monthly_features_incremental_scaler,prior_years,2020,2017,pr_auc,0.7280928650958096,0.8157723375962457,0.07944678911821913,0.046452153701150176,0.11471641284287955,0.07950558202225824,0.01738205509814836,2000,percentile,0.05,0.17217113289734445,0.09272434377912532,0.0004997501249375312,0.001080854921376521
"mlp_combined_HE=0_CC=0.1_UP=0.1_PR=(0,10)_MC=0.1_RWS=1_RR=0.5","MLP Combined (HE=0, CC=0.1, UP=0.1, PR=(0,10), MC=0.1, RWS=1, RR=0.5)",mlp_prevyears_monthly_features_incremental_scaler,prior_years,2020,2017,f1_score,0.717803736972679,0.8157723375962457,0.05300913882681077,0.020116509675352733,0.08797205874428231,0.053750224611785975,0.016836695614265613,2000,percentile,0.05,0.22162559764619344,0.16861645881938267,0.0014992503748125937,0.0036282973754758305
"mlp_combined_HE=0_CC=0.1_UP=0.1_PR=(0,10)_MC=0.1_RWS=1_RR=0.5","MLP Combined (HE=0, CC=0.1, UP=0.1, PR=(0,10), MC=0.1, RWS=1, RR=0.5)",mlp_prevyears_monthly_features_incremental_scaler,prior_years,2020,2017,pr_auc,0.717803736972679,0.8157723375962457,0.06691502172918266,0.03648254588944488,0.10134978355512557,0.06737168487977697,0.01634300087240111,2000,percentile,0.05,0.15963936550830798,0.09272434377912532,0.0004997501249375312,0.001080854921376521
"mlp_combined_HE=0_CC=0.1_UP=0.2_PR=(0.1,10)_RR=0.5","MLP Combined (HE=0, CC=0.1, UP=0.2, PR=(0.1,10), RR=0.5)",mlp_prevyears_monthly_features_incremental_scaler,prior_years,2020,2017,f1_score,0.7516267634274584,0.8157723375962457,0.06873154995613512,0.03234851612065933,0.10462959091009046,0.06913533061209963,0.018341937825539556,2000,percentile,0.05,0.2373480087755178,0.16861645881938267,0.0004997501249375312,0.001260997408272608
"mlp_combined_HE=0_CC=0.1_UP=0.2_PR=(0.1,10)_RR=0.5","MLP Combined (HE=0, CC=0.1, UP=0.2, PR=(0.1,10), RR=0.5)",mlp_prevyears_monthly_features_incremental_scaler,prior_years,2020,2017,pr_auc,0.7516267634274584,0.8157723375962457,0.07768202317141716,0.045861392634276146,0.11566745293338437,0.07851395190767388,0.017791197178277093,2000,percentile,0.05,0.17040636695054248,0.09272434377912532,0.0004997501249375312,0.001080854921376521
"mlp_combined_HE=0_CC=0.2_UP=0.1_PR=(0.2,10)_RR=0.5","MLP Combined (HE=0, CC=0.2, UP=0.1, PR=(0.2,10), RR=0.5)",mlp_prevyears_monthly_features_incremental_scaler,prior_years,2020,2017,f1_score,0.637766167487061,0.8157723375962457,0.05622190123592996,0.027911644555380526,0.08596827317050691,0.05630280190028201,0.014947290392130544,2000,percentile,0.05,0.22483836005531263,0.16861645881938267,0.0004997501249375312,0.001260997408272608
"mlp_combined_HE=0_CC=0.2_UP=0.1_PR=(0.2,10)_RR=0.5","MLP Combined (HE=0, CC=0.2, UP=0.1, PR=(0.2,10), RR=0.5)",mlp_prevyears_monthly_features_incremental_scaler,prior_years,2020,2017,pr_auc,0.637766167487061,0.8157723375962457,0.0685423197046114,0.03691733649957275,0.1036711327444244,0.0690017377973384,0.016736574441004227,2000,percentile,0.05,0.16126666348373672,0.09272434377912532,0.0004997501249375312,0.001080854921376521
"mlp_combined_HE=0_CC=0.2_UP=0.2_PR=(0.1,10)_RR=0.5","MLP Combined (HE=0, CC=0.2, UP=0.2, PR=(0.1,10), RR=0.5)",mlp_prevyears_monthly_features_incremental_scaler,prior_years,2020,2017,f1_score,0.7484849202070829,0.8157723375962457,0.07084874352035708,0.04551770890320354,0.09699644729497676,0.07081017110396491,0.01308211654286042,2000,percentile,0.05,0.23946520233973975,0.16861645881938267,0.0004997501249375312,0.001260997408272608
"mlp_combined_HE=0_CC=0.2_UP=0.2_PR=(0.1,10)_RR=0.5","MLP Combined (HE=0, CC=0.2, UP=0.2, PR=(0.1,10), RR=0.5)",mlp_prevyears_monthly_features_incremental_scaler,prior_years,2020,2017,pr_auc,0.7484849202070829,0.8157723375962457,0.07960508793051756,0.05255336940297512,0.10992659614203869,0.0798956341949635,0.014351111237693375,2000,percentile,0.05,0.17232943170964288,0.09272434377912532,0.0004997501249375312,0.001080854921376521
mlp_prevyears_monthly_features_incremental_scaler_experience_replay_RR_0.2,MLP Prevyears + Monthly (Incremental Scaler + Replay RR=0.2),mlp_prevyears_monthly_features_incremental_scaler,prior_years,2020,2017,f1_score,0.9010862009852181,0.8157723375962457,0.06847330539128774,0.03881034177888272,0.09716537682874679,0.06839125458359842,0.014762771650600297,2000,percentile,0.05,0.2370897642106704,0.16861645881938267,0.0004997501249375312,0.001260997408272608
mlp_prevyears_monthly_features_incremental_scaler_experience_replay_RR_0.2,MLP Prevyears + Monthly (Incremental Scaler + Replay RR=0.2),mlp_prevyears_monthly_features_incremental_scaler,prior_years,2020,2017,pr_auc,0.9010862009852181,0.8157723375962457,0.07444883023651859,0.041858955831470444,0.1053945579207473,0.07421285778398547,0.016073819470202567,2000,percentile,0.05,0.1671731740156439,0.09272434377912532,0.0004997501249375312,0.001080854921376521
mlp_prevyears_monthly_features_incremental_scaler_experience_replay_RR_0.2_PR_0.10,"MLP Prevyears + Monthly (Incremental Scaler + Replay RR=0.2, PR=0.10)",mlp_prevyears_monthly_features_incremental_scaler,prior_years,2020,2017,f1_score,0.9238922370205128,0.8157723375962457,0.06730345211422398,0.03644546445393737,0.10020770612203588,0.0675763209434638,0.016249137241323076,2000,percentile,0.05,0.23591991093360665,0.16861645881938267,0.0004997501249375312,0.001260997408272608
mlp_prevyears_monthly_features_incremental_scaler_experience_replay_RR_0.2_PR_0.10,"MLP Prevyears + Monthly (Incremental Scaler + Replay RR=0.2, PR=0.10)",mlp_prevyears_monthly_features_incremental_scaler,prior_years,2020,2017,pr_auc,0.9238922370205128,0.8157723375962457,0.06906377198183601,0.03653616210324786,0.1040058814394301,0.06964975117618204,0.01693923828985264,2000,percentile,0.05,0.16178811576096133,0.09272434377912532,0.0004997501249375312,0.001080854921376521
mlp_prevyears_monthly_features_incremental_scaler_experience_replay_RR_0.2_PR_0.15,"MLP Prevyears + Monthly (Incremental Scaler + Replay RR=0.2, PR=0.15)",mlp_prevyears_monthly_features_incremental_scaler,prior_years,2020,2017,f1_score,0.8811912345205609,0.8157723375962457,0.07820701720542447,0.05256311191303626,0.1064579127599134,0.07872490762656909,0.013811005892748177,2000,percentile,0.05,0.24682347602480714,0.16861645881938267,0.0004997501249375312,0.001260997408272608
mlp_prevyears_monthly_features_incremental_scaler_experience_replay_RR_0.2_PR_0.15,"MLP Prevyears + Monthly (Incremental Scaler + Replay RR=0.2, PR=0.15)",mlp_prevyears_monthly_features_incremental_scaler,prior_years,2020,2017,pr_auc,0.8811912345205609,0.8157723375962457,0.08624944335139755,0.05486890118116909,0.12182375705967395,0.08709745748383893,0.016732281464348082,2000,percentile,0.05,0.17897378713052287,0.09272434377912532,0.0004997501249375312,0.001080854921376521
mlp_prevyears_monthly_features_incremental_scaler_experience_replay_RR_0.3,MLP Prevyears + Monthly (Incremental Scaler + Replay RR=0.3),mlp_prevyears_monthly_features_incremental_scaler,prior_years,2020,2017,f1_score,0.8684075352789993,0.8157723375962457,0.07795933960623352,0.052558403661319426,0.10279735399068266,0.0780346015993239,0.012983807753749306,2000,percentile,0.05,0.2465757984256162,0.16861645881938267,0.0004997501249375312,0.001260997408272608
mlp_prevyears_monthly_features_incremental_scaler_experience_replay_RR_0.3,MLP Prevyears + Monthly (Incremental Scaler + Replay RR=0.3),mlp_prevyears_monthly_features_incremental_scaler,prior_years,2020,2017,pr_auc,0.8684075352789993,0.8157723375962457,0.09609683562522019,0.06500576382349081,0.1248237356679591,0.09552706357226179,0.015245986344206887,2000,percentile,0.05,0.1888211794043455,0.09272434377912532,0.0004997501249375312,0.001080854921376521
mlp_prevyears_monthly_features_incremental_scaler_experience_replay_RR_0.3_PR_0.10,"MLP Prevyears + Monthly (Incremental Scaler + Replay RR=0.3, PR=0.10)",mlp_prevyears_monthly_features_incremental_scaler,prior_years,2020,2017,f1_score,0.8559058633479134,0.8157723375962457,0.08892427315406062,0.06315864647388175,0.1153876678314079,0.08916066283858924,0.01336280825139157,2000,percentile,0.05,0.2575407319734433,0.16861645881938267,0.0004997501249375312,0.001260997408272608
mlp_prevyears_monthly_features_incremental_scaler_experience_replay_RR_0.3_PR_0.10,"MLP Prevyears + Monthly (Incremental Scaler + Replay RR=0.3, PR=0.10)",mlp_prevyears_monthly_features_incremental_scaler,prior_years,2020,2017,pr_auc,0.8559058633479134,0.8157723375962457,0.09310988266897958,0.06273432189028477,0.12576149217181054,0.0937582340408558,0.015991370300904934,2000,percentile,0.05,0.1858342264481049,0.09272434377912532,0.0004997501249375312,0.001080854921376521
mlp_prevyears_monthly_features_incremental_scaler_experience_replay_RR_0.3_PR_0.15,"MLP Prevyears + Monthly (Incremental Scaler + Replay RR=0.3, PR=0.15)",mlp_prevyears_monthly_features_incremental_scaler,prior_years,2020,2017,f1_score,0.9062272689270648,0.8157723375962457,0.07186313788339,0.048163119357349245,0.09740805923341656,0.07190934310412886,0.012673273399822483,2000,percentile,0.05,0.24047959670277266,0.16861645881938267,0.0004997501249375312,0.001260997408272608
mlp_prevyears_monthly_features_incremental_scaler_experience_replay_RR_0.3_PR_0.15,"MLP Prevyears + Monthly (Incremental Scaler + Replay RR=0.3, PR=0.15)",mlp_prevyears_monthly_features_incremental_scaler,prior_years,2020,2017,pr_auc,0.9062272689270648,0.8157723375962457,0.09156831667006392,0.06520086243607608,0.1172795211591177,0.09107626402693324,0.01332454841155872,2000,percentile,0.05,0.18429266044918924,0.09272434377912532,0.0004997501249375312,0.001080854921376521
mlp_prevyears_monthly_features_incremental_scaler_experience_replay_RR_0.4,MLP Prevyears + Monthly (Incremental Scaler + Replay RR=0.4),mlp_prevyears_monthly_features_incremental_scaler,prior_years,2020,2017,f1_score,0.8574824407259446,0.8157723375962457,0.07581367214892398,0.04873667331253095,0.1049541435966404,0.07601769241471536,0.014247935222006113,2000,percentile,0.05,0.24443013096830665,0.16861645881938267,0.0004997501249375312,0.001260997408272608
mlp_prevyears_monthly_features_incremental_scaler_experience_replay_RR_0.4,MLP Prevyears + Monthly (Incremental Scaler + Replay RR=0.4),mlp_prevyears_monthly_features_incremental_scaler,prior_years,2020,2017,pr_auc,0.8574824407259446,0.8157723375962457,0.08684409457550958,0.06032625582331597,0.11564613801325839,0.08716449959929151,0.014362062080579925,2000,percentile,0.05,0.1795684383546349,0.09272434377912532,0.0004997501249375312,0.001080854921376521
mlp_prevyears_monthly_features_incremental_scaler_experience_replay_RR_0.4_PR_0.10,"MLP Prevyears + Monthly (Incremental Scaler + Replay RR=0.4, PR=0.10)",mlp_prevyears_monthly_features_incremental_scaler,prior_years,2020,2017,f1_score,0.8966838190820061,0.8157723375962457,0.07461081472177294,0.04685899067794604,0.10375614247784648,0.07494168722627018,0.01477332236945894,2000,percentile,0.05,0.24322727354115561,0.16861645881938267,0.0004997501249375312,0.001260997408272608
mlp_prevyears_monthly_features_incremental_scaler_experience_replay_RR_0.4_PR_0.10,"MLP Prevyears + Monthly (Incremental Scaler + Replay RR=0.4, PR=0.10)",mlp_prevyears_monthly_features_incremental_scaler,prior_years,2020,2017,pr_auc,0.8966838190820061,0.8157723375962457,0.08330545465680338,0.05128311918538383,0.11395004741571904,0.08348462100872894,0.01598255390273743,2000,percentile,0.05,0.1760297984359287,0.09272434377912532,0.0004997501249375312,0.001080854921376521
mlp_prevyears_monthly_features_incremental_scaler_experience_replay_RR_0.4_PR_0.15,"MLP Prevyears + Monthly (Incremental Scaler + Replay RR=0.4, PR=0.15)",mlp_prevyears_monthly_features_incremental_scaler,prior_years,2020,2017,f1_score,0.8814766303362888,0.8157723375962457,0.06669067308851725,0.04275270642506788,0.09234320316453778,0.06687219352977304,0.012698326365701897,2000,percentile,0.05,0.23530713190789992,0.16861645881938267,0.0004997501249375312,0.001260997408272608
mlp_prevyears_monthly_features_incremental_scaler_experience_replay_RR_0.4_PR_0.15,"MLP Prevyears + Monthly (Incremental Scaler + Replay RR=0.4, PR=0.15)",mlp_prevyears_monthly_features_incremental_scaler,prior_years,2020,2017,pr_auc,0.8814766303362888,0.8157723375962457,0.07792326755052555,0.05032263451965382,0.10540269900454602,0.078038813661472,0.013960837991459312,2000,percentile,0.05,0.17064761132965087,0.09272434377912532,0.0004997501249375312,0.001080854921376521
mlp_prevyears_monthly_features_incremental_scaler_experience_replay_RR_0.5,MLP Prevyears + Monthly (Incremental Scaler + Replay RR=0.5),mlp_prevyears_monthly_features_incremental_scaler,prior_years,2020,2017,f1_score,0.8556474494131705,0.8157723375962457,0.08387744064377009,0.05559686241173473,0.11239137044760082,0.08399127762624192,0.014611225267138123,2000,percentile,0.05,0.25249389946315276,0.16861645881938267,0.0004997501249375312,0.001260997408272608
mlp_prevyears_monthly_features_incremental_scaler_experience_replay_RR_0.5,MLP Prevyears + Monthly (Incremental Scaler + Replay RR=0.5),mlp_prevyears_monthly_features_incremental_scaler,prior_years,2020,2017,pr_auc,0.8556474494131705,0.8157723375962457,0.10026692691618382,0.06851888683503433,0.1345048124278886,0.10034009637592692,0.016677257639908745,2000,percentile,0.05,0.19299127069530914,0.09272434377912532,0.0004997501249375312,0.001080854921376521
mlp_prevyears_monthly_features_incremental_scaler_experience_replay_RR_0.5_PR_0.10,"MLP Prevyears + Monthly (Incremental Scaler + Replay RR=0.5, PR=0.10)",mlp_prevyears_monthly_features_incremental_scaler,prior_years,2020,2017,f1_score,0.8331288364353485,0.8157723375962457,0.06982709495483241,0.03579239496719546,0.10133435013353492,0.07013943273317125,0.01694661069296692,2000,percentile,0.05,0.23844355377421508,0.16861645881938267,0.0004997501249375312,0.001260997408272608
mlp_prevyears_monthly_features_incremental_scaler_experience_replay_RR_0.5_PR_0.10,"MLP Prevyears + Monthly (Incremental Scaler + Replay RR=0.5, PR=0.10)",mlp_prevyears_monthly_features_incremental_scaler,prior_years,2020,2017,pr_auc,0.8331288364353485,0.8157723375962457,0.08188597722741738,0.04892463033515556,0.1155973274737112,0.0823003080923916,0.016658930439800986,2000,percentile,0.05,0.1746103210065427,0.09272434377912532,0.0004997501249375312,0.001080854921376521
mlp_prevyears_monthly_features_incremental_scaler_experience_replay_RR_0.5_PR_0.15,"MLP Prevyears + Monthly (Incremental Scaler + Replay RR=0.5, PR=0.15)",mlp_prevyears_monthly_features_incremental_scaler,prior_years,2020,2017,f1_score,0.8848364099382978,0.8157723375962457,0.0803542451276246,0.05353462361097563,0.10577452156603111,0.08041707692751353,0.013149856397402569,2000,percentile,0.05,0.24897070394700727,0.16861645881938267,0.0004997501249375312,0.001260997408272608
mlp_prevyears_monthly_features_incremental_scaler_experience_replay_RR_0.5_PR_0.15,"MLP Prevyears + Monthly (Incremental Scaler + Replay RR=0.5, PR=0.15)",mlp_prevyears_monthly_features_incremental_scaler,prior_years,2020,2017,pr_auc,0.8848364099382978,0.8157723375962457,0.08548375844063642,0.05512215497700403,0.11436573351387501,0.08527414136401071,0.014865338728862688,2000,percentile,0.05,0.17820810221976174,0.09272434377912532,0.0004997501249375312,0.001080854921376521
mlp_prevyears_monthly_features_incremental_scaler_experience_replay_confidently_correct_memory_RR_0.2,MLP Prevyears + Monthly (Incremental Scaler + Replay Confidently Correct RR=0.2),mlp_prevyears_monthly_features_incremental_scaler,prior_years,2020,2017,f1_score,0.9210451281499595,0.8157723375962457,0.0823186239183046,0.060764542733513824,0.1048107964631593,0.08238653213261361,0.01127940848159965,2000,percentile,0.05,0.2509350827376873,0.16861645881938267,0.0004997501249375312,0.001260997408272608
mlp_prevyears_monthly_features_incremental_scaler_experience_replay_confidently_correct_memory_RR_0.2,MLP Prevyears + Monthly (Incremental Scaler + Replay Confidently Correct RR=0.2),mlp_prevyears_monthly_features_incremental_scaler,prior_years,2020,2017,pr_auc,0.9210451281499595,0.8157723375962457,0.09146563785396385,0.06041242107080886,0.12266482833617255,0.09169214465610181,0.015797549936914367,2000,percentile,0.05,0.18418998163308917,0.09272434377912532,0.0004997501249375312,0.001080854921376521
mlp_prevyears_monthly_features_incremental_scaler_experience_replay_confidently_correct_memory_RR_0.3,MLP Prevyears + Monthly (Incremental Scaler + Replay Confidently Correct RR=0.3),mlp_prevyears_monthly_features_incremental_scaler,prior_years,2020,2017,f1_score,0.8706281803548171,0.8157723375962457,0.0834195171739526,0.057694698158965586,0.11110556475310643,0.0838132771393052,0.013602205213662922,2000,percentile,0.05,0.25203597599333527,0.16861645881938267,0.0004997501249375312,0.001260997408272608
mlp_prevyears_monthly_features_incremental_scaler_experience_replay_confidently_correct_memory_RR_0.3,MLP Prevyears + Monthly (Incremental Scaler + Replay Confidently Correct RR=0.3),mlp_prevyears_monthly_features_incremental_scaler,prior_years,2020,2017,pr_auc,0.8706281803548171,0.8157723375962457,0.09460495488449712,0.06246404151024055,0.12673868107311584,0.09470012157003808,0.016247365516957248,2000,percentile,0.05,0.18732929866362244,0.09272434377912532,0.0004997501249375312,0.001080854921376521
mlp_prevyears_monthly_features_incremental_scaler_experience_replay_confidently_correct_memory_RR_0.4,MLP Prevyears + Monthly (Incremental Scaler + Replay Confidently Correct RR=0.4),mlp_prevyears_monthly_features_incremental_scaler,prior_years,2020,2017,f1_score,0.8816953213595569,0.8157723375962457,0.08014653867075716,0.0536675882233885,0.10869719321639386,0.08055582299341717,0.013941898728241031,2000,percentile,0.05,0.24876299749013983,0.16861645881938267,0.0004997501249375312,0.001260997408272608
mlp_prevyears_monthly_features_incremental_scaler_experience_replay_confidently_correct_memory_RR_0.4,MLP Prevyears + Monthly (Incremental Scaler + Replay Confidently Correct RR=0.4),mlp_prevyears_monthly_features_incremental_scaler,prior_years,2020,2017,pr_auc,0.8816953213595569,0.8157723375962457,0.0936745240874174,0.06276463914967897,0.1274100499206259,0.09398700393646321,0.0160226220165248,2000,percentile,0.05,0.18639886786654272,0.09272434377912532,0.0004997501249375312,0.001080854921376521
mlp_prevyears_monthly_features_incremental_scaler_experience_replay_confidently_correct_memory_RR_0.5,MLP Prevyears + Monthly (Incremental Scaler + Replay Confidently Correct RR=0.5),mlp_prevyears_monthly_features_incremental_scaler,prior_years,2020,2017,f1_score,0.8495070148407537,0.8157723375962457,0.08352130193296389,0.054223804934922876,0.11286620098333075,0.08389589793901935,0.01514552233531735,2000,percentile,0.05,0.25213776075234656,0.16861645881938267,0.0004997501249375312,0.001260997408272608
mlp_prevyears_monthly_features_incremental_scaler_experience_replay_confidently_correct_memory_RR_0.5,MLP Prevyears + Monthly (Incremental Scaler + Replay Confidently Correct RR=0.5),mlp_prevyears_monthly_features_incremental_scaler,prior_years,2020,2017,pr_auc,0.8495070148407537,0.8157723375962457,0.088509113963069,0.057558904666247655,0.11905612842939199,0.0886650369280707,0.01538800178809516,2000,percentile,0.05,0.18123345774219432,0.09272434377912532,0.0004997501249375312,0.001080854921376521
mlp_prevyears_monthly_features_incremental_scaler_experience_replay_hard_example_mining_RR_0.2,MLP Prevyears + Monthly (Incremental Scaler + Replay Hard Example Mining RR=0.2),mlp_prevyears_monthly_features_incremental_scaler,prior_years,2020,2017,f1_score,0.8069362413198489,0.8157723375962457,-0.0628994926857648,-0.10176017394131832,-0.02011612891246394,-0.06242702653348324,0.02076062503517687,2000,percentile,0.05,0.10571696613361788,0.16861645881938267,0.999000499750125,1.0
mlp_prevyears_monthly_features_incremental_scaler_experience_replay_hard_example_mining_RR_0.2,MLP Prevyears + Monthly (Incremental Scaler + Replay Hard Example Mining RR=0.2),mlp_prevyears_monthly_features_incremental_scaler,prior_years,2020,2017,pr_auc,0.8069362413198489,0.8157723375962457,-0.03784878354125404,-0.06358866213588542,-0.013547733872991755,-0.038100550229916166,0.012695801893738059,2000,percentile,0.05,0.05487556023787128,0.09272434377912532,0.9995002498750625,1.0
mlp_prevyears_monthly_features_incremental_scaler_experience_replay_hard_example_mining_RR_0.3,MLP Prevyears + Monthly (Incremental Scaler + Replay Hard Example Mining RR=0.3),mlp_prevyears_monthly_features_incremental_scaler,prior_years,2020,2017,f1_score,0.791783697290781,0.8157723375962457,-0.0011168058969892314,-0.03221424426976954,0.03145594708643627,-0.0008092932320454818,0.016288798503747898,2000,percentile,0.05,0.16749965292239344,0.16861645881938267,0.5297351324337831,0.6856015332294092
mlp_prevyears_monthly_features_incremental_scaler_experience_replay_hard_example_mining_RR_0.3,MLP Prevyears + Monthly (Incremental Scaler + Replay Hard Example Mining RR=0.3),mlp_prevyears_monthly_features_incremental_scaler,prior_years,2020,2017,pr_auc,0.791783697290781,0.8157723375962457,0.013697930851891166,-0.009274265709938657,0.03545719719334974,0.013460071411552553,0.011350433916576986,2000,percentile,0.05,0.10642227463101649,0.09272434377912532,0.11794102948525736,0.19891090724068017
mlp_prevyears_monthly_features_incremental_scaler_experience_replay_hard_example_mining_RR_0.4,MLP Prevyears + Monthly (Incremental Scaler + Replay Hard Example Mining RR=0.4),mlp_prevyears_monthly_features_incremental_scaler,prior_years,2020,2017,f1_score,0.8744166010137857,0.8157723375962457,0.004169536509588234,-0.023448887013403943,0.030889340443204263,0.004201636774993917,0.013832429212996104,2000,percentile,0.05,0.1727859953289709,0.16861645881938267,0.3748125937031484,0.5191553159590417
mlp_prevyears_monthly_features_incremental_scaler_experience_replay_hard_example_mining_RR_0.4,MLP Prevyears + Monthly (Incremental Scaler + Replay Hard Example Mining RR=0.4),mlp_prevyears_monthly_features_incremental_scaler,prior_years,2020,2017,pr_auc,0.8744166010137857,0.8157723375962457,0.009785931046657273,-0.009373494898977918,0.029509255459199437,0.009733248472006071,0.009899792325046399,2000,percentile,0.05,0.1025102748257826,0.09272434377912532,0.16141929035482258,0.2633683158420789
mlp_prevyears_monthly_features_incremental_scaler_experience_replay_hard_example_mining_RR_0.5,MLP Prevyears + Monthly (Incremental Scaler + Replay Hard Example Mining RR=0.5),mlp_prevyears_monthly_features_incremental_scaler,prior_years,2020,2017,f1_score,0.7815033623213705,0.8157723375962457,0.038759566382942034,0.006562992268968614,0.07286652079916102,0.03939851762205908,0.01741541512538234,2000,percentile,0.05,0.2073760252023247,0.16861645881938267,0.011494252873563218,0.024942528735632182
mlp_prevyears_monthly_features_incremental_scaler_experience_replay_hard_example_mining_RR_0.5,MLP Prevyears + Monthly (Incremental Scaler + Replay Hard Example Mining RR=0.5),mlp_prevyears_monthly_features_incremental_scaler,prior_years,2020,2017,pr_auc,0.7815033623213705,0.8157723375962457,0.047489577544836056,0.01862045426533389,0.08091169399616004,0.04812382033697854,0.016018898811997445,2000,percentile,0.05,0.14021392132396138,0.09272434377912532,0.0009995002498750624,0.002078832788078804
mlp_prevyears_monthly_features_incremental_scaler_experience_replay_uncertainity_prioritization_RR_0.2,MLP Prevyears + Monthly (Incremental Scaler + Replay Uncertainty Prioritization RR=0.2),mlp_prevyears_monthly_features_incremental_scaler,prior_years,2020,2017,f1_score,0.8770175705571632,0.8157723375962457,0.07029596288873796,0.04139741493070474,0.09650776763873402,0.07038458167827541,0.014007241237020976,2000,percentile,0.05,0.23891242170812063,0.16861645881938267,0.0004997501249375312,0.001260997408272608
mlp_prevyears_monthly_features_incremental_scaler_experience_replay_uncertainity_prioritization_RR_0.2,MLP Prevyears + Monthly (Incremental Scaler + Replay Uncertainty Prioritization RR=0.2),mlp_prevyears_monthly_features_incremental_scaler,prior_years,2020,2017,pr_auc,0.8770175705571632,0.8157723375962457,0.06587275427039906,0.04006018970599581,0.09095819554531305,0.06570487045472123,0.013010459515705279,2000,percentile,0.05,0.15859709804952438,0.09272434377912532,0.0004997501249375312,0.001080854921376521
mlp_prevyears_monthly_features_incremental_scaler_experience_replay_uncertainity_prioritization_RR_0.3,MLP Prevyears + Monthly (Incremental Scaler + Replay Uncertainty Prioritization RR=0.3),mlp_prevyears_monthly_features_incremental_scaler,prior_years,2020,2017,f1_score,0.8742649341387232,0.8157723375962457,0.1080661358295891,0.08388872715204926,0.1341069465702075,0.10835491076412054,0.01289119380400086,2000,percentile,0.05,0.27668259464897177,0.16861645881938267,0.0004997501249375312,0.001260997408272608
mlp_prevyears_monthly_features_incremental_scaler_experience_replay_uncertainity_prioritization_RR_0.3,MLP Prevyears + Monthly (Incremental Scaler + Replay Uncertainty Prioritization RR=0.3),mlp_prevyears_monthly_features_incremental_scaler,prior_years,2020,2017,pr_auc,0.8742649341387232,0.8157723375962457,0.1003431922331099,0.07003077311497616,0.13536777637707642,0.10170948537111066,0.016617101774570025,2000,percentile,0.05,0.19306753601223522,0.09272434377912532,0.0004997501249375312,0.001080854921376521
mlp_prevyears_monthly_features_incremental_scaler_experience_replay_uncertainity_prioritization_RR_0.4,MLP Prevyears + Monthly (Incremental Scaler + Replay Uncertainty Prioritization RR=0.4),mlp_prevyears_monthly_features_incremental_scaler,prior_years,2020,2017,f1_score,0.8666712945817816,0.8157723375962457,0.10207813547355979,0.07508425597140042,0.13056254913926607,0.1023034577271888,0.014269331697139998,2000,percentile,0.05,0.27069459429294246,0.16861645881938267,0.0004997501249375312,0.001260997408272608
mlp_prevyears_monthly_features_incremental_scaler_experience_replay_uncertainity_prioritization_RR_0.4,MLP Prevyears + Monthly (Incremental Scaler + Replay Uncertainty Prioritization RR=0.4),mlp_prevyears_monthly_features_incremental_scaler,prior_years,2020,2017,pr_auc,0.8666712945817816,0.8157723375962457,0.1133851661882835,0.08254975524955027,0.14506712414812256,0.1134563553001394,0.015883232454806384,2000,percentile,0.05,0.20610950996740882,0.09272434377912532,0.0004997501249375312,0.001080854921376521
mlp_prevyears_monthly_features_incremental_scaler_experience_replay_uncertainity_prioritization_RR_0.5,MLP Prevyears + Monthly (Incremental Scaler + Replay Uncertainty Prioritization RR=0.5),mlp_prevyears_monthly_features_incremental_scaler,prior_years,2020,2017,f1_score,0.8614502320070002,0.8157723375962457,0.07638887898754124,0.04662392659718988,0.10346356426997706,0.0764450668995709,0.014177245364603758,2000,percentile,0.05,0.2450053378069239,0.16861645881938267,0.0004997501249375312,0.001260997408272608
mlp_prevyears_monthly_features_incremental_scaler_experience_replay_uncertainity_prioritization_RR_0.5,MLP Prevyears + Monthly (Incremental Scaler + Replay Uncertainty Prioritization RR=0.5),mlp_prevyears_monthly_features_incremental_scaler,prior_years,2020,2017,pr_auc,0.8614502320070002,0.8157723375962457,0.08354269899865717,0.05144574998598073,0.11352682062113305,0.08332702557429239,0.015512108892082686,2000,percentile,0.05,0.1762670427777825,0.09272434377912532,0.0004997501249375312,0.001080854921376521
mlp_prevyears_monthly_features_incremental_scaler_missclassification_buffer_RR_0.3,MLP Prevyears + Monthly (Incremental Scaler + Misclassification Buffer RR=0.3),mlp_prevyears_monthly_features_incremental_scaler,prior_years,2020,2017,f1_score,0.8242398434973797,0.8157723375962457,-0.07034598894485838,-0.09503538153361572,-0.045434965531702065,-0.06981692397922386,0.013013777067024529,2000,percentile,0.05,0.09827046987452429,0.16861645881938267,1.0,1.0
mlp_prevyears_monthly_features_incremental_scaler_missclassification_buffer_RR_0.3,MLP Prevyears + Monthly (Incremental Scaler + Misclassification Buffer RR=0.3),mlp_prevyears_monthly_features_incremental_scaler,prior_years,2020,2017,pr_auc,0.8242398434973797,0.8157723375962457,-0.04181079925694972,-0.06027810329718235,-0.024909711629082718,-0.041640779229149265,0.009037591752068926,2000,percentile,0.05,0.0509135445221756,0.09272434377912532,1.0,1.0
"mlp_combined_HE=0.1_CC=0.1_UP=0.1_PR=(0.2,10)_RR=0.5","MLP Combined (HE=0.1, CC=0.1, UP=0.1, PR=(0.2,10), RR=0.5)",mlp_prevyears_monthly_features_incremental_scaler,prior_years,2020,2018,f1_score,0.6337749873177886,0.9988297710113881,0.17604374779120313,0.1351401412182715,0.22192952469453128,0.17687670435895209,0.02213100181591966,2000,percentile,0.05,0.45886424414031773,0.2828204963491146,0.0004997501249375312,0.001260997408272608
"mlp_combined_HE=0.1_CC=0.1_UP=0.1_PR=(0.2,10)_RR=0.5","MLP Combined (HE=0.1, CC=0.1, UP=0.1, PR=(0.2,10), RR=0.5)",mlp_prevyears_monthly_features_incremental_scaler,prior_years,2020,2018,pr_auc,0.6337749873177886,0.9988297710113881,0.2262279475632985,0.18587587899117944,0.2683111250007281,0.22653663349250003,0.020691037671053184,2000,percentile,0.05,0.4467152046414604,0.2204872570781619,0.0004997501249375312,0.001080854921376521
"mlp_combined_HE=0_CC=0.15_UP=0_PR=(0,10)_MC=0.1_RWS=1_RR=0.4","MLP Combined (HE=0, CC=0.15, UP=0, PR=(0,10), MC=0.1, RWS=1, RR=0.4)",mlp_prevyears_monthly_features_incremental_scaler,prior_years,2020,2018,f1_score,0.8564686734321312,0.9988297710113881,0.1533185487059175,0.107433111433026,0.2026285128736834,0.1545329781851152,0.024662326894683072,2000,percentile,0.05,0.4361390450550321,0.2828204963491146,0.0004997501249375312,0.001260997408272608
"mlp_combined_HE=0_CC=0.15_UP=0_PR=(0,10)_MC=0.1_RWS=1_RR=0.4","MLP Combined (HE=0, CC=0.15, UP=0, PR=(0,10), MC=0.1, RWS=1, RR=0.4)",mlp_prevyears_monthly_features_incremental_scaler,prior_years,2020,2018,pr_auc,0.8564686734321312,0.9988297710113881,0.20126409060920875,0.15335810638110656,0.24908567533107692,0.20253787458333253,0.024460036585529258,2000,percentile,0.05,0.42175134768737066,0.2204872570781619,0.0004997501249375312,0.001080854921376521
"mlp_combined_HE=0_CC=0.1_UP=0.1_PR=(0,10)_MC=0.1_RWS=1_RR=0.5","MLP Combined (HE=0, CC=0.1, UP=0.1, PR=(0,10), MC=0.1, RWS=1, RR=0.5)",mlp_prevyears_monthly_features_incremental_scaler,prior_years,2020,2018,f1_score,0.7904452656524873,0.9988297710113881,0.14923918708671563,0.10428762765443672,0.19701311896013143,0.15029590036255397,0.02325646668688779,2000,percentile,0.05,0.43205968343583023,0.2828204963491146,0.0004997501249375312,0.001260997408272608
"mlp_combined_HE=0_CC=0.1_UP=0.1_PR=(0,10)_MC=0.1_RWS=1_RR=0.5","MLP Combined (HE=0, CC=0.1, UP=0.1, PR=(0,10), MC=0.1, RWS=1, RR=0.5)",mlp_prevyears_monthly_features_incremental_scaler,prior_years,2020,2018,pr_auc,0.7904452656524873,0.9988297710113881,0.18893534001128776,0.1481188092300572,0.23452385770004983,0.18988271430093187,0.021879391729123315,2000,percentile,0.05,0.40942259708944967,0.2204872570781619,0.0004997501249375312,0.001080854921376521
"mlp_combined_HE=0_CC=0.1_UP=0.2_PR=(0.1,10)_RR=0.5","MLP Combined (HE=0, CC=0.1, UP=0.2, PR=(0.1,10), RR=0.5)",mlp_prevyears_monthly_features_incremental_scaler,prior_years,2020,2018,f1_score,0.8076958295942578,0.9988297710113881,0.14903783715742208,0.10156838445361578,0.197477122467618,0.15008542164314168,0.024494614086188887,2000,percentile,0.05,0.4318583335065367,0.2828204963491146,0.0004997501249375312,0.001260997408272608
"mlp_combined_HE=0_CC=0.1_UP=0.2_PR=(0.1,10)_RR=0.5","MLP Combined (HE=0, CC=0.1, UP=0.2, PR=(0.1,10), RR=0.5)",mlp_prevyears_monthly_features_incremental_scaler,prior_years,2020,2018,pr_auc,0.8076958295942578,0.9988297710113881,0.19532962515120278,0.15276242196469533,0.24097144093276923,0.1961197575715367,0.02238132337670417,2000,percentile,0.05,0.4158168822293647,0.2204872570781619,0.0004997501249375312,0.001080854921376521
"mlp_combined_HE=0_CC=0.2_UP=0.1_PR=(0.2,10)_RR=0.5","MLP Combined (HE=0, CC=0.2, UP=0.1, PR=(0.2,10), RR=0.5)",mlp_prevyears_monthly_features_incremental_scaler,prior_years,2020,2018,f1_score,0.755738941086934,0.9988297710113881,0.15726287958984791,0.11019915133160754,0.20678654590572557,0.15838681599310364,0.02489056509857996,2000,percentile,0.05,0.4400833759389625,0.2828204963491146,0.0004997501249375312,0.001260997408272608
"mlp_combined_HE=0_CC=0.2_UP=0.1_PR=(0.2,10)_RR=0.5","MLP Combined (HE=0, CC=0.2, UP=0.1, PR=(0.2,10), RR=0.5)",mlp_prevyears_monthly_features_incremental_scaler,prior_years,2020,2018,pr_auc,0.755738941086934,0.9988297710113881,0.2015401227405117,0.1511735701877884,0.25270301910144094,0.20293748984616944,0.025925839293543716,2000,percentile,0.05,0.4220273798186736,0.2204872570781619,0.0004997501249375312,0.001080854921376521
"mlp_combined_HE=0_CC=0.2_UP=0.2_PR=(0.1,10)_RR=0.5","MLP Combined (HE=0, CC=0.2, UP=0.2, PR=(0.1,10), RR=0.5)",mlp_prevyears_monthly_features_incremental_scaler,prior_years,2020,2018,f1_score,0.6137505815982318,0.9988297710113881,0.16497605735352655,0.12241729650213067,0.21366640659083797,0.16609626935966607,0.02269594714240468,2000,percentile,0.05,0.44779655370264115,0.2828204963491146,0.0004997501249375312,0.001260997408272608
"mlp_combined_HE=0_CC=0.2_UP=0.2_PR=(0.1,10)_RR=0.5","MLP Combined (HE=0, CC=0.2, UP=0.2, PR=(0.1,10), RR=0.5)",mlp_prevyears_monthly_features_incremental_scaler,prior_years,2020,2018,pr_auc,0.6137505815982318,0.9988297710113881,0.21607795122880336,0.17773485285912874,0.25684058202845106,0.21659068447679086,0.020010868713312476,2000,percentile,0.05,0.43656520830696527,0.2204872570781619,0.0004997501249375312,0.001080854921376521
mlp_prevyears_monthly_features_incremental_scaler_experience_replay_RR_0.2,MLP Prevyears + Monthly (Incremental Scaler + Replay RR=0.2),mlp_prevyears_monthly_features_incremental_scaler,prior_years,2020,2018,f1_score,0.9246400492972051,0.9988297710113881,0.1494093362231837,0.10409726417017878,0.1993684417268611,0.15096188193028934,0.024336062045522418,2000,percentile,0.05,0.4322298325722983,0.2828204963491146,0.0004997501249375312,0.001260997408272608
mlp_prevyears_monthly_features_incremental_scaler_experience_replay_RR_0.2,MLP Prevyears + Monthly (Incremental Scaler + Replay RR=0.2),mlp_prevyears_monthly_features_incremental_scaler,prior_years,2020,2018,pr_auc,0.9246400492972051,0.9988297710113881,0.18946631029381927,0.14951343749020687,0.23295879608222905,0.19079515010600828,0.02133869568208087,2000,percentile,0.05,0.4099535673719812,0.2204872570781619,0.0004997501249375312,0.001080854921376521
mlp_prevyears_monthly_features_incremental_scaler_experience_replay_RR_0.2_PR_0.10,"MLP Prevyears + Monthly (Incremental Scaler + Replay RR=0.2, PR=0.10)",mlp_prevyears_monthly_features_incremental_scaler,prior_years,2020,2018,f1_score,0.9439832298557469,0.9988297710113881,0.1497756983172433,0.10019880404490317,0.20347480414492983,0.15127543567784743,0.02613788500477198,2000,percentile,0.05,0.4325961946663579,0.2828204963491146,0.0004997501249375312,0.001260997408272608
mlp_prevyears_monthly_features_incremental_scaler_experience_replay_RR_0.2_PR_0.10,"MLP Prevyears + Monthly (Incremental Scaler + Replay RR=0.2, PR=0.10)",mlp_prevyears_monthly_features_incremental_scaler,prior_years,2020,2018,pr_auc,0.9439832298557469,0.9988297710113881,0.19317501135268977,0.14167011276004995,0.24554668049017558,0.19490540857570543,0.02656572122018748,2000,percentile,0.05,0.4136622684308517,0.2204872570781619,0.0004997501249375312,0.001080854921376521
mlp_prevyears_monthly_features_incremental_scaler_experience_replay_RR_0.2_PR_0.15,"MLP Prevyears + Monthly (Incremental Scaler + Replay RR=0.2, PR=0.15)",mlp_prevyears_monthly_features_incremental_scaler,prior_years,2020,2018,f1_score,0.9319674179262228,0.9988297710113881,0.15992499501208746,0.11815230803879076,0.20616392751429774,0.1612154937053938,0.022320937817016828,2000,percentile,0.05,0.44274549136120206,0.2828204963491146,0.0004997501249375312,0.001260997408272608
mlp_prevyears_monthly_features_incremental_scaler_experience_replay_RR_0.2_PR_0.15,"MLP Prevyears + Monthly (Incremental Scaler + Replay RR=0.2, PR=0.15)",mlp_prevyears_monthly_features_incremental_scaler,prior_years,2020,2018,pr_auc,0.9319674179262228,0.9988297710113881,0.21124679381178174,0.17391500603181134,0.2523059412382949,0.21217500896844516,0.020046922302679192,2000,percentile,0.05,0.43173405088994365,0.2204872570781619,0.0004997501249375312,0.001080854921376521
mlp_prevyears_monthly_features_incremental_scaler_experience_replay_RR_0.3,MLP Prevyears + Monthly (Incremental Scaler + Replay RR=0.3),mlp_prevyears_monthly_features_incremental_scaler,prior_years,2020,2018,f1_score,0.9189566055417335,0.9988297710113881,0.16553649525938668,0.1150946907335523,0.21730999681694307,0.16682955263101837,0.025949808596723047,2000,percentile,0.05,0.4483569916085013,0.2828204963491146,0.0004997501249375312,0.001260997408272608
mlp_prevyears_monthly_features_incremental_scaler_experience_replay_RR_0.3,MLP Prevyears + Monthly (Incremental Scaler + Replay RR=0.3),mlp_prevyears_monthly_features_incremental_scaler,prior_years,2020,2018,pr_auc,0.9189566055417335,0.9988297710113881,0.2138867087848098,0.16987769669959954,0.25943454521397463,0.21520804520250458,0.022810065717549274,2000,percentile,0.05,0.4343739658629717,0.2204872570781619,0.0004997501249375312,0.001080854921376521
mlp_prevyears_monthly_features_incremental_scaler_experience_replay_RR_0.3_PR_0.10,"MLP Prevyears + Monthly (Incremental Scaler + Replay RR=0.3, PR=0.10)",mlp_prevyears_monthly_features_incremental_scaler,prior_years,2020,2018,f1_score,0.9555777434949306,0.9988297710113881,0.16050848668471734,0.11343653239155603,0.20735066844848746,0.16184112041513873,0.02440621004563469,2000,percentile,0.05,0.44332898303383195,0.2828204963491146,0.0004997501249375312,0.001260997408272608
mlp_prevyears_monthly_features_incremental_scaler_experience_replay_RR_0.3_PR_0.10,"MLP Prevyears + Monthly (Incremental Scaler + Replay RR=0.3, PR=0.10)",mlp_prevyears_monthly_features_incremental_scaler,prior_years,2020,2018,pr_auc,0.9555777434949306,0.9988297710113881,0.20262804475124158,0.16140360629064351,0.24517134772243682,0.2037532128068691,0.021154379528952202,2000,percentile,0.05,0.4231153018294035,0.2204872570781619,0.0004997501249375312,0.001080854921376521
mlp_prevyears_monthly_features_incremental_scaler_experience_replay_RR_0.3_PR_0.15,"MLP Prevyears + Monthly (Incremental Scaler + Replay RR=0.3, PR=0.15)",mlp_prevyears_monthly_features_incremental_scaler,prior_years,2020,2018,f1_score,0.9407818956198225,0.9988297710113881,0.16241618418168358,0.11554250530628953,0.21218577681670286,0.1636309494878858,0.024528987723921345,2000,percentile,0.05,0.4452366805307982,0.2828204963491146,0.0004997501249375312,0.001260997408272608
mlp_prevyears_monthly_features_incremental_scaler_experience_replay_RR_0.3_PR_0.15,"MLP Prevyears + Monthly (Incremental Scaler + Replay RR=0.3, PR=0.15)",mlp_prevyears_monthly_features_incremental_scaler,prior_years,2020,2018,pr_auc,0.9407818956198225,0.9988297710113881,0.2136036952246056,0.17071915816085165,0.2587569046764786,0.21463850416779678,0.022425200882792106,2000,percentile,0.05,0.4340909523027675,0.2204872570781619,0.0004997501249375312,0.001080854921376521
mlp_prevyears_monthly_features_incremental_scaler_experience_replay_RR_0.4,MLP Prevyears + Monthly (Incremental Scaler + Replay RR=0.4),mlp_prevyears_monthly_features_incremental_scaler,prior_years,2020,2018,f1_score,0.9127367416401375,0.9988297710113881,0.16465999310073604,0.12193759096235982,0.21132187677897157,0.16572818114499233,0.022566452056342504,2000,percentile,0.05,0.44748048944985064,0.2828204963491146,0.0004997501249375312,0.001260997408272608
mlp_prevyears_monthly_features_incremental_scaler_experience_replay_RR_0.4,MLP Prevyears + Monthly (Incremental Scaler + Replay RR=0.4),mlp_prevyears_monthly_features_incremental_scaler,prior_years,2020,2018,pr_auc,0.9127367416401375,0.9988297710113881,0.215914593004413,0.17820530287096362,0.25460612218192175,0.2165549816983558,0.01938673709138231,2000,percentile,0.05,0.4364018500825749,0.2204872570781619,0.0004997501249375312,0.001080854921376521
mlp_prevyears_monthly_features_incremental_scaler_experience_replay_RR_0.4_PR_0.10,"MLP Prevyears + Monthly (Incremental Scaler + Replay RR=0.4, PR=0.10)",mlp_prevyears_monthly_features_incremental_scaler,prior_years,2020,2018,f1_score,0.934442302275463,0.9988297710113881,0.16108165467522956,0.11441964544398638,0.2100475899157928,0.16238566351727088,0.0245325280402229,2000,percentile,0.05,0.44390215102434416,0.2828204963491146,0.0004997501249375312,0.001260997408272608
mlp_prevyears_monthly_features_incremental_scaler_experience_replay_RR_0.4_PR_0.10,"MLP Prevyears + Monthly (Incremental Scaler + Replay RR=0.4, PR=0.10)",mlp_prevyears_monthly_features_incremental_scaler,prior_years,2020,2018,pr_auc,0.934442302275463,0.9988297710113881,0.20259233627255013,0.16107247811194478,0.24823269694250916,0.2043747140573924,0.022547364236626666,2000,percentile,0.05,0.42307959335071205,0.2204872570781619,0.0004997501249375312,0.001080854921376521
mlp_prevyears_monthly_features_incremental_scaler_experience_replay_RR_0.4_PR_0.15,"MLP Prevyears + Monthly (Incremental Scaler + Replay RR=0.4, PR=0.15)",mlp_prevyears_monthly_features_incremental_scaler,prior_years,2020,2018,f1_score,0.9477262230305539,0.9988297710113881,0.1645970014210954,0.11560072503909177,0.21458756260937523,0.16586449769523295,0.025053841650579594,2000,percentile,0.05,0.44741749777021,0.2828204963491146,0.0004997501249375312,0.001260997408272608
mlp_prevyears_monthly_features_incremental_scaler_experience_replay_RR_0.4_PR_0.15,"MLP Prevyears + Monthly (Incremental Scaler + Replay RR=0.4, PR=0.15)",mlp_prevyears_monthly_features_incremental_scaler,prior_years,2020,2018,pr_auc,0.9477262230305539,0.9988297710113881,0.22335867948075822,0.18182368274435506,0.26547095584076796,0.22411960069610296,0.020995342078757036,2000,percentile,0.05,0.44384593655892013,0.2204872570781619,0.0004997501249375312,0.001080854921376521
mlp_prevyears_monthly_features_incremental_scaler_experience_replay_RR_0.5,MLP Prevyears + Monthly (Incremental Scaler + Replay RR=0.5),mlp_prevyears_monthly_features_incremental_scaler,prior_years,2020,2018,f1_score,0.9351206800751332,0.9988297710113881,0.1603700957991303,0.11147121255476111,0.20876449068706845,0.16171627301043592,0.024828423277569688,2000,percentile,0.05,0.4431905921482449,0.2828204963491146,0.0004997501249375312,0.001260997408272608
mlp_prevyears_monthly_features_incremental_scaler_experience_replay_RR_0.5,MLP Prevyears + Monthly (Incremental Scaler + Replay RR=0.5),mlp_prevyears_monthly_features_incremental_scaler,prior_years,2020,2018,pr_auc,0.9351206800751332,0.9988297710113881,0.2066367980247526,0.15946679502179345,0.2539787840340373,0.20809667377267113,0.0242439264044552,2000,percentile,0.05,0.4271240551029145,0.2204872570781619,0.0004997501249375312,0.001080854921376521
mlp_prevyears_monthly_features_incremental_scaler_experience_replay_RR_0.5_PR_0.10,"MLP Prevyears + Monthly (Incremental Scaler + Replay RR=0.5, PR=0.10)",mlp_prevyears_monthly_features_incremental_scaler,prior_years,2020,2018,f1_score,0.9323791828749691,0.9988297710113881,0.1679057257342838,0.12032771411227305,0.21736024364593168,0.1692084110175946,0.024931941566460055,2000,percentile,0.05,0.4507262220833984,0.2828204963491146,0.0004997501249375312,0.001260997408272608
mlp_prevyears_monthly_features_incremental_scaler_experience_replay_RR_0.5_PR_0.10,"MLP Prevyears + Monthly (Incremental Scaler + Replay RR=0.5, PR=0.10)",mlp_prevyears_monthly_features_incremental_scaler,prior_years,2020,2018,pr_auc,0.9323791828749691,0.9988297710113881,0.2184505604776641,0.17574556456929452,0.26333427967136497,0.2194800181102217,0.02222184699243173,2000,percentile,0.05,0.438937817555826,0.2204872570781619,0.0004997501249375312,0.001080854921376521
mlp_prevyears_monthly_features_incremental_scaler_experience_replay_RR_0.5_PR_0.15,"MLP Prevyears + Monthly (Incremental Scaler + Replay RR=0.5, PR=0.15)",mlp_prevyears_monthly_features_incremental_scaler,prior_years,2020,2018,f1_score,0.9352109035375303,0.9988297710113881,0.1630442225126369,0.11905839105558516,0.21120430569586826,0.16429219310598067,0.023584083594666023,2000,percentile,0.05,0.4458647188617515,0.2828204963491146,0.0004997501249375312,0.001260997408272608
mlp_prevyears_monthly_features_incremental_scaler_experience_replay_RR_0.5_PR_0.15,"MLP Prevyears + Monthly (Incremental Scaler + Replay RR=0.5, PR=0.15)",mlp_prevyears_monthly_features_incremental_scaler,prior_years,2020,2018,pr_auc,0.9352109035375303,0.9988297710113881,0.2127760578262714,0.17000605612184144,0.2562945318154951,0.21367281364557775,0.021981684217300748,2000,percentile,0.05,0.4332633149044333,0.2204872570781619,0.0004997501249375312,0.001080854921376521
mlp_prevyears_monthly_features_incremental_scaler_experience_replay_confidently_correct_memory_RR_0.2,MLP Prevyears + Monthly (Incremental Scaler + Replay Confidently Correct RR=0.2),mlp_prevyears_monthly_features_incremental_scaler,prior_years,2020,2018,f1_score,0.9407332625385483,0.9988297710113881,0.14650501684736633,0.10240790738709986,0.19616388225983616,0.14804257591666692,0.02350733268942485,2000,percentile,0.05,0.42932551319648093,0.2828204963491146,0.0004997501249375312,0.001260997408272608
mlp_prevyears_monthly_features_incremental_scaler_experience_replay_confidently_correct_memory_RR_0.2,MLP Prevyears + Monthly (Incremental Scaler + Replay Confidently Correct RR=0.2),mlp_prevyears_monthly_features_incremental_scaler,prior_years,2020,2018,pr_auc,0.9407332625385483,0.9988297710113881,0.19128911912852237,0.14809027792683685,0.23915351699355983,0.19271913687669262,0.022806188971585702,2000,percentile,0.05,0.4117763762066843,0.2204872570781619,0.0004997501249375312,0.001080854921376521
mlp_prevyears_monthly_features_incremental_scaler_experience_replay_confidently_correct_memory_RR_0.3,MLP Prevyears + Monthly (Incremental Scaler + Replay Confidently Correct RR=0.3),mlp_prevyears_monthly_features_incremental_scaler,prior_years,2020,2018,f1_score,0.9445863356270244,0.9988297710113881,0.15125423503073454,0.10520084071214203,0.20061400519712624,0.15258254570199178,0.02427443337359491,2000,percentile,0.05,0.43407473137984914,0.2828204963491146,0.0004997501249375312,0.001260997408272608
mlp_prevyears_monthly_features_incremental_scaler_experience_replay_confidently_correct_memory_RR_0.3,MLP Prevyears + Monthly (Incremental Scaler + Replay Confidently Correct RR=0.3),mlp_prevyears_monthly_features_incremental_scaler,prior_years,2020,2018,pr_auc,0.9445863356270244,0.9988297710113881,0.1981530372860164,0.15501801231100518,0.24454316338912607,0.19957309622906788,0.02263453843609827,2000,percentile,0.05,0.4186402943641783,0.2204872570781619,0.0004997501249375312,0.001080854921376521
mlp_prevyears_monthly_features_incremental_scaler_experience_replay_confidently_correct_memory_RR_0.4,MLP Prevyears + Monthly (Incremental Scaler + Replay Confidently Correct RR=0.4),mlp_prevyears_monthly_features_incremental_scaler,prior_years,2020,2018,f1_score,0.9257101629798379,0.9988297710113881,0.15803423801669603,0.1098500716026893,0.2083082900689966,0.15928776807884185,0.024798432450480853,2000,percentile,0.05,0.44085473436581063,0.2828204963491146,0.0004997501249375312,0.001260997408272608
mlp_prevyears_monthly_features_incremental_scaler_experience_replay_confidently_correct_memory_RR_0.4,MLP Prevyears + Monthly (Incremental Scaler + Replay Confidently Correct RR=0.4),mlp_prevyears_monthly_features_incremental_scaler,prior_years,2020,2018,pr_auc,0.9257101629798379,0.9988297710113881,0.2075057610699647,0.16532503285617547,0.25134469725298814,0.20860776321416943,0.021838634205226845,2000,percentile,0.05,0.4279930181481266,0.2204872570781619,0.0004997501249375312,0.001080854921376521
mlp_prevyears_monthly_features_incremental_scaler_experience_replay_confidently_correct_memory_RR_0.5,MLP Prevyears + Monthly (Incremental Scaler + Replay Confidently Correct RR=0.5),mlp_prevyears_monthly_features_incremental_scaler,prior_years,2020,2018,f1_score,0.9535649111107944,0.9988297710113881,0.16508595108643065,0.11669944965056829,0.21466978711266788,0.1663708288613911,0.024827843102895056,2000,percentile,0.05,0.44790644743554525,0.2828204963491146,0.0004997501249375312,0.001260997408272608
mlp_prevyears_monthly_features_incremental_scaler_experience_replay_confidently_correct_memory_RR_0.5,MLP Prevyears + Monthly (Incremental Scaler + Replay Confidently Correct RR=0.5),mlp_prevyears_monthly_features_incremental_scaler,prior_years,2020,2018,pr_auc,0.9535649111107944,0.9988297710113881,0.21058303831825492,0.16665826448008744,0.2568815702665812,0.21197623298637375,0.022858418044869943,2000,percentile,0.05,0.43107029539641684,0.2204872570781619,0.0004997501249375312,0.001080854921376521
mlp_prevyears_monthly_features_incremental_scaler_experience_replay_hard_example_mining_RR_0.2,MLP Prevyears + Monthly (Incremental Scaler + Replay Hard Example Mining RR=0.2),mlp_prevyears_monthly_features_incremental_scaler,prior_years,2020,2018,f1_score,0.6589233788733674,0.9988297710113881,0.14005995349842826,0.09402562817828272,0.18667940648172474,0.14113102895076934,0.02356404346033365,2000,percentile,0.05,0.42288044984754286,0.2828204963491146,0.0004997501249375312,0.001260997408272608
mlp_prevyears_monthly_features_incremental_scaler_experience_replay_hard_example_mining_RR_0.2,MLP Prevyears + Monthly (Incremental Scaler + Replay Hard Example Mining RR=0.2),mlp_prevyears_monthly_features_incremental_scaler,prior_years,2020,2018,pr_auc,0.6589233788733674,0.9988297710113881,0.15749476090160103,0.10621000744036921,0.20746349116071966,0.159047855730783,0.025807809253766367,2000,percentile,0.05,0.37798201797976294,0.2204872570781619,0.0004997501249375312,0.001080854921376521
mlp_prevyears_monthly_features_incremental_scaler_experience_replay_hard_example_mining_RR_0.3,MLP Prevyears + Monthly (Incremental Scaler + Replay Hard Example Mining RR=0.3),mlp_prevyears_monthly_features_incremental_scaler,prior_years,2020,2018,f1_score,0.7792485541164059,0.9988297710113881,0.12175274340637554,0.07904273626017269,0.16890365462337176,0.12290622500167751,0.022591756182584622,2000,percentile,0.05,0.40457323975549014,0.2828204963491146,0.0004997501249375312,0.001260997408272608
mlp_prevyears_monthly_features_incremental_scaler_experience_replay_hard_example_mining_RR_0.3,MLP Prevyears + Monthly (Incremental Scaler + Replay Hard Example Mining RR=0.3),mlp_prevyears_monthly_features_incremental_scaler,prior_years,2020,2018,pr_auc,0.7792485541164059,0.9988297710113881,0.1502623838395799,0.1111638745296729,0.19074908802969479,0.15058457693765995,0.020379700329400417,2000,percentile,0.05,0.3707496409177418,0.2204872570781619,0.0004997501249375312,0.001080854921376521
mlp_prevyears_monthly_features_incremental_scaler_experience_replay_hard_example_mining_RR_0.4,MLP Prevyears + Monthly (Incremental Scaler + Replay Hard Example Mining RR=0.4),mlp_prevyears_monthly_features_incremental_scaler,prior_years,2020,2018,f1_score,0.8467378403696264,0.9988297710113881,0.1302249960996948,0.09104243748239717,0.1727629203995597,0.13105261302264046,0.020554070619245714,2000,percentile,0.05,0.4130454924488094,0.2828204963491146,0.0004997501249375312,0.001260997408272608
mlp_prevyears_monthly_features_incremental_scaler_experience_replay_hard_example_mining_RR_0.4,MLP Prevyears + Monthly (Incremental Scaler + Replay Hard Example Mining RR=0.4),mlp_prevyears_monthly_features_incremental_scaler,prior_years,2020,2018,pr_auc,0.8467378403696264,0.9988297710113881,0.15957846406069598,0.12053901973637113,0.20198117760512962,0.16052279743290507,0.020638550743555542,2000,percentile,0.05,0.3800657211388579,0.2204872570781619,0.0004997501249375312,0.001080854921376521
mlp_prevyears_monthly_features_incremental_scaler_experience_replay_hard_example_mining_RR_0.5,MLP Prevyears + Monthly (Incremental Scaler + Replay Hard Example Mining RR=0.5),mlp_prevyears_monthly_features_incremental_scaler,prior_years,2020,2018,f1_score,0.8548020785947384,0.9988297710113881,0.11402075946305157,0.06755322357652487,0.1619211027385544,0.11498677982006363,0.023957108171508847,2000,percentile,0.05,0.39684125581216617,0.2828204963491146,0.0004997501249375312,0.001260997408272608
mlp_prevyears_monthly_features_incremental_scaler_experience_replay_hard_example_mining_RR_0.5,MLP Prevyears + Monthly (Incremental Scaler + Replay Hard Example Mining RR=0.5),mlp_prevyears_monthly_features_incremental_scaler,prior_years,2020,2018,pr_auc,0.8548020785947384,0.9988297710113881,0.15250660990688442,0.10380988395706715,0.20193349903304864,0.1530333608531108,0.024814982350024297,2000,percentile,0.05,0.37299386698504633,0.2204872570781619,0.0004997501249375312,0.001080854921376521
mlp_prevyears_monthly_features_incremental_scaler_experience_replay_uncertainity_prioritization_RR_0.2,MLP Prevyears + Monthly (Incremental Scaler + Replay Uncertainty Prioritization RR=0.2),mlp_prevyears_monthly_features_incremental_scaler,prior_years,2020,2018,f1_score,0.9187972519505191,0.9988297710113881,0.16758215285687622,0.12120916838463729,0.21852811427988175,0.16853732375761904,0.024341924861005306,2000,percentile,0.05,0.4504026492059908,0.2828204963491146,0.0004997501249375312,0.001260997408272608
mlp_prevyears_monthly_features_incremental_scaler_experience_replay_uncertainity_prioritization_RR_0.2,MLP Prevyears + Monthly (Incremental Scaler + Replay Uncertainty Prioritization RR=0.2),mlp_prevyears_monthly_features_incremental_scaler,prior_years,2020,2018,pr_auc,0.9187972519505191,0.9988297710113881,0.21834689114265654,0.1772242192403529,0.2616942142729791,0.21896562511514064,0.021276363827594184,2000,percentile,0.05,0.43883414822081845,0.2204872570781619,0.0004997501249375312,0.001080854921376521
mlp_prevyears_monthly_features_incremental_scaler_experience_replay_uncertainity_prioritization_RR_0.3,MLP Prevyears + Monthly (Incremental Scaler + Replay Uncertainty Prioritization RR=0.3),mlp_prevyears_monthly_features_incremental_scaler,prior_years,2020,2018,f1_score,0.9626743025869617,0.9988297710113881,0.15992638669066372,0.11326570100773921,0.20803074220012568,0.16110873554897864,0.024752921815079324,2000,percentile,0.05,0.4427468830397783,0.2828204963491146,0.0004997501249375312,0.001260997408272608
mlp_prevyears_monthly_features_incremental_scaler_experience_replay_uncertainity_prioritization_RR_0.3,MLP Prevyears + Monthly (Incremental Scaler + Replay Uncertainty Prioritization RR=0.3),mlp_prevyears_monthly_features_incremental_scaler,prior_years,2020,2018,pr_auc,0.9626743025869617,0.9988297710113881,0.20822013887985397,0.16378503977770337,0.2549537241328918,0.20904418862708282,0.023376136804595722,2000,percentile,0.05,0.4287073959580159,0.2204872570781619,0.0004997501249375312,0.001080854921376521
mlp_prevyears_monthly_features_incremental_scaler_experience_replay_uncertainity_prioritization_RR_0.4,MLP Prevyears + Monthly (Incremental Scaler + Replay Uncertainty Prioritization RR=0.4),mlp_prevyears_monthly_features_incremental_scaler,prior_years,2020,2018,f1_score,0.938084942763712,0.9988297710113881,0.17235059169394573,0.125490470183126,0.22405965443855974,0.17364378121687635,0.024723247491069297,2000,percentile,0.05,0.45517108804306033,0.2828204963491146,0.0004997501249375312,0.001260997408272608
mlp_prevyears_monthly_features_incremental_scaler_experience_replay_uncertainity_prioritization_RR_0.4,MLP Prevyears + Monthly (Incremental Scaler + Replay Uncertainty Prioritization RR=0.4),mlp_prevyears_monthly_features_incremental_scaler,prior_years,2020,2018,pr_auc,0.938084942763712,0.9988297710113881,0.22570263896966763,0.18436866626638831,0.26916326554170056,0.22639698178804446,0.02162140912164566,2000,percentile,0.05,0.44618989604782955,0.2204872570781619,0.0004997501249375312,0.001080854921376521
mlp_prevyears_monthly_features_incremental_scaler_experience_replay_uncertainity_prioritization_RR_0.5,MLP Prevyears + Monthly (Incremental Scaler + Replay Uncertainty Prioritization RR=0.5),mlp_prevyears_monthly_features_incremental_scaler,prior_years,2020,2018,f1_score,0.9316795695922804,0.9988297710113881,0.16379529150164085,0.11822614540816286,0.2133613015300688,0.16492472853204435,0.024469338803986267,2000,percentile,0.05,0.44661578785075545,0.2828204963491146,0.0004997501249375312,0.001260997408272608
mlp_prevyears_monthly_features_incremental_scaler_experience_replay_uncertainity_prioritization_RR_0.5,MLP Prevyears + Monthly (Incremental Scaler + Replay Uncertainty Prioritization RR=0.5),mlp_prevyears_monthly_features_incremental_scaler,prior_years,2020,2018,pr_auc,0.9316795695922804,0.9988297710113881,0.21221005607037768,0.17069628885576338,0.25467363309079244,0.21312553636861195,0.021402577119014853,2000,percentile,0.05,0.4326973131485396,0.2204872570781619,0.0004997501249375312,0.001080854921376521
mlp_prevyears_monthly_features_incremental_scaler_missclassification_buffer_RR_0.3,MLP Prevyears + Monthly (Incremental Scaler + Misclassification Buffer RR=0.3),mlp_prevyears_monthly_features_incremental_scaler,prior_years,2020,2018,f1_score,0.7732034576774872,0.9988297710113881,0.1368622843815021,0.08749724220750307,0.18890905333879662,0.138359274404305,0.02584064062942867,2000,percentile,0.05,0.4196827807306167,0.2828204963491146,0.0004997501249375312,0.001260997408272608
mlp_prevyears_monthly_features_incremental_scaler_missclassification_buffer_RR_0.3,MLP Prevyears + Monthly (Incremental Scaler + Misclassification Buffer RR=0.3),mlp_prevyears_monthly_features_incremental_scaler,prior_years,2020,2018,pr_auc,0.7732034576774872,0.9988297710113881,0.17079958635708886,0.11164656662714048,0.22894307330612973,0.1728686984465592,0.030215579966771572,2000,percentile,0.05,0.3912868434352508,0.2204872570781619,0.0004997501249375312,0.001080854921376521
"mlp_combined_HE=0.1_CC=0.1_UP=0.1_PR=(0.2,10)_RR=0.5","MLP Combined (HE=0.1, CC=0.1, UP=0.1, PR=(0.2,10), RR=0.5)",mlp_prevyears_monthly_features_incremental_scaler,prior_years,2020,2019,f1_score,0.8741147923356154,0.9334558340753187,-0.0010325029756792503,-0.02627462841420801,0.02628763423619318,-0.001147047033142199,0.013572424850647018,2000,percentile,0.05,0.45676544711914485,0.4577979500948241,0.5427286356821589,0.696785465534949
"mlp_combined_HE=0.1_CC=0.1_UP=0.1_PR=(0.2,10)_RR=0.5","MLP Combined (HE=0.1, CC=0.1, UP=0.1, PR=(0.2,10), RR=0.5)",mlp_prevyears_monthly_features_incremental_scaler,prior_years,2020,2019,pr_auc,0.8741147923356154,0.9334558340753187,0.006676659767684834,-0.017533757341310817,0.033849547620614324,0.006790670827927425,0.013150375071260061,2000,percentile,0.05,0.414201190627186,0.4075245308595012,0.3073463268365817,0.4340183487431989
"mlp_combined_HE=0_CC=0.15_UP=0_PR=(0,10)_MC=0.1_RWS=1_RR=0.4","MLP Combined (HE=0, CC=0.15, UP=0, PR=(0,10), MC=0.1, RWS=1, RR=0.4)",mlp_prevyears_monthly_features_incremental_scaler,prior_years,2020,2019,f1_score,0.8679837263821005,0.9334558340753187,0.015907629322659933,0.0026907254014161496,0.031873721959809115,0.01594104234683189,0.007589495228467867,2000,percentile,0.05,0.47370557941748404,0.4577979500948241,0.0074962518740629685,0.016712534143886962
"mlp_combined_HE=0_CC=0.15_UP=0_PR=(0,10)_MC=0.1_RWS=1_RR=0.4","MLP Combined (HE=0, CC=0.15, UP=0, PR=(0,10), MC=0.1, RWS=1, RR=0.4)",mlp_prevyears_monthly_features_incremental_scaler,prior_years,2020,2019,pr_auc,0.8679837263821005,0.9334558340753187,0.022064619837365462,0.008247653481939194,0.036884025688607165,0.022197878692822543,0.007373107484531463,2000,percentile,0.05,0.42958915069686665,0.4075245308595012,0.0014992503748125937,0.003078902189283907
"mlp_combined_HE=0_CC=0.1_UP=0.1_PR=(0,10)_MC=0.1_RWS=1_RR=0.5","MLP Combined (HE=0, CC=0.1, UP=0.1, PR=(0,10), MC=0.1, RWS=1, RR=0.5)",mlp_prevyears_monthly_features_incremental_scaler,prior_years,2020,2019,f1_score,0.8403292829967399,0.9334558340753187,-0.019020694857543208,-0.055918570556571345,0.005849340645580473,-0.0191140920367778,0.016525496794320346,2000,percentile,0.05,0.4387772552372809,0.4577979500948241,0.881559220389805,0.9928980146604899
"mlp_combined_HE=0_CC=0.1_UP=0.1_PR=(0,10)_MC=0.1_RWS=1_RR=0.5","MLP Combined (HE=0, CC=0.1, UP=0.1, PR=(0,10), MC=0.1, RWS=1, RR=0.5)",mlp_prevyears_monthly_features_incremental_scaler,prior_years,2020,2019,pr_auc,0.8403292829967399,0.9334558340753187,-0.008365063891373425,-0.03281684224398426,0.009410585994220871,-0.008303421085129504,0.01131923507723483,2000,percentile,0.05,0.39915946696812776,0.4075245308595012,0.7341329335332334,0.8564884224554389
"mlp_combined_HE=0_CC=0.1_UP=0.2_PR=(0.1,10)_RR=0.5","MLP Combined (HE=0, CC=0.1, UP=0.2, PR=(0.1,10), RR=0.5)",mlp_prevyears_monthly_features_incremental_scaler,prior_years,2020,2019,f1_score,0.8586798831481572,0.9334558340753187,0.01204142106033651,-0.0003595423400668054,0.026801916788459144,0.012020138599500282,0.007178368375215492,2000,percentile,0.05,0.4698393711551606,0.4577979500948241,0.03398300849575212,0.06724297425755207
"mlp_combined_HE=0_CC=0.1_UP=0.2_PR=(0.1,10)_RR=0.5","MLP Combined (HE=0, CC=0.1, UP=0.2, PR=(0.1,10), RR=0.5)",mlp_prevyears_monthly_features_incremental_scaler,prior_years,2020,2019,pr_auc,0.8586798831481572,0.9334558340753187,0.014127069827973349,0.00027707244938383343,0.030081184222794124,0.014125559472971724,0.007786505039146388,2000,percentile,0.05,0.42165160068747454,0.4075245308595012,0.022988505747126436,0.04239523297841164
"mlp_combined_HE=0_CC=0.2_UP=0.1_PR=(0.2,10)_RR=0.5","MLP Combined (HE=0, CC=0.2, UP=0.1, PR=(0.2,10), RR=0.5)",mlp_prevyears_monthly_features_incremental_scaler,prior_years,2020,2019,f1_score,0.8604411515119191,0.9334558340753187,-0.011138775812078505,-0.02919448080030928,0.004436148429705103,-0.01092310799180995,0.00877521803597762,2000,percentile,0.05,0.4466591742827456,0.4577979500948241,0.9005497251374313,1.0
"mlp_combined_HE=0_CC=0.2_UP=0.1_PR=(0.2,10)_RR=0.5","MLP Combined (HE=0, CC=0.2, UP=0.1, PR=(0.2,10), RR=0.5)",mlp_prevyears_monthly_features_incremental_scaler,prior_years,2020,2019,pr_auc,0.8604411515119191,0.9334558340753187,0.0028721025850323434,-0.010352293093662136,0.014520240025648081,0.0029627666137935285,0.00639377685540321,2000,percentile,0.05,0.41039663344453353,0.4075245308595012,0.3098450774612694,0.4363595739927013
"mlp_combined_HE=0_CC=0.2_UP=0.2_PR=(0.1,10)_RR=0.5","MLP Combined (HE=0, CC=0.2, UP=0.2, PR=(0.1,10), RR=0.5)",mlp_prevyears_monthly_features_incremental_scaler,prior_years,2020,2019,f1_score,0.8440590571576787,0.9334558340753187,0.014752257842314098,-0.001138527457102105,0.03248416754513969,0.01459983017424288,0.008582568319054936,2000,percentile,0.05,0.4725502079371382,0.4577979500948241,0.03948025987006497,0.07649300349825087
"mlp_combined_HE=0_CC=0.2_UP=0.2_PR=(0.1,10)_RR=0.5","MLP Combined (HE=0, CC=0.2, UP=0.2, PR=(0.1,10), RR=0.5)",mlp_prevyears_monthly_features_incremental_scaler,prior_years,2020,2019,pr_auc,0.8440590571576787,0.9334558340753187,0.015857488710313505,0.004346517642742911,0.02778334202836909,0.015745029418824844,0.0059574764613553035,2000,percentile,0.05,0.4233820195698147,0.4075245308595012,0.001999000499750125,0.004066716641679161
mlp_prevyears_monthly_features_incremental_scaler_experience_replay_RR_0.2,MLP Prevyears + Monthly (Incremental Scaler + Replay RR=0.2),mlp_prevyears_monthly_features_incremental_scaler,prior_years,2020,2019,f1_score,0.9132457824567439,0.9334558340753187,0.014922473486784438,-0.007968318097334209,0.04550284283666044,0.014965930081709992,0.014102774607169886,2000,percentile,0.05,0.47272042358160854,0.4577979500948241,0.1584207896051974,0.24971412598785353
mlp_prevyears_monthly_features_incremental_scaler_experience_replay_RR_0.2,MLP Prevyears + Monthly (Incremental Scaler + Replay RR=0.2),mlp_prevyears_monthly_features_incremental_scaler,prior_years,2020,2019,pr_auc,0.9132457824567439,0.9334558340753187,0.02187909170075364,-0.002523753615460736,0.0526670755998672,0.021964193744065285,0.014056041420713823,2000,percentile,0.05,0.4294036225602548,0.4075245308595012,0.037481259370314844,0.06721845688725885
mlp_prevyears_monthly_features_incremental_scaler_experience_replay_RR_0.2_PR_0.10,"MLP Prevyears + Monthly (Incremental Scaler + Replay RR=0.2, PR=0.10)",mlp_prevyears_monthly_features_incremental_scaler,prior_years,2020,2019,f1_score,0.9308133208012818,0.9334558340753187,0.012206064866188526,-0.01307732444078882,0.043888983196059536,0.012195825240515226,0.015030006846294502,2000,percentile,0.05,0.47000401496101263,0.4577979500948241,0.22138930534732634,0.3399161268422392
mlp_prevyears_monthly_features_incremental_scaler_experience_replay_RR_0.2_PR_0.10,"MLP Prevyears + Monthly (Incremental Scaler + Replay RR=0.2, PR=0.10)",mlp_prevyears_monthly_features_incremental_scaler,prior_years,2020,2019,pr_auc,0.9308133208012818,0.9334558340753187,0.022714662765413174,0.002022451592392412,0.04907816203185539,0.02251971235796372,0.012247579256903007,2000,percentile,0.05,0.43023919362491436,0.4075245308595012,0.015992003998001,0.03000228992132176
mlp_prevyears_monthly_features_incremental_scaler_experience_replay_RR_0.2_PR_0.15,"MLP Prevyears + Monthly (Incremental Scaler + Replay RR=0.2, PR=0.15)",mlp_prevyears_monthly_features_incremental_scaler,prior_years,2020,2019,f1_score,0.9336547399660557,0.9334558340753187,0.013819028280996348,-0.00652710163676318,0.038708061031477996,0.013949877295805165,0.01203244211698753,2000,percentile,0.05,0.47161697837582045,0.4577979500948241,0.12893553223388307,0.20857021984057478
mlp_prevyears_monthly_features_incremental_scaler_experience_replay_RR_0.2_PR_0.15,"MLP Prevyears + Monthly (Incremental Scaler + Replay RR=0.2, PR=0.15)",mlp_prevyears_monthly_features_incremental_scaler,prior_years,2020,2019,pr_auc,0.9336547399660557,0.9334558340753187,0.022356560305679507,5.0652861902744904e-05,0.053550230877596305,0.0224031041314827,0.014250902657737008,2000,percentile,0.05,0.4298810911651807,0.4075245308595012,0.025487256371814093,0.046738602529721056
mlp_prevyears_monthly_features_incremental_scaler_experience_replay_RR_0.3,MLP Prevyears + Monthly (Incremental Scaler + Replay RR=0.3),mlp_prevyears_monthly_features_incremental_scaler,prior_years,2020,2019,f1_score,0.9135394176797075,0.9334558340753187,-0.008253136657203897,-0.03132413409416367,0.009045089779064364,-0.00820733545455317,0.010619611259390187,2000,percentile,0.05,0.4495448134376202,0.4577979500948241,0.7576211894052973,0.9116661632215315
mlp_prevyears_monthly_features_incremental_scaler_experience_replay_RR_0.3,MLP Prevyears + Monthly (Incremental Scaler + Replay RR=0.3),mlp_prevyears_monthly_features_incremental_scaler,prior_years,2020,2019,pr_auc,0.9135394176797075,0.9334558340753187,-0.002986319297692497,-0.020451696829436195,0.013345976119650778,-0.002574002275862168,0.008558587298276998,2000,percentile,0.05,0.4045382115618087,0.4075245308595012,0.6011994002998501,0.7526554030676968
mlp_prevyears_monthly_features_incremental_scaler_experience_replay_RR_0.3_PR_0.10,"MLP Prevyears + Monthly (Incremental Scaler + Replay RR=0.3, PR=0.10)",mlp_prevyears_monthly_features_incremental_scaler,prior_years,2020,2019,f1_score,0.9177506127534143,0.9334558340753187,0.006597801095575118,-0.014778290345433178,0.03170965627461344,0.006588481149153883,0.011938996443501345,2000,percentile,0.05,0.4643957511903992,0.4577979500948241,0.3183408295852074,0.4515030066666013
mlp_prevyears_monthly_features_incremental_scaler_experience_replay_RR_0.3_PR_0.10,"MLP Prevyears + Monthly (Incremental Scaler + Replay RR=0.3, PR=0.10)",mlp_prevyears_monthly_features_incremental_scaler,prior_years,2020,2019,pr_auc,0.9177506127534143,0.9334558340753187,0.017819488545402495,-0.002383987161760105,0.04278343199701721,0.017521291339947283,0.011829953744462073,2000,percentile,0.05,0.4253440194049037,0.4075245308595012,0.049475262368815595,0.08704971838405123
mlp_prevyears_monthly_features_incremental_scaler_experience_replay_RR_0.3_PR_0.15,"MLP Prevyears + Monthly (Incremental Scaler + Replay RR=0.3, PR=0.15)",mlp_prevyears_monthly_features_incremental_scaler,prior_years,2020,2019,f1_score,0.9203024109919244,0.9334558340753187,0.018121151799082857,0.0004897886040176241,0.038342248672919,0.01796469225295945,0.009731550502919935,2000,percentile,0.05,0.47591910189390696,0.4577979500948241,0.022488755622188907,0.046329683259636004
mlp_prevyears_monthly_features_incremental_scaler_experience_replay_RR_0.3_PR_0.15,"MLP Prevyears + Monthly (Incremental Scaler + Replay RR=0.3, PR=0.15)",mlp_prevyears_monthly_features_incremental_scaler,prior_years,2020,2019,pr_auc,0.9203024109919244,0.9334558340753187,0.021195307362067817,0.00954340196761352,0.034176900375770425,0.02108076385800329,0.006479361153432671,2000,percentile,0.05,0.428719838221569,0.4075245308595012,0.0004997501249375312,0.001080854921376521
mlp_prevyears_monthly_features_incremental_scaler_experience_replay_RR_0.4,MLP Prevyears + Monthly (Incremental Scaler + Replay RR=0.4),mlp_prevyears_monthly_features_incremental_scaler,prior_years,2020,2019,f1_score,0.9227953740038707,0.9334558340753187,0.020626308036574115,0.008995128933067387,0.03231904742111643,0.020569429221653425,0.006028374904219429,2000,percentile,0.05,0.4784242581313982,0.4577979500948241,0.0004997501249375312,0.001260997408272608
mlp_prevyears_monthly_features_incremental_scaler_experience_replay_RR_0.4,MLP Prevyears + Monthly (Incremental Scaler + Replay RR=0.4),mlp_prevyears_monthly_features_incremental_scaler,prior_years,2020,2019,pr_auc,0.9227953740038707,0.9334558340753187,0.02416201261132561,0.013785657333630788,0.03541764346868146,0.024178239770884964,0.0056411081438162035,2000,percentile,0.05,0.4316865434708268,0.4075245308595012,0.0004997501249375312,0.001080854921376521
mlp_prevyears_monthly_features_incremental_scaler_experience_replay_RR_0.4_PR_0.10,"MLP Prevyears + Monthly (Incremental Scaler + Replay RR=0.4, PR=0.10)",mlp_prevyears_monthly_features_incremental_scaler,prior_years,2020,2019,f1_score,0.9197512423831409,0.9334558340753187,0.012800101595866142,0.0009378560583155948,0.02499306179527195,0.012897946232700047,0.006143523112395183,2000,percentile,0.05,0.47059805169069024,0.4577979500948241,0.017491254372813594,0.03685050678544223
mlp_prevyears_monthly_features_incremental_scaler_experience_replay_RR_0.4_PR_0.10,"MLP Prevyears + Monthly (Incremental Scaler + Replay RR=0.4, PR=0.10)",mlp_prevyears_monthly_features_incremental_scaler,prior_years,2020,2019,pr_auc,0.9197512423831409,0.9334558340753187,0.017652349178167936,0.008256532896797491,0.026991624129165188,0.017759224458882956,0.00481694208695546,2000,percentile,0.05,0.4251768800376691,0.4075245308595012,0.0009995002498750624,0.002078832788078804
mlp_prevyears_monthly_features_incremental_scaler_experience_replay_RR_0.4_PR_0.15,"MLP Prevyears + Monthly (Incremental Scaler + Replay RR=0.4, PR=0.15)",mlp_prevyears_monthly_features_incremental_scaler,prior_years,2020,2019,f1_score,0.9189577821815853,0.9334558340753187,0.021174654091644873,0.0046319788541567776,0.03936438116563247,0.02100456841604305,0.00891455403202551,2000,percentile,0.05,0.478972604186469,0.4577979500948241,0.005497251374312844,0.012426078627352989
mlp_prevyears_monthly_features_incremental_scaler_experience_replay_RR_0.4_PR_0.15,"MLP Prevyears + Monthly (Incremental Scaler + Replay RR=0.4, PR=0.15)",mlp_prevyears_monthly_features_incremental_scaler,prior_years,2020,2019,pr_auc,0.9189577821815853,0.9334558340753187,0.02887288912869901,0.011991807960335334,0.048883664059507496,0.028414766782043677,0.009746705897696455,2000,percentile,0.05,0.4363974199882002,0.4075245308595012,0.0004997501249375312,0.001080854921376521
mlp_prevyears_monthly_features_incremental_scaler_experience_replay_RR_0.5,MLP Prevyears + Monthly (Incremental Scaler + Replay RR=0.5),mlp_prevyears_monthly_features_incremental_scaler,prior_years,2020,2019,f1_score,0.9002904177271118,0.9334558340753187,0.00816141591179076,-0.0034219728920602834,0.019903783077464904,0.008098129490607186,0.005978463660355022,2000,percentile,0.05,0.46595936600661486,0.4577979500948241,0.09395302348825588,0.16575452111342703
mlp_prevyears_monthly_features_incremental_scaler_experience_replay_RR_0.5,MLP Prevyears + Monthly (Incremental Scaler + Replay RR=0.5),mlp_prevyears_monthly_features_incremental_scaler,prior_years,2020,2019,pr_auc,0.9002904177271118,0.9334558340753187,0.018737863195466498,0.009503947209554716,0.027430814999507003,0.018554085578101058,0.004654353061477331,2000,percentile,0.05,0.4262623940549677,0.4075245308595012,0.0004997501249375312,0.001080854921376521
mlp_prevyears_monthly_features_incremental_scaler_experience_replay_RR_0.5_PR_0.10,"MLP Prevyears + Monthly (Incremental Scaler + Replay RR=0.5, PR=0.10)",mlp_prevyears_monthly_features_incremental_scaler,prior_years,2020,2019,f1_score,0.899573044788412,0.9334558340753187,0.0144439435080429,-0.003251085994824319,0.034110294217977136,0.014395807107816228,0.009428180597924034,2000,percentile,0.05,0.472241893602867,0.4577979500948241,0.05997001499250375,0.11091045386397712
mlp_prevyears_monthly_features_incremental_scaler_experience_replay_RR_0.5_PR_0.10,"MLP Prevyears + Monthly (Incremental Scaler + Replay RR=0.5, PR=0.10)",mlp_prevyears_monthly_features_incremental_scaler,prior_years,2020,2019,pr_auc,0.899573044788412,0.9334558340753187,0.020685466125330065,0.007536586377191941,0.0350754088307973,0.020667932870434006,0.007138933912056275,2000,percentile,0.05,0.42820999698483125,0.4075245308595012,0.0034982508745627187,0.006985770918221871
mlp_prevyears_monthly_features_incremental_scaler_experience_replay_RR_0.5_PR_0.15,"MLP Prevyears + Monthly (Incremental Scaler + Replay RR=0.5, PR=0.15)",mlp_prevyears_monthly_features_incremental_scaler,prior_years,2020,2019,f1_score,0.9222238521852013,0.9334558340753187,0.0073966075627787675,-0.0034014064142556047,0.018958336876872376,0.007625581428280019,0.005509912902565402,2000,percentile,0.05,0.46519455765760287,0.4577979500948241,0.08195902048975512,0.14658055587590818
mlp_prevyears_monthly_features_incremental_scaler_experience_replay_RR_0.5_PR_0.15,"MLP Prevyears + Monthly (Incremental Scaler + Replay RR=0.5, PR=0.15)",mlp_prevyears_monthly_features_incremental_scaler,prior_years,2020,2019,pr_auc,0.9222238521852013,0.9334558340753187,0.018503229722809322,0.007145681230901081,0.029746003816498643,0.01846502203449071,0.005950427461879733,2000,percentile,0.05,0.4260277605823105,0.4075245308595012,0.0009995002498750624,0.002078832788078804
mlp_prevyears_monthly_features_incremental_scaler_experience_replay_confidently_correct_memory_RR_0.2,MLP Prevyears + Monthly (Incremental Scaler + Replay Confidently Correct RR=0.2),mlp_prevyears_monthly_features_incremental_scaler,prior_years,2020,2019,f1_score,0.9091094220962362,0.9334558340753187,0.005634156710776661,-0.003678685303998154,0.015015997147611261,0.005584740344735723,0.004809305544472969,2000,percentile,0.05,0.46343210680560076,0.4577979500948241,0.11344327836081959,0.19434624792866725
mlp_prevyears_monthly_features_incremental_scaler_experience_replay_confidently_correct_memory_RR_0.2,MLP Prevyears + Monthly (Incremental Scaler + Replay Confidently Correct RR=0.2),mlp_prevyears_monthly_features_incremental_scaler,prior_years,2020,2019,pr_auc,0.9091094220962362,0.9334558340753187,0.01344150774965125,0.005094658451932241,0.02202016910934679,0.01357295944791769,0.004310798618923614,2000,percentile,0.05,0.42096603860915244,0.4075245308595012,0.0014992503748125937,0.003078902189283907
mlp_prevyears_monthly_features_incremental_scaler_experience_replay_confidently_correct_memory_RR_0.3,MLP Prevyears + Monthly (Incremental Scaler + Replay Confidently Correct RR=0.3),mlp_prevyears_monthly_features_incremental_scaler,prior_years,2020,2019,f1_score,0.9331425050816751,0.9334558340753187,0.011186193484196638,-0.003332972248175481,0.027166991205337485,0.011151830738947535,0.0077742748417401085,2000,percentile,0.05,0.46898414357902074,0.4577979500948241,0.059470264867566215,0.11029955107916127
mlp_prevyears_monthly_features_incremental_scaler_experience_replay_confidently_correct_memory_RR_0.3,MLP Prevyears + Monthly (Incremental Scaler + Replay Confidently Correct RR=0.3),mlp_prevyears_monthly_features_incremental_scaler,prior_years,2020,2019,pr_auc,0.9331425050816751,0.9334558340753187,0.017981587474622085,0.0068078399879256445,0.030246056818761986,0.018050574436164802,0.005956318424185762,2000,percentile,0.05,0.4255061183341233,0.4075245308595012,0.001999000499750125,0.004066716641679161
mlp_prevyears_monthly_features_incremental_scaler_experience_replay_confidently_correct_memory_RR_0.4,MLP Prevyears + Monthly (Incremental Scaler + Replay Confidently Correct RR=0.4),mlp_prevyears_monthly_features_incremental_scaler,prior_years,2020,2019,f1_score,0.9072292021109705,0.9334558340753187,0.020915952852481656,0.0029204685028104958,0.04451525965041375,0.020775287228985872,0.01103511691171629,2000,percentile,0.05,0.47871390294730576,0.4577979500948241,0.0074962518740629685,0.016712534143886962
mlp_prevyears_monthly_features_incremental_scaler_experience_replay_confidently_correct_memory_RR_0.4,MLP Prevyears + Monthly (Incremental Scaler + Replay Confidently Correct RR=0.4),mlp_prevyears_monthly_features_incremental_scaler,prior_years,2020,2019,pr_auc,0.9072292021109705,0.9334558340753187,0.03259584899346446,0.014264448074464635,0.05583664452203646,0.032239730898898034,0.010986710361567785,2000,percentile,0.05,0.44012037985296565,0.4075245308595012,0.0004997501249375312,0.001080854921376521
mlp_prevyears_monthly_features_incremental_scaler_experience_replay_confidently_correct_memory_RR_0.5,MLP Prevyears + Monthly (Incremental Scaler + Replay Confidently Correct RR=0.5),mlp_prevyears_monthly_features_incremental_scaler,prior_years,2020,2019,f1_score,0.9121047139114168,0.9334558340753187,0.016374457200136028,0.003690266660056427,0.030277231510205723,0.016225639213507413,0.0066530337351492766,2000,percentile,0.05,0.47417240729496013,0.4577979500948241,0.004497751124437781,0.010273810463189457
mlp_prevyears_monthly_features_incremental_scaler_experience_replay_confidently_correct_memory_RR_0.5,MLP Prevyears + Monthly (Incremental Scaler + Replay Confidently Correct RR=0.5),mlp_prevyears_monthly_features_incremental_scaler,prior_years,2020,2019,pr_auc,0.9121047139114168,0.9334558340753187,0.02547945749475994,0.01426509464525204,0.03889949519796714,0.025416634556526745,0.006190392372409478,2000,percentile,0.05,0.4330039883542611,0.4075245308595012,0.0004997501249375312,0.001080854921376521
mlp_prevyears_monthly_features_incremental_scaler_experience_replay_hard_example_mining_RR_0.2,MLP Prevyears + Monthly (Incremental Scaler + Replay Hard Example Mining RR=0.2),mlp_prevyears_monthly_features_incremental_scaler,prior_years,2020,2019,f1_score,0.9020721918017189,0.9334558340753187,0.00190953484925388,-0.02138075866010579,0.03545030922389333,0.001950038064751348,0.01490414236664868,2000,percentile,0.05,0.459707484944078,0.4577979500948241,0.46676661669165415,0.6188697911736596
mlp_prevyears_monthly_features_incremental_scaler_experience_replay_hard_example_mining_RR_0.2,MLP Prevyears + Monthly (Incremental Scaler + Replay Hard Example Mining RR=0.2),mlp_prevyears_monthly_features_incremental_scaler,prior_years,2020,2019,pr_auc,0.9020721918017189,0.9334558340753187,0.015192631251285338,-0.014911885808106954,0.05815147404090711,0.014783164694323099,0.0196563521399462,2000,percentile,0.05,0.4227171621107865,0.4075245308595012,0.30484757621189407,0.4340183487431989
mlp_prevyears_monthly_features_incremental_scaler_experience_replay_hard_example_mining_RR_0.3,MLP Prevyears + Monthly (Incremental Scaler + Replay Hard Example Mining RR=0.3),mlp_prevyears_monthly_features_incremental_scaler,prior_years,2020,2019,f1_score,0.8991456701327344,0.9334558340753187,-0.015553146196924494,-0.04105673061336131,0.004429811599378292,-0.015526430425525838,0.012122180744905762,2000,percentile,0.05,0.4422448038978996,0.4577979500948241,0.9065467266366817,1.0
mlp_prevyears_monthly_features_incremental_scaler_experience_replay_hard_example_mining_RR_0.3,MLP Prevyears + Monthly (Incremental Scaler + Replay Hard Example Mining RR=0.3),mlp_prevyears_monthly_features_incremental_scaler,prior_years,2020,2019,pr_auc,0.8991456701327344,0.9334558340753187,-0.004142942474646749,-0.020918457934885684,0.011247269915818946,-0.0038244477041166035,0.008193799992969174,2000,percentile,0.05,0.40338158838485444,0.4075245308595012,0.6761619190404797,0.8258563026179218
mlp_prevyears_monthly_features_incremental_scaler_experience_replay_hard_example_mining_RR_0.4,MLP Prevyears + Monthly (Incremental Scaler + Replay Hard Example Mining RR=0.4),mlp_prevyears_monthly_features_incremental_scaler,prior_years,2020,2019,f1_score,0.9105624651216216,0.9334558340753187,0.004653716746016112,-0.012078873706821987,0.022330178228681538,0.004802557610944067,0.009000267232913571,2000,percentile,0.05,0.4624516668408402,0.4577979500948241,0.30834582708645675,0.4382819507276929
mlp_prevyears_monthly_features_incremental_scaler_experience_replay_hard_example_mining_RR_0.4,MLP Prevyears + Monthly (Incremental Scaler + Replay Hard Example Mining RR=0.4),mlp_prevyears_monthly_features_incremental_scaler,prior_years,2020,2019,pr_auc,0.9105624651216216,0.9334558340753187,0.004649583764733678,-0.010145374260348944,0.019597102743490632,0.005014518784353338,0.007639732476162884,2000,percentile,0.05,0.41217411462423487,0.4075245308595012,0.2588705647176412,0.3937493869887487
mlp_prevyears_monthly_features_incremental_scaler_experience_replay_hard_example_mining_RR_0.5,MLP Prevyears + Monthly (Incremental Scaler + Replay Hard Example Mining RR=0.5),mlp_prevyears_monthly_features_incremental_scaler,prior_years,2020,2019,f1_score,0.896762663070359,0.9334558340753187,0.004526015671356409,-0.012228427203416253,0.02109344128808162,0.004655942347203789,0.008401021178239413,2000,percentile,0.05,0.4623239657661805,0.4577979500948241,0.2908545727136432,0.4198366448704694
mlp_prevyears_monthly_features_incremental_scaler_experience_replay_hard_example_mining_RR_0.5,MLP Prevyears + Monthly (Incremental Scaler + Replay Hard Example Mining RR=0.5),mlp_prevyears_monthly_features_incremental_scaler,prior_years,2020,2019,pr_auc,0.896762663070359,0.9334558340753187,0.010442384692162299,-0.0012446151340453056,0.02132837294781212,0.010529670516886747,0.00586822588578372,2000,percentile,0.05,0.4179669155516635,0.4075245308595012,0.0384807596201899,0.06882135855149348
mlp_prevyears_monthly_features_incremental_scaler_experience_replay_uncertainity_prioritization_RR_0.2,MLP Prevyears + Monthly (Incremental Scaler + Replay Uncertainty Prioritization RR=0.2),mlp_prevyears_monthly_features_incremental_scaler,prior_years,2020,2019,f1_score,0.9189599833533744,0.9334558340753187,0.002783769151143367,-0.008136551586298002,0.014905548089151642,0.0028024530709163083,0.005944749592889622,2000,percentile,0.05,0.46058171924596747,0.4577979500948241,0.3263368315842079,0.45785620120973997
mlp_prevyears_monthly_features_incremental_scaler_experience_replay_uncertainity_prioritization_RR_0.2,MLP Prevyears + Monthly (Incremental Scaler + Replay Uncertainty Prioritization RR=0.2),mlp_prevyears_monthly_features_incremental_scaler,prior_years,2020,2019,pr_auc,0.9189599833533744,0.9334558340753187,0.00239506481096613,-0.007314093424850898,0.012580083349124176,0.0026614177911466986,0.00504317634251215,2000,percentile,0.05,0.4099195956704673,0.4075245308595012,0.2978510744627686,0.4340183487431989
mlp_prevyears_monthly_features_incremental_scaler_experience_replay_uncertainity_prioritization_RR_0.3,MLP Prevyears + Monthly (Incremental Scaler + Replay Uncertainty Prioritization RR=0.3),mlp_prevyears_monthly_features_incremental_scaler,prior_years,2020,2019,f1_score,0.93364267933798,0.9334558340753187,0.01128835503283998,0.0020985862483517,0.02201499068022014,0.011203663496549476,0.005061119428142501,2000,percentile,0.05,0.4690863051276641,0.4577979500948241,0.0079960019990005,0.01776586109675538
mlp_prevyears_monthly_features_incremental_scaler_experience_replay_uncertainity_prioritization_RR_0.3,MLP Prevyears + Monthly (Incremental Scaler + Replay Uncertainty Prioritization RR=0.3),mlp_prevyears_monthly_features_incremental_scaler,prior_years,2020,2019,pr_auc,0.93364267933798,0.9334558340753187,0.01620143971112209,0.00894387289386815,0.023951275395454268,0.016295869911827496,0.0038787520591455644,2000,percentile,0.05,0.4237259705706233,0.4075245308595012,0.0004997501249375312,0.001080854921376521
mlp_prevyears_monthly_features_incremental_scaler_experience_replay_uncertainity_prioritization_RR_0.4,MLP Prevyears + Monthly (Incremental Scaler + Replay Uncertainty Prioritization RR=0.4),mlp_prevyears_monthly_features_incremental_scaler,prior_years,2020,2019,f1_score,0.9335236494411484,0.9334558340753187,0.015381920272754868,0.004703518814315159,0.026403509655964358,0.015331323450279948,0.005582137381063307,2000,percentile,0.05,0.47317987036757897,0.4577979500948241,0.005497251374312844,0.012426078627352989
mlp_prevyears_monthly_features_incremental_scaler_experience_replay_uncertainity_prioritization_RR_0.4,MLP Prevyears + Monthly (Incremental Scaler + Replay Uncertainty Prioritization RR=0.4),mlp_prevyears_monthly_features_incremental_scaler,prior_years,2020,2019,pr_auc,0.9335236494411484,0.9334558340753187,0.0175442223362689,0.006838736298746408,0.028467048189935902,0.017759890240333625,0.00550084871675611,2000,percentile,0.05,0.4250687531957701,0.4075245308595012,0.0004997501249375312,0.001080854921376521
mlp_prevyears_monthly_features_incremental_scaler_experience_replay_uncertainity_prioritization_RR_0.5,MLP Prevyears + Monthly (Incremental Scaler + Replay Uncertainty Prioritization RR=0.5),mlp_prevyears_monthly_features_incremental_scaler,prior_years,2020,2019,f1_score,0.9135652793054816,0.9334558340753187,0.014530862003753864,-0.0014406633554791784,0.03263880318375315,0.014643347273975099,0.008671238341015346,2000,percentile,0.05,0.47232881209857797,0.4577979500948241,0.038980509745127435,0.07575018460918795
mlp_prevyears_monthly_features_incremental_scaler_experience_replay_uncertainity_prioritization_RR_0.5,MLP Prevyears + Monthly (Incremental Scaler + Replay Uncertainty Prioritization RR=0.5),mlp_prevyears_monthly_features_incremental_scaler,prior_years,2020,2019,pr_auc,0.9135652793054816,0.9334558340753187,0.020382975357819577,0.007081613829035505,0.03429243409986673,0.020320218849120872,0.007061848508243662,2000,percentile,0.05,0.42790750621732077,0.4075245308595012,0.0014992503748125937,0.003078902189283907
mlp_prevyears_monthly_features_incremental_scaler_missclassification_buffer_RR_0.3,MLP Prevyears + Monthly (Incremental Scaler + Misclassification Buffer RR=0.3),mlp_prevyears_monthly_features_incremental_scaler,prior_years,2020,2019,f1_score,0.9025916467468691,0.9334558340753187,0.004472209996899512,-0.010949453704864123,0.021734234144029217,0.00461988295487289,0.008481719272280436,2000,percentile,0.05,0.4622701600917236,0.4577979500948241,0.303848075962019,0.43378310844577717
mlp_prevyears_monthly_features_incremental_scaler_missclassification_buffer_RR_0.3,MLP Prevyears + Monthly (Incremental Scaler + Misclassification Buffer RR=0.3),mlp_prevyears_monthly_features_incremental_scaler,prior_years,2020,2019,pr_auc,0.9025916467468691,0.9334558340753187,0.006557769007079883,-0.009102816591465482,0.023920993787521716,0.006777727956820719,0.00858397954037798,2000,percentile,0.05,0.41408229986658107,0.4075245308595012,0.22338830584707647,0.3504235833890284
"mlp_combined_HE=0.1_CC=0.1_UP=0.1_PR=(0.2,10)_RR=0.5","MLP Combined (HE=0.1, CC=0.1, UP=0.1, PR=(0.2,10), RR=0.5)",mlp_prevyears_monthly_features_incremental_scaler,prior_years,2020,2020,f1_score,0.9113169602724666,0.9460952365387653,0.005269130404597866,-0.003995332547567651,0.015263105192363062,0.005092988081671249,0.004901814673705518,2000,percentile,0.05,0.49183394488812143,0.48656481448352357,0.1424287856071964,0.2278160673962773
"mlp_combined_HE=0.1_CC=0.1_UP=0.1_PR=(0.2,10)_RR=0.5","MLP Combined (HE=0.1, CC=0.1, UP=0.1, PR=(0.2,10), RR=0.5)",mlp_prevyears_monthly_features_incremental_scaler,prior_years,2020,2020,pr_auc,0.9113169602724666,0.9460952365387653,0.0018332005402564855,-0.01080960014033126,0.018882953320200017,0.003446104321659837,0.007648299213769739,2000,percentile,0.05,0.4566477696269083,0.4548145690866518,0.3353323338330835,0.46348481810050396
"mlp_combined_HE=0_CC=0.15_UP=0_PR=(0,10)_MC=0.1_RWS=1_RR=0.4","MLP Combined (HE=0, CC=0.15, UP=0, PR=(0,10), MC=0.1, RWS=1, RR=0.4)",mlp_prevyears_monthly_features_incremental_scaler,prior_years,2020,2020,f1_score,0.9068703638869615,0.9460952365387653,0.007670720480381199,-0.0034540449226224098,0.014285561102271612,0.007017199797353747,0.00455766761171169,2000,percentile,0.05,0.49423553496390477,0.48656481448352357,0.07646176911544228,0.13750445219379262
"mlp_combined_HE=0_CC=0.15_UP=0_PR=(0,10)_MC=0.1_RWS=1_RR=0.4","MLP Combined (HE=0, CC=0.15, UP=0, PR=(0,10), MC=0.1, RWS=1, RR=0.4)",mlp_prevyears_monthly_features_incremental_scaler,prior_years,2020,2020,pr_auc,0.9068703638869615,0.9460952365387653,0.011394774796277984,-0.0011198398239968294,0.02289955018670795,0.011345741868841524,0.006158448687437325,2000,percentile,0.05,0.4662093438829298,0.4548145690866518,0.03498250874562719,0.0632600366483425
"mlp_combined_HE=0_CC=0.1_UP=0.1_PR=(0,10)_MC=0.1_RWS=1_RR=0.5","MLP Combined (HE=0, CC=0.1, UP=0.1, PR=(0,10), MC=0.1, RWS=1, RR=0.5)",mlp_prevyears_monthly_features_incremental_scaler,prior_years,2020,2020,f1_score,0.899013414439018,0.9460952365387653,-0.0005995184788574748,-0.012100188411204218,0.013000469113314301,-0.00034959863880113396,0.006471235281265115,2000,percentile,0.05,0.4859652960046661,0.48656481448352357,0.5407296351824088,0.6956818033670912
"mlp_combined_HE=0_CC=0.1_UP=0.1_PR=(0,10)_MC=0.1_RWS=1_RR=0.5","MLP Combined (HE=0, CC=0.1, UP=0.1, PR=(0,10), MC=0.1, RWS=1, RR=0.5)",mlp_prevyears_monthly_features_incremental_scaler,prior_years,2020,2020,pr_auc,0.899013414439018,0.9460952365387653,0.002080059587422689,-0.010575728488537465,0.018006425440842452,0.002728870392739877,0.007378401416693758,2000,percentile,0.05,0.4568946286740745,0.4548145690866518,0.3748125937031484,0.5072827411657996
"mlp_combined_HE=0_CC=0.1_UP=0.2_PR=(0.1,10)_RR=0.5","MLP Combined (HE=0, CC=0.1, UP=0.2, PR=(0.1,10), RR=0.5)",mlp_prevyears_monthly_features_incremental_scaler,prior_years,2020,2020,f1_score,0.8883313518755642,0.9460952365387653,-0.0028629681192655076,-0.013007550612293858,0.007959133015111242,-0.0026109178340072764,0.0054555912578250244,2000,percentile,0.05,0.48370184636425806,0.48656481448352357,0.688655672163918,0.849081141247558
"mlp_combined_HE=0_CC=0.1_UP=0.2_PR=(0.1,10)_RR=0.5","MLP Combined (HE=0, CC=0.1, UP=0.2, PR=(0.1,10), RR=0.5)",mlp_prevyears_monthly_features_incremental_scaler,prior_years,2020,2020,pr_auc,0.8883313518755642,0.9460952365387653,-0.002251591142151399,-0.014547957726899282,0.01299598456521059,-0.001381926577462346,0.007180296102964111,2000,percentile,0.05,0.4525629779445004,0.4548145690866518,0.5902048975512244,0.7417439928684307
"mlp_combined_HE=0_CC=0.2_UP=0.1_PR=(0.2,10)_RR=0.5","MLP Combined (HE=0, CC=0.2, UP=0.1, PR=(0.2,10), RR=0.5)",mlp_prevyears_monthly_features_incremental_scaler,prior_years,2020,2020,f1_score,0.9029021804156102,0.9460952365387653,0.01011097746016043,0.0013357564334978951,0.019504742727800055,0.0099955768649488,0.004598792242882621,2000,percentile,0.05,0.496675791943684,0.48656481448352357,0.01199400299850075,0.025854622357695322
"mlp_combined_HE=0_CC=0.2_UP=0.1_PR=(0.2,10)_RR=0.5","MLP Combined (HE=0, CC=0.2, UP=0.1, PR=(0.2,10), RR=0.5)",mlp_prevyears_monthly_features_incremental_scaler,prior_years,2020,2020,pr_auc,0.9029021804156102,0.9460952365387653,0.007426964069539077,-0.0062962288436835155,0.025378400921321626,0.009053059119009308,0.007981359713543579,2000,percentile,0.05,0.4622415331561909,0.4548145690866518,0.12193903048475763,0.20459357949891036
"mlp_combined_HE=0_CC=0.2_UP=0.2_PR=(0.1,10)_RR=0.5","MLP Combined (HE=0, CC=0.2, UP=0.2, PR=(0.1,10), RR=0.5)",mlp_prevyears_monthly_features_incremental_scaler,prior_years,2020,2020,f1_score,0.8935733948796984,0.9460952365387653,0.004793342878609941,-0.006057212937929758,0.016577138987828047,0.00455261298581963,0.005708166907489501,2000,percentile,0.05,0.4913581573621335,0.48656481448352357,0.2063968015992004,0.319155149266222
"mlp_combined_HE=0_CC=0.2_UP=0.2_PR=(0.1,10)_RR=0.5","MLP Combined (HE=0, CC=0.2, UP=0.2, PR=(0.1,10), RR=0.5)",mlp_prevyears_monthly_features_incremental_scaler,prior_years,2020,2020,pr_auc,0.8935733948796984,0.9460952365387653,0.004455894523867743,-0.00808505476990096,0.0176906902077232,0.004577136685035757,0.006601299203438585,2000,percentile,0.05,0.45927046361051954,0.4548145690866518,0.24237881059470265,0.37302270850390407
mlp_prevyears_monthly_features_incremental_scaler_experience_replay_RR_0.2,MLP Prevyears + Monthly (Incremental Scaler + Replay RR=0.2),mlp_prevyears_monthly_features_incremental_scaler,prior_years,2020,2020,f1_score,0.9352356530464144,0.9460952365387653,0.004103576599805259,-0.0046194062625825715,0.013361717659547913,0.004303067723643006,0.004540926892724321,2000,percentile,0.05,0.4906683910833288,0.48656481448352357,0.17191404297851073,0.26838379371465343
mlp_prevyears_monthly_features_incremental_scaler_experience_replay_RR_0.2,MLP Prevyears + Monthly (Incremental Scaler + Replay RR=0.2),mlp_prevyears_monthly_features_incremental_scaler,prior_years,2020,2020,pr_auc,0.9352356530464144,0.9460952365387653,0.003135884059042693,-0.008005981264274887,0.01699714571199999,0.0037485470777929683,0.006485279389056524,2000,percentile,0.05,0.4579504531456945,0.4548145690866518,0.2938530734632684,0.4340183487431989
mlp_prevyears_monthly_features_incremental_scaler_experience_replay_RR_0.2_PR_0.10,"MLP Prevyears + Monthly (Incremental Scaler + Replay RR=0.2, PR=0.10)",mlp_prevyears_monthly_features_incremental_scaler,prior_years,2020,2020,f1_score,0.9468745467159637,0.9460952365387653,0.006216601733866178,-0.005295278444509494,0.019215367170288888,0.006344691169926469,0.006335464401192672,2000,percentile,0.05,0.49278141621738974,0.48656481448352357,0.15742128935532235,0.24874092080173507
mlp_prevyears_monthly_features_incremental_scaler_experience_replay_RR_0.2_PR_0.10,"MLP Prevyears + Monthly (Incremental Scaler + Replay RR=0.2, PR=0.10)",mlp_prevyears_monthly_features_incremental_scaler,prior_years,2020,2020,pr_auc,0.9468745467159637,0.9460952365387653,0.0023194293458848603,-0.014415466144716432,0.022863356535091518,0.004343938994822932,0.009434359013686031,2000,percentile,0.05,0.45713399843253666,0.4548145690866518,0.3293353323338331,0.45616447095601137
mlp_prevyears_monthly_features_incremental_scaler_experience_replay_RR_0.2_PR_0.15,"MLP Prevyears + Monthly (Incremental Scaler + Replay RR=0.2, PR=0.15)",mlp_prevyears_monthly_features_incremental_scaler,prior_years,2020,2020,f1_score,0.959167202656249,0.9460952365387653,-0.0013291477745088764,-0.010447979751636926,0.007692383494597825,-0.0013777546968612962,0.0045619301502135955,2000,percentile,0.05,0.4852356667090147,0.48656481448352357,0.6216891554222889,0.7753249811875672
mlp_prevyears_monthly_features_incremental_scaler_experience_replay_RR_0.2_PR_0.15,"MLP Prevyears + Monthly (Incremental Scaler + Replay RR=0.2, PR=0.15)",mlp_prevyears_monthly_features_incremental_scaler,prior_years,2020,2020,pr_auc,0.959167202656249,0.9460952365387653,0.00037665618174587134,-0.008791980607468265,0.012040534991725024,0.0009857660413058183,0.005398305738160835,2000,percentile,0.05,0.45519122526839767,0.4548145690866518,0.4522738630684658,0.5936094452773614
mlp_prevyears_monthly_features_incremental_scaler_experience_replay_RR_0.3,MLP Prevyears + Monthly (Incremental Scaler + Replay RR=0.3),mlp_prevyears_monthly_features_incremental_scaler,prior_years,2020,2020,f1_score,0.9400005750936418,0.9460952365387653,1.2548714046822784e-05,-0.012744158789525714,0.013805720309003242,0.0007027313222819854,0.006807033665799516,2000,percentile,0.05,0.4865773631975704,0.48656481448352357,0.46676661669165415,0.6188697911736596
mlp_prevyears_monthly_features_incremental_scaler_experience_replay_RR_0.3,MLP Prevyears + Monthly (Incremental Scaler + Replay RR=0.3),mlp_prevyears_monthly_features_incremental_scaler,prior_years,2020,2020,pr_auc,0.9400005750936418,0.9460952365387653,0.00192866660674762,-0.01382315523117245,0.019725477415265476,0.002921940205390629,0.008968044088288095,2000,percentile,0.05,0.4567432356933994,0.4548145690866518,0.3853073463268366,0.5193272928753015
mlp_prevyears_monthly_features_incremental_scaler_experience_replay_RR_0.3_PR_0.10,"MLP Prevyears + Monthly (Incremental Scaler + Replay RR=0.3, PR=0.10)",mlp_prevyears_monthly_features_incremental_scaler,prior_years,2020,2020,f1_score,0.9303167249158834,0.9460952365387653,-0.002540975896606068,-0.013191251339412019,0.009635595518466213,-0.0022249853801489293,0.005951243453117989,2000,percentile,0.05,0.4840238385869175,0.48656481448352357,0.6506746626686657,0.8068365817091455
mlp_prevyears_monthly_features_incremental_scaler_experience_replay_RR_0.3_PR_0.10,"MLP Prevyears + Monthly (Incremental Scaler + Replay RR=0.3, PR=0.10)",mlp_prevyears_monthly_features_incremental_scaler,prior_years,2020,2020,pr_auc,0.9303167249158834,0.9460952365387653,-0.00875051279899458,-0.023150964361648062,0.009779001540082866,-0.006587563844200803,0.00873902937849475,2000,percentile,0.05,0.4460640562876572,0.4548145690866518,0.7591204397801099,0.8746679757466399
mlp_prevyears_monthly_features_incremental_scaler_experience_replay_RR_0.3_PR_0.15,"MLP Prevyears + Monthly (Incremental Scaler + Replay RR=0.3, PR=0.15)",mlp_prevyears_monthly_features_incremental_scaler,prior_years,2020,2020,f1_score,0.9359203735651087,0.9460952365387653,-0.001714105192080928,-0.014527632903155677,0.013480757548972626,-0.0011315809254558698,0.007118411356617883,2000,percentile,0.05,0.48485070929144264,0.48656481448352357,0.567216391804098,0.7184005273627778
mlp_prevyears_monthly_features_incremental_scaler_experience_replay_RR_0.3_PR_0.15,"MLP Prevyears + Monthly (Incremental Scaler + Replay RR=0.3, PR=0.15)",mlp_prevyears_monthly_features_incremental_scaler,prior_years,2020,2020,pr_auc,0.9359203735651087,0.9460952365387653,-0.001966502508166157,-0.018177257229470174,0.01640612793848365,-0.0007873381122895885,0.009162928357381403,2000,percentile,0.05,0.45284806657848564,0.4548145690866518,0.5342328835582209,0.6846173370007909
mlp_prevyears_monthly_features_incremental_scaler_experience_replay_RR_0.4,MLP Prevyears + Monthly (Incremental Scaler + Replay RR=0.4),mlp_prevyears_monthly_features_incremental_scaler,prior_years,2020,2020,f1_score,0.9326214149312744,0.9460952365387653,0.012499616231392563,0.004210837093146699,0.02386300561109611,0.012504283442491932,0.0051270836208827265,2000,percentile,0.05,0.49906443071491613,0.48656481448352357,0.0009995002498750624,0.002474048147029147
mlp_prevyears_monthly_features_incremental_scaler_experience_replay_RR_0.4,MLP Prevyears + Monthly (Incremental Scaler + Replay RR=0.4),mlp_prevyears_monthly_features_incremental_scaler,prior_years,2020,2020,pr_auc,0.9326214149312744,0.9460952365387653,0.01009671855243155,-0.002170741804405843,0.024119466678230263,0.01001134784887059,0.006716028568388995,2000,percentile,0.05,0.46491128763908335,0.4548145690866518,0.06046976511744128,0.10553838362320181
mlp_prevyears_monthly_features_incremental_scaler_experience_replay_RR_0.4_PR_0.10,"MLP Prevyears + Monthly (Incremental Scaler + Replay RR=0.4, PR=0.10)",mlp_prevyears_monthly_features_incremental_scaler,prior_years,2020,2020,f1_score,0.9469302406870983,0.9460952365387653,0.0035291840703448596,-0.005695793987360505,0.013758704478334466,0.0038131642067742453,0.004904654473475988,2000,percentile,0.05,0.4900939985538684,0.48656481448352357,0.21989005497251374,0.3384123541066346
mlp_prevyears_monthly_features_incremental_scaler_experience_replay_RR_0.4_PR_0.10,"MLP Prevyears + Monthly (Incremental Scaler + Replay RR=0.4, PR=0.10)",mlp_prevyears_monthly_features_incremental_scaler,prior_years,2020,2020,pr_auc,0.9469302406870983,0.9460952365387653,0.004587303107084717,-0.009040058030306908,0.022378262072003934,0.00662388243500334,0.008268835880044047,2000,percentile,0.05,0.4594018721937365,0.4548145690866518,0.22488755622188905,0.3519274016837735
mlp_prevyears_monthly_features_incremental_scaler_experience_replay_RR_0.4_PR_0.15,"MLP Prevyears + Monthly (Incremental Scaler + Replay RR=0.4, PR=0.15)",mlp_prevyears_monthly_features_incremental_scaler,prior_years,2020,2020,f1_score,0.9345112415506343,0.9460952365387653,0.004450181178888124,-0.003427580867717861,0.015007382243046524,0.004747960540438084,0.00472885710351414,2000,percentile,0.05,0.4910149956624117,0.48656481448352357,0.15292353823088456,0.24222195471607263
mlp_prevyears_monthly_features_incremental_scaler_experience_replay_RR_0.4_PR_0.15,"MLP Prevyears + Monthly (Incremental Scaler + Replay RR=0.4, PR=0.15)",mlp_prevyears_monthly_features_incremental_scaler,prior_years,2020,2020,pr_auc,0.9345112415506343,0.9460952365387653,-0.005399764955817399,-0.017217051916711516,0.00921030481202089,-0.0046281556683044804,0.0067141010938928875,2000,percentile,0.05,0.4494148041308344,0.4548145690866518,0.7566216891554223,0.8746679757466399
mlp_prevyears_monthly_features_incremental_scaler_experience_replay_RR_0.5,MLP Prevyears + Monthly (Incremental Scaler + Replay RR=0.5),mlp_prevyears_monthly_features_incremental_scaler,prior_years,2020,2020,f1_score,0.9203260056762691,0.9460952365387653,0.009825173276140076,0.0015814751943260222,0.018503667866175792,0.009584529992478039,0.004314751621406483,2000,percentile,0.05,0.49638998775966364,0.48656481448352357,0.01249375312343828,0.02675471474788921
mlp_prevyears_monthly_features_incremental_scaler_experience_replay_RR_0.5,MLP Prevyears + Monthly (Incremental Scaler + Replay RR=0.5),mlp_prevyears_monthly_features_incremental_scaler,prior_years,2020,2020,pr_auc,0.9203260056762691,0.9460952365387653,0.00805299028689821,-0.004135715555531251,0.022192098747927425,0.00846760034210841,0.006840336922026379,2000,percentile,0.05,0.46286755937355,0.4548145690866518,0.10194902548725637,0.1732867247838222
mlp_prevyears_monthly_features_incremental_scaler_experience_replay_RR_0.5_PR_0.10,"MLP Prevyears + Monthly (Incremental Scaler + Replay RR=0.5, PR=0.10)",mlp_prevyears_monthly_features_incremental_scaler,prior_years,2020,2020,f1_score,0.9118981084964608,0.9460952365387653,0.012140636523444381,0.003471075409600144,0.023274096498715015,0.012372065598778988,0.0050596452502780056,2000,percentile,0.05,0.49870545100696795,0.48656481448352357,0.0009995002498750624,0.002474048147029147
mlp_prevyears_monthly_features_incremental_scaler_experience_replay_RR_0.5_PR_0.10,"MLP Prevyears + Monthly (Incremental Scaler + Replay RR=0.5, PR=0.10)",mlp_prevyears_monthly_features_incremental_scaler,prior_years,2020,2020,pr_auc,0.9118981084964608,0.9460952365387653,0.005661759727600246,-0.007837773429388536,0.02283715696535712,0.007266702028161239,0.007903116679645253,2000,percentile,0.05,0.46047632881425204,0.4548145690866518,0.18040979510244878,0.2914312074731865
mlp_prevyears_monthly_features_incremental_scaler_experience_replay_RR_0.5_PR_0.15,"MLP Prevyears + Monthly (Incremental Scaler + Replay RR=0.5, PR=0.15)",mlp_prevyears_monthly_features_incremental_scaler,prior_years,2020,2020,f1_score,0.9422944803156974,0.9460952365387653,0.007694362871629001,-9.202991944313725e-05,0.014735145906552055,0.0075326375765967304,0.0037702268005275247,2000,percentile,0.05,0.49425917735515257,0.48656481448352357,0.026486756621689155,0.05321876098987543
mlp_prevyears_monthly_features_incremental_scaler_experience_replay_RR_0.5_PR_0.15,"MLP Prevyears + Monthly (Incremental Scaler + Replay RR=0.5, PR=0.15)",mlp_prevyears_monthly_features_incremental_scaler,prior_years,2020,2020,pr_auc,0.9422944803156974,0.9460952365387653,4.81728600576492e-05,-0.010508596636445076,0.01599585759222734,0.0021295001490873283,0.006785895676675041,2000,percentile,0.05,0.45486274194670945,0.4548145690866518,0.3873063468265867,0.5209430408762561
mlp_prevyears_monthly_features_incremental_scaler_experience_replay_confidently_correct_memory_RR_0.2,MLP Prevyears + Monthly (Incremental Scaler + Replay Confidently Correct RR=0.2),mlp_prevyears_monthly_features_incremental_scaler,prior_years,2020,2020,f1_score,0.9296490555626591,0.9460952365387653,0.005501256461507564,-0.002366465047459715,0.013965799754632864,0.005496855077366684,0.00426869609075524,2000,percentile,0.05,0.49206607094503113,0.48656481448352357,0.09195402298850575,0.1631119045381941
mlp_prevyears_monthly_features_incremental_scaler_experience_replay_confidently_correct_memory_RR_0.2,MLP Prevyears + Monthly (Incremental Scaler + Replay Confidently Correct RR=0.2),mlp_prevyears_monthly_features_incremental_scaler,prior_years,2020,2020,pr_auc,0.9296490555626591,0.9460952365387653,0.004776442884796117,-0.0070030217303130695,0.020888668954311088,0.006450851376660173,0.0071890659195904625,2000,percentile,0.05,0.4595910119714479,0.4548145690866518,0.18990504747626186,0.3052547800173987
mlp_prevyears_monthly_features_incremental_scaler_experience_replay_confidently_correct_memory_RR_0.3,MLP Prevyears + Monthly (Incremental Scaler + Replay Confidently Correct RR=0.3),mlp_prevyears_monthly_features_incremental_scaler,prior_years,2020,2020,f1_score,0.9486031710324537,0.9460952365387653,-0.0012407807723930908,-0.008721175787778273,0.007483481608219795,-0.0010114445275260743,0.004156728035689411,2000,percentile,0.05,0.4853240337111305,0.48656481448352357,0.6131934032983508,0.7676709722062046
mlp_prevyears_monthly_features_incremental_scaler_experience_replay_confidently_correct_memory_RR_0.3,MLP Prevyears + Monthly (Incremental Scaler + Replay Confidently Correct RR=0.3),mlp_prevyears_monthly_features_incremental_scaler,prior_years,2020,2020,pr_auc,0.9486031710324537,0.9460952365387653,0.000324707688064918,-0.009594138458813411,0.013251159618028864,0.0013090564131503259,0.006043611189291414,2000,percentile,0.05,0.4551392767747167,0.4548145690866518,0.43278360819590206,0.5738128898890678
mlp_prevyears_monthly_features_incremental_scaler_experience_replay_confidently_correct_memory_RR_0.4,MLP Prevyears + Monthly (Incremental Scaler + Replay Confidently Correct RR=0.4),mlp_prevyears_monthly_features_incremental_scaler,prior_years,2020,2020,f1_score,0.9241868589833812,0.9460952365387653,-0.001529277191412326,-0.013422342446246089,0.012450293976597545,-0.000514703703079709,0.00670624707258505,2000,percentile,0.05,0.48503553729211124,0.48656481448352357,0.5377311344327836,0.6931939970608756
mlp_prevyears_monthly_features_incremental_scaler_experience_replay_confidently_correct_memory_RR_0.4,MLP Prevyears + Monthly (Incremental Scaler + Replay Confidently Correct RR=0.4),mlp_prevyears_monthly_features_incremental_scaler,prior_years,2020,2020,pr_auc,0.9241868589833812,0.9460952365387653,0.0028411423628910693,-0.014457449936381272,0.021953966314157258,0.003971797186774851,0.00980340365394039,2000,percentile,0.05,0.45765571144954287,0.4548145690866518,0.3473263368315842,0.47803265386334315
mlp_prevyears_monthly_features_incremental_scaler_experience_replay_confidently_correct_memory_RR_0.5,MLP Prevyears + Monthly (Incremental Scaler + Replay Confidently Correct RR=0.5),mlp_prevyears_monthly_features_incremental_scaler,prior_years,2020,2020,f1_score,0.9278284361049852,0.9460952365387653,0.004538890395772488,-0.005019050547108208,0.01607622396251918,0.004929693590948874,0.005399732431091166,2000,percentile,0.05,0.49110370487929605,0.48656481448352357,0.1774112943528236,0.2756438010111889
mlp_prevyears_monthly_features_incremental_scaler_experience_replay_confidently_correct_memory_RR_0.5,MLP Prevyears + Monthly (Incremental Scaler + Replay Confidently Correct RR=0.5),mlp_prevyears_monthly_features_incremental_scaler,prior_years,2020,2020,pr_auc,0.9278284361049852,0.9460952365387653,0.0019716339451295584,-0.013277272344587542,0.021162089581775553,0.0033480145961598505,0.00885559699709143,2000,percentile,0.05,0.45678620303178136,0.4548145690866518,0.3748125937031484,0.5072827411657996
mlp_prevyears_monthly_features_incremental_scaler_experience_replay_hard_example_mining_RR_0.2,MLP Prevyears + Monthly (Incremental Scaler + Replay Hard Example Mining RR=0.2),mlp_prevyears_monthly_features_incremental_scaler,prior_years,2020,2020,f1_score,0.9173952164320806,0.9460952365387653,-0.002254059235741679,-0.010939445476673793,0.0057303108393496355,-0.002474342140937437,0.0042968995342685685,2000,percentile,0.05,0.4843107552477819,0.48656481448352357,0.7126436781609196,0.8704146988419486
mlp_prevyears_monthly_features_incremental_scaler_experience_replay_hard_example_mining_RR_0.2,MLP Prevyears + Monthly (Incremental Scaler + Replay Hard Example Mining RR=0.2),mlp_prevyears_monthly_features_incremental_scaler,prior_years,2020,2020,pr_auc,0.9173952164320806,0.9460952365387653,-0.00919842143751426,-0.01943350208049853,0.0028557358473365532,-0.008633769613463566,0.005734742978996576,2000,percentile,0.05,0.44561614764913754,0.4548145690866518,0.9335332333833083,1.0
mlp_prevyears_monthly_features_incremental_scaler_experience_replay_hard_example_mining_RR_0.3,MLP Prevyears + Monthly (Incremental Scaler + Replay Hard Example Mining RR=0.3),mlp_prevyears_monthly_features_incremental_scaler,prior_years,2020,2020,f1_score,0.9202836851724026,0.9460952365387653,0.0031635185768690843,-0.0075110477048395295,0.01565793424192143,0.0027969265043031807,0.005916582543260485,2000,percentile,0.05,0.48972833306039265,0.48656481448352357,0.3458270864567716,0.4841579210394803
mlp_prevyears_monthly_features_incremental_scaler_experience_replay_hard_example_mining_RR_0.3,MLP Prevyears + Monthly (Incremental Scaler + Replay Hard Example Mining RR=0.3),mlp_prevyears_monthly_features_incremental_scaler,prior_years,2020,2020,pr_auc,0.9202836851724026,0.9460952365387653,-0.004608981082418917,-0.01810182951911945,0.013342856949219406,-0.0032218363758715635,0.008219080389946683,2000,percentile,0.05,0.4502055880042329,0.4548145690866518,0.6606696651674163,0.8090625739761699
mlp_prevyears_monthly_features_incremental_scaler_experience_replay_hard_example_mining_RR_0.4,MLP Prevyears + Monthly (Incremental Scaler + Replay Hard Example Mining RR=0.4),mlp_prevyears_monthly_features_incremental_scaler,prior_years,2020,2020,f1_score,0.9247583770107952,0.9460952365387653,0.01073511932130522,-0.0010600114017262157,0.024854420752434492,0.010218073415905103,0.006647037375554687,2000,percentile,0.05,0.4972999338048288,0.48656481448352357,0.04297851074462768,0.08253395426180714
mlp_prevyears_monthly_features_incremental_scaler_experience_replay_hard_example_mining_RR_0.4,MLP Prevyears + Monthly (Incremental Scaler + Replay Hard Example Mining RR=0.4),mlp_prevyears_monthly_features_incremental_scaler,prior_years,2020,2020,pr_auc,0.9247583770107952,0.9460952365387653,0.007457677607213442,-0.0053018583975691855,0.021383474365807495,0.007197460346943914,0.006978432605125792,2000,percentile,0.05,0.46227224669386524,0.4548145690866518,0.15342328835582209,0.2509511575870356
mlp_prevyears_monthly_features_incremental_scaler_experience_replay_hard_example_mining_RR_0.5,MLP Prevyears + Monthly (Incremental Scaler + Replay Hard Example Mining RR=0.5),mlp_prevyears_monthly_features_incremental_scaler,prior_years,2020,2020,f1_score,0.9152687279436201,0.9460952365387653,0.007872633039566257,-0.002691470992467501,0.021233351934565135,0.008000677031617715,0.005983939959396317,2000,percentile,0.05,0.4944374475230898,0.48656481448352357,0.07646176911544228,0.13750445219379262
mlp_prevyears_monthly_features_incremental_scaler_experience_replay_hard_example_mining_RR_0.5,MLP Prevyears + Monthly (Incremental Scaler + Replay Hard Example Mining RR=0.5),mlp_prevyears_monthly_features_incremental_scaler,prior_years,2020,2020,pr_auc,0.9152687279436201,0.9460952365387653,0.008731393972426005,-0.003852284374758587,0.024435614689500233,0.009226021121553636,0.007431575506665228,2000,percentile,0.05,0.4635459630590778,0.4548145690866518,0.10344827586206896,0.17537715517241378
mlp_prevyears_monthly_features_incremental_scaler_experience_replay_uncertainity_prioritization_RR_0.2,MLP Prevyears + Monthly (Incremental Scaler + Replay Uncertainty Prioritization RR=0.2),mlp_prevyears_monthly_features_incremental_scaler,prior_years,2020,2020,f1_score,0.9252548430255269,0.9460952365387653,0.007221224698454154,-0.0007905296839365916,0.013965588948011295,0.006861825332679562,0.003825173300497648,2000,percentile,0.05,0.4937860391819777,0.48656481448352357,0.04247876061969016,0.08181560107520205
mlp_prevyears_monthly_features_incremental_scaler_experience_replay_uncertainity_prioritization_RR_0.2,MLP Prevyears + Monthly (Incremental Scaler + Replay Uncertainty Prioritization RR=0.2),mlp_prevyears_monthly_features_incremental_scaler,prior_years,2020,2020,pr_auc,0.9252548430255269,0.9460952365387653,0.003802641741162738,-0.005251943292881982,0.014028486594581654,0.003999736096564422,0.004845897804274154,2000,percentile,0.05,0.45861721082781454,0.4548145690866518,0.19640179910044978,0.3133764000352765
mlp_prevyears_monthly_features_incremental_scaler_experience_replay_uncertainity_prioritization_RR_0.3,MLP Prevyears + Monthly (Incremental Scaler + Replay Uncertainty Prioritization RR=0.3),mlp_prevyears_monthly_features_incremental_scaler,prior_years,2020,2020,f1_score,0.9529319215231862,0.9460952365387653,0.006831274249692987,-0.0030863900829800573,0.01807788820963776,0.006819683203591236,0.00534197867191147,2000,percentile,0.05,0.49339608873321655,0.48656481448352357,0.09995002498750624,0.1744436092945484
mlp_prevyears_monthly_features_incremental_scaler_experience_replay_uncertainity_prioritization_RR_0.3,MLP Prevyears + Monthly (Incremental Scaler + Replay Uncertainty Prioritization RR=0.3),mlp_prevyears_monthly_features_incremental_scaler,prior_years,2020,2020,pr_auc,0.9529319215231862,0.9460952365387653,0.001199471788338513,-0.012487481510472166,0.019196256979406294,0.002849320558356737,0.008256522858519084,2000,percentile,0.05,0.4560140408749903,0.4548145690866518,0.3728135932033983,0.5072827411657996
mlp_prevyears_monthly_features_incremental_scaler_experience_replay_uncertainity_prioritization_RR_0.4,MLP Prevyears + Monthly (Incremental Scaler + Replay Uncertainty Prioritization RR=0.4),mlp_prevyears_monthly_features_incremental_scaler,prior_years,2020,2020,f1_score,0.9367059127482142,0.9460952365387653,0.014461661518175462,0.005061931895048796,0.02842925064090395,0.014525524645877572,0.006080844583315483,2000,percentile,0.05,0.501026476001699,0.48656481448352357,0.0004997501249375312,0.001260997408272608
mlp_prevyears_monthly_features_incremental_scaler_experience_replay_uncertainity_prioritization_RR_0.4,MLP Prevyears + Monthly (Incremental Scaler + Replay Uncertainty Prioritization RR=0.4),mlp_prevyears_monthly_features_incremental_scaler,prior_years,2020,2020,pr_auc,0.9367059127482142,0.9460952365387653,0.011619416346672462,0.0009504027078779592,0.02581272809134858,0.011751998892383557,0.006240714543689575,2000,percentile,0.05,0.46643398543332426,0.4548145690866518,0.013493253373313344,0.025461182452252137
mlp_prevyears_monthly_features_incremental_scaler_experience_replay_uncertainity_prioritization_RR_0.5,MLP Prevyears + Monthly (Incremental Scaler + Replay Uncertainty Prioritization RR=0.5),mlp_prevyears_monthly_features_incremental_scaler,prior_years,2020,2020,f1_score,0.9379724787505704,0.9460952365387653,0.0004884081283638708,-0.009676670009351407,0.012352937686065693,0.0009386392079068311,0.005668905319839927,2000,percentile,0.05,0.48705322261188744,0.48656481448352357,0.4492753623188406,0.6024765395080238
mlp_prevyears_monthly_features_incremental_scaler_experience_replay_uncertainity_prioritization_RR_0.5,MLP Prevyears + Monthly (Incremental Scaler + Replay Uncertainty Prioritization RR=0.5),mlp_prevyears_monthly_features_incremental_scaler,prior_years,2020,2020,pr_auc,0.9379724787505704,0.9460952365387653,-0.008366914561062588,-0.023291060524341066,0.01198300818872478,-0.006054477851204603,0.00937958259773123,2000,percentile,0.05,0.4464476545255892,0.4548145690866518,0.7236381809095452,0.8503401728738519
mlp_prevyears_monthly_features_incremental_scaler_missclassification_buffer_RR_0.3,MLP Prevyears + Monthly (Incremental Scaler + Misclassification Buffer RR=0.3),mlp_prevyears_monthly_features_incremental_scaler,prior_years,2020,2020,f1_score,0.9313201748060075,0.9460952365387653,-0.001778202994635103,-0.013150289847287517,0.0073104719882213405,-0.002029790086907847,0.005049343012691454,2000,percentile,0.05,0.48478661148888846,0.48656481448352357,0.6496751624187906,0.8068365817091455
mlp_prevyears_monthly_features_incremental_scaler_missclassification_buffer_RR_0.3,MLP Prevyears + Monthly (Incremental Scaler + Misclassification Buffer RR=0.3),mlp_prevyears_monthly_features_incremental_scaler,prior_years,2020,2020,pr_auc,0.9313201748060075,0.9460952365387653,0.008535608400883354,-0.0039050316344794805,0.018861860283693476,0.0078570242814038,0.005788960532910933,2000,percentile,0.05,0.46335017748753515,0.4548145690866518,0.08895552223888056,0.15239485520397697
"mlp_combined_HE=0.1_CC=0.1_UP=0.1_PR=(0.2,10)_RR=0.5","MLP Combined (HE=0.1, CC=0.1, UP=0.1, PR=(0.2,10), RR=0.5)",mlp_prevyears_monthly_features_incremental_scaler,prior_years,2021,2017,f1_score,0.6015373852234696,0.037179130345097115,0.062262776723034874,0.03315976777517222,0.08880605123862163,0.06180791452540438,0.01426931039285004,2000,percentile,0.05,0.2464475634208003,0.18418478669776542,0.0004997501249375312,0.001260997408272608
"mlp_combined_HE=0.1_CC=0.1_UP=0.1_PR=(0.2,10)_RR=0.5","MLP Combined (HE=0.1, CC=0.1, UP=0.1, PR=(0.2,10), RR=0.5)",mlp_prevyears_monthly_features_incremental_scaler,prior_years,2021,2017,pr_auc,0.6015373852234696,0.037179130345097115,0.0889347022555357,0.06263606271788723,0.11934582609766016,0.08912405792252856,0.014286105731827278,2000,percentile,0.05,0.18860980507147457,0.09967510281593887,0.0004997501249375312,0.001080854921376521
"mlp_combined_HE=0_CC=0.15_UP=0_PR=(0,10)_MC=0.1_RWS=1_RR=0.4","MLP Combined (HE=0, CC=0.15, UP=0, PR=(0,10), MC=0.1, RWS=1, RR=0.4)",mlp_prevyears_monthly_features_incremental_scaler,prior_years,2021,2017,f1_score,0.7414492043621711,0.037179130345097115,0.023464550887577984,-0.006983961634567509,0.05225295584962568,0.023316491768308592,0.015196768958089064,2000,percentile,0.05,0.2076493375853434,0.18418478669776542,0.05847076461769116,0.10906724288285656
"mlp_combined_HE=0_CC=0.15_UP=0_PR=(0,10)_MC=0.1_RWS=1_RR=0.4","MLP Combined (HE=0, CC=0.15, UP=0, PR=(0,10), MC=0.1, RWS=1, RR=0.4)",mlp_prevyears_monthly_features_incremental_scaler,prior_years,2021,2017,pr_auc,0.7414492043621711,0.037179130345097115,0.042347847607191944,0.018045160110709554,0.07086715955134541,0.04288352599085267,0.013123092310787919,2000,percentile,0.05,0.14202295042313082,0.09967510281593887,0.0004997501249375312,0.001080854921376521
"mlp_combined_HE=0_CC=0.1_UP=0.1_PR=(0,10)_MC=0.1_RWS=1_RR=0.5","MLP Combined (HE=0, CC=0.1, UP=0.1, PR=(0,10), MC=0.1, RWS=1, RR=0.5)",mlp_prevyears_monthly_features_incremental_scaler,prior_years,2021,2017,f1_score,0.7421418682996848,0.037179130345097115,-0.011678146895585745,-0.043348279549653396,0.018825366031958637,-0.011936439414760157,0.0161646649052834,2000,percentile,0.05,0.17250663980217967,0.18418478669776542,0.7746126936531734,0.9219869992011294
"mlp_combined_HE=0_CC=0.1_UP=0.1_PR=(0,10)_MC=0.1_RWS=1_RR=0.5","MLP Combined (HE=0, CC=0.1, UP=0.1, PR=(0,10), MC=0.1, RWS=1, RR=0.5)",mlp_prevyears_monthly_features_incremental_scaler,prior_years,2021,2017,pr_auc,0.7421418682996848,0.037179130345097115,0.025906897907049045,0.0018112485067100948,0.05251410007899081,0.026122985566196525,0.012798220499712678,2000,percentile,0.05,0.12558200072298792,0.09967510281593887,0.020989505247376312,0.03881865885239199
"mlp_combined_HE=0_CC=0.1_UP=0.2_PR=(0.1,10)_RR=0.5","MLP Combined (HE=0, CC=0.1, UP=0.2, PR=(0.1,10), RR=0.5)",mlp_prevyears_monthly_features_incremental_scaler,prior_years,2021,2017,f1_score,0.7073578470341128,0.037179130345097115,-0.04051969209225256,-0.06832350262770455,-0.014458268166709396,-0.04091152042756258,0.014064494790718217,2000,percentile,0.05,0.14366509460551286,0.18418478669776542,0.9985007496251874,1.0
"mlp_combined_HE=0_CC=0.1_UP=0.2_PR=(0.1,10)_RR=0.5","MLP Combined (HE=0, CC=0.1, UP=0.2, PR=(0.1,10), RR=0.5)",mlp_prevyears_monthly_features_incremental_scaler,prior_years,2021,2017,pr_auc,0.7073578470341128,0.037179130345097115,0.005769847866649747,-0.017018846482288005,0.029458943014381518,0.00563155188006983,0.011794814565564724,2000,percentile,0.05,0.10544495068258862,0.09967510281593887,0.3148425787106447,0.44172956625135706
"mlp_combined_HE=0_CC=0.2_UP=0.1_PR=(0.2,10)_RR=0.5","MLP Combined (HE=0, CC=0.2, UP=0.1, PR=(0.2,10), RR=0.5)",mlp_prevyears_monthly_features_incremental_scaler,prior_years,2021,2017,f1_score,0.7283875125648975,0.037179130345097115,0.06479384309481787,0.03647977452646615,0.08980700299051045,0.06458428122824225,0.013514761886838181,2000,percentile,0.05,0.24897862979258328,0.18418478669776542,0.0004997501249375312,0.001260997408272608
"mlp_combined_HE=0_CC=0.2_UP=0.1_PR=(0.2,10)_RR=0.5","MLP Combined (HE=0, CC=0.2, UP=0.1, PR=(0.2,10), RR=0.5)",mlp_prevyears_monthly_features_incremental_scaler,prior_years,2021,2017,pr_auc,0.7283875125648975,0.037179130345097115,0.0787482323940474,0.05039358694792408,0.10829501064562475,0.0789906212283868,0.015113271943226942,2000,percentile,0.05,0.17842333520998627,0.09967510281593887,0.0004997501249375312,0.001080854921376521
"mlp_combined_HE=0_CC=0.2_UP=0.2_PR=(0.1,10)_RR=0.5","MLP Combined (HE=0, CC=0.2, UP=0.2, PR=(0.1,10), RR=0.5)",mlp_prevyears_monthly_features_incremental_scaler,prior_years,2021,2017,f1_score,0.651364684104426,0.037179130345097115,0.05609361561704035,0.029930219370235444,0.08034135324484543,0.055749040595726856,0.012923161355800215,2000,percentile,0.05,0.24027840231480577,0.18418478669776542,0.0004997501249375312,0.001260997408272608
"mlp_combined_HE=0_CC=0.2_UP=0.2_PR=(0.1,10)_RR=0.5","MLP Combined (HE=0, CC=0.2, UP=0.2, PR=(0.1,10), RR=0.5)",mlp_prevyears_monthly_features_incremental_scaler,prior_years,2021,2017,pr_auc,0.651364684104426,0.037179130345097115,0.06881267165873002,0.04618426433043821,0.1007541372078872,0.07065326674530593,0.014211959300397757,2000,percentile,0.05,0.1684877744746689,0.09967510281593887,0.0004997501249375312,0.001080854921376521
mlp_prevyears_monthly_features_incremental_scaler_experience_replay_RR_0.2,MLP Prevyears + Monthly (Incremental Scaler + Replay RR=0.2),mlp_prevyears_monthly_features_incremental_scaler,prior_years,2021,2017,f1_score,0.8816592431476776,0.037179130345097115,0.041124353810858216,0.014022343185311445,0.06632512249567966,0.040660849777161515,0.013242479941601841,2000,percentile,0.05,0.22530914050862363,0.18418478669776542,0.0024987506246876563,0.005851390851336922
mlp_prevyears_monthly_features_incremental_scaler_experience_replay_RR_0.2,MLP Prevyears + Monthly (Incremental Scaler + Replay RR=0.2),mlp_prevyears_monthly_features_incremental_scaler,prior_years,2021,2017,pr_auc,0.8816592431476776,0.037179130345097115,0.048641079726872136,0.02072683238576881,0.07619006225239575,0.048955598138668246,0.01453712127772577,2000,percentile,0.05,0.148316182542811,0.09967510281593887,0.0004997501249375312,0.001080854921376521
mlp_prevyears_monthly_features_incremental_scaler_experience_replay_RR_0.2_PR_0.10,"MLP Prevyears + Monthly (Incremental Scaler + Replay RR=0.2, PR=0.10)",mlp_prevyears_monthly_features_incremental_scaler,prior_years,2021,2017,f1_score,0.9045009526706312,0.037179130345097115,0.05790877700840816,0.03743025694425,0.07782631177923045,0.057690568375014295,0.010308684493122139,2000,percentile,0.05,0.24209356370617358,0.18418478669776542,0.0004997501249375312,0.001260997408272608
mlp_prevyears_monthly_features_incremental_scaler_experience_replay_RR_0.2_PR_0.10,"MLP Prevyears + Monthly (Incremental Scaler + Replay RR=0.2, PR=0.10)",mlp_prevyears_monthly_features_incremental_scaler,prior_years,2021,2017,pr_auc,0.9045009526706312,0.037179130345097115,0.08277760688596726,0.05720568454721759,0.10996117477688899,0.08247447583959527,0.013414939855451693,2000,percentile,0.05,0.18245270970190614,0.09967510281593887,0.0004997501249375312,0.001080854921376521
mlp_prevyears_monthly_features_incremental_scaler_experience_replay_RR_0.2_PR_0.15,"MLP Prevyears + Monthly (Incremental Scaler + Replay RR=0.2, PR=0.15)",mlp_prevyears_monthly_features_incremental_scaler,prior_years,2021,2017,f1_score,0.8516214434062555,0.037179130345097115,0.04106988020271124,0.021065077775457984,0.06163192783311767,0.04087525167960675,0.01028411392571829,2000,percentile,0.05,0.22525466690047666,0.18418478669776542,0.0004997501249375312,0.001260997408272608
mlp_prevyears_monthly_features_incremental_scaler_experience_replay_RR_0.2_PR_0.15,"MLP Prevyears + Monthly (Incremental Scaler + Replay RR=0.2, PR=0.15)",mlp_prevyears_monthly_features_incremental_scaler,prior_years,2021,2017,pr_auc,0.8516214434062555,0.037179130345097115,0.057323308549063215,0.031723345900004495,0.08799432867398652,0.0579408789731784,0.014262392636306756,2000,percentile,0.05,0.1569984113650021,0.09967510281593887,0.0004997501249375312,0.001080854921376521
mlp_prevyears_monthly_features_incremental_scaler_experience_replay_RR_0.3,MLP Prevyears + Monthly (Incremental Scaler + Replay RR=0.3),mlp_prevyears_monthly_features_incremental_scaler,prior_years,2021,2017,f1_score,0.8804477519680062,0.037179130345097115,0.060291904758791814,0.037641098123533785,0.08241640095315697,0.059941633966927234,0.011259268320188257,2000,percentile,0.05,0.24447669145655723,0.18418478669776542,0.0004997501249375312,0.001260997408272608
mlp_prevyears_monthly_features_incremental_scaler_experience_replay_RR_0.3,MLP Prevyears + Monthly (Incremental Scaler + Replay RR=0.3),mlp_prevyears_monthly_features_incremental_scaler,prior_years,2021,2017,pr_auc,0.8804477519680062,0.037179130345097115,0.07477135682424312,0.044566440384522094,0.10797166332863431,0.07509761720044503,0.015920200016237736,2000,percentile,0.05,0.174446459640182,0.09967510281593887,0.0004997501249375312,0.001080854921376521
mlp_prevyears_monthly_features_incremental_scaler_experience_replay_RR_0.3_PR_0.10,"MLP Prevyears + Monthly (Incremental Scaler + Replay RR=0.3, PR=0.10)",mlp_prevyears_monthly_features_incremental_scaler,prior_years,2021,2017,f1_score,0.8342573189479104,0.037179130345097115,0.039970231422196134,0.0184781670133133,0.060244405439764157,0.03983078553097316,0.010763677411605438,2000,percentile,0.05,0.22415501811996155,0.18418478669776542,0.0004997501249375312,0.001260997408272608
mlp_prevyears_monthly_features_incremental_scaler_experience_replay_RR_0.3_PR_0.10,"MLP Prevyears + Monthly (Incremental Scaler + Replay RR=0.3, PR=0.10)",mlp_prevyears_monthly_features_incremental_scaler,prior_years,2021,2017,pr_auc,0.8342573189479104,0.037179130345097115,0.05686499431192281,0.029996190469387556,0.08608165466443522,0.057162325146654286,0.014345478918305047,2000,percentile,0.05,0.15654009712786168,0.09967510281593887,0.0004997501249375312,0.001080854921376521
mlp_prevyears_monthly_features_incremental_scaler_experience_replay_RR_0.3_PR_0.15,"MLP Prevyears + Monthly (Incremental Scaler + Replay RR=0.3, PR=0.15)",mlp_prevyears_monthly_features_incremental_scaler,prior_years,2021,2017,f1_score,0.9349827645887206,0.037179130345097115,0.045986286397102394,0.01679951632819165,0.07210868054171059,0.04570664064156435,0.013848652734987652,2000,percentile,0.05,0.2301710730948678,0.18418478669776542,0.0009995002498750624,0.002474048147029147
mlp_prevyears_monthly_features_incremental_scaler_experience_replay_RR_0.3_PR_0.15,"MLP Prevyears + Monthly (Incremental Scaler + Replay RR=0.3, PR=0.15)",mlp_prevyears_monthly_features_incremental_scaler,prior_years,2021,2017,pr_auc,0.9349827645887206,0.037179130345097115,0.042334436396732886,0.019570767445648698,0.06916626933249147,0.043221876777223646,0.012713645611280786,2000,percentile,0.05,0.14200953921267176,0.09967510281593887,0.0004997501249375312,0.001080854921376521
mlp_prevyears_monthly_features_incremental_scaler_experience_replay_RR_0.4,MLP Prevyears + Monthly (Incremental Scaler + Replay RR=0.4),mlp_prevyears_monthly_features_incremental_scaler,prior_years,2021,2017,f1_score,0.8237378972950593,0.037179130345097115,0.05861223499210186,0.03530905449334046,0.07973714280030939,0.058414543367677034,0.011308311462055411,2000,percentile,0.05,0.24279702168986728,0.18418478669776542,0.0004997501249375312,0.001260997408272608
mlp_prevyears_monthly_features_incremental_scaler_experience_replay_RR_0.4,MLP Prevyears + Monthly (Incremental Scaler + Replay RR=0.4),mlp_prevyears_monthly_features_incremental_scaler,prior_years,2021,2017,pr_auc,0.8237378972950593,0.037179130345097115,0.07483947893996794,0.04781736968522647,0.10328096990225033,0.07553770325534641,0.014020859713926758,2000,percentile,0.05,0.1745145817559068,0.09967510281593887,0.0004997501249375312,0.001080854921376521
mlp_prevyears_monthly_features_incremental_scaler_experience_replay_RR_0.4_PR_0.10,"MLP Prevyears + Monthly (Incremental Scaler + Replay RR=0.4, PR=0.10)",mlp_prevyears_monthly_features_incremental_scaler,prior_years,2021,2017,f1_score,0.876406244462635,0.037179130345097115,0.0599954007455481,0.037471095712984584,0.08189543231986703,0.05981462426519805,0.01145323626414076,2000,percentile,0.05,0.24418018744331352,0.18418478669776542,0.0004997501249375312,0.001260997408272608
mlp_prevyears_monthly_features_incremental_scaler_experience_replay_RR_0.4_PR_0.10,"MLP Prevyears + Monthly (Incremental Scaler + Replay RR=0.4, PR=0.10)",mlp_prevyears_monthly_features_incremental_scaler,prior_years,2021,2017,pr_auc,0.876406244462635,0.037179130345097115,0.06061365026098846,0.03809833008721391,0.08578205722187955,0.06101487468829382,0.012277740158597792,2000,percentile,0.05,0.16028875307692733,0.09967510281593887,0.0004997501249375312,0.001080854921376521
mlp_prevyears_monthly_features_incremental_scaler_experience_replay_RR_0.4_PR_0.15,"MLP Prevyears + Monthly (Incremental Scaler + Replay RR=0.4, PR=0.15)",mlp_prevyears_monthly_features_incremental_scaler,prior_years,2021,2017,f1_score,0.8900040794758465,0.037179130345097115,0.05046354860208582,0.02885538068827639,0.0703642126447818,0.05003703059013711,0.01046688915700836,2000,percentile,0.05,0.23464833529985124,0.18418478669776542,0.0004997501249375312,0.001260997408272608
mlp_prevyears_monthly_features_incremental_scaler_experience_replay_RR_0.4_PR_0.15,"MLP Prevyears + Monthly (Incremental Scaler + Replay RR=0.4, PR=0.15)",mlp_prevyears_monthly_features_incremental_scaler,prior_years,2021,2017,pr_auc,0.8900040794758465,0.037179130345097115,0.05028318316434559,0.027740279773124342,0.07639293070974838,0.051003586295203164,0.01231934711071707,2000,percentile,0.05,0.14995828598028446,0.09967510281593887,0.0004997501249375312,0.001080854921376521
mlp_prevyears_monthly_features_incremental_scaler_experience_replay_RR_0.5,MLP Prevyears + Monthly (Incremental Scaler + Replay RR=0.5),mlp_prevyears_monthly_features_incremental_scaler,prior_years,2021,2017,f1_score,0.87027854434886,0.037179130345097115,0.06471153913533056,0.03864795297846605,0.08779358888845123,0.06437914979985902,0.012514456473695045,2000,percentile,0.05,0.24889632583309598,0.18418478669776542,0.0004997501249375312,0.001260997408272608
mlp_prevyears_monthly_features_incremental_scaler_experience_replay_RR_0.5,MLP Prevyears + Monthly (Incremental Scaler + Replay RR=0.5),mlp_prevyears_monthly_features_incremental_scaler,prior_years,2021,2017,pr_auc,0.87027854434886,0.037179130345097115,0.08784596003716176,0.05426962399316952,0.12260495982150553,0.08794485251163213,0.017095186854148046,2000,percentile,0.05,0.18752106285310063,0.09967510281593887,0.0004997501249375312,0.001080854921376521
mlp_prevyears_monthly_features_incremental_scaler_experience_replay_RR_0.5_PR_0.10,"MLP Prevyears + Monthly (Incremental Scaler + Replay RR=0.5, PR=0.10)",mlp_prevyears_monthly_features_incremental_scaler,prior_years,2021,2017,f1_score,0.8940923483594545,0.037179130345097115,0.06128468035747192,0.03765051022800448,0.08259075593237289,0.06104207793121895,0.011467254424640359,2000,percentile,0.05,0.24546946705523734,0.18418478669776542,0.0004997501249375312,0.001260997408272608
mlp_prevyears_monthly_features_incremental_scaler_experience_replay_RR_0.5_PR_0.10,"MLP Prevyears + Monthly (Incremental Scaler + Replay RR=0.5, PR=0.10)",mlp_prevyears_monthly_features_incremental_scaler,prior_years,2021,2017,pr_auc,0.8940923483594545,0.037179130345097115,0.07312512071786177,0.04219892682023606,0.10487606677894412,0.07387340548464304,0.015912533411303036,2000,percentile,0.05,0.17280022353380065,0.09967510281593887,0.0004997501249375312,0.001080854921376521
mlp_prevyears_monthly_features_incremental_scaler_experience_replay_RR_0.5_PR_0.15,"MLP Prevyears + Monthly (Incremental Scaler + Replay RR=0.5, PR=0.15)",mlp_prevyears_monthly_features_incremental_scaler,prior_years,2021,2017,f1_score,0.9084268195267889,0.037179130345097115,0.05875783913820784,0.03412362881016246,0.08127851982075804,0.05846768800230246,0.012018715413504837,2000,percentile,0.05,0.24294262583597326,0.18418478669776542,0.0004997501249375312,0.001260997408272608
mlp_prevyears_monthly_features_incremental_scaler_experience_replay_RR_0.5_PR_0.15,"MLP Prevyears + Monthly (Incremental Scaler + Replay RR=0.5, PR=0.15)",mlp_prevyears_monthly_features_incremental_scaler,prior_years,2021,2017,pr_auc,0.9084268195267889,0.037179130345097115,0.05898752755381571,0.03559914807748818,0.0892791541683996,0.060046099938084255,0.013486192186182144,2000,percentile,0.05,0.1586626303697546,0.09967510281593887,0.0004997501249375312,0.001080854921376521
mlp_prevyears_monthly_features_incremental_scaler_experience_replay_confidently_correct_memory_RR_0.2,MLP Prevyears + Monthly (Incremental Scaler + Replay Confidently Correct RR=0.2),mlp_prevyears_monthly_features_incremental_scaler,prior_years,2021,2017,f1_score,0.9088928702934177,0.037179130345097115,0.05454390128234052,0.02971908784076853,0.07904062465953532,0.05438874345031435,0.01240922782317759,2000,percentile,0.05,0.23872868798010594,0.18418478669776542,0.0004997501249375312,0.001260997408272608
mlp_prevyears_monthly_features_incremental_scaler_experience_replay_confidently_correct_memory_RR_0.2,MLP Prevyears + Monthly (Incremental Scaler + Replay Confidently Correct RR=0.2),mlp_prevyears_monthly_features_incremental_scaler,prior_years,2021,2017,pr_auc,0.9088928702934177,0.037179130345097115,0.06228037986639022,0.03751918017584307,0.09797419233346291,0.06420233341993666,0.015624147082167262,2000,percentile,0.05,0.1619554826823291,0.09967510281593887,0.0004997501249375312,0.001080854921376521
mlp_prevyears_monthly_features_incremental_scaler_experience_replay_confidently_correct_memory_RR_0.3,MLP Prevyears + Monthly (Incremental Scaler + Replay Confidently Correct RR=0.3),mlp_prevyears_monthly_features_incremental_scaler,prior_years,2021,2017,f1_score,0.8699670653159041,0.037179130345097115,0.05390248408258527,0.03611598822627413,0.07264314785914226,0.05354048436805576,0.009380253799485379,2000,percentile,0.05,0.2380872707803507,0.18418478669776542,0.0004997501249375312,0.001260997408272608
mlp_prevyears_monthly_features_incremental_scaler_experience_replay_confidently_correct_memory_RR_0.3,MLP Prevyears + Monthly (Incremental Scaler + Replay Confidently Correct RR=0.3),mlp_prevyears_monthly_features_incremental_scaler,prior_years,2021,2017,pr_auc,0.8699670653159041,0.037179130345097115,0.06899601867936782,0.04135868834471578,0.1023836431190773,0.06923538709419773,0.015221766769846367,2000,percentile,0.05,0.1686711214953067,0.09967510281593887,0.0004997501249375312,0.001080854921376521
mlp_prevyears_monthly_features_incremental_scaler_experience_replay_confidently_correct_memory_RR_0.4,MLP Prevyears + Monthly (Incremental Scaler + Replay Confidently Correct RR=0.4),mlp_prevyears_monthly_features_incremental_scaler,prior_years,2021,2017,f1_score,0.9104933762218074,0.037179130345097115,0.05971217721715685,0.03601547665676421,0.08264991963372145,0.0594764505181313,0.011707475851659863,2000,percentile,0.05,0.24389696391492227,0.18418478669776542,0.0004997501249375312,0.001260997408272608
mlp_prevyears_monthly_features_incremental_scaler_experience_replay_confidently_correct_memory_RR_0.4,MLP Prevyears + Monthly (Incremental Scaler + Replay Confidently Correct RR=0.4),mlp_prevyears_monthly_features_incremental_scaler,prior_years,2021,2017,pr_auc,0.9104933762218074,0.037179130345097115,0.07760683487561566,0.0515495707273772,0.11008050063561103,0.07842504444238435,0.014772286346293883,2000,percentile,0.05,0.17728193769155454,0.09967510281593887,0.0004997501249375312,0.001080854921376521
mlp_prevyears_monthly_features_incremental_scaler_experience_replay_confidently_correct_memory_RR_0.5,MLP Prevyears + Monthly (Incremental Scaler + Replay Confidently Correct RR=0.5),mlp_prevyears_monthly_features_incremental_scaler,prior_years,2021,2017,f1_score,0.8862002172487472,0.037179130345097115,0.06613217801034318,0.04197966135052906,0.08861806815621198,0.06568524562179301,0.012109301122181572,2000,percentile,0.05,0.2503169647081086,0.18418478669776542,0.0004997501249375312,0.001260997408272608
mlp_prevyears_monthly_features_incremental_scaler_experience_replay_confidently_correct_memory_RR_0.5,MLP Prevyears + Monthly (Incremental Scaler + Replay Confidently Correct RR=0.5),mlp_prevyears_monthly_features_incremental_scaler,prior_years,2021,2017,pr_auc,0.8862002172487472,0.037179130345097115,0.05926082926488212,0.03249446180231015,0.08834355807477316,0.05985270858840695,0.014427346054786763,2000,percentile,0.05,0.158935932080821,0.09967510281593887,0.0004997501249375312,0.001080854921376521
mlp_prevyears_monthly_features_incremental_scaler_experience_replay_hard_example_mining_RR_0.2,MLP Prevyears + Monthly (Incremental Scaler + Replay Hard Example Mining RR=0.2),mlp_prevyears_monthly_features_incremental_scaler,prior_years,2021,2017,f1_score,0.6471672882232281,0.037179130345097115,-0.011950531449514828,-0.05152150386150035,0.02596292170078303,-0.012348651764111407,0.0200184364933854,2000,percentile,0.05,0.1722342552482506,0.18418478669776542,0.7216391804097951,0.8781067410220125
mlp_prevyears_monthly_features_incremental_scaler_experience_replay_hard_example_mining_RR_0.2,MLP Prevyears + Monthly (Incremental Scaler + Replay Hard Example Mining RR=0.2),mlp_prevyears_monthly_features_incremental_scaler,prior_years,2021,2017,pr_auc,0.6471672882232281,0.037179130345097115,0.0035406619164364966,-0.025302122498713126,0.03612469835067908,0.004460116203585039,0.015778917098248246,2000,percentile,0.05,0.10321576473237537,0.09967510281593887,0.40729635182408797,0.5462453958206083
mlp_prevyears_monthly_features_incremental_scaler_experience_replay_hard_example_mining_RR_0.3,MLP Prevyears + Monthly (Incremental Scaler + Replay Hard Example Mining RR=0.3),mlp_prevyears_monthly_features_incremental_scaler,prior_years,2021,2017,f1_score,0.7650914143116982,0.037179130345097115,-0.047224927079428075,-0.08396945109813242,-0.011980109195196344,-0.047212301677792494,0.01881452359513978,2000,percentile,0.05,0.13695985961833734,0.18418478669776542,0.9940029985007496,1.0
mlp_prevyears_monthly_features_incremental_scaler_experience_replay_hard_example_mining_RR_0.3,MLP Prevyears + Monthly (Incremental Scaler + Replay Hard Example Mining RR=0.3),mlp_prevyears_monthly_features_incremental_scaler,prior_years,2021,2017,pr_auc,0.7650914143116982,0.037179130345097115,-0.029523289034140227,-0.05171190251634838,-0.004650620747103,-0.028319063823621194,0.011892816688112661,2000,percentile,0.05,0.07015181378179865,0.09967510281593887,0.9900049975012494,1.0
mlp_prevyears_monthly_features_incremental_scaler_experience_replay_hard_example_mining_RR_0.4,MLP Prevyears + Monthly (Incremental Scaler + Replay Hard Example Mining RR=0.4),mlp_prevyears_monthly_features_incremental_scaler,prior_years,2021,2017,f1_score,0.8047112581644732,0.037179130345097115,-0.06367728025283796,-0.09244521734551588,-0.03680082123466032,-0.06351796754204096,0.01414267214342439,2000,percentile,0.05,0.12050750644492746,0.18418478669776542,1.0,1.0
mlp_prevyears_monthly_features_incremental_scaler_experience_replay_hard_example_mining_RR_0.4,MLP Prevyears + Monthly (Incremental Scaler + Replay Hard Example Mining RR=0.4),mlp_prevyears_monthly_features_incremental_scaler,prior_years,2021,2017,pr_auc,0.8047112581644732,0.037179130345097115,-0.032706441491376276,-0.05307659691079904,-0.014556979682093601,-0.03256396471853847,0.009740753856998284,2000,percentile,0.05,0.0669686613245626,0.09967510281593887,1.0,1.0
mlp_prevyears_monthly_features_incremental_scaler_experience_replay_hard_example_mining_RR_0.5,MLP Prevyears + Monthly (Incremental Scaler + Replay Hard Example Mining RR=0.5),mlp_prevyears_monthly_features_incremental_scaler,prior_years,2021,2017,f1_score,0.8001687769287564,0.037179130345097115,-0.0683982110686701,-0.10021837697548124,-0.039570602341860134,-0.06825113249076685,0.015481748517928164,2000,percentile,0.05,0.11578657562909532,0.18418478669776542,1.0,1.0
mlp_prevyears_monthly_features_incremental_scaler_experience_replay_hard_example_mining_RR_0.5,MLP Prevyears + Monthly (Incremental Scaler + Replay Hard Example Mining RR=0.5),mlp_prevyears_monthly_features_incremental_scaler,prior_years,2021,2017,pr_auc,0.8001687769287564,0.037179130345097115,-0.03948928908766203,-0.06225620218682789,-0.02084159144284517,-0.03970922917716429,0.010420051086422393,2000,percentile,0.05,0.060185813728276846,0.09967510281593887,1.0,1.0
mlp_prevyears_monthly_features_incremental_scaler_experience_replay_uncertainity_prioritization_RR_0.2,MLP Prevyears + Monthly (Incremental Scaler + Replay Uncertainty Prioritization RR=0.2),mlp_prevyears_monthly_features_incremental_scaler,prior_years,2021,2017,f1_score,0.8504948257169057,0.037179130345097115,0.06507234225769706,0.04169043233517799,0.08701655052197937,0.06500272161665598,0.011617836954289501,2000,percentile,0.05,0.24925712895546248,0.18418478669776542,0.0004997501249375312,0.001260997408272608
mlp_prevyears_monthly_features_incremental_scaler_experience_replay_uncertainity_prioritization_RR_0.2,MLP Prevyears + Monthly (Incremental Scaler + Replay Uncertainty Prioritization RR=0.2),mlp_prevyears_monthly_features_incremental_scaler,prior_years,2021,2017,pr_auc,0.8504948257169057,0.037179130345097115,0.07938432220448176,0.052924203838017485,0.11024668631827839,0.0804145214799631,0.014350057573225732,2000,percentile,0.05,0.17905942502042063,0.09967510281593887,0.0004997501249375312,0.001080854921376521
mlp_prevyears_monthly_features_incremental_scaler_experience_replay_uncertainity_prioritization_RR_0.3,MLP Prevyears + Monthly (Incremental Scaler + Replay Uncertainty Prioritization RR=0.3),mlp_prevyears_monthly_features_incremental_scaler,prior_years,2021,2017,f1_score,0.9014314851837484,0.037179130345097115,0.06334533127297118,0.032656976969519066,0.09161824703996933,0.06303772046126759,0.015255427467925554,2000,percentile,0.05,0.2475301179707366,0.18418478669776542,0.0004997501249375312,0.001260997408272608
mlp_prevyears_monthly_features_incremental_scaler_experience_replay_uncertainity_prioritization_RR_0.3,MLP Prevyears + Monthly (Incremental Scaler + Replay Uncertainty Prioritization RR=0.3),mlp_prevyears_monthly_features_incremental_scaler,prior_years,2021,2017,pr_auc,0.9014314851837484,0.037179130345097115,0.07539753795302996,0.04976148141438526,0.10405299738464252,0.07546767827299221,0.013881184705729244,2000,percentile,0.05,0.17507264076896883,0.09967510281593887,0.0004997501249375312,0.001080854921376521
mlp_prevyears_monthly_features_incremental_scaler_experience_replay_uncertainity_prioritization_RR_0.4,MLP Prevyears + Monthly (Incremental Scaler + Replay Uncertainty Prioritization RR=0.4),mlp_prevyears_monthly_features_incremental_scaler,prior_years,2021,2017,f1_score,0.8834190393612122,0.037179130345097115,0.07069398326083895,0.038733499485509824,0.0993938880314099,0.07034066155175948,0.015163161880405162,2000,percentile,0.05,0.25487876995860437,0.18418478669776542,0.0004997501249375312,0.001260997408272608
mlp_prevyears_monthly_features_incremental_scaler_experience_replay_uncertainity_prioritization_RR_0.4,MLP Prevyears + Monthly (Incremental Scaler + Replay Uncertainty Prioritization RR=0.4),mlp_prevyears_monthly_features_incremental_scaler,prior_years,2021,2017,pr_auc,0.8834190393612122,0.037179130345097115,0.08026738122677125,0.05014536969705435,0.10896379862998849,0.08030104952220918,0.015010407510017337,2000,percentile,0.05,0.17994248404271013,0.09967510281593887,0.0004997501249375312,0.001080854921376521
mlp_prevyears_monthly_features_incremental_scaler_experience_replay_uncertainity_prioritization_RR_0.5,MLP Prevyears + Monthly (Incremental Scaler + Replay Uncertainty Prioritization RR=0.5),mlp_prevyears_monthly_features_incremental_scaler,prior_years,2021,2017,f1_score,0.8837382099996067,0.037179130345097115,0.07972181966506267,0.05424157813168571,0.10373633126871662,0.07947123939258063,0.012309771668022065,2000,percentile,0.05,0.2639066063628281,0.18418478669776542,0.0004997501249375312,0.001260997408272608
mlp_prevyears_monthly_features_incremental_scaler_experience_replay_uncertainity_prioritization_RR_0.5,MLP Prevyears + Monthly (Incremental Scaler + Replay Uncertainty Prioritization RR=0.5),mlp_prevyears_monthly_features_incremental_scaler,prior_years,2021,2017,pr_auc,0.8837382099996067,0.037179130345097115,0.09969167301662792,0.07309004447182929,0.12778793564032406,0.10010823609401114,0.013715509196280555,2000,percentile,0.05,0.1993667758325668,0.09967510281593887,0.0004997501249375312,0.001080854921376521
mlp_prevyears_monthly_features_incremental_scaler_missclassification_buffer_RR_0.3,MLP Prevyears + Monthly (Incremental Scaler + Misclassification Buffer RR=0.3),mlp_prevyears_monthly_features_incremental_scaler,prior_years,2021,2017,f1_score,0.8859627261277636,0.037179130345097115,-0.03639347897058101,-0.05870715651379587,-0.014695142769812899,-0.036672146480353635,0.011241515583060692,2000,percentile,0.05,0.1477913077271844,0.18418478669776542,1.0,1.0
mlp_prevyears_monthly_features_incremental_scaler_missclassification_buffer_RR_0.3,MLP Prevyears + Monthly (Incremental Scaler + Misclassification Buffer RR=0.3),mlp_prevyears_monthly_features_incremental_scaler,prior_years,2021,2017,pr_auc,0.8859627261277636,0.037179130345097115,-0.023046606504743314,-0.042055689927595695,-0.005606705457312938,-0.023567702596192293,0.009249441631935132,2000,percentile,0.05,0.07662849631119556,0.09967510281593887,0.9940029985007496,1.0
"mlp_combined_HE=0.1_CC=0.1_UP=0.1_PR=(0.2,10)_RR=0.5","MLP Combined (HE=0.1, CC=0.1, UP=0.1, PR=(0.2,10), RR=0.5)",mlp_prevyears_monthly_features_incremental_scaler,prior_years,2021,2018,f1_score,0.6043913569715937,0.9698751524113707,0.3796245916737369,0.28196477565611544,0.45548443808991257,0.37924282283889865,0.045127892795645504,2000,percentile,0.05,0.4499712649372783,0.0703466732635414,0.0004997501249375312,0.001260997408272608
"mlp_combined_HE=0.1_CC=0.1_UP=0.1_PR=(0.2,10)_RR=0.5","MLP Combined (HE=0.1, CC=0.1, UP=0.1, PR=(0.2,10), RR=0.5)",mlp_prevyears_monthly_features_incremental_scaler,prior_years,2021,2018,pr_auc,0.6043913569715937,0.9698751524113707,0.4023349513175256,0.32293669223965155,0.47410799016770305,0.40161672966758544,0.038944234971885754,2000,percentile,0.05,0.4392619173418005,0.03692696602427486,0.0004997501249375312,0.001080854921376521
"mlp_combined_HE=0_CC=0.15_UP=0_PR=(0,10)_MC=0.1_RWS=1_RR=0.4","MLP Combined (HE=0, CC=0.15, UP=0, PR=(0,10), MC=0.1, RWS=1, RR=0.4)",mlp_prevyears_monthly_features_incremental_scaler,prior_years,2021,2018,f1_score,0.8366451856595071,0.9698751524113707,0.3691550698201878,0.26813891439376186,0.44672297072647416,0.3690439047631685,0.04599981144704746,2000,percentile,0.05,0.4395017430837292,0.0703466732635414,0.0004997501249375312,0.001260997408272608
"mlp_combined_HE=0_CC=0.15_UP=0_PR=(0,10)_MC=0.1_RWS=1_RR=0.4","MLP Combined (HE=0, CC=0.15, UP=0, PR=(0,10), MC=0.1, RWS=1, RR=0.4)",mlp_prevyears_monthly_features_incremental_scaler,prior_years,2021,2018,pr_auc,0.8366451856595071,0.9698751524113707,0.3808339554944716,0.28865293356792276,0.4614092786307775,0.3808562573780847,0.043628749429675165,2000,percentile,0.05,0.41776092151874644,0.03692696602427486,0.0004997501249375312,0.001080854921376521
"mlp_combined_HE=0_CC=0.1_UP=0.1_PR=(0,10)_MC=0.1_RWS=1_RR=0.5","MLP Combined (HE=0, CC=0.1, UP=0.1, PR=(0,10), MC=0.1, RWS=1, RR=0.5)",mlp_prevyears_monthly_features_incremental_scaler,prior_years,2021,2018,f1_score,0.8400197492798663,0.9698751524113707,0.31521441523367955,0.21933994351412783,0.39491139473387016,0.31520344382771837,0.04505072482300222,2000,percentile,0.05,0.3855610884972209,0.0703466732635414,0.0004997501249375312,0.001260997408272608
"mlp_combined_HE=0_CC=0.1_UP=0.1_PR=(0,10)_MC=0.1_RWS=1_RR=0.5","MLP Combined (HE=0, CC=0.1, UP=0.1, PR=(0,10), MC=0.1, RWS=1, RR=0.5)",mlp_prevyears_monthly_features_incremental_scaler,prior_years,2021,2018,pr_auc,0.8400197492798663,0.9698751524113707,0.33495751446124755,0.2537327426007934,0.41374026766107336,0.33486181118809605,0.041195574256765795,2000,percentile,0.05,0.3718844804855224,0.03692696602427486,0.0004997501249375312,0.001080854921376521
"mlp_combined_HE=0_CC=0.1_UP=0.2_PR=(0.1,10)_RR=0.5","MLP Combined (HE=0, CC=0.1, UP=0.2, PR=(0.1,10), RR=0.5)",mlp_prevyears_monthly_features_incremental_scaler,prior_years,2021,2018,f1_score,0.7875157466745042,0.9698751524113707,0.3294038967230128,0.2395276398902881,0.4064564246166727,0.32921000276228574,0.04277360059519137,2000,percentile,0.05,0.39975056998655417,0.0703466732635414,0.0004997501249375312,0.001260997408272608
"mlp_combined_HE=0_CC=0.1_UP=0.2_PR=(0.1,10)_RR=0.5","MLP Combined (HE=0, CC=0.1, UP=0.2, PR=(0.1,10), RR=0.5)",mlp_prevyears_monthly_features_incremental_scaler,prior_years,2021,2018,pr_auc,0.7875157466745042,0.9698751524113707,0.3522583606709248,0.2741915580108723,0.4255650050780066,0.35130037833103506,0.038271698125462994,2000,percentile,0.05,0.3891853266951997,0.03692696602427486,0.0004997501249375312,0.001080854921376521
"mlp_combined_HE=0_CC=0.2_UP=0.1_PR=(0.2,10)_RR=0.5","MLP Combined (HE=0, CC=0.2, UP=0.1, PR=(0.2,10), RR=0.5)",mlp_prevyears_monthly_features_incremental_scaler,prior_years,2021,2018,f1_score,0.7110958414382602,0.9698751524113707,0.37062606070845566,0.2772159741097788,0.44724725543899335,0.3704005589652219,0.04358127092040519,2000,percentile,0.05,0.44097273397199704,0.0703466732635414,0.0004997501249375312,0.001260997408272608
"mlp_combined_HE=0_CC=0.2_UP=0.1_PR=(0.2,10)_RR=0.5","MLP Combined (HE=0, CC=0.2, UP=0.1, PR=(0.2,10), RR=0.5)",mlp_prevyears_monthly_features_incremental_scaler,prior_years,2021,2018,pr_auc,0.7110958414382602,0.9698751524113707,0.4004217871897057,0.3199155693508589,0.47202323512338845,0.39977451543325826,0.03862322634601587,2000,percentile,0.05,0.4373487532139806,0.03692696602427486,0.0004997501249375312,0.001080854921376521
"mlp_combined_HE=0_CC=0.2_UP=0.2_PR=(0.1,10)_RR=0.5","MLP Combined (HE=0, CC=0.2, UP=0.2, PR=(0.1,10), RR=0.5)",mlp_prevyears_monthly_features_incremental_scaler,prior_years,2021,2018,f1_score,0.7739185436859682,0.9698751524113707,0.37931398293500485,0.2769174161809942,0.45721455651603576,0.3790042720192869,0.0459516677815309,2000,percentile,0.05,0.4496606561985462,0.0703466732635414,0.0004997501249375312,0.001260997408272608
"mlp_combined_HE=0_CC=0.2_UP=0.2_PR=(0.1,10)_RR=0.5","MLP Combined (HE=0, CC=0.2, UP=0.2, PR=(0.1,10), RR=0.5)",mlp_prevyears_monthly_features_incremental_scaler,prior_years,2021,2018,pr_auc,0.7739185436859682,0.9698751524113707,0.40211261840597196,0.32389277139581024,0.47112892755542096,0.40138658905135144,0.03763859247173353,2000,percentile,0.05,0.4390395844302468,0.03692696602427486,0.0004997501249375312,0.001080854921376521
mlp_prevyears_monthly_features_incremental_scaler_experience_replay_RR_0.2,MLP Prevyears + Monthly (Incremental Scaler + Replay RR=0.2),mlp_prevyears_monthly_features_incremental_scaler,prior_years,2021,2018,f1_score,0.9630300358739167,0.9698751524113707,0.35007853713795295,0.2547884848037418,0.42657669465652187,0.35008781261697763,0.043948779508178513,2000,percentile,0.05,0.42042521040149433,0.0703466732635414,0.0004997501249375312,0.001260997408272608
mlp_prevyears_monthly_features_incremental_scaler_experience_replay_RR_0.2,MLP Prevyears + Monthly (Incremental Scaler + Replay RR=0.2),mlp_prevyears_monthly_features_incremental_scaler,prior_years,2021,2018,pr_auc,0.9630300358739167,0.9698751524113707,0.3796368750846034,0.30567841927108524,0.4502032184761165,0.3790599215484452,0.03672196439104133,2000,percentile,0.05,0.4165638411088783,0.03692696602427486,0.0004997501249375312,0.001080854921376521
mlp_prevyears_monthly_features_incremental_scaler_experience_replay_RR_0.2_PR_0.10,"MLP Prevyears + Monthly (Incremental Scaler + Replay RR=0.2, PR=0.10)",mlp_prevyears_monthly_features_incremental_scaler,prior_years,2021,2018,f1_score,0.9548825045667461,0.9698751524113707,0.37934411899317155,0.28199928605607977,0.45732981462683986,0.3792990425837987,0.04559557286483111,2000,percentile,0.05,0.44969079225671293,0.0703466732635414,0.0004997501249375312,0.001260997408272608
mlp_prevyears_monthly_features_incremental_scaler_experience_replay_RR_0.2_PR_0.10,"MLP Prevyears + Monthly (Incremental Scaler + Replay RR=0.2, PR=0.10)",mlp_prevyears_monthly_features_incremental_scaler,prior_years,2021,2018,pr_auc,0.9548825045667461,0.9698751524113707,0.40398698189398324,0.3283914463756465,0.4749311324136802,0.4032888282244639,0.03799372000461901,2000,percentile,0.05,0.4409139479182581,0.03692696602427486,0.0004997501249375312,0.001080854921376521
mlp_prevyears_monthly_features_incremental_scaler_experience_replay_RR_0.2_PR_0.15,"MLP Prevyears + Monthly (Incremental Scaler + Replay RR=0.2, PR=0.15)",mlp_prevyears_monthly_features_incremental_scaler,prior_years,2021,2018,f1_score,0.9462727097058377,0.9698751524113707,0.35826179519414625,0.26197107024279936,0.4366566759816766,0.35832734979194425,0.045029596011784294,2000,percentile,0.05,0.42860846845768763,0.0703466732635414,0.0004997501249375312,0.001260997408272608
mlp_prevyears_monthly_features_incremental_scaler_experience_replay_RR_0.2_PR_0.15,"MLP Prevyears + Monthly (Incremental Scaler + Replay RR=0.2, PR=0.15)",mlp_prevyears_monthly_features_incremental_scaler,prior_years,2021,2018,pr_auc,0.9462727097058377,0.9698751524113707,0.37543960757182254,0.29357132918213524,0.45123981872578994,0.3753989360932044,0.040790483981687664,2000,percentile,0.05,0.4123665735960974,0.03692696602427486,0.0004997501249375312,0.001080854921376521
mlp_prevyears_monthly_features_incremental_scaler_experience_replay_RR_0.3,MLP Prevyears + Monthly (Incremental Scaler + Replay RR=0.3),mlp_prevyears_monthly_features_incremental_scaler,prior_years,2021,2018,f1_score,0.9123761855780151,0.9698751524113707,0.37012737594004796,0.269141803279807,0.44937355204045054,0.3700184880987035,0.04602507661287422,2000,percentile,0.05,0.44047404920358935,0.0703466732635414,0.0004997501249375312,0.001260997408272608
mlp_prevyears_monthly_features_incremental_scaler_experience_replay_RR_0.3,MLP Prevyears + Monthly (Incremental Scaler + Replay RR=0.3),mlp_prevyears_monthly_features_incremental_scaler,prior_years,2021,2018,pr_auc,0.9123761855780151,0.9698751524113707,0.3909501646236767,0.30920589762297906,0.4660576858817651,0.3904639639960219,0.04042679807679378,2000,percentile,0.05,0.4278771306479516,0.03692696602427486,0.0004997501249375312,0.001080854921376521
mlp_prevyears_monthly_features_incremental_scaler_experience_replay_RR_0.3_PR_0.10,"MLP Prevyears + Monthly (Incremental Scaler + Replay RR=0.3, PR=0.10)",mlp_prevyears_monthly_features_incremental_scaler,prior_years,2021,2018,f1_score,0.926229411932321,0.9698751524113707,0.37378549841510317,0.2777946131342034,0.44858922473433116,0.3736098431619616,0.04434901479128933,2000,percentile,0.05,0.44413217167864455,0.0703466732635414,0.0004997501249375312,0.001260997408272608
mlp_prevyears_monthly_features_incremental_scaler_experience_replay_RR_0.3_PR_0.10,"MLP Prevyears + Monthly (Incremental Scaler + Replay RR=0.3, PR=0.10)",mlp_prevyears_monthly_features_incremental_scaler,prior_years,2021,2018,pr_auc,0.926229411932321,0.9698751524113707,0.40104794228202556,0.3285536836998487,0.4680839828812825,0.40008507808845595,0.03631921685908033,2000,percentile,0.05,0.4379749083063004,0.03692696602427486,0.0004997501249375312,0.001080854921376521
mlp_prevyears_monthly_features_incremental_scaler_experience_replay_RR_0.3_PR_0.15,"MLP Prevyears + Monthly (Incremental Scaler + Replay RR=0.3, PR=0.15)",mlp_prevyears_monthly_features_incremental_scaler,prior_years,2021,2018,f1_score,0.9392614379919538,0.9698751524113707,0.361217626531596,0.2630449199997441,0.43825084063151853,0.3612234801895018,0.04477827307967252,2000,percentile,0.05,0.4315642997951374,0.0703466732635414,0.0004997501249375312,0.001260997408272608
mlp_prevyears_monthly_features_incremental_scaler_experience_replay_RR_0.3_PR_0.15,"MLP Prevyears + Monthly (Incremental Scaler + Replay RR=0.3, PR=0.15)",mlp_prevyears_monthly_features_incremental_scaler,prior_years,2021,2018,pr_auc,0.9392614379919538,0.9698751524113707,0.37900634565579716,0.29239322534058193,0.4559329570499142,0.37912460837618595,0.04168312919300509,2000,percentile,0.05,0.415933311680072,0.03692696602427486,0.0004997501249375312,0.001080854921376521
mlp_prevyears_monthly_features_incremental_scaler_experience_replay_RR_0.4,MLP Prevyears + Monthly (Incremental Scaler + Replay RR=0.4),mlp_prevyears_monthly_features_incremental_scaler,prior_years,2021,2018,f1_score,0.9230495170467797,0.9698751524113707,0.3580058171579146,0.26824787196015065,0.4317270956748921,0.3576559916372818,0.041908251431874884,2000,percentile,0.05,0.42835249042145596,0.0703466732635414,0.0004997501249375312,0.001260997408272608
mlp_prevyears_monthly_features_incremental_scaler_experience_replay_RR_0.4,MLP Prevyears + Monthly (Incremental Scaler + Replay RR=0.4),mlp_prevyears_monthly_features_incremental_scaler,prior_years,2021,2018,pr_auc,0.9230495170467797,0.9698751524113707,0.38424098409143687,0.3106104148928136,0.45365769366947145,0.383377178832812,0.03682042631145325,2000,percentile,0.05,0.42116795011571173,0.03692696602427486,0.0004997501249375312,0.001080854921376521
mlp_prevyears_monthly_features_incremental_scaler_experience_replay_RR_0.4_PR_0.10,"MLP Prevyears + Monthly (Incremental Scaler + Replay RR=0.4, PR=0.10)",mlp_prevyears_monthly_features_incremental_scaler,prior_years,2021,2018,f1_score,0.9489011129443085,0.9698751524113707,0.3714171545494251,0.2701231997518736,0.4497194495367137,0.3714040930883929,0.0466243765191348,2000,percentile,0.05,0.44176382781296647,0.0703466732635414,0.0004997501249375312,0.001260997408272608
mlp_prevyears_monthly_features_incremental_scaler_experience_replay_RR_0.4_PR_0.10,"MLP Prevyears + Monthly (Incremental Scaler + Replay RR=0.4, PR=0.10)",mlp_prevyears_monthly_features_incremental_scaler,prior_years,2021,2018,pr_auc,0.9489011129443085,0.9698751524113707,0.3906269617943283,0.3052986695974526,0.4670669316862566,0.391147107671056,0.0416030831300951,2000,percentile,0.05,0.4275539278186032,0.03692696602427486,0.0004997501249375312,0.001080854921376521
mlp_prevyears_monthly_features_incremental_scaler_experience_replay_RR_0.4_PR_0.15,"MLP Prevyears + Monthly (Incremental Scaler + Replay RR=0.4, PR=0.15)",mlp_prevyears_monthly_features_incremental_scaler,prior_years,2021,2018,f1_score,0.9570387253162806,0.9698751524113707,0.37615694919973364,0.27897794570858436,0.4527780332386253,0.37604740054789415,0.044675275873721824,2000,percentile,0.05,0.446503622463275,0.0703466732635414,0.0004997501249375312,0.001260997408272608
mlp_prevyears_monthly_features_incremental_scaler_experience_replay_RR_0.4_PR_0.15,"MLP Prevyears + Monthly (Incremental Scaler + Replay RR=0.4, PR=0.15)",mlp_prevyears_monthly_features_incremental_scaler,prior_years,2021,2018,pr_auc,0.9570387253162806,0.9698751524113707,0.40243488328284077,0.3249503283995108,0.4750725890319801,0.4017689496604743,0.03867017918279566,2000,percentile,0.05,0.43936184930711564,0.03692696602427486,0.0004997501249375312,0.001080854921376521
mlp_prevyears_monthly_features_incremental_scaler_experience_replay_RR_0.5,MLP Prevyears + Monthly (Incremental Scaler + Replay RR=0.5),mlp_prevyears_monthly_features_incremental_scaler,prior_years,2021,2018,f1_score,0.9495503601227769,0.9698751524113707,0.36626278269500784,0.2640917509385467,0.44554990349479173,0.36634100072334624,0.04601166349877984,2000,percentile,0.05,0.4366094559585492,0.0703466732635414,0.0004997501249375312,0.001260997408272608
mlp_prevyears_monthly_features_incremental_scaler_experience_replay_RR_0.5,MLP Prevyears + Monthly (Incremental Scaler + Replay RR=0.5),mlp_prevyears_monthly_features_incremental_scaler,prior_years,2021,2018,pr_auc,0.9495503601227769,0.9698751524113707,0.3904719851688212,0.30683182877553367,0.466799129279287,0.39045133527940346,0.040990882481628084,2000,percentile,0.05,0.42739895119309607,0.03692696602427486,0.0004997501249375312,0.001080854921376521
mlp_prevyears_monthly_features_incremental_scaler_experience_replay_RR_0.5_PR_0.10,"MLP Prevyears + Monthly (Incremental Scaler + Replay RR=0.5, PR=0.10)",mlp_prevyears_monthly_features_incremental_scaler,prior_years,2021,2018,f1_score,0.9478319147596617,0.9698751524113707,0.3764626728978566,0.27780322432292065,0.4529841399031312,0.37649100625175336,0.04504548780252518,2000,percentile,0.05,0.446809346161398,0.0703466732635414,0.0004997501249375312,0.001260997408272608
mlp_prevyears_monthly_features_incremental_scaler_experience_replay_RR_0.5_PR_0.10,"MLP Prevyears + Monthly (Incremental Scaler + Replay RR=0.5, PR=0.10)",mlp_prevyears_monthly_features_incremental_scaler,prior_years,2021,2018,pr_auc,0.9478319147596617,0.9698751524113707,0.4033198750899976,0.32455501823543037,0.475301257084996,0.4030436625158487,0.03874841618421174,2000,percentile,0.05,0.4402468411142725,0.03692696602427486,0.0004997501249375312,0.001080854921376521
mlp_prevyears_monthly_features_incremental_scaler_experience_replay_RR_0.5_PR_0.15,"MLP Prevyears + Monthly (Incremental Scaler + Replay RR=0.5, PR=0.15)",mlp_prevyears_monthly_features_incremental_scaler,prior_years,2021,2018,f1_score,0.9449835650696642,0.9698751524113707,0.37072058547396963,0.27156497683693354,0.4487177633333288,0.3707024599081876,0.045563690967022244,2000,percentile,0.05,0.441067258737511,0.0703466732635414,0.0004997501249375312,0.001260997408272608
mlp_prevyears_monthly_features_incremental_scaler_experience_replay_RR_0.5_PR_0.15,"MLP Prevyears + Monthly (Incremental Scaler + Replay RR=0.5, PR=0.15)",mlp_prevyears_monthly_features_incremental_scaler,prior_years,2021,2018,pr_auc,0.9449835650696642,0.9698751524113707,0.39500524817950894,0.30984398589200096,0.4726895379630545,0.3950471291490231,0.04207697941976815,2000,percentile,0.05,0.4319322142037838,0.03692696602427486,0.0004997501249375312,0.001080854921376521
mlp_prevyears_monthly_features_incremental_scaler_experience_replay_confidently_correct_memory_RR_0.2,MLP Prevyears + Monthly (Incremental Scaler + Replay Confidently Correct RR=0.2),mlp_prevyears_monthly_features_incremental_scaler,prior_years,2021,2018,f1_score,0.938505881685163,0.9698751524113707,0.3573322723004371,0.27048299347749594,0.4285171161450329,0.357306056748703,0.040393202305031024,2000,percentile,0.05,0.4276789455639785,0.0703466732635414,0.0004997501249375312,0.001260997408272608
mlp_prevyears_monthly_features_incremental_scaler_experience_replay_confidently_correct_memory_RR_0.2,MLP Prevyears + Monthly (Incremental Scaler + Replay Confidently Correct RR=0.2),mlp_prevyears_monthly_features_incremental_scaler,prior_years,2021,2018,pr_auc,0.938505881685163,0.9698751524113707,0.3852519040278651,0.31246844298308474,0.45379064996519447,0.3847244389340846,0.03702792996875923,2000,percentile,0.05,0.42217887005213994,0.03692696602427486,0.0004997501249375312,0.001080854921376521
mlp_prevyears_monthly_features_incremental_scaler_experience_replay_confidently_correct_memory_RR_0.3,MLP Prevyears + Monthly (Incremental Scaler + Replay Confidently Correct RR=0.3),mlp_prevyears_monthly_features_incremental_scaler,prior_years,2021,2018,f1_score,0.9466141750745997,0.9698751524113707,0.3649914057711746,0.2644684583700311,0.4441987428736439,0.365141825065383,0.046224749022630386,2000,percentile,0.05,0.435338079034716,0.0703466732635414,0.0004997501249375312,0.001260997408272608
mlp_prevyears_monthly_features_incremental_scaler_experience_replay_confidently_correct_memory_RR_0.3,MLP Prevyears + Monthly (Incremental Scaler + Replay Confidently Correct RR=0.3),mlp_prevyears_monthly_features_incremental_scaler,prior_years,2021,2018,pr_auc,0.9466141750745997,0.9698751524113707,0.39125380083437944,0.31224392967200393,0.4648458760390019,0.3910618396379173,0.039426592837741505,2000,percentile,0.05,0.4281807668586543,0.03692696602427486,0.0004997501249375312,0.001080854921376521
mlp_prevyears_monthly_features_incremental_scaler_experience_replay_confidently_correct_memory_RR_0.4,MLP Prevyears + Monthly (Incremental Scaler + Replay Confidently Correct RR=0.4),mlp_prevyears_monthly_features_incremental_scaler,prior_years,2021,2018,f1_score,0.9641831104711197,0.9698751524113707,0.3652248002880959,0.26736780141018396,0.4433890184920555,0.3652194537183837,0.045185167207583324,2000,percentile,0.05,0.4355714735516373,0.0703466732635414,0.0004997501249375312,0.001260997408272608
mlp_prevyears_monthly_features_incremental_scaler_experience_replay_confidently_correct_memory_RR_0.4,MLP Prevyears + Monthly (Incremental Scaler + Replay Confidently Correct RR=0.4),mlp_prevyears_monthly_features_incremental_scaler,prior_years,2021,2018,pr_auc,0.9641831104711197,0.9698751524113707,0.3928452358439643,0.3143622721547147,0.4656442178198945,0.3921746839368408,0.038910906911947436,2000,percentile,0.05,0.42977220186823917,0.03692696602427486,0.0004997501249375312,0.001080854921376521
mlp_prevyears_monthly_features_incremental_scaler_experience_replay_confidently_correct_memory_RR_0.5,MLP Prevyears + Monthly (Incremental Scaler + Replay Confidently Correct RR=0.5),mlp_prevyears_monthly_features_incremental_scaler,prior_years,2021,2018,f1_score,0.9547573657526094,0.9698751524113707,0.3777474810494725,0.27699907803629337,0.4553322413796881,0.37763755404938565,0.04581843704777749,2000,percentile,0.05,0.44809415431301386,0.0703466732635414,0.0004997501249375312,0.001260997408272608
mlp_prevyears_monthly_features_incremental_scaler_experience_replay_confidently_correct_memory_RR_0.5,MLP Prevyears + Monthly (Incremental Scaler + Replay Confidently Correct RR=0.5),mlp_prevyears_monthly_features_incremental_scaler,prior_years,2021,2018,pr_auc,0.9547573657526094,0.9698751524113707,0.40642370654513055,0.3299554629898989,0.47655466871334246,0.4058513881796897,0.03784054700838339,2000,percentile,0.05,0.4433506725694054,0.03692696602427486,0.0004997501249375312,0.001080854921376521
mlp_prevyears_monthly_features_incremental_scaler_experience_replay_hard_example_mining_RR_0.2,MLP Prevyears + Monthly (Incremental Scaler + Replay Hard Example Mining RR=0.2),mlp_prevyears_monthly_features_incremental_scaler,prior_years,2021,2018,f1_score,0.8297457294051265,0.9698751524113707,0.1323605517730973,0.09272936456123032,0.17304413591911108,0.13089529558441398,0.02123410622833279,2000,percentile,0.05,0.2027072250366387,0.0703466732635414,0.0004997501249375312,0.001260997408272608
mlp_prevyears_monthly_features_incremental_scaler_experience_replay_hard_example_mining_RR_0.2,MLP Prevyears + Monthly (Incremental Scaler + Replay Hard Example Mining RR=0.2),mlp_prevyears_monthly_features_incremental_scaler,prior_years,2021,2018,pr_auc,0.8297457294051265,0.9698751524113707,0.09043740232221173,0.05600774376796189,0.13248101563214684,0.08973343483865653,0.019825264924153606,2000,percentile,0.05,0.1273643683464866,0.03692696602427486,0.0004997501249375312,0.001080854921376521
mlp_prevyears_monthly_features_incremental_scaler_experience_replay_hard_example_mining_RR_0.3,MLP Prevyears + Monthly (Incremental Scaler + Replay Hard Example Mining RR=0.3),mlp_prevyears_monthly_features_incremental_scaler,prior_years,2021,2018,f1_score,0.8165253007694523,0.9698751524113707,0.19913763915301402,0.15852911264398245,0.23548795145945164,0.1981742463986065,0.019319112667689767,2000,percentile,0.05,0.2694843124165554,0.0703466732635414,0.0004997501249375312,0.001260997408272608
mlp_prevyears_monthly_features_incremental_scaler_experience_replay_hard_example_mining_RR_0.3,MLP Prevyears + Monthly (Incremental Scaler + Replay Hard Example Mining RR=0.3),mlp_prevyears_monthly_features_incremental_scaler,prior_years,2021,2018,pr_auc,0.8165253007694523,0.9698751524113707,0.14764042525838114,0.10987009338027448,0.19031608094473693,0.1481962567297475,0.020538828506576498,2000,percentile,0.05,0.184567391282656,0.03692696602427486,0.0004997501249375312,0.001080854921376521
mlp_prevyears_monthly_features_incremental_scaler_experience_replay_hard_example_mining_RR_0.4,MLP Prevyears + Monthly (Incremental Scaler + Replay Hard Example Mining RR=0.4),mlp_prevyears_monthly_features_incremental_scaler,prior_years,2021,2018,f1_score,0.840500204454574,0.9698751524113707,0.2554875606166695,0.2042593357770707,0.30569008423899563,0.25406833035134946,0.026276315790557624,2000,percentile,0.05,0.3258342338802109,0.0703466732635414,0.0004997501249375312,0.001260997408272608
mlp_prevyears_monthly_features_incremental_scaler_experience_replay_hard_example_mining_RR_0.4,MLP Prevyears + Monthly (Incremental Scaler + Replay Hard Example Mining RR=0.4),mlp_prevyears_monthly_features_incremental_scaler,prior_years,2021,2018,pr_auc,0.840500204454574,0.9698751524113707,0.24047392597778033,0.17878432009814754,0.30040508862668636,0.239159386884978,0.0314113332039317,2000,percentile,0.05,0.2774008920020552,0.03692696602427486,0.0004997501249375312,0.001080854921376521
mlp_prevyears_monthly_features_incremental_scaler_experience_replay_hard_example_mining_RR_0.5,MLP Prevyears + Monthly (Incremental Scaler + Replay Hard Example Mining RR=0.5),mlp_prevyears_monthly_features_incremental_scaler,prior_years,2021,2018,f1_score,0.8411787257221917,0.9698751524113707,0.25240848156610907,0.20938388886518475,0.29627937008141814,0.2517827278928492,0.022168042968234426,2000,percentile,0.05,0.32275515482965045,0.0703466732635414,0.0004997501249375312,0.001260997408272608
mlp_prevyears_monthly_features_incremental_scaler_experience_replay_hard_example_mining_RR_0.5,MLP Prevyears + Monthly (Incremental Scaler + Replay Hard Example Mining RR=0.5),mlp_prevyears_monthly_features_incremental_scaler,prior_years,2021,2018,pr_auc,0.8411787257221917,0.9698751524113707,0.21538386470476922,0.16637606354056145,0.2699285480095447,0.216126438054552,0.026586168472822226,2000,percentile,0.05,0.2523108307290441,0.03692696602427486,0.0004997501249375312,0.001080854921376521
mlp_prevyears_monthly_features_incremental_scaler_experience_replay_uncertainity_prioritization_RR_0.2,MLP Prevyears + Monthly (Incremental Scaler + Replay Uncertainty Prioritization RR=0.2),mlp_prevyears_monthly_features_incremental_scaler,prior_years,2021,2018,f1_score,0.9439763926025879,0.9698751524113707,0.38508525066929294,0.2808837955832866,0.4640159453107688,0.3848004367336592,0.046985625930298744,2000,percentile,0.05,0.4554319239328343,0.0703466732635414,0.0004997501249375312,0.001260997408272608
mlp_prevyears_monthly_features_incremental_scaler_experience_replay_uncertainity_prioritization_RR_0.2,MLP Prevyears + Monthly (Incremental Scaler + Replay Uncertainty Prioritization RR=0.2),mlp_prevyears_monthly_features_incremental_scaler,prior_years,2021,2018,pr_auc,0.9439763926025879,0.9698751524113707,0.4072131829753942,0.3186079846015989,0.4847533688122497,0.4069150662906997,0.04205297477060524,2000,percentile,0.05,0.4441401489996691,0.03692696602427486,0.0004997501249375312,0.001080854921376521
mlp_prevyears_monthly_features_incremental_scaler_experience_replay_uncertainity_prioritization_RR_0.3,MLP Prevyears + Monthly (Incremental Scaler + Replay Uncertainty Prioritization RR=0.3),mlp_prevyears_monthly_features_incremental_scaler,prior_years,2021,2018,f1_score,0.9380754348506221,0.9698751524113707,0.3930367424464403,0.2981136829495173,0.46677593900296555,0.39277297574452497,0.042974648839821286,2000,percentile,0.05,0.4633834157099817,0.0703466732635414,0.0004997501249375312,0.001260997408272608
mlp_prevyears_monthly_features_incremental_scaler_experience_replay_uncertainity_prioritization_RR_0.3,MLP Prevyears + Monthly (Incremental Scaler + Replay Uncertainty Prioritization RR=0.3),mlp_prevyears_monthly_features_incremental_scaler,prior_years,2021,2018,pr_auc,0.9380754348506221,0.9698751524113707,0.4149302863307243,0.33784067330525475,0.4849277027400029,0.4143297764654389,0.037351755526053305,2000,percentile,0.05,0.4518572523549992,0.03692696602427486,0.0004997501249375312,0.001080854921376521
mlp_prevyears_monthly_features_incremental_scaler_experience_replay_uncertainity_prioritization_RR_0.4,MLP Prevyears + Monthly (Incremental Scaler + Replay Uncertainty Prioritization RR=0.4),mlp_prevyears_monthly_features_incremental_scaler,prior_years,2021,2018,f1_score,0.921072521780359,0.9698751524113707,0.3815829272472939,0.2788360732045292,0.459508851605436,0.38140065536889306,0.04664779133025716,2000,percentile,0.05,0.4519296005108353,0.0703466732635414,0.0004997501249375312,0.001260997408272608
mlp_prevyears_monthly_features_incremental_scaler_experience_replay_uncertainity_prioritization_RR_0.4,MLP Prevyears + Monthly (Incremental Scaler + Replay Uncertainty Prioritization RR=0.4),mlp_prevyears_monthly_features_incremental_scaler,prior_years,2021,2018,pr_auc,0.921072521780359,0.9698751524113707,0.4024775364981803,0.31857121989482234,0.47738556125767684,0.40213007031839254,0.04076107006168611,2000,percentile,0.05,0.43940450252245516,0.03692696602427486,0.0004997501249375312,0.001080854921376521
mlp_prevyears_monthly_features_incremental_scaler_experience_replay_uncertainity_prioritization_RR_0.5,MLP Prevyears + Monthly (Incremental Scaler + Replay Uncertainty Prioritization RR=0.5),mlp_prevyears_monthly_features_incremental_scaler,prior_years,2021,2018,f1_score,0.9259814939090592,0.9698751524113707,0.38115626443322415,0.28101376484153945,0.4587886309657443,0.38089941535720073,0.04567862267152083,2000,percentile,0.05,0.4515029376967655,0.0703466732635414,0.0004997501249375312,0.001260997408272608
mlp_prevyears_monthly_features_incremental_scaler_experience_replay_uncertainity_prioritization_RR_0.5,MLP Prevyears + Monthly (Incremental Scaler + Replay Uncertainty Prioritization RR=0.5),mlp_prevyears_monthly_features_incremental_scaler,prior_years,2021,2018,pr_auc,0.9259814939090592,0.9698751524113707,0.411422017803472,0.3325417499464376,0.48352316114739163,0.41078336149004196,0.03853176037388486,2000,percentile,0.05,0.44834898382774685,0.03692696602427486,0.0004997501249375312,0.001080854921376521
mlp_prevyears_monthly_features_incremental_scaler_missclassification_buffer_RR_0.3,MLP Prevyears + Monthly (Incremental Scaler + Misclassification Buffer RR=0.3),mlp_prevyears_monthly_features_incremental_scaler,prior_years,2021,2018,f1_score,0.9208465711686514,0.9698751524113707,0.28415112152717176,0.19874611106785559,0.3583352779254416,0.28278452223527845,0.04024957951069084,2000,percentile,0.05,0.35449779479071314,0.0703466732635414,0.0004997501249375312,0.001260997408272608
mlp_prevyears_monthly_features_incremental_scaler_missclassification_buffer_RR_0.3,MLP Prevyears + Monthly (Incremental Scaler + Misclassification Buffer RR=0.3),mlp_prevyears_monthly_features_incremental_scaler,prior_years,2021,2018,pr_auc,0.9208465711686514,0.9698751524113707,0.292851121885251,0.2195646245184362,0.3594478446638447,0.2907903551771958,0.03571319976973246,2000,percentile,0.05,0.32977808790952584,0.03692696602427486,0.0004997501249375312,0.001080854921376521
"mlp_combined_HE=0.1_CC=0.1_UP=0.1_PR=(0.2,10)_RR=0.5","MLP Combined (HE=0.1, CC=0.1, UP=0.1, PR=(0.2,10), RR=0.5)",mlp_prevyears_monthly_features_incremental_scaler,prior_years,2021,2019,f1_score,0.8228055406859615,0.8943064176166288,0.012176174912016557,-0.009018268916861631,0.038829621272119946,0.012157677341815323,0.012625529996905532,2000,percentile,0.05,0.45922979569698064,0.4470536207849641,0.17641179410294852,0.2747465979928696
"mlp_combined_HE=0.1_CC=0.1_UP=0.1_PR=(0.2,10)_RR=0.5","MLP Combined (HE=0.1, CC=0.1, UP=0.1, PR=(0.2,10), RR=0.5)",mlp_prevyears_monthly_features_incremental_scaler,prior_years,2021,2019,pr_auc,0.8228055406859615,0.8943064176166288,0.01688583930224169,-0.0033025977521146358,0.042608581465752735,0.016993634886981447,0.011989313720030516,2000,percentile,0.05,0.41636654916019783,0.39948070985795614,0.06296851574212893,0.10960562499498913
"mlp_combined_HE=0_CC=0.15_UP=0_PR=(0,10)_MC=0.1_RWS=1_RR=0.4","MLP Combined (HE=0, CC=0.15, UP=0, PR=(0,10), MC=0.1, RWS=1, RR=0.4)",mlp_prevyears_monthly_features_incremental_scaler,prior_years,2021,2019,f1_score,0.8743322032149712,0.8943064176166288,0.0128298581996385,-0.0035093671719428495,0.03175244463298183,0.012991697204028534,0.009127975855739783,2000,percentile,0.05,0.4598834789846026,0.4470536207849641,0.0734632683658171,0.13396243054943116
"mlp_combined_HE=0_CC=0.15_UP=0_PR=(0,10)_MC=0.1_RWS=1_RR=0.4","MLP Combined (HE=0, CC=0.15, UP=0, PR=(0,10), MC=0.1, RWS=1, RR=0.4)",mlp_prevyears_monthly_features_incremental_scaler,prior_years,2021,2019,pr_auc,0.8743322032149712,0.8943064176166288,0.014821493355970772,0.004248933009797044,0.02809017779803699,0.014792000912428669,0.006307312274349621,2000,percentile,0.05,0.4143022032139269,0.39948070985795614,0.0029985007496251873,0.006006227655403067
"mlp_combined_HE=0_CC=0.1_UP=0.1_PR=(0,10)_MC=0.1_RWS=1_RR=0.5","MLP Combined (HE=0, CC=0.1, UP=0.1, PR=(0,10), MC=0.1, RWS=1, RR=0.5)",mlp_prevyears_monthly_features_incremental_scaler,prior_years,2021,2019,f1_score,0.8649152648938552,0.8943064176166288,0.01654889558427458,-0.0064878800316969945,0.04551021578669992,0.016769370378861115,0.013736397240305398,2000,percentile,0.05,0.46360251636923866,0.4470536207849641,0.10694652673663169,0.1851653960253916
"mlp_combined_HE=0_CC=0.1_UP=0.1_PR=(0,10)_MC=0.1_RWS=1_RR=0.5","MLP Combined (HE=0, CC=0.1, UP=0.1, PR=(0,10), MC=0.1, RWS=1, RR=0.5)",mlp_prevyears_monthly_features_incremental_scaler,prior_years,2021,2019,pr_auc,0.8649152648938552,0.8943064176166288,0.010718485936965227,-0.005614483015128874,0.03256124926498388,0.01094776327912368,0.00995697873956284,2000,percentile,0.05,0.41019919579492137,0.39948070985795614,0.13893053473263367,0.22897159015428992
"mlp_combined_HE=0_CC=0.1_UP=0.2_PR=(0.1,10)_RR=0.5","MLP Combined (HE=0, CC=0.1, UP=0.2, PR=(0.1,10), RR=0.5)",mlp_prevyears_monthly_features_incremental_scaler,prior_years,2021,2019,f1_score,0.8434939496009828,0.8943064176166288,0.021719151301280493,0.000216642147722515,0.05112769407442141,0.021878094404629428,0.013532132295898931,2000,percentile,0.05,0.46877277208624457,0.4470536207849641,0.0239880059970015,0.04910752171084269
"mlp_combined_HE=0_CC=0.1_UP=0.2_PR=(0.1,10)_RR=0.5","MLP Combined (HE=0, CC=0.1, UP=0.2, PR=(0.1,10), RR=0.5)",mlp_prevyears_monthly_features_incremental_scaler,prior_years,2021,2019,pr_auc,0.8434939496009828,0.8943064176166288,0.019677832751607782,8.52827386057159e-05,0.044823162453970666,0.019700507526691568,0.011911270560802023,2000,percentile,0.05,0.4191585426095639,0.39948070985795614,0.02348825587206397,0.043194504442693904
"mlp_combined_HE=0_CC=0.2_UP=0.1_PR=(0.2,10)_RR=0.5","MLP Combined (HE=0, CC=0.2, UP=0.1, PR=(0.2,10), RR=0.5)",mlp_prevyears_monthly_features_incremental_scaler,prior_years,2021,2019,f1_score,0.879962874937207,0.8943064176166288,0.010579696056303378,0.0013803385126035933,0.02248188880545361,0.010767230159637488,0.005452411543484321,2000,percentile,0.05,0.45763331684126746,0.4470536207849641,0.013993003498250875,0.029672460186844687
"mlp_combined_HE=0_CC=0.2_UP=0.1_PR=(0.2,10)_RR=0.5","MLP Combined (HE=0, CC=0.2, UP=0.1, PR=(0.2,10), RR=0.5)",mlp_prevyears_monthly_features_incremental_scaler,prior_years,2021,2019,pr_auc,0.879962874937207,0.8943064176166288,0.016372635173128314,0.007584704782573501,0.026956875247056544,0.016498372864033776,0.004903809435585542,2000,percentile,0.05,0.41585334503108445,0.39948070985795614,0.0004997501249375312,0.001080854921376521
"mlp_combined_HE=0_CC=0.2_UP=0.2_PR=(0.1,10)_RR=0.5","MLP Combined (HE=0, CC=0.2, UP=0.2, PR=(0.1,10), RR=0.5)",mlp_prevyears_monthly_features_incremental_scaler,prior_years,2021,2019,f1_score,0.8914584703786989,0.8943064176166288,0.01796957979560021,-2.2344279870224694e-05,0.0390900405044545,0.01797329439584902,0.009904302367244128,2000,percentile,0.05,0.4650232005805643,0.4470536207849641,0.025987006496751622,0.052538947917345674
"mlp_combined_HE=0_CC=0.2_UP=0.2_PR=(0.1,10)_RR=0.5","MLP Combined (HE=0, CC=0.2, UP=0.2, PR=(0.1,10), RR=0.5)",mlp_prevyears_monthly_features_incremental_scaler,prior_years,2021,2019,pr_auc,0.8914584703786989,0.8943064176166288,0.022573212632599593,0.008639124166864387,0.0373995053866233,0.022427927926056603,0.007446476882241054,2000,percentile,0.05,0.42205392249055573,0.39948070985795614,0.0009995002498750624,0.002078832788078804
mlp_prevyears_monthly_features_incremental_scaler_experience_replay_RR_0.2,MLP Prevyears + Monthly (Incremental Scaler + Replay RR=0.2),mlp_prevyears_monthly_features_incremental_scaler,prior_years,2021,2019,f1_score,0.9123867494787693,0.8943064176166288,0.009591638821000892,0.0011741183199228012,0.020445352908059416,0.009738739758510202,0.005010155489293027,2000,percentile,0.05,0.45664525960596497,0.4470536207849641,0.01249375312343828,0.02675471474788921
mlp_prevyears_monthly_features_incremental_scaler_experience_replay_RR_0.2,MLP Prevyears + Monthly (Incremental Scaler + Replay RR=0.2),mlp_prevyears_monthly_features_incremental_scaler,prior_years,2021,2019,pr_auc,0.9123867494787693,0.8943064176166288,0.00883410703373999,-0.0004865580653093795,0.019363568479275298,0.008862522836150449,0.005088654696150715,2000,percentile,0.05,0.40831481689169613,0.39948070985795614,0.034482758620689655,0.06253001632888291
mlp_prevyears_monthly_features_incremental_scaler_experience_replay_RR_0.2_PR_0.10,"MLP Prevyears + Monthly (Incremental Scaler + Replay RR=0.2, PR=0.10)",mlp_prevyears_monthly_features_incremental_scaler,prior_years,2021,2019,f1_score,0.9277515412812044,0.8943064176166288,0.015064474618106338,-0.002210226788205685,0.04139219195943778,0.01525797557933152,0.011623725280739095,2000,percentile,0.05,0.4621180954030704,0.4470536207849641,0.07396301849075462,0.1341223538648503
mlp_prevyears_monthly_features_incremental_scaler_experience_replay_RR_0.2_PR_0.10,"MLP Prevyears + Monthly (Incremental Scaler + Replay RR=0.2, PR=0.10)",mlp_prevyears_monthly_features_incremental_scaler,prior_years,2021,2019,pr_auc,0.9277515412812044,0.8943064176166288,0.013182180346729855,-0.0044374765559793946,0.03676447338101377,0.013328170238126723,0.010878155792226072,2000,percentile,0.05,0.412662890204686,0.39948070985795614,0.10044977511244378,0.1711853497335102
mlp_prevyears_monthly_features_incremental_scaler_experience_replay_RR_0.2_PR_0.15,"MLP Prevyears + Monthly (Incremental Scaler + Replay RR=0.2, PR=0.15)",mlp_prevyears_monthly_features_incremental_scaler,prior_years,2021,2019,f1_score,0.9367330765606642,0.8943064176166288,0.0324729653897915,-0.00020947112653762337,0.07566390602926826,0.03236790462074155,0.020647223026551396,2000,percentile,0.05,0.4795265861747556,0.4470536207849641,0.026486756621689155,0.05321876098987543
mlp_prevyears_monthly_features_incremental_scaler_experience_replay_RR_0.2_PR_0.15,"MLP Prevyears + Monthly (Incremental Scaler + Replay RR=0.2, PR=0.15)",mlp_prevyears_monthly_features_incremental_scaler,prior_years,2021,2019,pr_auc,0.9367330765606642,0.8943064176166288,0.027779828100778392,-0.0019801979187515652,0.0724154731032288,0.027588365107024535,0.020688342485006478,2000,percentile,0.05,0.42726053795873453,0.39948070985795614,0.049475262368815595,0.08704971838405123
mlp_prevyears_monthly_features_incremental_scaler_experience_replay_RR_0.3,MLP Prevyears + Monthly (Incremental Scaler + Replay RR=0.3),mlp_prevyears_monthly_features_incremental_scaler,prior_years,2021,2019,f1_score,0.9349249137198613,0.8943064176166288,0.02182265717559856,0.0028361239552933573,0.045251076045240014,0.021792403679244555,0.010751403701025019,2000,percentile,0.05,0.46887627796056264,0.4470536207849641,0.008995502248875561,0.019784026905466184
mlp_prevyears_monthly_features_incremental_scaler_experience_replay_RR_0.3,MLP Prevyears + Monthly (Incremental Scaler + Replay RR=0.3),mlp_prevyears_monthly_features_incremental_scaler,prior_years,2021,2019,pr_auc,0.9349249137198613,0.8943064176166288,0.02133286426665415,0.00665515535880725,0.037208085087005884,0.02133374769485878,0.007867711792801721,2000,percentile,0.05,0.4208135741246103,0.39948070985795614,0.004497751124437781,0.008766574796434118
mlp_prevyears_monthly_features_incremental_scaler_experience_replay_RR_0.3_PR_0.10,"MLP Prevyears + Monthly (Incremental Scaler + Replay RR=0.3, PR=0.10)",mlp_prevyears_monthly_features_incremental_scaler,prior_years,2021,2019,f1_score,0.9279023915093556,0.8943064176166288,0.020405102024505628,-0.0005266611370473725,0.049399693087912956,0.02062044371431395,0.013504475309723383,2000,percentile,0.05,0.4674587228094697,0.4470536207849641,0.03298350824587706,0.06546421910995723
mlp_prevyears_monthly_features_incremental_scaler_experience_replay_RR_0.3_PR_0.10,"MLP Prevyears + Monthly (Incremental Scaler + Replay RR=0.3, PR=0.10)",mlp_prevyears_monthly_features_incremental_scaler,prior_years,2021,2019,pr_auc,0.9279023915093556,0.8943064176166288,0.011617489403375425,-0.007518784833024842,0.03807775668014232,0.011619877087106274,0.01237724150042973,2000,percentile,0.05,0.41109819926133156,0.39948070985795614,0.2063968015992004,0.3285191145258667
mlp_prevyears_monthly_features_incremental_scaler_experience_replay_RR_0.3_PR_0.15,"MLP Prevyears + Monthly (Incremental Scaler + Replay RR=0.3, PR=0.15)",mlp_prevyears_monthly_features_incremental_scaler,prior_years,2021,2019,f1_score,0.9456074034139136,0.8943064176166288,0.015553354659064655,0.00013571495447363695,0.03692212821953672,0.015686538650347068,0.009629186162863696,2000,percentile,0.05,0.46260697544402873,0.4470536207849641,0.02348825587206397,0.04823613429878121
mlp_prevyears_monthly_features_incremental_scaler_experience_replay_RR_0.3_PR_0.15,"MLP Prevyears + Monthly (Incremental Scaler + Replay RR=0.3, PR=0.15)",mlp_prevyears_monthly_features_incremental_scaler,prior_years,2021,2019,pr_auc,0.9456074034139136,0.8943064176166288,0.012521928517009173,-0.0013127408272891258,0.028665133124154273,0.012528497887787832,0.007758615460474308,2000,percentile,0.05,0.4120026383749653,0.39948070985795614,0.04447776111944028,0.07889651904293085
mlp_prevyears_monthly_features_incremental_scaler_experience_replay_RR_0.4,MLP Prevyears + Monthly (Incremental Scaler + Replay RR=0.4),mlp_prevyears_monthly_features_incremental_scaler,prior_years,2021,2019,f1_score,0.9245571508575344,0.8943064176166288,0.02739752413852886,0.00018429312850127722,0.06115632644943815,0.027437323748575018,0.015998116034375336,2000,percentile,0.05,0.47445114492349294,0.4470536207849641,0.025487256371814093,0.05168910871666971
mlp_prevyears_monthly_features_incremental_scaler_experience_replay_RR_0.4,MLP Prevyears + Monthly (Incremental Scaler + Replay RR=0.4),mlp_prevyears_monthly_features_incremental_scaler,prior_years,2021,2019,pr_auc,0.9245571508575344,0.8943064176166288,0.021474742649309986,-4.970278633692199e-05,0.049913250801454624,0.021516095625413373,0.013629946763090196,2000,percentile,0.05,0.4209554525072661,0.39948070985795614,0.027486256871564217,0.05026278995333794
mlp_prevyears_monthly_features_incremental_scaler_experience_replay_RR_0.4_PR_0.10,"MLP Prevyears + Monthly (Incremental Scaler + Replay RR=0.4, PR=0.10)",mlp_prevyears_monthly_features_incremental_scaler,prior_years,2021,2019,f1_score,0.9226641970331956,0.8943064176166288,0.026205585235413886,0.002110265014033716,0.057598583941805954,0.02638069587066054,0.014765975354884725,2000,percentile,0.05,0.47325920602037796,0.4470536207849641,0.010494752623688156,0.022849779123816017
mlp_prevyears_monthly_features_incremental_scaler_experience_replay_RR_0.4_PR_0.10,"MLP Prevyears + Monthly (Incremental Scaler + Replay RR=0.4, PR=0.10)",mlp_prevyears_monthly_features_incremental_scaler,prior_years,2021,2019,pr_auc,0.9226641970331956,0.8943064176166288,0.023844222355189182,0.008463520395560972,0.04458196879334449,0.02377871541992014,0.009782370220347735,2000,percentile,0.05,0.4233249322131453,0.39948070985795614,0.0004997501249375312,0.001080854921376521
mlp_prevyears_monthly_features_incremental_scaler_experience_replay_RR_0.4_PR_0.15,"MLP Prevyears + Monthly (Incremental Scaler + Replay RR=0.4, PR=0.15)",mlp_prevyears_monthly_features_incremental_scaler,prior_years,2021,2019,f1_score,0.9342620885352283,0.8943064176166288,0.029062342083234938,0.0047679326789458396,0.05958317107018691,0.029237859891983874,0.014450087269986906,2000,percentile,0.05,0.476115962868199,0.4470536207849641,0.00399800099950025,0.009164431868572756
mlp_prevyears_monthly_features_incremental_scaler_experience_replay_RR_0.4_PR_0.15,"MLP Prevyears + Monthly (Incremental Scaler + Replay RR=0.4, PR=0.15)",mlp_prevyears_monthly_features_incremental_scaler,prior_years,2021,2019,pr_auc,0.9342620885352283,0.8943064176166288,0.03192815495348428,0.01078341475673226,0.0578449359174057,0.03182148949631143,0.012286476798009757,2000,percentile,0.05,0.4314088648114404,0.39948070985795614,0.0004997501249375312,0.001080854921376521
mlp_prevyears_monthly_features_incremental_scaler_experience_replay_RR_0.5,MLP Prevyears + Monthly (Incremental Scaler + Replay RR=0.5),mlp_prevyears_monthly_features_incremental_scaler,prior_years,2021,2019,f1_score,0.915744525270895,0.8943064176166288,0.022270425170566932,0.000204889339192753,0.0515884303036267,0.022428865424189492,0.01341224607757605,2000,percentile,0.05,0.469324045955531,0.4470536207849641,0.02448775612193903,0.04997344587894141
mlp_prevyears_monthly_features_incremental_scaler_experience_replay_RR_0.5,MLP Prevyears + Monthly (Incremental Scaler + Replay RR=0.5),mlp_prevyears_monthly_features_incremental_scaler,prior_years,2021,2019,pr_auc,0.915744525270895,0.8943064176166288,0.02074982677623366,0.0037072416488063515,0.046043824455156195,0.020696041964220185,0.011339004302515294,2000,percentile,0.05,0.4202305366341898,0.39948070985795614,0.001999000499750125,0.004066716641679161
mlp_prevyears_monthly_features_incremental_scaler_experience_replay_RR_0.5_PR_0.10,"MLP Prevyears + Monthly (Incremental Scaler + Replay RR=0.5, PR=0.10)",mlp_prevyears_monthly_features_incremental_scaler,prior_years,2021,2019,f1_score,0.9291973481801811,0.8943064176166288,0.02783317245171074,-0.001099504536489626,0.06503358073543423,0.027970732387682253,0.017841641060369114,2000,percentile,0.05,0.4748867932366748,0.4470536207849641,0.03698150924537731,0.07229718474096285
mlp_prevyears_monthly_features_incremental_scaler_experience_replay_RR_0.5_PR_0.10,"MLP Prevyears + Monthly (Incremental Scaler + Replay RR=0.5, PR=0.10)",mlp_prevyears_monthly_features_incremental_scaler,prior_years,2021,2019,pr_auc,0.9291973481801811,0.8943064176166288,0.026373051256075086,0.005453425468294559,0.054948270428443996,0.026118957687717614,0.01348890079855533,2000,percentile,0.05,0.4258537611140312,0.39948070985795614,0.004497751124437781,0.008766574796434118
mlp_prevyears_monthly_features_incremental_scaler_experience_replay_RR_0.5_PR_0.15,"MLP Prevyears + Monthly (Incremental Scaler + Replay RR=0.5, PR=0.15)",mlp_prevyears_monthly_features_incremental_scaler,prior_years,2021,2019,f1_score,0.9297515423318333,0.8943064176166288,0.023117773635645933,0.0011542765504505713,0.049203554997371356,0.023253061898983334,0.012342360765042647,2000,percentile,0.05,0.47017139442061,0.4470536207849641,0.015992003998001,0.033801281177593026
mlp_prevyears_monthly_features_incremental_scaler_experience_replay_RR_0.5_PR_0.15,"MLP Prevyears + Monthly (Incremental Scaler + Replay RR=0.5, PR=0.15)",mlp_prevyears_monthly_features_incremental_scaler,prior_years,2021,2019,pr_auc,0.9297515423318333,0.8943064176166288,0.025493425124165858,0.008845355394667392,0.04489970330520258,0.025205014514738253,0.009362840620463329,2000,percentile,0.05,0.424974134982122,0.39948070985795614,0.0009995002498750624,0.002078832788078804
mlp_prevyears_monthly_features_incremental_scaler_experience_replay_confidently_correct_memory_RR_0.2,MLP Prevyears + Monthly (Incremental Scaler + Replay Confidently Correct RR=0.2),mlp_prevyears_monthly_features_incremental_scaler,prior_years,2021,2019,f1_score,0.9384020998278713,0.8943064176166288,0.024571914072623324,0.00157720661289526,0.05236145456142245,0.024705357026330057,0.01335447570334837,2000,percentile,0.05,0.4716255348575874,0.4470536207849641,0.01199400299850075,0.025854622357695322
mlp_prevyears_monthly_features_incremental_scaler_experience_replay_confidently_correct_memory_RR_0.2,MLP Prevyears + Monthly (Incremental Scaler + Replay Confidently Correct RR=0.2),mlp_prevyears_monthly_features_incremental_scaler,prior_years,2021,2019,pr_auc,0.9384020998278713,0.8943064176166288,0.02215279374761403,0.005355421558917925,0.04239552521536725,0.022190825352463306,0.009898651616077177,2000,percentile,0.05,0.42163350360557017,0.39948070985795614,0.0024987506246876563,0.0050361815996026755
mlp_prevyears_monthly_features_incremental_scaler_experience_replay_confidently_correct_memory_RR_0.3,MLP Prevyears + Monthly (Incremental Scaler + Replay Confidently Correct RR=0.3),mlp_prevyears_monthly_features_incremental_scaler,prior_years,2021,2019,f1_score,0.9177504990791177,0.8943064176166288,0.01598275473235239,0.002222536711592063,0.03588401468554863,0.016137872310717186,0.00893369738450102,2000,percentile,0.05,0.46303637551731647,0.4470536207849641,0.0029985007496251873,0.00697151424287856
mlp_prevyears_monthly_features_incremental_scaler_experience_replay_confidently_correct_memory_RR_0.3,MLP Prevyears + Monthly (Incremental Scaler + Replay Confidently Correct RR=0.3),mlp_prevyears_monthly_features_incremental_scaler,prior_years,2021,2019,pr_auc,0.9177504990791177,0.8943064176166288,0.017312241099187164,0.0037103371743003656,0.034174410373280936,0.017315994851860736,0.00794741855935177,2000,percentile,0.05,0.4167929509571433,0.39948070985795614,0.00399800099950025,0.007910938147947303
mlp_prevyears_monthly_features_incremental_scaler_experience_replay_confidently_correct_memory_RR_0.4,MLP Prevyears + Monthly (Incremental Scaler + Replay Confidently Correct RR=0.4),mlp_prevyears_monthly_features_incremental_scaler,prior_years,2021,2019,f1_score,0.9340319410861004,0.8943064176166288,0.032780006641302595,0.0040801881198041495,0.0698707893404181,0.03286682230853549,0.017512950367744425,2000,percentile,0.05,0.4798336274262667,0.4470536207849641,0.001999000499750125,0.004732179364863023
mlp_prevyears_monthly_features_incremental_scaler_experience_replay_confidently_correct_memory_RR_0.4,MLP Prevyears + Monthly (Incremental Scaler + Replay Confidently Correct RR=0.4),mlp_prevyears_monthly_features_incremental_scaler,prior_years,2021,2019,pr_auc,0.9340319410861004,0.8943064176166288,0.02716967826449984,0.006193847690878001,0.055842329919945144,0.026963937523372228,0.013613432261280239,2000,percentile,0.05,0.426650388122456,0.39948070985795614,0.00399800099950025,0.007910938147947303
mlp_prevyears_monthly_features_incremental_scaler_experience_replay_confidently_correct_memory_RR_0.5,MLP Prevyears + Monthly (Incremental Scaler + Replay Confidently Correct RR=0.5),mlp_prevyears_monthly_features_incremental_scaler,prior_years,2021,2019,f1_score,0.9276626625007297,0.8943064176166288,0.023800790006694605,0.005355577400059976,0.046063250770670014,0.023911806364797422,0.010351410503598875,2000,percentile,0.05,0.4708544107916587,0.4470536207849641,0.001999000499750125,0.004732179364863023
mlp_prevyears_monthly_features_incremental_scaler_experience_replay_confidently_correct_memory_RR_0.5,MLP Prevyears + Monthly (Incremental Scaler + Replay Confidently Correct RR=0.5),mlp_prevyears_monthly_features_incremental_scaler,prior_years,2021,2019,pr_auc,0.9276626625007297,0.8943064176166288,0.02241805276758152,0.009321595400675266,0.03915431198218879,0.022173916054601055,0.0076471501157152405,2000,percentile,0.05,0.42189876262553766,0.39948070985795614,0.0004997501249375312,0.001080854921376521
mlp_prevyears_monthly_features_incremental_scaler_experience_replay_hard_example_mining_RR_0.2,MLP Prevyears + Monthly (Incremental Scaler + Replay Hard Example Mining RR=0.2),mlp_prevyears_monthly_features_incremental_scaler,prior_years,2021,2019,f1_score,0.8886333176098854,0.8943064176166288,-0.030885828996232267,-0.05985929674645516,-0.010937281964126555,-0.03073293688099397,0.01280382704140575,2000,percentile,0.05,0.4161677917887318,0.4470536207849641,1.0,1.0
mlp_prevyears_monthly_features_incremental_scaler_experience_replay_hard_example_mining_RR_0.2,MLP Prevyears + Monthly (Incremental Scaler + Replay Hard Example Mining RR=0.2),mlp_prevyears_monthly_features_incremental_scaler,prior_years,2021,2019,pr_auc,0.8886333176098854,0.8943064176166288,-0.026091076270684577,-0.05438877914349072,-0.006270606278820884,-0.025880417921911862,0.012726186839158762,2000,percentile,0.05,0.37338963358727156,0.39948070985795614,0.999000499750125,1.0
mlp_prevyears_monthly_features_incremental_scaler_experience_replay_hard_example_mining_RR_0.3,MLP Prevyears + Monthly (Incremental Scaler + Replay Hard Example Mining RR=0.3),mlp_prevyears_monthly_features_incremental_scaler,prior_years,2021,2019,f1_score,0.9079628987382968,0.8943064176166288,-0.023783681738247575,-0.03395974992710462,-0.013609168610005112,-0.023591559405303227,0.005257758179121772,2000,percentile,0.05,0.4232699390467165,0.4470536207849641,1.0,1.0
mlp_prevyears_monthly_features_incremental_scaler_experience_replay_hard_example_mining_RR_0.3,MLP Prevyears + Monthly (Incremental Scaler + Replay Hard Example Mining RR=0.3),mlp_prevyears_monthly_features_incremental_scaler,prior_years,2021,2019,pr_auc,0.9079628987382968,0.8943064176166288,-0.02633875177713657,-0.03946214385115133,-0.01411828005400537,-0.02604063309988582,0.00656107741684243,2000,percentile,0.05,0.37314195808081957,0.39948070985795614,1.0,1.0
mlp_prevyears_monthly_features_incremental_scaler_experience_replay_hard_example_mining_RR_0.4,MLP Prevyears + Monthly (Incremental Scaler + Replay Hard Example Mining RR=0.4),mlp_prevyears_monthly_features_incremental_scaler,prior_years,2021,2019,f1_score,0.8995386327975948,0.8943064176166288,0.011564319700717585,-0.013215771293871612,0.041925019680470396,0.011617039990017217,0.01480201246199102,2000,percentile,0.05,0.45861794048568166,0.4470536207849641,0.23438280859570215,0.3573377245803328
mlp_prevyears_monthly_features_incremental_scaler_experience_replay_hard_example_mining_RR_0.4,MLP Prevyears + Monthly (Incremental Scaler + Replay Hard Example Mining RR=0.4),mlp_prevyears_monthly_features_incremental_scaler,prior_years,2021,2019,pr_auc,0.8995386327975948,0.8943064176166288,0.007289249233803585,-0.011683931381819158,0.031748988961683995,0.007377779222781411,0.011680209456302744,2000,percentile,0.05,0.4067699590917597,0.39948070985795614,0.2983508245877061,0.4340183487431989
mlp_prevyears_monthly_features_incremental_scaler_experience_replay_hard_example_mining_RR_0.5,MLP Prevyears + Monthly (Incremental Scaler + Replay Hard Example Mining RR=0.5),mlp_prevyears_monthly_features_incremental_scaler,prior_years,2021,2019,f1_score,0.89339732290957,0.8943064176166288,-0.00011256108441709545,-0.016679384258777595,0.021793117746324066,0.00022214911542339254,0.009700013152288498,2000,percentile,0.05,0.446941059700547,0.4470536207849641,0.5062468765617192,0.66178055550538
mlp_prevyears_monthly_features_incremental_scaler_experience_replay_hard_example_mining_RR_0.5,MLP Prevyears + Monthly (Incremental Scaler + Replay Hard Example Mining RR=0.5),mlp_prevyears_monthly_features_incremental_scaler,prior_years,2021,2019,pr_auc,0.89339732290957,0.8943064176166288,-0.0012803586082566487,-0.016629786570154955,0.01725692407550336,-0.0009311922833404132,0.008447464525686047,2000,percentile,0.05,0.3982003512496995,0.39948070985795614,0.5612193903048476,0.7108051032849334
mlp_prevyears_monthly_features_incremental_scaler_experience_replay_uncertainity_prioritization_RR_0.2,MLP Prevyears + Monthly (Incremental Scaler + Replay Uncertainty Prioritization RR=0.2),mlp_prevyears_monthly_features_incremental_scaler,prior_years,2021,2019,f1_score,0.9231818877195184,0.8943064176166288,0.015196922798597079,5.953394671626568e-05,0.03297263379497623,0.015174280798750179,0.008535348468584362,2000,percentile,0.05,0.46225054358356116,0.4470536207849641,0.02498750624687656,0.0508339580209895
mlp_prevyears_monthly_features_incremental_scaler_experience_replay_uncertainity_prioritization_RR_0.2,MLP Prevyears + Monthly (Incremental Scaler + Replay Uncertainty Prioritization RR=0.2),mlp_prevyears_monthly_features_incremental_scaler,prior_years,2021,2019,pr_auc,0.9231818877195184,0.8943064176166288,0.01475659694290693,0.004893573806694305,0.02557251095634882,0.0147658002164461,0.005305177995637931,2000,percentile,0.05,0.41423730680086307,0.39948070985795614,0.0024987506246876563,0.0050361815996026755
mlp_prevyears_monthly_features_incremental_scaler_experience_replay_uncertainity_prioritization_RR_0.3,MLP Prevyears + Monthly (Incremental Scaler + Replay Uncertainty Prioritization RR=0.3),mlp_prevyears_monthly_features_incremental_scaler,prior_years,2021,2019,f1_score,0.922673944433545,0.8943064176166288,0.02034778112365848,0.002917991238353665,0.04137208313077278,0.0204111461711281,0.009781139403597844,2000,percentile,0.05,0.46740140190862256,0.4470536207849641,0.0069965017491254375,0.015705940133381585
mlp_prevyears_monthly_features_incremental_scaler_experience_replay_uncertainity_prioritization_RR_0.3,MLP Prevyears + Monthly (Incremental Scaler + Replay Uncertainty Prioritization RR=0.3),mlp_prevyears_monthly_features_incremental_scaler,prior_years,2021,2019,pr_auc,0.922673944433545,0.8943064176166288,0.020315186339028957,0.007897290334497997,0.03302484283986305,0.020248820932602815,0.00651119834540023,2000,percentile,0.05,0.4197958961969851,0.39948070985795614,0.0009995002498750624,0.002078832788078804
mlp_prevyears_monthly_features_incremental_scaler_experience_replay_uncertainity_prioritization_RR_0.4,MLP Prevyears + Monthly (Incremental Scaler + Replay Uncertainty Prioritization RR=0.4),mlp_prevyears_monthly_features_incremental_scaler,prior_years,2021,2019,f1_score,0.9244176796115681,0.8943064176166288,0.022684293683358336,0.008823819284216005,0.04122123227598374,0.02276886784582223,0.008224483056779978,2000,percentile,0.05,0.4697379144683224,0.4470536207849641,0.0004997501249375312,0.001260997408272608
mlp_prevyears_monthly_features_incremental_scaler_experience_replay_uncertainity_prioritization_RR_0.4,MLP Prevyears + Monthly (Incremental Scaler + Replay Uncertainty Prioritization RR=0.4),mlp_prevyears_monthly_features_incremental_scaler,prior_years,2021,2019,pr_auc,0.9244176796115681,0.8943064176166288,0.025626617034903765,0.01552948800692428,0.03535694877234665,0.02563722086166874,0.004988441504205033,2000,percentile,0.05,0.4251073268928599,0.39948070985795614,0.0004997501249375312,0.001080854921376521
mlp_prevyears_monthly_features_incremental_scaler_experience_replay_uncertainity_prioritization_RR_0.5,MLP Prevyears + Monthly (Incremental Scaler + Replay Uncertainty Prioritization RR=0.5),mlp_prevyears_monthly_features_incremental_scaler,prior_years,2021,2019,f1_score,0.908705118441174,0.8943064176166288,0.023142876789647437,0.00041949080729477146,0.05129785959146681,0.02350224365997455,0.013051119490078754,2000,percentile,0.05,0.4701964975746115,0.4470536207849641,0.02148925537231384,0.04455256448209016
mlp_prevyears_monthly_features_incremental_scaler_experience_replay_uncertainity_prioritization_RR_0.5,MLP Prevyears + Monthly (Incremental Scaler + Replay Uncertainty Prioritization RR=0.5),mlp_prevyears_monthly_features_incremental_scaler,prior_years,2021,2019,pr_auc,0.908705118441174,0.8943064176166288,0.01977559567301046,0.004436785147157426,0.03843104357699428,0.019892369624471457,0.008879414683936363,2000,percentile,0.05,0.4192563055309666,0.39948070985795614,0.006496751624187906,0.01255010476957367
mlp_prevyears_monthly_features_incremental_scaler_missclassification_buffer_RR_0.3,MLP Prevyears + Monthly (Incremental Scaler + Misclassification Buffer RR=0.3),mlp_prevyears_monthly_features_incremental_scaler,prior_years,2021,2019,f1_score,0.869842957563569,0.8943064176166288,0.011184510720494145,-0.0035599531700821,0.028578474513394875,0.011419461467398083,0.008220370606978621,2000,percentile,0.05,0.4582381315054582,0.4470536207849641,0.0734632683658171,0.13396243054943116
mlp_prevyears_monthly_features_incremental_scaler_missclassification_buffer_RR_0.3,MLP Prevyears + Monthly (Incremental Scaler + Misclassification Buffer RR=0.3),mlp_prevyears_monthly_features_incremental_scaler,prior_years,2021,2019,pr_auc,0.869842957563569,0.8943064176166288,0.007425296265817782,-0.004967761393129405,0.021559462599702754,0.007475996367315432,0.006723883780753058,2000,percentile,0.05,0.4069060061237739,0.39948070985795614,0.13043478260869565,0.21661490683229812
"mlp_combined_HE=0.1_CC=0.1_UP=0.1_PR=(0.2,10)_RR=0.5","MLP Combined (HE=0.1, CC=0.1, UP=0.1, PR=(0.2,10), RR=0.5)",mlp_prevyears_monthly_features_incremental_scaler,prior_years,2021,2020,f1_score,0.8184985911226261,0.8998181724559148,-0.011552991410366975,-0.030129595377805525,0.0009217585825729255,-0.011933245604352737,0.008001818854257804,2000,percentile,0.05,0.49544007725045597,0.5069930686608229,0.9630184907546226,1.0
"mlp_combined_HE=0.1_CC=0.1_UP=0.1_PR=(0.2,10)_RR=0.5","MLP Combined (HE=0.1, CC=0.1, UP=0.1, PR=(0.2,10), RR=0.5)",mlp_prevyears_monthly_features_incremental_scaler,prior_years,2021,2020,pr_auc,0.8184985911226261,0.8998181724559148,-0.005684917402687173,-0.020681333659014475,0.003032664085548291,-0.00719920874085342,0.006012360352175711,2000,percentile,0.05,0.4677261322058893,0.4734110496085765,0.8960519740129935,0.9864535637586611
"mlp_combined_HE=0_CC=0.15_UP=0_PR=(0,10)_MC=0.1_RWS=1_RR=0.4","MLP Combined (HE=0, CC=0.15, UP=0, PR=(0,10), MC=0.1, RWS=1, RR=0.4)",mlp_prevyears_monthly_features_incremental_scaler,prior_years,2021,2020,f1_score,0.8874679588402383,0.8998181724559148,-0.008053040278111878,-0.02083692688792202,0.0007036252282456687,-0.008459418216881048,0.005539217738594046,2000,percentile,0.05,0.49894002838271106,0.5069930686608229,0.9665167416291854,1.0
"mlp_combined_HE=0_CC=0.15_UP=0_PR=(0,10)_MC=0.1_RWS=1_RR=0.4","MLP Combined (HE=0, CC=0.15, UP=0, PR=(0,10), MC=0.1, RWS=1, RR=0.4)",mlp_prevyears_monthly_features_incremental_scaler,prior_years,2021,2020,pr_auc,0.8874679588402383,0.8998181724559148,-0.00619952990413547,-0.019260947883934846,0.0016855875501277317,-0.007421983511662928,0.005388345731178933,2000,percentile,0.05,0.467211519704441,0.4734110496085765,0.9315342328835582,1.0
"mlp_combined_HE=0_CC=0.1_UP=0.1_PR=(0,10)_MC=0.1_RWS=1_RR=0.5","MLP Combined (HE=0, CC=0.1, UP=0.1, PR=(0,10), MC=0.1, RWS=1, RR=0.5)",mlp_prevyears_monthly_features_incremental_scaler,prior_years,2021,2020,f1_score,0.8981750940981954,0.8998181724559148,-0.022041850067384905,-0.04298759797707709,-0.009861069478586365,-0.022774421925839377,0.008608180010770707,2000,percentile,0.05,0.48495121859343804,0.5069930686608229,1.0,1.0
"mlp_combined_HE=0_CC=0.1_UP=0.1_PR=(0,10)_MC=0.1_RWS=1_RR=0.5","MLP Combined (HE=0, CC=0.1, UP=0.1, PR=(0,10), MC=0.1, RWS=1, RR=0.5)",mlp_prevyears_monthly_features_incremental_scaler,prior_years,2021,2020,pr_auc,0.8981750940981954,0.8998181724559148,-0.011709314783795333,-0.029074249327693896,-0.00030230256938515893,-0.01311664282308395,0.00728358191864222,2000,percentile,0.05,0.46170173482478116,0.4734110496085765,0.9780109945027486,1.0
"mlp_combined_HE=0_CC=0.1_UP=0.2_PR=(0.1,10)_RR=0.5","MLP Combined (HE=0, CC=0.1, UP=0.2, PR=(0.1,10), RR=0.5)",mlp_prevyears_monthly_features_incremental_scaler,prior_years,2021,2020,f1_score,0.8776935375657408,0.8998181724559148,-0.019588553620164817,-0.038862105464751794,-0.006237547182542384,-0.01993441462704233,0.00828102038568699,2000,percentile,0.05,0.4874045150406581,0.5069930686608229,0.9985007496251874,1.0
"mlp_combined_HE=0_CC=0.1_UP=0.2_PR=(0.1,10)_RR=0.5","MLP Combined (HE=0, CC=0.1, UP=0.2, PR=(0.1,10), RR=0.5)",mlp_prevyears_monthly_features_incremental_scaler,prior_years,2021,2020,pr_auc,0.8776935375657408,0.8998181724559148,-0.011736172078268603,-0.026309230239275613,-0.0013938368950376936,-0.013087568184821383,0.006357815597272066,2000,percentile,0.05,0.4616748775303079,0.4734110496085765,0.9855072463768116,1.0
"mlp_combined_HE=0_CC=0.2_UP=0.1_PR=(0.2,10)_RR=0.5","MLP Combined (HE=0, CC=0.2, UP=0.1, PR=(0.2,10), RR=0.5)",mlp_prevyears_monthly_features_incremental_scaler,prior_years,2021,2020,f1_score,0.8942800874836246,0.8998181724559148,0.002933163576215092,-0.006342479454933984,0.012197456790226989,0.0025039809722533254,0.004880700115585871,2000,percentile,0.05,0.509926232237038,0.5069930686608229,0.3233383308345827,0.45631729589750575
"mlp_combined_HE=0_CC=0.2_UP=0.1_PR=(0.2,10)_RR=0.5","MLP Combined (HE=0, CC=0.2, UP=0.1, PR=(0.2,10), RR=0.5)",mlp_prevyears_monthly_features_incremental_scaler,prior_years,2021,2020,pr_auc,0.8942800874836246,0.8998181724559148,0.008781629547810366,-0.005363006035392938,0.01852614098091334,0.006605504332211849,0.006838877285387861,2000,percentile,0.05,0.48219267915638686,0.4734110496085765,0.2303848075962019,0.35880504723714696
"mlp_combined_HE=0_CC=0.2_UP=0.2_PR=(0.1,10)_RR=0.5","MLP Combined (HE=0, CC=0.2, UP=0.2, PR=(0.1,10), RR=0.5)",mlp_prevyears_monthly_features_incremental_scaler,prior_years,2021,2020,f1_score,0.8965390973081288,0.8998181724559148,-0.015695514066149774,-0.03360987925086111,-0.0042090863787832,-0.015996824715982193,0.007552934342515031,2000,percentile,0.05,0.49129755459467317,0.5069930686608229,0.9985007496251874,1.0
"mlp_combined_HE=0_CC=0.2_UP=0.2_PR=(0.1,10)_RR=0.5","MLP Combined (HE=0, CC=0.2, UP=0.2, PR=(0.1,10), RR=0.5)",mlp_prevyears_monthly_features_incremental_scaler,prior_years,2021,2020,pr_auc,0.8965390973081288,0.8998181724559148,-0.007345358600940155,-0.023737067172794273,0.003772651027009337,-0.008798938657015025,0.007212273461748606,2000,percentile,0.05,0.46606569100763634,0.4734110496085765,0.8895552223888056,0.984864710501892
mlp_prevyears_monthly_features_incremental_scaler_experience_replay_RR_0.2,MLP Prevyears + Monthly (Incremental Scaler + Replay RR=0.2),mlp_prevyears_monthly_features_incremental_scaler,prior_years,2021,2020,f1_score,0.9047048775105526,0.8998181724559148,-0.0022545758236609537,-0.006968886469228908,0.004862056492552547,-0.0017331091501066316,0.0029952019390587985,2000,percentile,0.05,0.504738492837162,0.5069930686608229,0.7331334332833583,0.888770698449658
mlp_prevyears_monthly_features_incremental_scaler_experience_replay_RR_0.2,MLP Prevyears + Monthly (Incremental Scaler + Replay RR=0.2),mlp_prevyears_monthly_features_incremental_scaler,prior_years,2021,2020,pr_auc,0.9047048775105526,0.8998181724559148,-0.0015257653410254979,-0.008716312769800717,0.004947461247026125,-0.0019356263439625602,0.003406486849176229,2000,percentile,0.05,0.471885284267551,0.4734110496085765,0.7231384307846077,0.8503401728738519
mlp_prevyears_monthly_features_incremental_scaler_experience_replay_RR_0.2_PR_0.10,"MLP Prevyears + Monthly (Incremental Scaler + Replay RR=0.2, PR=0.10)",mlp_prevyears_monthly_features_incremental_scaler,prior_years,2021,2020,f1_score,0.9390150061817574,0.8998181724559148,-0.006921517430141799,-0.015312733606525694,0.0007674990084565128,-0.00685353499388702,0.004120040867313985,2000,percentile,0.05,0.5000715512306811,0.5069930686608229,0.9580209895052474,1.0
mlp_prevyears_monthly_features_incremental_scaler_experience_replay_RR_0.2_PR_0.10,"MLP Prevyears + Monthly (Incremental Scaler + Replay RR=0.2, PR=0.10)",mlp_prevyears_monthly_features_incremental_scaler,prior_years,2021,2020,pr_auc,0.9390150061817574,0.8998181724559148,-0.00628829231011524,-0.01569204089886597,0.0027714310251131034,-0.006316018911070289,0.004706527853420887,2000,percentile,0.05,0.46712275729846126,0.4734110496085765,0.9135432283858071,0.9995237675280009
mlp_prevyears_monthly_features_incremental_scaler_experience_replay_RR_0.2_PR_0.15,"MLP Prevyears + Monthly (Incremental Scaler + Replay RR=0.2, PR=0.15)",mlp_prevyears_monthly_features_incremental_scaler,prior_years,2021,2020,f1_score,0.9364781463652417,0.8998181724559148,-0.01062981747799685,-0.022282751991725726,4.33766141010872e-05,-0.010489067701698628,0.005705081237188234,2000,percentile,0.05,0.4963632511828261,0.5069930686608229,0.974512743628186,1.0
mlp_prevyears_monthly_features_incremental_scaler_experience_replay_RR_0.2_PR_0.15,"MLP Prevyears + Monthly (Incremental Scaler + Replay RR=0.2, PR=0.15)",mlp_prevyears_monthly_features_incremental_scaler,prior_years,2021,2020,pr_auc,0.9364781463652417,0.8998181724559148,-0.006222678241022628,-0.017290322671076875,0.0014832398052583382,-0.007308549732913746,0.005014978556443858,2000,percentile,0.05,0.46718837136755387,0.4734110496085765,0.9400299850074962,1.0
mlp_prevyears_monthly_features_incremental_scaler_experience_replay_RR_0.3,MLP Prevyears + Monthly (Incremental Scaler + Replay RR=0.3),mlp_prevyears_monthly_features_incremental_scaler,prior_years,2021,2020,f1_score,0.9353972993338182,0.8998181724559148,-0.005599302596311473,-0.017938209945678504,0.006828540085328022,-0.00548421231312973,0.006449841885726359,2000,percentile,0.05,0.5013937660645115,0.5069930686608229,0.8125937031484258,0.9480259870064969
mlp_prevyears_monthly_features_incremental_scaler_experience_replay_RR_0.3,MLP Prevyears + Monthly (Incremental Scaler + Replay RR=0.3),mlp_prevyears_monthly_features_incremental_scaler,prior_years,2021,2020,pr_auc,0.9353972993338182,0.8998181724559148,-0.002129391005301684,-0.012884539303054218,0.00829397974974624,-0.002490967810320666,0.005461471056089791,2000,percentile,0.05,0.4712816586032748,0.4734110496085765,0.6776611694152923,0.8261374930512271
mlp_prevyears_monthly_features_incremental_scaler_experience_replay_RR_0.3_PR_0.10,"MLP Prevyears + Monthly (Incremental Scaler + Replay RR=0.3, PR=0.10)",mlp_prevyears_monthly_features_incremental_scaler,prior_years,2021,2020,f1_score,0.9185924393935075,0.8998181724559148,-0.007533533809538029,-0.016835674083090245,0.0008242470900510874,-0.007461417923127822,0.0045468339687335275,2000,percentile,0.05,0.4994595348512849,0.5069930686608229,0.9620189905047476,1.0
mlp_prevyears_monthly_features_incremental_scaler_experience_replay_RR_0.3_PR_0.10,"MLP Prevyears + Monthly (Incremental Scaler + Replay RR=0.3, PR=0.10)",mlp_prevyears_monthly_features_incremental_scaler,prior_years,2021,2020,pr_auc,0.9185924393935075,0.8998181724559148,-0.0034818806037827943,-0.013513955818177346,0.0043837195666037235,-0.003978424947301436,0.004589281952568964,2000,percentile,0.05,0.4699291690047937,0.4734110496085765,0.8060969515242379,0.9190352284453221
mlp_prevyears_monthly_features_incremental_scaler_experience_replay_RR_0.3_PR_0.15,"MLP Prevyears + Monthly (Incremental Scaler + Replay RR=0.3, PR=0.15)",mlp_prevyears_monthly_features_incremental_scaler,prior_years,2021,2020,f1_score,0.9484230203649108,0.8998181724559148,-0.0069490320928569105,-0.012821117233504816,-0.0009362601961435015,-0.0067573734982375065,0.0030285265131470476,2000,percentile,0.05,0.500044036567966,0.5069930686608229,0.9855072463768116,1.0
mlp_prevyears_monthly_features_incremental_scaler_experience_replay_RR_0.3_PR_0.15,"MLP Prevyears + Monthly (Incremental Scaler + Replay RR=0.3, PR=0.15)",mlp_prevyears_monthly_features_incremental_scaler,prior_years,2021,2020,pr_auc,0.9484230203649108,0.8998181724559148,-0.0021463220290490193,-0.01258241647637913,0.0037666006676755005,-0.0035020239763483866,0.0042624844230830855,2000,percentile,0.05,0.4712647275795275,0.4734110496085765,0.7801099450274862,0.8956817887352619
mlp_prevyears_monthly_features_incremental_scaler_experience_replay_RR_0.4,MLP Prevyears + Monthly (Incremental Scaler + Replay RR=0.4),mlp_prevyears_monthly_features_incremental_scaler,prior_years,2021,2020,f1_score,0.9275940506481716,0.8998181724559148,0.0014028698819775753,-0.013576114187618095,0.012673200619678705,0.0006272344816436984,0.006606324713970589,2000,percentile,0.05,0.5083959385428005,0.5069930686608229,0.44227886056971516,0.5961149859852682
mlp_prevyears_monthly_features_incremental_scaler_experience_replay_RR_0.4,MLP Prevyears + Monthly (Incremental Scaler + Replay RR=0.4),mlp_prevyears_monthly_features_incremental_scaler,prior_years,2021,2020,pr_auc,0.9275940506481716,0.8998181724559148,0.005805252827733365,-0.011024705118186711,0.01882820777954546,0.004084732584051789,0.008155255430094195,2000,percentile,0.05,0.47921630243630986,0.4734110496085765,0.3193403298350825,0.4468152189999421
mlp_prevyears_monthly_features_incremental_scaler_experience_replay_RR_0.4_PR_0.10,"MLP Prevyears + Monthly (Incremental Scaler + Replay RR=0.4, PR=0.10)",mlp_prevyears_monthly_features_incremental_scaler,prior_years,2021,2020,f1_score,0.9374665321234907,0.8998181724559148,-0.007604066624163075,-0.016417704957418313,0.0041578825706114495,-0.00680104406551423,0.005329510186949516,2000,percentile,0.05,0.49938900203665987,0.5069930686608229,0.8885557221389305,0.9989703943209117
mlp_prevyears_monthly_features_incremental_scaler_experience_replay_RR_0.4_PR_0.10,"MLP Prevyears + Monthly (Incremental Scaler + Replay RR=0.4, PR=0.10)",mlp_prevyears_monthly_features_incremental_scaler,prior_years,2021,2020,pr_auc,0.9374665321234907,0.8998181724559148,-0.008127559077717061,-0.018848554809451763,0.003840968105414568,-0.0077402341569810865,0.005924270488768393,2000,percentile,0.05,0.46528349053085943,0.4734110496085765,0.9005497251374313,0.9875138188481517
mlp_prevyears_monthly_features_incremental_scaler_experience_replay_RR_0.4_PR_0.15,"MLP Prevyears + Monthly (Incremental Scaler + Replay RR=0.4, PR=0.15)",mlp_prevyears_monthly_features_incremental_scaler,prior_years,2021,2020,f1_score,0.9395955913239077,0.8998181724559148,-0.011926665119300739,-0.02241997480731146,-0.0010979295967447765,-0.011573375386543834,0.005522242600939643,2000,percentile,0.05,0.4950664035415222,0.5069930686608229,0.9835082458770614,1.0
mlp_prevyears_monthly_features_incremental_scaler_experience_replay_RR_0.4_PR_0.15,"MLP Prevyears + Monthly (Incremental Scaler + Replay RR=0.4, PR=0.15)",mlp_prevyears_monthly_features_incremental_scaler,prior_years,2021,2020,pr_auc,0.9395955913239077,0.8998181724559148,-0.0028895597818980323,-0.018014372064393477,0.007554571580151109,-0.004553968716586754,0.0067987839651081124,2000,percentile,0.05,0.47052148982667846,0.4734110496085765,0.7251374312843578,0.850566608587598
mlp_prevyears_monthly_features_incremental_scaler_experience_replay_RR_0.5,MLP Prevyears + Monthly (Incremental Scaler + Replay RR=0.5),mlp_prevyears_monthly_features_incremental_scaler,prior_years,2021,2020,f1_score,0.9230389514684679,0.8998181724559148,-0.004213771337771566,-0.021699814273278575,0.006846393928351172,-0.0047643528937551015,0.007463161307050441,2000,percentile,0.05,0.5027792973230514,0.5069930686608229,0.7161419290354822,0.8730494303410092
mlp_prevyears_monthly_features_incremental_scaler_experience_replay_RR_0.5,MLP Prevyears + Monthly (Incremental Scaler + Replay RR=0.5),mlp_prevyears_monthly_features_incremental_scaler,prior_years,2021,2020,pr_auc,0.9230389514684679,0.8998181724559148,-0.0005303809788794744,-0.017721502144870935,0.009145637461658968,-0.0024823831554157227,0.006952635048937431,2000,percentile,0.05,0.472880668629697,0.4734110496085765,0.5972013993003499,0.7490907725328089
mlp_prevyears_monthly_features_incremental_scaler_experience_replay_RR_0.5_PR_0.10,"MLP Prevyears + Monthly (Incremental Scaler + Replay RR=0.5, PR=0.10)",mlp_prevyears_monthly_features_incremental_scaler,prior_years,2021,2020,f1_score,0.9437074626186205,0.8998181724559148,-0.0106263236298334,-0.025176013566442217,0.0014914300898453176,-0.010698379293856551,0.006841812553699799,2000,percentile,0.05,0.49636674503098954,0.5069930686608229,0.9510244877561219,1.0
mlp_prevyears_monthly_features_incremental_scaler_experience_replay_RR_0.5_PR_0.10,"MLP Prevyears + Monthly (Incremental Scaler + Replay RR=0.5, PR=0.10)",mlp_prevyears_monthly_features_incremental_scaler,prior_years,2021,2020,pr_auc,0.9437074626186205,0.8998181724559148,-0.004859162177504539,-0.01479690305296278,0.0032045377165953073,-0.005108575046613689,0.00452642589602816,2000,percentile,0.05,0.46855188743107196,0.4734110496085765,0.8785607196401799,0.979354500831776
mlp_prevyears_monthly_features_incremental_scaler_experience_replay_RR_0.5_PR_0.15,"MLP Prevyears + Monthly (Incremental Scaler + Replay RR=0.5, PR=0.15)",mlp_prevyears_monthly_features_incremental_scaler,prior_years,2021,2020,f1_score,0.9329364068848127,0.8998181724559148,-0.0055906052032713704,-0.017458216044717208,0.004806923555059834,-0.005412152912455459,0.005832859886461259,2000,percentile,0.05,0.5014024634575516,0.5069930686608229,0.8190904547726137,0.9538960394579096
mlp_prevyears_monthly_features_incremental_scaler_experience_replay_RR_0.5_PR_0.15,"MLP Prevyears + Monthly (Incremental Scaler + Replay RR=0.5, PR=0.15)",mlp_prevyears_monthly_features_incremental_scaler,prior_years,2021,2020,pr_auc,0.9329364068848127,0.8998181724559148,-0.005251317877021988,-0.015400625576482708,0.0031175757037896234,-0.0053848996101169755,0.004742015872079288,2000,percentile,0.05,0.4681597317315545,0.4734110496085765,0.8735632183908046,0.9771299917051784
mlp_prevyears_monthly_features_incremental_scaler_experience_replay_confidently_correct_memory_RR_0.2,MLP Prevyears + Monthly (Incremental Scaler + Replay Confidently Correct RR=0.2),mlp_prevyears_monthly_features_incremental_scaler,prior_years,2021,2020,f1_score,0.932882436019972,0.8998181724559148,-0.004782877796278506,-0.012853552648798082,0.0026808663473658866,-0.004873867082917295,0.0039983664345328625,2000,percentile,0.05,0.5022101908645444,0.5069930686608229,0.8915542228885557,0.9989703943209117
mlp_prevyears_monthly_features_incremental_scaler_experience_replay_confidently_correct_memory_RR_0.2,MLP Prevyears + Monthly (Incremental Scaler + Replay Confidently Correct RR=0.2),mlp_prevyears_monthly_features_incremental_scaler,prior_years,2021,2020,pr_auc,0.932882436019972,0.8998181724559148,0.0013925033531978492,-0.010890142477179529,0.008929057469635257,-9.614024947421193e-05,0.005258481565060268,2000,percentile,0.05,0.47480355296177434,0.4734110496085765,0.47126436781609193,0.6148158385736991
mlp_prevyears_monthly_features_incremental_scaler_experience_replay_confidently_correct_memory_RR_0.3,MLP Prevyears + Monthly (Incremental Scaler + Replay Confidently Correct RR=0.3),mlp_prevyears_monthly_features_incremental_scaler,prior_years,2021,2020,f1_score,0.9216514637905907,0.8998181724559148,-0.006887583428755395,-0.014333036484396705,0.0024574870929728156,-0.006325886971761116,0.0042656207521945015,2000,percentile,0.05,0.5001054852320675,0.5069930686608229,0.9255372313843079,1.0
mlp_prevyears_monthly_features_incremental_scaler_experience_replay_confidently_correct_memory_RR_0.3,MLP Prevyears + Monthly (Incremental Scaler + Replay Confidently Correct RR=0.3),mlp_prevyears_monthly_features_incremental_scaler,prior_years,2021,2020,pr_auc,0.9216514637905907,0.8998181724559148,-0.007750017140835674,-0.016498116950958347,0.003906344813483974,-0.006874021089635143,0.005245655347724548,2000,percentile,0.05,0.4656610324677408,0.4734110496085765,0.9010494752623688,0.9875138188481517
mlp_prevyears_monthly_features_incremental_scaler_experience_replay_confidently_correct_memory_RR_0.4,MLP Prevyears + Monthly (Incremental Scaler + Replay Confidently Correct RR=0.4),mlp_prevyears_monthly_features_incremental_scaler,prior_years,2021,2020,f1_score,0.9446632900365728,0.8998181724559148,-0.008955392051717748,-0.019870939315211875,-1.6356614562296646e-05,-0.009051931463075771,0.0050952290827067735,2000,percentile,0.05,0.4980376766091052,0.5069930686608229,0.9750124937531235,1.0
mlp_prevyears_monthly_features_incremental_scaler_experience_replay_confidently_correct_memory_RR_0.4,MLP Prevyears + Monthly (Incremental Scaler + Replay Confidently Correct RR=0.4),mlp_prevyears_monthly_features_incremental_scaler,prior_years,2021,2020,pr_auc,0.9446632900365728,0.8998181724559148,-0.005678558868720596,-0.01907651189975104,0.0030933844765297118,-0.007275171514233012,0.005687687525953111,2000,percentile,0.05,0.4677324907398559,0.4734110496085765,0.9195402298850575,1.0
mlp_prevyears_monthly_features_incremental_scaler_experience_replay_confidently_correct_memory_RR_0.5,MLP Prevyears + Monthly (Incremental Scaler + Replay Confidently Correct RR=0.5),mlp_prevyears_monthly_features_incremental_scaler,prior_years,2021,2020,f1_score,0.9392256437773515,0.8998181724559148,-0.007091263658234148,-0.022623391018476553,0.004438586976790232,-0.007282733379621594,0.007020227777811395,2000,percentile,0.05,0.4999018050025888,0.5069930686608229,0.8645677161419291,0.9816798917614364
mlp_prevyears_monthly_features_incremental_scaler_experience_replay_confidently_correct_memory_RR_0.5,MLP Prevyears + Monthly (Incremental Scaler + Replay Confidently Correct RR=0.5),mlp_prevyears_monthly_features_incremental_scaler,prior_years,2021,2020,pr_auc,0.9392256437773515,0.8998181724559148,-0.004439704351992924,-0.013422452093510536,0.00450213104337297,-0.004131409140720063,0.004589523158925693,2000,percentile,0.05,0.46897134525658357,0.4734110496085765,0.8205897051474262,0.9339228986905147
mlp_prevyears_monthly_features_incremental_scaler_experience_replay_hard_example_mining_RR_0.2,MLP Prevyears + Monthly (Incremental Scaler + Replay Hard Example Mining RR=0.2),mlp_prevyears_monthly_features_incremental_scaler,prior_years,2021,2020,f1_score,0.9042853762709998,0.8998181724559148,-0.028084253303409468,-0.039392805378445764,-0.016528641977338318,-0.02770010676023355,0.005787369999395759,2000,percentile,0.05,0.4789088153574135,0.5069930686608229,1.0,1.0
mlp_prevyears_monthly_features_incremental_scaler_experience_replay_hard_example_mining_RR_0.2,MLP Prevyears + Monthly (Incremental Scaler + Replay Hard Example Mining RR=0.2),mlp_prevyears_monthly_features_incremental_scaler,prior_years,2021,2020,pr_auc,0.9042853762709998,0.8998181724559148,-0.020144985196357434,-0.03480791140285742,-0.008509586801563671,-0.021341390947826902,0.0069814605174132885,2000,percentile,0.05,0.45326606441221906,0.4734110496085765,1.0,1.0
mlp_prevyears_monthly_features_incremental_scaler_experience_replay_hard_example_mining_RR_0.3,MLP Prevyears + Monthly (Incremental Scaler + Replay Hard Example Mining RR=0.3),mlp_prevyears_monthly_features_incremental_scaler,prior_years,2021,2020,f1_score,0.9085702182342846,0.8998181724559148,-0.02124381179773499,-0.03163179661982731,-0.011555775742733136,-0.021383542822819835,0.005267617328151701,2000,percentile,0.05,0.48574925686308795,0.5069930686608229,1.0,1.0
mlp_prevyears_monthly_features_incremental_scaler_experience_replay_hard_example_mining_RR_0.3,MLP Prevyears + Monthly (Incremental Scaler + Replay Hard Example Mining RR=0.3),mlp_prevyears_monthly_features_incremental_scaler,prior_years,2021,2020,pr_auc,0.9085702182342846,0.8998181724559148,-0.009621590907247568,-0.028587012226672363,0.0031336075041141897,-0.011695114693729138,0.008338566454595837,2000,percentile,0.05,0.4637894587013289,0.4734110496085765,0.9230384807596201,1.0
mlp_prevyears_monthly_features_incremental_scaler_experience_replay_hard_example_mining_RR_0.4,MLP Prevyears + Monthly (Incremental Scaler + Replay Hard Example Mining RR=0.4),mlp_prevyears_monthly_features_incremental_scaler,prior_years,2021,2020,f1_score,0.8951783948414466,0.8998181724559148,-0.014372117882530955,-0.023566192866897075,-0.003232135915696423,-0.013668427579897195,0.00504217764891962,2000,percentile,0.05,0.492620950778292,0.5069930686608229,0.9900049975012494,1.0
mlp_prevyears_monthly_features_incremental_scaler_experience_replay_hard_example_mining_RR_0.4,MLP Prevyears + Monthly (Incremental Scaler + Replay Hard Example Mining RR=0.4),mlp_prevyears_monthly_features_incremental_scaler,prior_years,2021,2020,pr_auc,0.8951783948414466,0.8998181724559148,-0.006990888519393834,-0.02595773423220403,0.0058751053084864936,-0.00935377017728966,0.008296019123935098,2000,percentile,0.05,0.46642016108918266,0.4734110496085765,0.8715642178910544,0.9771299917051784
mlp_prevyears_monthly_features_incremental_scaler_experience_replay_hard_example_mining_RR_0.5,MLP Prevyears + Monthly (Incremental Scaler + Replay Hard Example Mining RR=0.5),mlp_prevyears_monthly_features_incremental_scaler,prior_years,2021,2020,f1_score,0.909646613833446,0.8998181724559148,-0.007902271916300219,-0.019523881878006782,0.0021989863837821783,-0.008382742770808513,0.005594777886643248,2000,percentile,0.05,0.4990907967445227,0.5069930686608229,0.9325337331334332,1.0
mlp_prevyears_monthly_features_incremental_scaler_experience_replay_hard_example_mining_RR_0.5,MLP Prevyears + Monthly (Incremental Scaler + Replay Hard Example Mining RR=0.5),mlp_prevyears_monthly_features_incremental_scaler,prior_years,2021,2020,pr_auc,0.909646613833446,0.8998181724559148,-0.009816853727713015,-0.02827740149104204,0.0028287843649177956,-0.011872548086005335,0.008106797877012033,2000,percentile,0.05,0.4635941958808635,0.4734110496085765,0.9385307346326837,1.0
mlp_prevyears_monthly_features_incremental_scaler_experience_replay_uncertainity_prioritization_RR_0.2,MLP Prevyears + Monthly (Incremental Scaler + Replay Uncertainty Prioritization RR=0.2),mlp_prevyears_monthly_features_incremental_scaler,prior_years,2021,2020,f1_score,0.9152052422544557,0.8998181724559148,-0.0031674685251031898,-0.010218418277987966,0.004712323744534994,-0.0028760888175236097,0.0037270721701951116,2000,percentile,0.05,0.5038256001357198,0.5069930686608229,0.7946026986506747,0.9371129652565023
mlp_prevyears_monthly_features_incremental_scaler_experience_replay_uncertainity_prioritization_RR_0.2,MLP Prevyears + Monthly (Incremental Scaler + Replay Uncertainty Prioritization RR=0.2),mlp_prevyears_monthly_features_incremental_scaler,prior_years,2021,2020,pr_auc,0.9152052422544557,0.8998181724559148,-0.0009570292048434736,-0.011302446320255217,0.009041235561552955,-0.0017717864528083303,0.005356347588341984,2000,percentile,0.05,0.472454020403733,0.4734110496085765,0.6251874062968515,0.7781969435932129
mlp_prevyears_monthly_features_incremental_scaler_experience_replay_uncertainity_prioritization_RR_0.3,MLP Prevyears + Monthly (Incremental Scaler + Replay Uncertainty Prioritization RR=0.3),mlp_prevyears_monthly_features_incremental_scaler,prior_years,2021,2020,f1_score,0.9357322200320035,0.8998181724559148,-0.0057587232242971576,-0.026295814733083126,0.007801280640087437,-0.006199917713760452,0.008771737886815241,2000,percentile,0.05,0.5012343454365258,0.5069930686608229,0.743128435782109,0.8975447341264433
mlp_prevyears_monthly_features_incremental_scaler_experience_replay_uncertainity_prioritization_RR_0.3,MLP Prevyears + Monthly (Incremental Scaler + Replay Uncertainty Prioritization RR=0.3),mlp_prevyears_monthly_features_incremental_scaler,prior_years,2021,2020,pr_auc,0.9357322200320035,0.8998181724559148,-0.0008008480909620364,-0.014193647336252353,0.008252890823120092,-0.0017900714714633814,0.005909771454527953,2000,percentile,0.05,0.47261020151761446,0.4734110496085765,0.5887056471764118,0.7417439928684307
mlp_prevyears_monthly_features_incremental_scaler_experience_replay_uncertainity_prioritization_RR_0.4,MLP Prevyears + Monthly (Incremental Scaler + Replay Uncertainty Prioritization RR=0.4),mlp_prevyears_monthly_features_incremental_scaler,prior_years,2021,2020,f1_score,0.9341626862940804,0.8998181724559148,-0.005687121716028032,-0.025287770533602,0.0063793572937751175,-0.0060085487435028815,0.00815248436749885,2000,percentile,0.05,0.5013059469447949,0.5069930686608229,0.7631184407796102,0.9148989041390907
mlp_prevyears_monthly_features_incremental_scaler_experience_replay_uncertainity_prioritization_RR_0.4,MLP Prevyears + Monthly (Incremental Scaler + Replay Uncertainty Prioritization RR=0.4),mlp_prevyears_monthly_features_incremental_scaler,prior_years,2021,2020,pr_auc,0.9341626862940804,0.8998181724559148,0.003909148014287822,-0.015213524189738823,0.015560720506812021,0.001326730747048051,0.008009877316912798,2000,percentile,0.05,0.4773201976228643,0.4734110496085765,0.4197901049475262,0.5600068818049991
mlp_prevyears_monthly_features_incremental_scaler_experience_replay_uncertainity_prioritization_RR_0.5,MLP Prevyears + Monthly (Incremental Scaler + Replay Uncertainty Prioritization RR=0.5),mlp_prevyears_monthly_features_incremental_scaler,prior_years,2021,2020,f1_score,0.9177320403132099,0.8998181724559148,-0.0068973449021860755,-0.028411219480244807,0.006250604817410356,-0.007546588858639436,0.009046155221350218,2000,percentile,0.05,0.5000957237586369,0.5069930686608229,0.7936031984007996,0.9371129652565023
mlp_prevyears_monthly_features_incremental_scaler_experience_replay_uncertainity_prioritization_RR_0.5,MLP Prevyears + Monthly (Incremental Scaler + Replay Uncertainty Prioritization RR=0.5),mlp_prevyears_monthly_features_incremental_scaler,prior_years,2021,2020,pr_auc,0.9177320403132099,0.8998181724559148,-0.006326801257773407,-0.024383654775035814,0.005198542404026006,-0.0072278097307819054,0.0076004700850939655,2000,percentile,0.05,0.4670842483508031,0.4734110496085765,0.8270864567716142,0.9396741419865984
mlp_prevyears_monthly_features_incremental_scaler_missclassification_buffer_RR_0.3,MLP Prevyears + Monthly (Incremental Scaler + Misclassification Buffer RR=0.3),mlp_prevyears_monthly_features_incremental_scaler,prior_years,2021,2020,f1_score,0.8954143471110564,0.8998181724559148,-0.02713513801309886,-0.049326324815845375,-0.004146238679347269,-0.026675229132461016,0.011448036547688957,2000,percentile,0.05,0.4798579306477241,0.5069930686608229,0.9930034982508745,1.0
mlp_prevyears_monthly_features_incremental_scaler_missclassification_buffer_RR_0.3,MLP Prevyears + Monthly (Incremental Scaler + Misclassification Buffer RR=0.3),mlp_prevyears_monthly_features_incremental_scaler,prior_years,2021,2020,pr_auc,0.8954143471110564,0.8998181724559148,-0.02106959131229591,-0.03770858301564097,-0.0027764529714224525,-0.021261884391642505,0.00894328324432148,2000,percentile,0.05,0.4523414582962806,0.4734110496085765,0.9895052473763118,1.0
"mlp_combined_HE=0.1_CC=0.1_UP=0.1_PR=(0.2,10)_RR=0.5","MLP Combined (HE=0.1, CC=0.1, UP=0.1, PR=(0.2,10), RR=0.5)",mlp_prevyears_monthly_features_incremental_scaler,prior_years,2021,2021,f1_score,0.8761769711044464,0.9175288391514824,-0.009706258015263869,-0.02370871368431015,0.005087237733288958,-0.009409540758032279,0.0071833437112356,2000,percentile,0.05,0.4598762886597938,0.46958254667505767,0.9080459770114943,1.0
"mlp_combined_HE=0.1_CC=0.1_UP=0.1_PR=(0.2,10)_RR=0.5","MLP Combined (HE=0.1, CC=0.1, UP=0.1, PR=(0.2,10), RR=0.5)",mlp_prevyears_monthly_features_incremental_scaler,prior_years,2021,2021,pr_auc,0.8761769711044464,0.9175288391514824,-0.007778194687414197,-0.02254011596753309,0.006073314400259816,-0.007449009489619885,0.007273915280087962,2000,percentile,0.05,0.43181544617765233,0.4395936408650665,0.8580709645177411,0.9664432489637534
"mlp_combined_HE=0_CC=0.15_UP=0_PR=(0,10)_MC=0.1_RWS=1_RR=0.4","MLP Combined (HE=0, CC=0.15, UP=0, PR=(0,10), MC=0.1, RWS=1, RR=0.4)",mlp_prevyears_monthly_features_incremental_scaler,prior_years,2021,2021,f1_score,0.9331921888747716,0.9175288391514824,-0.010009472481685378,-0.019273355782030065,-0.0019339649487416638,-0.010216514825964149,0.004434039445106903,2000,percentile,0.05,0.4595730741933723,0.46958254667505767,0.9905047476261869,1.0
"mlp_combined_HE=0_CC=0.15_UP=0_PR=(0,10)_MC=0.1_RWS=1_RR=0.4","MLP Combined (HE=0, CC=0.15, UP=0, PR=(0,10), MC=0.1, RWS=1, RR=0.4)",mlp_prevyears_monthly_features_incremental_scaler,prior_years,2021,2021,pr_auc,0.9331921888747716,0.9175288391514824,0.0014184974234418557,-0.008865873210288876,0.008989934180890611,0.001082311876508657,0.0045054248783024204,2000,percentile,0.05,0.4410121382885084,0.4395936408650665,0.3823088455772114,0.5163548930928726
"mlp_combined_HE=0_CC=0.1_UP=0.1_PR=(0,10)_MC=0.1_RWS=1_RR=0.5","MLP Combined (HE=0, CC=0.1, UP=0.1, PR=(0,10), MC=0.1, RWS=1, RR=0.5)",mlp_prevyears_monthly_features_incremental_scaler,prior_years,2021,2021,f1_score,0.9257088356338017,0.9175288391514824,-0.005437017317433346,-0.015116230722938922,0.006660738945541511,-0.005132779346651837,0.005440649929945919,2000,percentile,0.05,0.4641455293576243,0.46958254667505767,0.8310844577711144,0.9592836560443182
"mlp_combined_HE=0_CC=0.1_UP=0.1_PR=(0,10)_MC=0.1_RWS=1_RR=0.5","MLP Combined (HE=0, CC=0.1, UP=0.1, PR=(0,10), MC=0.1, RWS=1, RR=0.5)",mlp_prevyears_monthly_features_incremental_scaler,prior_years,2021,2021,pr_auc,0.9257088356338017,0.9175288391514824,0.006082667820713428,-0.005330709643709741,0.01651006361459349,0.006173177322830181,0.005614571614375808,2000,percentile,0.05,0.44567630868577995,0.4395936408650665,0.13693153423288357,0.22624981925281018
"mlp_combined_HE=0_CC=0.1_UP=0.2_PR=(0.1,10)_RR=0.5","MLP Combined (HE=0, CC=0.1, UP=0.2, PR=(0.1,10), RR=0.5)",mlp_prevyears_monthly_features_incremental_scaler,prior_years,2021,2021,f1_score,0.9251728481621612,0.9175288391514824,-0.022973080857177808,-0.046577557056398725,-0.0030492545564080047,-0.02286420309946604,0.01097957261406393,2000,percentile,0.05,0.44660946581787986,0.46958254667505767,0.9905047476261869,1.0
"mlp_combined_HE=0_CC=0.1_UP=0.2_PR=(0.1,10)_RR=0.5","MLP Combined (HE=0, CC=0.1, UP=0.2, PR=(0.1,10), RR=0.5)",mlp_prevyears_monthly_features_incremental_scaler,prior_years,2021,2021,pr_auc,0.9251728481621612,0.9175288391514824,-0.013476073837119129,-0.032248665102124936,0.0030524117014973937,-0.013250018792215235,0.009302027324482182,2000,percentile,0.05,0.4261175670279474,0.4395936408650665,0.9310344827586207,1.0
"mlp_combined_HE=0_CC=0.2_UP=0.1_PR=(0.2,10)_RR=0.5","MLP Combined (HE=0, CC=0.2, UP=0.1, PR=(0.2,10), RR=0.5)",mlp_prevyears_monthly_features_incremental_scaler,prior_years,2021,2021,f1_score,0.9238456392997344,0.9175288391514824,0.0007011450149417842,-0.01003541028992962,0.011878487933162696,0.0008013352815642807,0.005581519617549668,2000,percentile,0.05,0.47028369168999945,0.46958254667505767,0.44677661169415295,0.6009330045720942
"mlp_combined_HE=0_CC=0.2_UP=0.1_PR=(0.2,10)_RR=0.5","MLP Combined (HE=0, CC=0.2, UP=0.1, PR=(0.2,10), RR=0.5)",mlp_prevyears_monthly_features_incremental_scaler,prior_years,2021,2021,pr_auc,0.9238456392997344,0.9175288391514824,0.007483918815667401,-0.002919701364884167,0.016406375328152492,0.007340337194743645,0.005052455565828241,2000,percentile,0.05,0.4470775596807339,0.4395936408650665,0.07946026986506746,0.13684824254539396
"mlp_combined_HE=0_CC=0.2_UP=0.2_PR=(0.1,10)_RR=0.5","MLP Combined (HE=0, CC=0.2, UP=0.2, PR=(0.1,10), RR=0.5)",mlp_prevyears_monthly_features_incremental_scaler,prior_years,2021,2021,f1_score,0.9487291766391536,0.9175288391514824,-0.006366543177025286,-0.01845145434693988,0.006735667468692672,-0.006216643525907659,0.006437014578486271,2000,percentile,0.05,0.4632160034980324,0.46958254667505767,0.8330834582708646,0.9598890820076686
"mlp_combined_HE=0_CC=0.2_UP=0.2_PR=(0.1,10)_RR=0.5","MLP Combined (HE=0, CC=0.2, UP=0.2, PR=(0.1,10), RR=0.5)",mlp_prevyears_monthly_features_incremental_scaler,prior_years,2021,2021,pr_auc,0.9487291766391536,0.9175288391514824,-0.0050306446290909745,-0.019162308064245837,0.008485023099678584,-0.004805231034522056,0.007195420566482355,2000,percentile,0.05,0.43456299623597555,0.4395936408650665,0.7336331834082959,0.8564884224554389
mlp_prevyears_monthly_features_incremental_scaler_experience_replay_RR_0.2,MLP Prevyears + Monthly (Incremental Scaler + Replay RR=0.2),mlp_prevyears_monthly_features_incremental_scaler,prior_years,2021,2021,f1_score,0.92670856081663,0.9175288391514824,-0.0018595572991929599,-0.009738668742583865,0.006755244294093221,-0.002028207737620669,0.00424379796401795,2000,percentile,0.05,0.4677229893758647,0.46958254667505767,0.7061469265367316,0.8657281528727162
mlp_prevyears_monthly_features_incremental_scaler_experience_replay_RR_0.2,MLP Prevyears + Monthly (Incremental Scaler + Replay RR=0.2),mlp_prevyears_monthly_features_incremental_scaler,prior_years,2021,2021,pr_auc,0.92670856081663,0.9175288391514824,-0.0016209304484698928,-0.009810262096519582,0.0081064975511849,-0.0016554937507065363,0.004649303683238421,2000,percentile,0.05,0.43797271041659663,0.4395936408650665,0.6611694152923538,0.8090625739761699
mlp_prevyears_monthly_features_incremental_scaler_experience_replay_RR_0.2_PR_0.10,"MLP Prevyears + Monthly (Incremental Scaler + Replay RR=0.2, PR=0.10)",mlp_prevyears_monthly_features_incremental_scaler,prior_years,2021,2021,f1_score,0.9434513714047986,0.9175288391514824,0.006074807474490407,-0.0038077852599633253,0.01744212419342155,0.006128057937499783,0.005429051972820012,2000,percentile,0.05,0.4756573541495481,0.46958254667505767,0.12343828085957022,0.20857021984057478
mlp_prevyears_monthly_features_incremental_scaler_experience_replay_RR_0.2_PR_0.10,"MLP Prevyears + Monthly (Incremental Scaler + Replay RR=0.2, PR=0.10)",mlp_prevyears_monthly_features_incremental_scaler,prior_years,2021,2021,pr_auc,0.9434513714047986,0.9175288391514824,0.0041613488164784496,-0.007229517104608023,0.01671960194162166,0.004419225036814337,0.006001347392844712,2000,percentile,0.05,0.443754989681545,0.4395936408650665,0.2178910544727636,0.3434553909485935
mlp_prevyears_monthly_features_incremental_scaler_experience_replay_RR_0.2_PR_0.15,"MLP Prevyears + Monthly (Incremental Scaler + Replay RR=0.2, PR=0.15)",mlp_prevyears_monthly_features_incremental_scaler,prior_years,2021,2021,f1_score,0.9498186972484621,0.9175288391514824,0.006477283963083058,-0.009539195239049725,0.023142684679302382,0.0061929589757207335,0.008318296733623195,2000,percentile,0.05,0.4760598306381407,0.46958254667505767,0.2303848075962019,0.35206692428433667
mlp_prevyears_monthly_features_incremental_scaler_experience_replay_RR_0.2_PR_0.15,"MLP Prevyears + Monthly (Incremental Scaler + Replay RR=0.2, PR=0.15)",mlp_prevyears_monthly_features_incremental_scaler,prior_years,2021,2021,pr_auc,0.9498186972484621,0.9175288391514824,-0.00022631563925096243,-0.014211936234354437,0.013515031665462304,-0.0006442433736899927,0.007097947857739589,2000,percentile,0.05,0.43936732522581556,0.4395936408650665,0.5357321339330335,0.6851898215921509
mlp_prevyears_monthly_features_incremental_scaler_experience_replay_RR_0.3,MLP Prevyears + Monthly (Incremental Scaler + Replay RR=0.3),mlp_prevyears_monthly_features_incremental_scaler,prior_years,2021,2021,f1_score,0.9434518833308743,0.9175288391514824,0.00654342691112586,-0.004441902722918718,0.019416023301329622,0.006903506777208175,0.005908108315886862,2000,percentile,0.05,0.4761259735861835,0.46958254667505767,0.1054472763618191,0.18305647176411796
mlp_prevyears_monthly_features_incremental_scaler_experience_replay_RR_0.3,MLP Prevyears + Monthly (Incremental Scaler + Replay RR=0.3),mlp_prevyears_monthly_features_incremental_scaler,prior_years,2021,2021,pr_auc,0.9434518833308743,0.9175288391514824,0.006184228650523538,-0.0025612210842509684,0.014810156177930887,0.006272435824996476,0.004341740099815713,2000,percentile,0.05,0.44577786951559006,0.4395936408650665,0.06696651674162919,0.11625387306346827
mlp_prevyears_monthly_features_incremental_scaler_experience_replay_RR_0.3_PR_0.10,"MLP Prevyears + Monthly (Incremental Scaler + Replay RR=0.3, PR=0.10)",mlp_prevyears_monthly_features_incremental_scaler,prior_years,2021,2021,f1_score,0.9438510531738351,0.9175288391514824,0.007807599796313847,-0.00395902947734845,0.02145885728843016,0.0076988545806106505,0.006594965308305903,2000,percentile,0.05,0.4773901464713715,0.46958254667505767,0.11894052973513243,0.2026970807789822
mlp_prevyears_monthly_features_incremental_scaler_experience_replay_RR_0.3_PR_0.10,"MLP Prevyears + Monthly (Incremental Scaler + Replay RR=0.3, PR=0.10)",mlp_prevyears_monthly_features_incremental_scaler,prior_years,2021,2021,pr_auc,0.9438510531738351,0.9175288391514824,0.012736436892591518,0.0022650323705832353,0.023845583211227362,0.012436856566494096,0.005356336498805609,2000,percentile,0.05,0.45233007775765804,0.4395936408650665,0.010994502748625687,0.020867117461677326
mlp_prevyears_monthly_features_incremental_scaler_experience_replay_RR_0.3_PR_0.15,"MLP Prevyears + Monthly (Incremental Scaler + Replay RR=0.3, PR=0.15)",mlp_prevyears_monthly_features_incremental_scaler,prior_years,2021,2021,f1_score,0.9587825760657906,0.9175288391514824,0.007018145659059616,-0.0022622139968107025,0.019566807722756773,0.007042278953192191,0.005536504680713168,2000,percentile,0.05,0.4766006923341173,0.46958254667505767,0.09245377311344327,0.16355273450231406
mlp_prevyears_monthly_features_incremental_scaler_experience_replay_RR_0.3_PR_0.15,"MLP Prevyears + Monthly (Incremental Scaler + Replay RR=0.3, PR=0.15)",mlp_prevyears_monthly_features_incremental_scaler,prior_years,2021,2021,pr_auc,0.9587825760657906,0.9175288391514824,0.008748900268940207,-0.0016904176623416616,0.02001113088033856,0.008582627233264572,0.005456281469992811,2000,percentile,0.05,0.44834254113400673,0.4395936408650665,0.05297351324337831,0.0929535232383808
mlp_prevyears_monthly_features_incremental_scaler_experience_replay_RR_0.4,MLP Prevyears + Monthly (Incremental Scaler + Replay RR=0.4),mlp_prevyears_monthly_features_incremental_scaler,prior_years,2021,2021,f1_score,0.9447227246358143,0.9175288391514824,0.0011546285853933358,-0.00793586766603629,0.011475794984386965,0.0015404819304511205,0.005009820475996175,2000,percentile,0.05,0.470737175260451,0.46958254667505767,0.3873063468265867,0.5353215112189128
mlp_prevyears_monthly_features_incremental_scaler_experience_replay_RR_0.4,MLP Prevyears + Monthly (Incremental Scaler + Replay RR=0.4),mlp_prevyears_monthly_features_incremental_scaler,prior_years,2021,2021,pr_auc,0.9447227246358143,0.9175288391514824,0.004050630375449227,-0.0028301648112297184,0.011315900033457347,0.004071176165282491,0.0035819316007504156,2000,percentile,0.05,0.44364427124051575,0.4395936408650665,0.12643678160919541,0.21105216622458006
mlp_prevyears_monthly_features_incremental_scaler_experience_replay_RR_0.4_PR_0.10,"MLP Prevyears + Monthly (Incremental Scaler + Replay RR=0.4, PR=0.10)",mlp_prevyears_monthly_features_incremental_scaler,prior_years,2021,2021,f1_score,0.949629098366521,0.9175288391514824,-0.009136246270516346,-0.0191954676193367,0.0012783539028762914,-0.008863549227792223,0.005363435902129977,2000,percentile,0.05,0.4604463004045413,0.46958254667505767,0.952023988005997,1.0
mlp_prevyears_monthly_features_incremental_scaler_experience_replay_RR_0.4_PR_0.10,"MLP Prevyears + Monthly (Incremental Scaler + Replay RR=0.4, PR=0.10)",mlp_prevyears_monthly_features_incremental_scaler,prior_years,2021,2021,pr_auc,0.949629098366521,0.9175288391514824,-0.004678111556834452,-0.015092178456261535,0.0069659168675105364,-0.004343221556308838,0.0056601637415574614,2000,percentile,0.05,0.4349155293082321,0.4395936408650665,0.7756121939030485,0.8920910569450258
mlp_prevyears_monthly_features_incremental_scaler_experience_replay_RR_0.4_PR_0.15,"MLP Prevyears + Monthly (Incremental Scaler + Replay RR=0.4, PR=0.15)",mlp_prevyears_monthly_features_incremental_scaler,prior_years,2021,2021,f1_score,0.9583770610358148,0.9175288391514824,-0.00142573968245574,-0.013512510441075166,0.01013496105219706,-0.0013229047596451777,0.0060488312409582206,2000,percentile,0.05,0.4681568069926019,0.46958254667505767,0.5787106446776612,0.7287052798552368
mlp_prevyears_monthly_features_incremental_scaler_experience_replay_RR_0.4_PR_0.15,"MLP Prevyears + Monthly (Incremental Scaler + Replay RR=0.4, PR=0.15)",mlp_prevyears_monthly_features_incremental_scaler,prior_years,2021,2021,pr_auc,0.9583770610358148,0.9175288391514824,-0.003077642334585684,-0.015554675954702026,0.008679776099974529,-0.00300218061844689,0.006171344920117159,2000,percentile,0.05,0.43651599853048084,0.4395936408650665,0.6821589205397302,0.8275806230962731
mlp_prevyears_monthly_features_incremental_scaler_experience_replay_RR_0.5,MLP Prevyears + Monthly (Incremental Scaler + Replay RR=0.5),mlp_prevyears_monthly_features_incremental_scaler,prior_years,2021,2021,f1_score,0.9375416378656767,0.9175288391514824,0.006676409181237741,-0.00476587277090601,0.02014717803236788,0.006796165541316157,0.006363344342296321,2000,percentile,0.05,0.4762589558562954,0.46958254667505767,0.13493253373313344,0.21635733857209327
mlp_prevyears_monthly_features_incremental_scaler_experience_replay_RR_0.5,MLP Prevyears + Monthly (Incremental Scaler + Replay RR=0.5),mlp_prevyears_monthly_features_incremental_scaler,prior_years,2021,2021,pr_auc,0.9375416378656767,0.9175288391514824,0.006831175565556735,-0.0033130281475810667,0.015648605207248516,0.0064485918921545786,0.004773096649023587,2000,percentile,0.05,0.44642481643062326,0.4395936408650665,0.08545727136431784,0.14678808353079395
mlp_prevyears_monthly_features_incremental_scaler_experience_replay_RR_0.5_PR_0.10,"MLP Prevyears + Monthly (Incremental Scaler + Replay RR=0.5, PR=0.10)",mlp_prevyears_monthly_features_incremental_scaler,prior_years,2021,2021,f1_score,0.9620043499337708,0.9175288391514824,-0.005738031233098129,-0.01563996578036425,0.004866191810019556,-0.005564130987019979,0.005230724395086263,2000,percentile,0.05,0.46384451544195954,0.46958254667505767,0.8565717141429285,0.9782950629948184
mlp_prevyears_monthly_features_incremental_scaler_experience_replay_RR_0.5_PR_0.10,"MLP Prevyears + Monthly (Incremental Scaler + Replay RR=0.5, PR=0.10)",mlp_prevyears_monthly_features_incremental_scaler,prior_years,2021,2021,pr_auc,0.9620043499337708,0.9175288391514824,0.004709900730388239,-0.005995114318787938,0.015586404617781185,0.0046415846572748385,0.005551255199742887,2000,percentile,0.05,0.44430354159545477,0.4395936408650665,0.19590204897551225,0.31334701199768666
mlp_prevyears_monthly_features_incremental_scaler_experience_replay_RR_0.5_PR_0.15,"MLP Prevyears + Monthly (Incremental Scaler + Replay RR=0.5, PR=0.15)",mlp_prevyears_monthly_features_incremental_scaler,prior_years,2021,2021,f1_score,0.9526011302980621,0.9175288391514824,0.00443902818553954,-0.006265117030154923,0.01724932217068502,0.004647251038299492,0.006070916584528847,2000,percentile,0.05,0.4740215748605972,0.46958254667505767,0.2353823088455772,0.3580230912581092
mlp_prevyears_monthly_features_incremental_scaler_experience_replay_RR_0.5_PR_0.15,"MLP Prevyears + Monthly (Incremental Scaler + Replay RR=0.5, PR=0.15)",mlp_prevyears_monthly_features_incremental_scaler,prior_years,2021,2021,pr_auc,0.9526011302980621,0.9175288391514824,0.0017431265839400467,-0.008342612073813848,0.012486042398542258,0.0019297021739478415,0.005299719439815197,2000,percentile,0.05,0.4413367674490066,0.4395936408650665,0.3498250874562719,0.48045597454437344
mlp_prevyears_monthly_features_incremental_scaler_experience_replay_confidently_correct_memory_RR_0.2,MLP Prevyears + Monthly (Incremental Scaler + Replay Confidently Correct RR=0.2),mlp_prevyears_monthly_features_incremental_scaler,prior_years,2021,2021,f1_score,0.9603258477662937,0.9175288391514824,-0.004649277147753983,-0.012892756140843127,0.003028793161618098,-0.00461617671554985,0.004104261019222513,2000,percentile,0.05,0.4649332695273037,0.46958254667505767,0.8680659670164917,0.9828016426569324
mlp_prevyears_monthly_features_incremental_scaler_experience_replay_confidently_correct_memory_RR_0.2,MLP Prevyears + Monthly (Incremental Scaler + Replay Confidently Correct RR=0.2),mlp_prevyears_monthly_features_incremental_scaler,prior_years,2021,2021,pr_auc,0.9603258477662937,0.9175288391514824,-0.0015344710732661526,-0.009260452396013705,0.006735275098759209,-0.0013917641881389246,0.004116219118633837,2000,percentile,0.05,0.4380591697918004,0.4395936408650665,0.632183908045977,0.7824177264979678
mlp_prevyears_monthly_features_incremental_scaler_experience_replay_confidently_correct_memory_RR_0.3,MLP Prevyears + Monthly (Incremental Scaler + Replay Confidently Correct RR=0.3),mlp_prevyears_monthly_features_incremental_scaler,prior_years,2021,2021,f1_score,0.9407432261916685,0.9175288391514824,-9.433206378017811e-05,-0.007708442010008235,0.00702298600986128,-0.00014145339644625372,0.003728736697768835,2000,percentile,0.05,0.4694882146112775,0.46958254667505767,0.5047476261869065,0.6611482990898917
mlp_prevyears_monthly_features_incremental_scaler_experience_replay_confidently_correct_memory_RR_0.3,MLP Prevyears + Monthly (Incremental Scaler + Replay Confidently Correct RR=0.3),mlp_prevyears_monthly_features_incremental_scaler,prior_years,2021,2021,pr_auc,0.9407432261916685,0.9175288391514824,0.0022726829697519713,-0.007324177710142575,0.010583714891304535,0.0021234247461680237,0.004545877477805339,2000,percentile,0.05,0.4418663238348185,0.4395936408650665,0.3073463268365817,0.4340183487431989
mlp_prevyears_monthly_features_incremental_scaler_experience_replay_confidently_correct_memory_RR_0.4,MLP Prevyears + Monthly (Incremental Scaler + Replay Confidently Correct RR=0.4),mlp_prevyears_monthly_features_incremental_scaler,prior_years,2021,2021,f1_score,0.9544071704261958,0.9175288391514824,0.0032215646650409213,-0.012370234177028882,0.028550928007804514,0.003625547446992322,0.010783980822664713,2000,percentile,0.05,0.4728041113400986,0.46958254667505767,0.4122938530734633,0.5638724755269424
mlp_prevyears_monthly_features_incremental_scaler_experience_replay_confidently_correct_memory_RR_0.4,MLP Prevyears + Monthly (Incremental Scaler + Replay Confidently Correct RR=0.4),mlp_prevyears_monthly_features_incremental_scaler,prior_years,2021,2021,pr_auc,0.9544071704261958,0.9175288391514824,-0.0021237464639918824,-0.014574509387763047,0.012705938726676967,-0.0018696809054242448,0.007187496808229937,2000,percentile,0.05,0.43746989440107464,0.4395936408650665,0.617191404297851,0.7697157168542165
mlp_prevyears_monthly_features_incremental_scaler_experience_replay_confidently_correct_memory_RR_0.5,MLP Prevyears + Monthly (Incremental Scaler + Replay Confidently Correct RR=0.5),mlp_prevyears_monthly_features_incremental_scaler,prior_years,2021,2021,f1_score,0.9513189771889552,0.9175288391514824,0.011185688558156603,-0.0021404169501422128,0.028414482151233343,0.011194621053134278,0.007781509931046578,2000,percentile,0.05,0.48076823523321427,0.46958254667505767,0.06296851574212893,0.11612607294086667
mlp_prevyears_monthly_features_incremental_scaler_experience_replay_confidently_correct_memory_RR_0.5,MLP Prevyears + Monthly (Incremental Scaler + Replay Confidently Correct RR=0.5),mlp_prevyears_monthly_features_incremental_scaler,prior_years,2021,2021,pr_auc,0.9513189771889552,0.9175288391514824,0.01387011581906994,0.0019154587366925172,0.02610788270514294,0.013703680207970918,0.006161951854436397,2000,percentile,0.05,0.45346375668413647,0.4395936408650665,0.011494252873563218,0.021752205292702484
mlp_prevyears_monthly_features_incremental_scaler_experience_replay_hard_example_mining_RR_0.2,MLP Prevyears + Monthly (Incremental Scaler + Replay Hard Example Mining RR=0.2),mlp_prevyears_monthly_features_incremental_scaler,prior_years,2021,2021,f1_score,0.9092903219469568,0.9175288391514824,-0.012126949814256327,-0.0279859982744724,0.001139130604964816,-0.012163515870946056,0.007631599593658895,2000,percentile,0.05,0.45745559686080134,0.46958254667505767,0.9615192403798101,1.0
mlp_prevyears_monthly_features_incremental_scaler_experience_replay_hard_example_mining_RR_0.2,MLP Prevyears + Monthly (Incremental Scaler + Replay Hard Example Mining RR=0.2),mlp_prevyears_monthly_features_incremental_scaler,prior_years,2021,2021,pr_auc,0.9092903219469568,0.9175288391514824,-0.017930773710781278,-0.036409109899625765,-0.0009451524609857811,-0.017504685558921856,0.009112001397197245,2000,percentile,0.05,0.42166286715428525,0.4395936408650665,0.9790104947526237,1.0
mlp_prevyears_monthly_features_incremental_scaler_experience_replay_hard_example_mining_RR_0.3,MLP Prevyears + Monthly (Incremental Scaler + Replay Hard Example Mining RR=0.3),mlp_prevyears_monthly_features_incremental_scaler,prior_years,2021,2021,f1_score,0.930665132212484,0.9175288391514824,-0.017041430286161174,-0.035672103689007924,-0.0020746653778369465,-0.017202017488603467,0.008663209041406533,2000,percentile,0.05,0.4525411163888965,0.46958254667505767,0.9845077461269365,1.0
mlp_prevyears_monthly_features_incremental_scaler_experience_replay_hard_example_mining_RR_0.3,MLP Prevyears + Monthly (Incremental Scaler + Replay Hard Example Mining RR=0.3),mlp_prevyears_monthly_features_incremental_scaler,prior_years,2021,2021,pr_auc,0.930665132212484,0.9175288391514824,-0.00764697634587469,-0.019028519893948867,0.0024237837886042597,-0.007955659920156519,0.005464812432385715,2000,percentile,0.05,0.43194666451919184,0.4395936408650665,0.928535732133933,1.0
mlp_prevyears_monthly_features_incremental_scaler_experience_replay_hard_example_mining_RR_0.4,MLP Prevyears + Monthly (Incremental Scaler + Replay Hard Example Mining RR=0.4),mlp_prevyears_monthly_features_incremental_scaler,prior_years,2021,2021,f1_score,0.9252054027668108,0.9175288391514824,-0.012173225741374583,-0.029864364412144247,0.004145742277504335,-0.012059398520046777,0.00877385959001265,2000,percentile,0.05,0.4574093209336831,0.46958254667505767,0.9290354822588706,1.0
mlp_prevyears_monthly_features_incremental_scaler_experience_replay_hard_example_mining_RR_0.4,MLP Prevyears + Monthly (Incremental Scaler + Replay Hard Example Mining RR=0.4),mlp_prevyears_monthly_features_incremental_scaler,prior_years,2021,2021,pr_auc,0.9252054027668108,0.9175288391514824,-0.014414272219677782,-0.03745323707803397,0.0044125913973718615,-0.014291084579754114,0.010518554135413001,2000,percentile,0.05,0.42517936864538874,0.4395936408650665,0.9290354822588706,1.0
mlp_prevyears_monthly_features_incremental_scaler_experience_replay_hard_example_mining_RR_0.5,MLP Prevyears + Monthly (Incremental Scaler + Replay Hard Example Mining RR=0.5),mlp_prevyears_monthly_features_incremental_scaler,prior_years,2021,2021,f1_score,0.9254935092043354,0.9175288391514824,-0.0007247293516510767,-0.012296076889277727,0.012632237222224289,-0.0007738647100616638,0.006557549111820387,2000,percentile,0.05,0.4688578173234066,0.46958254667505767,0.5612193903048476,0.7163800452714819
mlp_prevyears_monthly_features_incremental_scaler_experience_replay_hard_example_mining_RR_0.5,MLP Prevyears + Monthly (Incremental Scaler + Replay Hard Example Mining RR=0.5),mlp_prevyears_monthly_features_incremental_scaler,prior_years,2021,2021,pr_auc,0.9254935092043354,0.9175288391514824,-0.0133969120545252,-0.031510274886905165,0.0022791743565601227,-0.0133992673713178,0.008786553821509856,2000,percentile,0.05,0.4261967288105413,0.4395936408650665,0.9475262368815592,1.0
mlp_prevyears_monthly_features_incremental_scaler_experience_replay_uncertainity_prioritization_RR_0.2,MLP Prevyears + Monthly (Incremental Scaler + Replay Uncertainty Prioritization RR=0.2),mlp_prevyears_monthly_features_incremental_scaler,prior_years,2021,2021,f1_score,0.9371032410917672,0.9175288391514824,0.020487383394872383,0.0064225852761066946,0.0374632894334389,0.020742983422167866,0.00798554610512689,2000,percentile,0.05,0.49006993006993005,0.46958254667505767,0.0004997501249375312,0.001260997408272608
mlp_prevyears_monthly_features_incremental_scaler_experience_replay_uncertainity_prioritization_RR_0.2,MLP Prevyears + Monthly (Incremental Scaler + Replay Uncertainty Prioritization RR=0.2),mlp_prevyears_monthly_features_incremental_scaler,prior_years,2021,2021,pr_auc,0.9371032410917672,0.9175288391514824,0.014996518785629409,0.00592799058686367,0.024541553167868376,0.014850152708600557,0.004805425067569134,2000,percentile,0.05,0.45459015965069594,0.4395936408650665,0.0004997501249375312,0.001080854921376521
mlp_prevyears_monthly_features_incremental_scaler_experience_replay_uncertainity_prioritization_RR_0.3,MLP Prevyears + Monthly (Incremental Scaler + Replay Uncertainty Prioritization RR=0.3),mlp_prevyears_monthly_features_incremental_scaler,prior_years,2021,2021,f1_score,0.946970984245379,0.9175288391514824,0.007762193502382109,-0.0032457824757825145,0.020301405368824486,0.008075352865456522,0.006145292927759866,2000,percentile,0.05,0.4773447401774398,0.46958254667505767,0.09645177411294353,0.16879060469765117
mlp_prevyears_monthly_features_incremental_scaler_experience_replay_uncertainity_prioritization_RR_0.3,MLP Prevyears + Monthly (Incremental Scaler + Replay Uncertainty Prioritization RR=0.3),mlp_prevyears_monthly_features_incremental_scaler,prior_years,2021,2021,pr_auc,0.946970984245379,0.9175288391514824,0.010900228878119922,0.001156696117730416,0.020995086334864355,0.010920383281293921,0.005149832572078928,2000,percentile,0.05,0.45049386974318645,0.4395936408650665,0.01699150424787606,0.03160419790104948
mlp_prevyears_monthly_features_incremental_scaler_experience_replay_uncertainity_prioritization_RR_0.4,MLP Prevyears + Monthly (Incremental Scaler + Replay Uncertainty Prioritization RR=0.4),mlp_prevyears_monthly_features_incremental_scaler,prior_years,2021,2021,f1_score,0.9466763634229517,0.9175288391514824,0.008126084216597107,-0.004079268300903138,0.02306579912554092,0.008452198652291474,0.0070139593999652425,2000,percentile,0.05,0.4777086308916548,0.46958254667505767,0.10744627686156921,0.18553720487236489
mlp_prevyears_monthly_features_incremental_scaler_experience_replay_uncertainity_prioritization_RR_0.4,MLP Prevyears + Monthly (Incremental Scaler + Replay Uncertainty Prioritization RR=0.4),mlp_prevyears_monthly_features_incremental_scaler,prior_years,2021,2021,pr_auc,0.9466763634229517,0.9175288391514824,2.522588001191428e-05,-0.021852154629584026,0.018170316961634524,0.00010510782222361695,0.010324128807212396,2000,percentile,0.05,0.43961886674507844,0.4395936408650665,0.4827586206896552,0.6272971298781747
mlp_prevyears_monthly_features_incremental_scaler_experience_replay_uncertainity_prioritization_RR_0.5,MLP Prevyears + Monthly (Incremental Scaler + Replay Uncertainty Prioritization RR=0.5),mlp_prevyears_monthly_features_incremental_scaler,prior_years,2021,2021,f1_score,0.9407887750034106,0.9175288391514824,0.015728699604222796,-0.0011663005941459192,0.03817711247021709,0.016085457119888825,0.010108366684621107,2000,percentile,0.05,0.48531124627928046,0.46958254667505767,0.037481259370314844,0.07305478997028432
mlp_prevyears_monthly_features_incremental_scaler_experience_replay_uncertainity_prioritization_RR_0.5,MLP Prevyears + Monthly (Incremental Scaler + Replay Uncertainty Prioritization RR=0.5),mlp_prevyears_monthly_features_incremental_scaler,prior_years,2021,2021,pr_auc,0.9407887750034106,0.9175288391514824,0.01256740779359955,0.001527988977136996,0.02525342481351712,0.01253741202131555,0.0059371344521559465,2000,percentile,0.05,0.4521610486586661,0.4395936408650665,0.008995502248875561,0.017173231566035164
mlp_prevyears_monthly_features_incremental_scaler_missclassification_buffer_RR_0.3,MLP Prevyears + Monthly (Incremental Scaler + Misclassification Buffer RR=0.3),mlp_prevyears_monthly_features_incremental_scaler,prior_years,2021,2021,f1_score,0.9203063197948591,0.9175288391514824,-0.0074744385669495705,-0.02041263700275442,0.005324788409580062,-0.007270893020973373,0.006537304073581789,2000,percentile,0.05,0.4621081081081081,0.46958254667505767,0.8740629685157422,0.9867250083796923
mlp_prevyears_monthly_features_incremental_scaler_missclassification_buffer_RR_0.3,MLP Prevyears + Monthly (Incremental Scaler + Misclassification Buffer RR=0.3),mlp_prevyears_monthly_features_incremental_scaler,prior_years,2021,2021,pr_auc,0.9203063197948591,0.9175288391514824,-0.00758261060801213,-0.020664465089905527,0.005384711955636438,-0.007421213837739695,0.006488721943171895,2000,percentile,0.05,0.4320110302570544,0.4395936408650665,0.8770614692653673,0.979354500831776
"mlp_combined_HE=0.1_CC=0.1_UP=0.1_PR=(0.2,10)_RR=0.5","MLP Combined (HE=0.1, CC=0.1, UP=0.1, PR=(0.2,10), RR=0.5)",mlp_prevyears_monthly_features_incremental_scaler,prior_years,2022,2017,f1_score,0.6199727928054783,0.0003504097399265695,0.049545848352132715,0.022680873679346496,0.07803099227708957,0.049477013506227824,0.014017646086029407,2000,percentile,0.05,0.20010704489195155,0.15056119653981884,0.0004997501249375312,0.001260997408272608
"mlp_combined_HE=0.1_CC=0.1_UP=0.1_PR=(0.2,10)_RR=0.5","MLP Combined (HE=0.1, CC=0.1, UP=0.1, PR=(0.2,10), RR=0.5)",mlp_prevyears_monthly_features_incremental_scaler,prior_years,2022,2017,pr_auc,0.6199727928054783,0.0003504097399265695,0.07048737302729885,0.041086371090240104,0.0993410174185837,0.07032711568181937,0.01479753096042002,2000,percentile,0.05,0.1494480432835962,0.07896067025629736,0.0004997501249375312,0.001080854921376521
"mlp_combined_HE=0_CC=0.15_UP=0_PR=(0,10)_MC=0.1_RWS=1_RR=0.4","MLP Combined (HE=0, CC=0.15, UP=0, PR=(0,10), MC=0.1, RWS=1, RR=0.4)",mlp_prevyears_monthly_features_incremental_scaler,prior_years,2022,2017,f1_score,0.6554134124909472,0.0003504097399265695,0.06049342263002211,0.031300055334969545,0.08909319945956493,0.060559999809039894,0.014894986876723186,2000,percentile,0.05,0.21105461916984095,0.15056119653981884,0.0004997501249375312,0.001260997408272608
"mlp_combined_HE=0_CC=0.15_UP=0_PR=(0,10)_MC=0.1_RWS=1_RR=0.4","MLP Combined (HE=0, CC=0.15, UP=0, PR=(0,10), MC=0.1, RWS=1, RR=0.4)",mlp_prevyears_monthly_features_incremental_scaler,prior_years,2022,2017,pr_auc,0.6554134124909472,0.0003504097399265695,0.0698514934332824,0.037424415808294885,0.10530167478162068,0.07071078709767206,0.017100674284157204,2000,percentile,0.05,0.14881216368957975,0.07896067025629736,0.0004997501249375312,0.001080854921376521
"mlp_combined_HE=0_CC=0.1_UP=0.1_PR=(0,10)_MC=0.1_RWS=1_RR=0.5","MLP Combined (HE=0, CC=0.1, UP=0.1, PR=(0,10), MC=0.1, RWS=1, RR=0.5)",mlp_prevyears_monthly_features_incremental_scaler,prior_years,2022,2017,f1_score,0.8212307347357833,0.0003504097399265695,0.03771778311791446,0.010422885900010536,0.06808237091863614,0.03817250273047139,0.015021946200264574,2000,percentile,0.05,0.1882789796577333,0.15056119653981884,0.005997001499250375,0.013508816525993058
"mlp_combined_HE=0_CC=0.1_UP=0.1_PR=(0,10)_MC=0.1_RWS=1_RR=0.5","MLP Combined (HE=0, CC=0.1, UP=0.1, PR=(0,10), MC=0.1, RWS=1, RR=0.5)",mlp_prevyears_monthly_features_incremental_scaler,prior_years,2022,2017,pr_auc,0.8212307347357833,0.0003504097399265695,0.049314232163322064,0.026892071089254198,0.07609903908821958,0.05049991029108723,0.01245543665631531,2000,percentile,0.05,0.12827490241961942,0.07896067025629736,0.0004997501249375312,0.001080854921376521
"mlp_combined_HE=0_CC=0.1_UP=0.2_PR=(0.1,10)_RR=0.5","MLP Combined (HE=0, CC=0.1, UP=0.2, PR=(0.1,10), RR=0.5)",mlp_prevyears_monthly_features_incremental_scaler,prior_years,2022,2017,f1_score,0.8296108604270167,0.0003504097399265695,0.06530900471915801,0.03541799015039474,0.0959850833863867,0.06589457400957524,0.015828974740455637,2000,percentile,0.05,0.21587020125897685,0.15056119653981884,0.0004997501249375312,0.001260997408272608
"mlp_combined_HE=0_CC=0.1_UP=0.2_PR=(0.1,10)_RR=0.5","MLP Combined (HE=0, CC=0.1, UP=0.2, PR=(0.1,10), RR=0.5)",mlp_prevyears_monthly_features_incremental_scaler,prior_years,2022,2017,pr_auc,0.8296108604270167,0.0003504097399265695,0.08359865624680649,0.05139373108167266,0.119118037559656,0.08441914065641108,0.017531620002720204,2000,percentile,0.05,0.16255932650310384,0.07896067025629736,0.0004997501249375312,0.001080854921376521
"mlp_combined_HE=0_CC=0.2_UP=0.1_PR=(0.2,10)_RR=0.5","MLP Combined (HE=0, CC=0.2, UP=0.1, PR=(0.2,10), RR=0.5)",mlp_prevyears_monthly_features_incremental_scaler,prior_years,2022,2017,f1_score,0.7205541659269246,0.0003504097399265695,0.07719961929502031,0.05207029144475903,0.10388466687234825,0.07725653793527247,0.013316195288271462,2000,percentile,0.05,0.22776081583483915,0.15056119653981884,0.0004997501249375312,0.001260997408272608
"mlp_combined_HE=0_CC=0.2_UP=0.1_PR=(0.2,10)_RR=0.5","MLP Combined (HE=0, CC=0.2, UP=0.1, PR=(0.2,10), RR=0.5)",mlp_prevyears_monthly_features_incremental_scaler,prior_years,2022,2017,pr_auc,0.7205541659269246,0.0003504097399265695,0.09152054906792564,0.06400781107279507,0.12165836706345515,0.09210594291305804,0.014679550036268342,2000,percentile,0.05,0.170481219324223,0.07896067025629736,0.0004997501249375312,0.001080854921376521
"mlp_combined_HE=0_CC=0.2_UP=0.2_PR=(0.1,10)_RR=0.5","MLP Combined (HE=0, CC=0.2, UP=0.2, PR=(0.1,10), RR=0.5)",mlp_prevyears_monthly_features_incremental_scaler,prior_years,2022,2017,f1_score,0.5678818591286634,0.0003504097399265695,0.08274358203666446,0.061675439578588793,0.10671087752553593,0.08288271158274377,0.011481912776848634,2000,percentile,0.05,0.2333047785764833,0.15056119653981884,0.0004997501249375312,0.001260997408272608
"mlp_combined_HE=0_CC=0.2_UP=0.2_PR=(0.1,10)_RR=0.5","MLP Combined (HE=0, CC=0.2, UP=0.2, PR=(0.1,10), RR=0.5)",mlp_prevyears_monthly_features_incremental_scaler,prior_years,2022,2017,pr_auc,0.5678818591286634,0.0003504097399265695,0.08057708684317197,0.057865063550940135,0.11169355039128592,0.08193407260340153,0.013578014868519478,2000,percentile,0.05,0.15953775709946932,0.07896067025629736,0.0004997501249375312,0.001080854921376521
mlp_prevyears_monthly_features_incremental_scaler_experience_replay_RR_0.2,MLP Prevyears + Monthly (Incremental Scaler + Replay RR=0.2),mlp_prevyears_monthly_features_incremental_scaler,prior_years,2022,2017,f1_score,0.884488921587944,0.0003504097399265695,0.0916468247876599,0.061723523383497556,0.12068638407658923,0.09121685166758664,0.014746564666420258,2000,percentile,0.05,0.24220802132747873,0.15056119653981884,0.0004997501249375312,0.001260997408272608
mlp_prevyears_monthly_features_incremental_scaler_experience_replay_RR_0.2,MLP Prevyears + Monthly (Incremental Scaler + Replay RR=0.2),mlp_prevyears_monthly_features_incremental_scaler,prior_years,2022,2017,pr_auc,0.884488921587944,0.0003504097399265695,0.09065167368537516,0.06456656340078763,0.11782565106289365,0.09086483179134999,0.01348177065561577,2000,percentile,0.05,0.16961234394167252,0.07896067025629736,0.0004997501249375312,0.001080854921376521
mlp_prevyears_monthly_features_incremental_scaler_experience_replay_RR_0.2_PR_0.10,"MLP Prevyears + Monthly (Incremental Scaler + Replay RR=0.2, PR=0.10)",mlp_prevyears_monthly_features_incremental_scaler,prior_years,2022,2017,f1_score,0.906395218886407,0.0003504097399265695,0.07868200698699968,0.0541103935943938,0.10392567999219933,0.07865703596434927,0.012711307382570269,2000,percentile,0.05,0.2292432035268185,0.15056119653981884,0.0004997501249375312,0.001260997408272608
mlp_prevyears_monthly_features_incremental_scaler_experience_replay_RR_0.2_PR_0.10,"MLP Prevyears + Monthly (Incremental Scaler + Replay RR=0.2, PR=0.10)",mlp_prevyears_monthly_features_incremental_scaler,prior_years,2022,2017,pr_auc,0.906395218886407,0.0003504097399265695,0.0911863343939543,0.06328573030877864,0.11927021285515887,0.09186332938664235,0.014084899578069125,2000,percentile,0.05,0.17014700465025165,0.07896067025629736,0.0004997501249375312,0.001080854921376521
mlp_prevyears_monthly_features_incremental_scaler_experience_replay_RR_0.2_PR_0.15,"MLP Prevyears + Monthly (Incremental Scaler + Replay RR=0.2, PR=0.15)",mlp_prevyears_monthly_features_incremental_scaler,prior_years,2022,2017,f1_score,0.9062237276001623,0.0003504097399265695,0.08073279371464787,0.05843527818896895,0.10230729213824756,0.08076179665199382,0.011152098556613166,2000,percentile,0.05,0.2312939902544667,0.15056119653981884,0.0004997501249375312,0.001260997408272608
mlp_prevyears_monthly_features_incremental_scaler_experience_replay_RR_0.2_PR_0.15,"MLP Prevyears + Monthly (Incremental Scaler + Replay RR=0.2, PR=0.15)",mlp_prevyears_monthly_features_incremental_scaler,prior_years,2022,2017,pr_auc,0.9062237276001623,0.0003504097399265695,0.07563819299227692,0.05117026918114652,0.10156148718210813,0.0761368031635056,0.012556239095885461,2000,percentile,0.05,0.15459886324857428,0.07896067025629736,0.0004997501249375312,0.001080854921376521
mlp_prevyears_monthly_features_incremental_scaler_experience_replay_RR_0.3,MLP Prevyears + Monthly (Incremental Scaler + Replay RR=0.3),mlp_prevyears_monthly_features_incremental_scaler,prior_years,2022,2017,f1_score,0.8814681642220993,0.0003504097399265695,0.07489442749208308,0.049693993709356864,0.10022004363666794,0.07494119814745309,0.012658748021553333,2000,percentile,0.05,0.22545562403190192,0.15056119653981884,0.0004997501249375312,0.001260997408272608
mlp_prevyears_monthly_features_incremental_scaler_experience_replay_RR_0.3,MLP Prevyears + Monthly (Incremental Scaler + Replay RR=0.3),mlp_prevyears_monthly_features_incremental_scaler,prior_years,2022,2017,pr_auc,0.8814681642220993,0.0003504097399265695,0.07883685658091044,0.04874405110888354,0.11330539422989029,0.07964672091106662,0.01637217515741882,2000,percentile,0.05,0.1577975268372078,0.07896067025629736,0.0004997501249375312,0.001080854921376521
mlp_prevyears_monthly_features_incremental_scaler_experience_replay_RR_0.3_PR_0.10,"MLP Prevyears + Monthly (Incremental Scaler + Replay RR=0.3, PR=0.10)",mlp_prevyears_monthly_features_incremental_scaler,prior_years,2022,2017,f1_score,0.842727575559033,0.0003504097399265695,0.0946349967010395,0.0678318920829822,0.12248725748072219,0.09440627603214406,0.01385921170017408,2000,percentile,0.05,0.24519619324085834,0.15056119653981884,0.0004997501249375312,0.001260997408272608
mlp_prevyears_monthly_features_incremental_scaler_experience_replay_RR_0.3_PR_0.10,"MLP Prevyears + Monthly (Incremental Scaler + Replay RR=0.3, PR=0.10)",mlp_prevyears_monthly_features_incremental_scaler,prior_years,2022,2017,pr_auc,0.842727575559033,0.0003504097399265695,0.10443024283704472,0.07246687644844067,0.1358847115444978,0.10451051103817013,0.01609546777942601,2000,percentile,0.05,0.18339091309334207,0.07896067025629736,0.0004997501249375312,0.001080854921376521
mlp_prevyears_monthly_features_incremental_scaler_experience_replay_RR_0.3_PR_0.15,"MLP Prevyears + Monthly (Incremental Scaler + Replay RR=0.3, PR=0.15)",mlp_prevyears_monthly_features_incremental_scaler,prior_years,2022,2017,f1_score,0.9211472866322872,0.0003504097399265695,0.07720199478735995,0.05347643646509856,0.10043016381094609,0.07710222146541985,0.012171519706211812,2000,percentile,0.05,0.2277631913271788,0.15056119653981884,0.0004997501249375312,0.001260997408272608
mlp_prevyears_monthly_features_incremental_scaler_experience_replay_RR_0.3_PR_0.15,"MLP Prevyears + Monthly (Incremental Scaler + Replay RR=0.3, PR=0.15)",mlp_prevyears_monthly_features_incremental_scaler,prior_years,2022,2017,pr_auc,0.9211472866322872,0.0003504097399265695,0.07431626705557753,0.0461414923605656,0.10260562266872925,0.07510726051202991,0.014428762555505788,2000,percentile,0.05,0.1532769373118749,0.07896067025629736,0.0004997501249375312,0.001080854921376521
mlp_prevyears_monthly_features_incremental_scaler_experience_replay_RR_0.4,MLP Prevyears + Monthly (Incremental Scaler + Replay RR=0.4),mlp_prevyears_monthly_features_incremental_scaler,prior_years,2022,2017,f1_score,0.9109498430279392,0.0003504097399265695,0.06641443390533641,0.04130025693606134,0.09079547790277155,0.06590466136508216,0.012532632936097684,2000,percentile,0.05,0.21697563044515525,0.15056119653981884,0.0004997501249375312,0.001260997408272608
mlp_prevyears_monthly_features_incremental_scaler_experience_replay_RR_0.4,MLP Prevyears + Monthly (Incremental Scaler + Replay RR=0.4),mlp_prevyears_monthly_features_incremental_scaler,prior_years,2022,2017,pr_auc,0.9109498430279392,0.0003504097399265695,0.0682405781429973,0.04268301421296119,0.09297154376720945,0.06830205743825792,0.012790613105639406,2000,percentile,0.05,0.14720124839929466,0.07896067025629736,0.0004997501249375312,0.001080854921376521
mlp_prevyears_monthly_features_incremental_scaler_experience_replay_RR_0.4_PR_0.10,"MLP Prevyears + Monthly (Incremental Scaler + Replay RR=0.4, PR=0.10)",mlp_prevyears_monthly_features_incremental_scaler,prior_years,2022,2017,f1_score,0.8754740470446292,0.0003504097399265695,0.10655630697271537,0.07735786253236657,0.13732622546757076,0.10664851341600173,0.014812157784495182,2000,percentile,0.05,0.2571175035125342,0.15056119653981884,0.0004997501249375312,0.001260997408272608
mlp_prevyears_monthly_features_incremental_scaler_experience_replay_RR_0.4_PR_0.10,"MLP Prevyears + Monthly (Incremental Scaler + Replay RR=0.4, PR=0.10)",mlp_prevyears_monthly_features_incremental_scaler,prior_years,2022,2017,pr_auc,0.8754740470446292,0.0003504097399265695,0.10359692502221499,0.0741820233027016,0.1335025476096863,0.10403505115098173,0.015099599486678732,2000,percentile,0.05,0.18255759527851234,0.07896067025629736,0.0004997501249375312,0.001080854921376521
mlp_prevyears_monthly_features_incremental_scaler_experience_replay_RR_0.4_PR_0.15,"MLP Prevyears + Monthly (Incremental Scaler + Replay RR=0.4, PR=0.15)",mlp_prevyears_monthly_features_incremental_scaler,prior_years,2022,2017,f1_score,0.8775851265326249,0.0003504097399265695,0.10297097157891191,0.0767467481669814,0.1295462544223318,0.10297673714787757,0.013583949516958613,2000,percentile,0.05,0.25353216811873075,0.15056119653981884,0.0004997501249375312,0.001260997408272608
mlp_prevyears_monthly_features_incremental_scaler_experience_replay_RR_0.4_PR_0.15,"MLP Prevyears + Monthly (Incremental Scaler + Replay RR=0.4, PR=0.15)",mlp_prevyears_monthly_features_incremental_scaler,prior_years,2022,2017,pr_auc,0.8775851265326249,0.0003504097399265695,0.11356596610131453,0.08015101750209949,0.14711206380882202,0.11383936985592999,0.016916531740227038,2000,percentile,0.05,0.19252663635761189,0.07896067025629736,0.0004997501249375312,0.001080854921376521
mlp_prevyears_monthly_features_incremental_scaler_experience_replay_RR_0.5,MLP Prevyears + Monthly (Incremental Scaler + Replay RR=0.5),mlp_prevyears_monthly_features_incremental_scaler,prior_years,2022,2017,f1_score,0.8839737574032119,0.0003504097399265695,0.10601006793802167,0.07585665496483711,0.13877768786676528,0.10594114291789836,0.015924067991727478,2000,percentile,0.05,0.2565712644778405,0.15056119653981884,0.0004997501249375312,0.001260997408272608
mlp_prevyears_monthly_features_incremental_scaler_experience_replay_RR_0.5,MLP Prevyears + Monthly (Incremental Scaler + Replay RR=0.5),mlp_prevyears_monthly_features_incremental_scaler,prior_years,2022,2017,pr_auc,0.8839737574032119,0.0003504097399265695,0.1099696681534193,0.07724445955896221,0.14362613197595953,0.11041738467203087,0.016870582180455437,2000,percentile,0.05,0.18893033840971665,0.07896067025629736,0.0004997501249375312,0.001080854921376521
mlp_prevyears_monthly_features_incremental_scaler_experience_replay_RR_0.5_PR_0.10,"MLP Prevyears + Monthly (Incremental Scaler + Replay RR=0.5, PR=0.10)",mlp_prevyears_monthly_features_incremental_scaler,prior_years,2022,2017,f1_score,0.8877348525281833,0.0003504097399265695,0.11450677929099687,0.08863439562391393,0.1433265704526017,0.11435671295347803,0.013729416825089848,2000,percentile,0.05,0.2650679758308157,0.15056119653981884,0.0004997501249375312,0.001260997408272608
mlp_prevyears_monthly_features_incremental_scaler_experience_replay_RR_0.5_PR_0.10,"MLP Prevyears + Monthly (Incremental Scaler + Replay RR=0.5, PR=0.10)",mlp_prevyears_monthly_features_incremental_scaler,prior_years,2022,2017,pr_auc,0.8877348525281833,0.0003504097399265695,0.11229286775165864,0.08412964587533554,0.14549758002855648,0.11337336872931374,0.015598946459364963,2000,percentile,0.05,0.191253538007956,0.07896067025629736,0.0004997501249375312,0.001080854921376521
mlp_prevyears_monthly_features_incremental_scaler_experience_replay_RR_0.5_PR_0.15,"MLP Prevyears + Monthly (Incremental Scaler + Replay RR=0.5, PR=0.15)",mlp_prevyears_monthly_features_incremental_scaler,prior_years,2022,2017,f1_score,0.8673069977699712,0.0003504097399265695,0.07947038977403942,0.05418107912090188,0.10417902622622066,0.07931310176343818,0.012638404971296783,2000,percentile,0.05,0.23003158631385826,0.15056119653981884,0.0004997501249375312,0.001260997408272608
mlp_prevyears_monthly_features_incremental_scaler_experience_replay_RR_0.5_PR_0.15,"MLP Prevyears + Monthly (Incremental Scaler + Replay RR=0.5, PR=0.15)",mlp_prevyears_monthly_features_incremental_scaler,prior_years,2022,2017,pr_auc,0.8673069977699712,0.0003504097399265695,0.08258787020691383,0.055266132564495106,0.1094512543029221,0.08303249335270134,0.013819409652346373,2000,percentile,0.05,0.16154854046321118,0.07896067025629736,0.0004997501249375312,0.001080854921376521
mlp_prevyears_monthly_features_incremental_scaler_experience_replay_confidently_correct_memory_RR_0.2,MLP Prevyears + Monthly (Incremental Scaler + Replay Confidently Correct RR=0.2),mlp_prevyears_monthly_features_incremental_scaler,prior_years,2022,2017,f1_score,0.8627383180764671,0.0003504097399265695,0.09761965142758197,0.07140798233573464,0.12467515056388077,0.09772234332745906,0.013242939080592509,2000,percentile,0.05,0.2481808479674008,0.15056119653981884,0.0004997501249375312,0.001260997408272608
mlp_prevyears_monthly_features_incremental_scaler_experience_replay_confidently_correct_memory_RR_0.2,MLP Prevyears + Monthly (Incremental Scaler + Replay Confidently Correct RR=0.2),mlp_prevyears_monthly_features_incremental_scaler,prior_years,2022,2017,pr_auc,0.8627383180764671,0.0003504097399265695,0.11534388973528709,0.08267570086650422,0.14748531602037063,0.11532653369370718,0.01675402606411228,2000,percentile,0.05,0.19430455999158444,0.07896067025629736,0.0004997501249375312,0.001080854921376521
mlp_prevyears_monthly_features_incremental_scaler_experience_replay_confidently_correct_memory_RR_0.3,MLP Prevyears + Monthly (Incremental Scaler + Replay Confidently Correct RR=0.3),mlp_prevyears_monthly_features_incremental_scaler,prior_years,2022,2017,f1_score,0.8912499847087657,0.0003504097399265695,0.08082142787734739,0.049967656741242816,0.11223406971728313,0.08101095985234383,0.015948851050449648,2000,percentile,0.05,0.23138262441716623,0.15056119653981884,0.0004997501249375312,0.001260997408272608
mlp_prevyears_monthly_features_incremental_scaler_experience_replay_confidently_correct_memory_RR_0.3,MLP Prevyears + Monthly (Incremental Scaler + Replay Confidently Correct RR=0.3),mlp_prevyears_monthly_features_incremental_scaler,prior_years,2022,2017,pr_auc,0.8912499847087657,0.0003504097399265695,0.07835837647714133,0.049072913561760016,0.11080801536331902,0.07900716805636765,0.01578131765849562,2000,percentile,0.05,0.1573190467334387,0.07896067025629736,0.0004997501249375312,0.001080854921376521
mlp_prevyears_monthly_features_incremental_scaler_experience_replay_confidently_correct_memory_RR_0.4,MLP Prevyears + Monthly (Incremental Scaler + Replay Confidently Correct RR=0.4),mlp_prevyears_monthly_features_incremental_scaler,prior_years,2022,2017,f1_score,0.8889404294047655,0.0003504097399265695,0.09896048713365055,0.06916127274784181,0.12757535384616156,0.09855915813496563,0.014726980544782596,2000,percentile,0.05,0.24952168367346939,0.15056119653981884,0.0004997501249375312,0.001260997408272608
mlp_prevyears_monthly_features_incremental_scaler_experience_replay_confidently_correct_memory_RR_0.4,MLP Prevyears + Monthly (Incremental Scaler + Replay Confidently Correct RR=0.4),mlp_prevyears_monthly_features_incremental_scaler,prior_years,2022,2017,pr_auc,0.8889404294047655,0.0003504097399265695,0.11156564431457017,0.0788154231154803,0.141613414557437,0.11128399910092608,0.015898012906739353,2000,percentile,0.05,0.19052631457086752,0.07896067025629736,0.0004997501249375312,0.001080854921376521
mlp_prevyears_monthly_features_incremental_scaler_experience_replay_confidently_correct_memory_RR_0.5,MLP Prevyears + Monthly (Incremental Scaler + Replay Confidently Correct RR=0.5),mlp_prevyears_monthly_features_incremental_scaler,prior_years,2022,2017,f1_score,0.8728516616051369,0.0003504097399265695,0.09677456628890174,0.0650752295906492,0.12752172151852656,0.09683732209559422,0.015618734538424493,2000,percentile,0.05,0.24733576282872058,0.15056119653981884,0.0004997501249375312,0.001260997408272608
mlp_prevyears_monthly_features_incremental_scaler_experience_replay_confidently_correct_memory_RR_0.5,MLP Prevyears + Monthly (Incremental Scaler + Replay Confidently Correct RR=0.5),mlp_prevyears_monthly_features_incremental_scaler,prior_years,2022,2017,pr_auc,0.8728516616051369,0.0003504097399265695,0.08777112464804276,0.056952754676967046,0.12256134972603405,0.08845181995884056,0.016982520481473296,2000,percentile,0.05,0.16673179490434012,0.07896067025629736,0.0004997501249375312,0.001080854921376521
mlp_prevyears_monthly_features_incremental_scaler_experience_replay_hard_example_mining_RR_0.2,MLP Prevyears + Monthly (Incremental Scaler + Replay Hard Example Mining RR=0.2),mlp_prevyears_monthly_features_incremental_scaler,prior_years,2022,2017,f1_score,0.8747818396947427,0.0003504097399265695,-0.04663507869309,-0.08909137962298735,-0.0019907126545514646,-0.04623924408057663,0.02236200971892376,2000,percentile,0.05,0.10392611784672884,0.15056119653981884,0.9790104947526237,1.0
mlp_prevyears_monthly_features_incremental_scaler_experience_replay_hard_example_mining_RR_0.2,MLP Prevyears + Monthly (Incremental Scaler + Replay Hard Example Mining RR=0.2),mlp_prevyears_monthly_features_incremental_scaler,prior_years,2022,2017,pr_auc,0.8747818396947427,0.0003504097399265695,-0.02880172959886189,-0.050219641527768505,-0.007886033362620826,-0.02862426477379898,0.01085276262098363,2000,percentile,0.05,0.050158940657435466,0.07896067025629736,0.9960019990004998,1.0
mlp_prevyears_monthly_features_incremental_scaler_experience_replay_hard_example_mining_RR_0.3,MLP Prevyears + Monthly (Incremental Scaler + Replay Hard Example Mining RR=0.3),mlp_prevyears_monthly_features_incremental_scaler,prior_years,2022,2017,f1_score,0.8886647643349138,0.0003504097399265695,0.004740553814982812,-0.03718377249490183,0.049936174610460404,0.005029743063579238,0.022043904881203107,2000,percentile,0.05,0.15530175035480165,0.15056119653981884,0.4177911044477761,0.5701928909758958
mlp_prevyears_monthly_features_incremental_scaler_experience_replay_hard_example_mining_RR_0.3,MLP Prevyears + Monthly (Incremental Scaler + Replay Hard Example Mining RR=0.3),mlp_prevyears_monthly_features_incremental_scaler,prior_years,2022,2017,pr_auc,0.8886647643349138,0.0003504097399265695,0.006873844753552613,-0.01822246895302149,0.034383206831874555,0.007553975551991965,0.013467473090488945,2000,percentile,0.05,0.08583451500984997,0.07896067025629736,0.2958520739630185,0.4340183487431989
mlp_prevyears_monthly_features_incremental_scaler_experience_replay_hard_example_mining_RR_0.4,MLP Prevyears + Monthly (Incremental Scaler + Replay Hard Example Mining RR=0.4),mlp_prevyears_monthly_features_incremental_scaler,prior_years,2022,2017,f1_score,0.644445584059822,0.0003504097399265695,0.028641054037896435,-0.002357320352143123,0.06242623457741431,0.02860162635080274,0.017090409921476868,2000,percentile,0.05,0.17920225057771527,0.15056119653981884,0.04047976011994003,0.07819680664118978
mlp_prevyears_monthly_features_incremental_scaler_experience_replay_hard_example_mining_RR_0.4,MLP Prevyears + Monthly (Incremental Scaler + Replay Hard Example Mining RR=0.4),mlp_prevyears_monthly_features_incremental_scaler,prior_years,2022,2017,pr_auc,0.644445584059822,0.0003504097399265695,0.021669834321295073,0.002305855374404077,0.04605941081611715,0.022481038761776127,0.011368513208509786,2000,percentile,0.05,0.10063050457759243,0.07896067025629736,0.01699150424787606,0.03160419790104948
mlp_prevyears_monthly_features_incremental_scaler_experience_replay_hard_example_mining_RR_0.5,MLP Prevyears + Monthly (Incremental Scaler + Replay Hard Example Mining RR=0.5),mlp_prevyears_monthly_features_incremental_scaler,prior_years,2022,2017,f1_score,0.7888204212170895,0.0003504097399265695,0.04499403543630101,0.021096875434002984,0.07323446341500596,0.0454541784441909,0.013252409586605242,2000,percentile,0.05,0.19555523197611985,0.15056119653981884,0.0014992503748125937,0.0036282973754758305
mlp_prevyears_monthly_features_incremental_scaler_experience_replay_hard_example_mining_RR_0.5,MLP Prevyears + Monthly (Incremental Scaler + Replay Hard Example Mining RR=0.5),mlp_prevyears_monthly_features_incremental_scaler,prior_years,2022,2017,pr_auc,0.7888204212170895,0.0003504097399265695,0.04669310094241391,0.023632594421359305,0.07812906501006699,0.047990434686945665,0.013869428157643318,2000,percentile,0.05,0.12565377119871127,0.07896067025629736,0.0004997501249375312,0.001080854921376521
mlp_prevyears_monthly_features_incremental_scaler_experience_replay_uncertainity_prioritization_RR_0.2,MLP Prevyears + Monthly (Incremental Scaler + Replay Uncertainty Prioritization RR=0.2),mlp_prevyears_monthly_features_incremental_scaler,prior_years,2022,2017,f1_score,0.79520346687526,0.0003504097399265695,0.09093611739521854,0.06432427095613677,0.11894729936313782,0.0909375415823988,0.014022894399847493,2000,percentile,0.05,0.24149731393503737,0.15056119653981884,0.0004997501249375312,0.001260997408272608
mlp_prevyears_monthly_features_incremental_scaler_experience_replay_uncertainity_prioritization_RR_0.2,MLP Prevyears + Monthly (Incremental Scaler + Replay Uncertainty Prioritization RR=0.2),mlp_prevyears_monthly_features_incremental_scaler,prior_years,2022,2017,pr_auc,0.79520346687526,0.0003504097399265695,0.09359073825827921,0.06719956857326993,0.1205382769845548,0.09403839449662713,0.013721782336150313,2000,percentile,0.05,0.17255140851457657,0.07896067025629736,0.0004997501249375312,0.001080854921376521
mlp_prevyears_monthly_features_incremental_scaler_experience_replay_uncertainity_prioritization_RR_0.3,MLP Prevyears + Monthly (Incremental Scaler + Replay Uncertainty Prioritization RR=0.3),mlp_prevyears_monthly_features_incremental_scaler,prior_years,2022,2017,f1_score,0.8636544473457344,0.0003504097399265695,0.10303248854534944,0.07545159201080723,0.1319586049196888,0.10296058326748596,0.014283296010517057,2000,percentile,0.05,0.2535936850851683,0.15056119653981884,0.0004997501249375312,0.001260997408272608
mlp_prevyears_monthly_features_incremental_scaler_experience_replay_uncertainity_prioritization_RR_0.3,MLP Prevyears + Monthly (Incremental Scaler + Replay Uncertainty Prioritization RR=0.3),mlp_prevyears_monthly_features_incremental_scaler,prior_years,2022,2017,pr_auc,0.8636544473457344,0.0003504097399265695,0.10995691222717957,0.07947073017320734,0.1420728758440462,0.1107874631933277,0.015606257333718865,2000,percentile,0.05,0.18891758248347693,0.07896067025629736,0.0004997501249375312,0.001080854921376521
mlp_prevyears_monthly_features_incremental_scaler_experience_replay_uncertainity_prioritization_RR_0.4,MLP Prevyears + Monthly (Incremental Scaler + Replay Uncertainty Prioritization RR=0.4),mlp_prevyears_monthly_features_incremental_scaler,prior_years,2022,2017,f1_score,0.9056228916819525,0.0003504097399265695,0.11033861318663737,0.08068104999405704,0.14035682293864807,0.11031610117318769,0.015412881057791554,2000,percentile,0.05,0.2608998097264562,0.15056119653981884,0.0004997501249375312,0.001260997408272608
mlp_prevyears_monthly_features_incremental_scaler_experience_replay_uncertainity_prioritization_RR_0.4,MLP Prevyears + Monthly (Incremental Scaler + Replay Uncertainty Prioritization RR=0.4),mlp_prevyears_monthly_features_incremental_scaler,prior_years,2022,2017,pr_auc,0.9056228916819525,0.0003504097399265695,0.1055397363616529,0.07690278809024301,0.13801387150244557,0.10671349076972585,0.015502829795359958,2000,percentile,0.05,0.18450040661795025,0.07896067025629736,0.0004997501249375312,0.001080854921376521
mlp_prevyears_monthly_features_incremental_scaler_experience_replay_uncertainity_prioritization_RR_0.5,MLP Prevyears + Monthly (Incremental Scaler + Replay Uncertainty Prioritization RR=0.5),mlp_prevyears_monthly_features_incremental_scaler,prior_years,2022,2017,f1_score,0.8779636248238757,0.0003504097399265695,0.1110174591485669,0.08570164969472481,0.13806329934059394,0.11104153415358325,0.013077900711928972,2000,percentile,0.05,0.26157865568838573,0.15056119653981884,0.0004997501249375312,0.001260997408272608
mlp_prevyears_monthly_features_incremental_scaler_experience_replay_uncertainity_prioritization_RR_0.5,MLP Prevyears + Monthly (Incremental Scaler + Replay Uncertainty Prioritization RR=0.5),mlp_prevyears_monthly_features_incremental_scaler,prior_years,2022,2017,pr_auc,0.8779636248238757,0.0003504097399265695,0.1097733268577647,0.08416256869462929,0.14105514483323411,0.11130899781027626,0.014787922024234616,2000,percentile,0.05,0.18873399711406205,0.07896067025629736,0.0004997501249375312,0.001080854921376521
mlp_prevyears_monthly_features_incremental_scaler_missclassification_buffer_RR_0.3,MLP Prevyears + Monthly (Incremental Scaler + Misclassification Buffer RR=0.3),mlp_prevyears_monthly_features_incremental_scaler,prior_years,2022,2017,f1_score,0.8022495376264578,0.0003504097399265695,-0.06464478714245198,-0.09267187621490093,-0.03587315904488771,-0.06401789850855132,0.014623353000602204,2000,percentile,0.05,0.08591640939736686,0.15056119653981884,1.0,1.0
mlp_prevyears_monthly_features_incremental_scaler_missclassification_buffer_RR_0.3,MLP Prevyears + Monthly (Incremental Scaler + Misclassification Buffer RR=0.3),mlp_prevyears_monthly_features_incremental_scaler,prior_years,2022,2017,pr_auc,0.8022495376264578,0.0003504097399265695,-0.034452224676361075,-0.05208011335986735,-0.017500508010628874,-0.034303544100809234,0.008686445126060378,2000,percentile,0.05,0.04450844557993628,0.07896067025629736,1.0,1.0
"mlp_combined_HE=0.1_CC=0.1_UP=0.1_PR=(0.2,10)_RR=0.5","MLP Combined (HE=0.1, CC=0.1, UP=0.1, PR=(0.2,10), RR=0.5)",mlp_prevyears_monthly_features_incremental_scaler,prior_years,2022,2018,f1_score,0.6295766192123222,0.9969132815834396,0.2610918020350043,0.1585672847082828,0.35301517955459716,0.2633290082191942,0.05016098984507309,2000,percentile,0.05,0.4423466706703701,0.18125486863536577,0.0004997501249375312,0.001260997408272608
"mlp_combined_HE=0.1_CC=0.1_UP=0.1_PR=(0.2,10)_RR=0.5","MLP Combined (HE=0.1, CC=0.1, UP=0.1, PR=(0.2,10), RR=0.5)",mlp_prevyears_monthly_features_incremental_scaler,prior_years,2022,2018,pr_auc,0.6295766192123222,0.9969132815834396,0.32586419332791156,0.24568067939962376,0.39897216542987785,0.3250172596160311,0.03955529747466363,2000,percentile,0.05,0.4340677877272681,0.10820359439935656,0.0004997501249375312,0.001080854921376521
"mlp_combined_HE=0_CC=0.15_UP=0_PR=(0,10)_MC=0.1_RWS=1_RR=0.4","MLP Combined (HE=0, CC=0.15, UP=0, PR=(0,10), MC=0.1, RWS=1, RR=0.4)",mlp_prevyears_monthly_features_incremental_scaler,prior_years,2022,2018,f1_score,0.82472919092239,0.9969132815834396,0.23852555737570674,0.11293078575092591,0.341157373561401,0.241184290673806,0.05898336173258218,2000,percentile,0.05,0.4197804260110725,0.18125486863536577,0.0004997501249375312,0.001260997408272608
"mlp_combined_HE=0_CC=0.15_UP=0_PR=(0,10)_MC=0.1_RWS=1_RR=0.4","MLP Combined (HE=0, CC=0.15, UP=0, PR=(0,10), MC=0.1, RWS=1, RR=0.4)",mlp_prevyears_monthly_features_incremental_scaler,prior_years,2022,2018,pr_auc,0.82472919092239,0.9969132815834396,0.3028521898625878,0.20942059119383724,0.3823985713086664,0.3026487162902161,0.04418409098477102,2000,percentile,0.05,0.41105578426194433,0.10820359439935656,0.0004997501249375312,0.001080854921376521
"mlp_combined_HE=0_CC=0.1_UP=0.1_PR=(0,10)_MC=0.1_RWS=1_RR=0.5","MLP Combined (HE=0, CC=0.1, UP=0.1, PR=(0,10), MC=0.1, RWS=1, RR=0.5)",mlp_prevyears_monthly_features_incremental_scaler,prior_years,2022,2018,f1_score,0.7577225418574893,0.9969132815834396,0.24442402607640173,0.1218120021032693,0.3452407466330723,0.24707556904618613,0.05798805305102079,2000,percentile,0.05,0.4256788947117675,0.18125486863536577,0.0004997501249375312,0.001260997408272608
"mlp_combined_HE=0_CC=0.1_UP=0.1_PR=(0,10)_MC=0.1_RWS=1_RR=0.5","MLP Combined (HE=0, CC=0.1, UP=0.1, PR=(0,10), MC=0.1, RWS=1, RR=0.5)",mlp_prevyears_monthly_features_incremental_scaler,prior_years,2022,2018,pr_auc,0.7577225418574893,0.9969132815834396,0.2976118013683035,0.20486466476336695,0.37702420541251974,0.29754261563984274,0.04389105495420159,2000,percentile,0.05,0.40581539576766007,0.10820359439935656,0.0004997501249375312,0.001080854921376521
"mlp_combined_HE=0_CC=0.1_UP=0.2_PR=(0.1,10)_RR=0.5","MLP Combined (HE=0, CC=0.1, UP=0.2, PR=(0.1,10), RR=0.5)",mlp_prevyears_monthly_features_incremental_scaler,prior_years,2022,2018,f1_score,0.7648868545039109,0.9969132815834396,0.248495525798066,0.11731950401960158,0.3520670199835693,0.25143096314660024,0.06171602247811028,2000,percentile,0.05,0.42975039443343177,0.18125486863536577,0.0004997501249375312,0.001260997408272608
"mlp_combined_HE=0_CC=0.1_UP=0.2_PR=(0.1,10)_RR=0.5","MLP Combined (HE=0, CC=0.1, UP=0.2, PR=(0.1,10), RR=0.5)",mlp_prevyears_monthly_features_incremental_scaler,prior_years,2022,2018,pr_auc,0.7648868545039109,0.9969132815834396,0.29087776365360135,0.17735935384964394,0.3836131800904358,0.2918228355910345,0.0525615216512998,2000,percentile,0.05,0.3990813580529579,0.10820359439935656,0.0004997501249375312,0.001080854921376521
"mlp_combined_HE=0_CC=0.2_UP=0.1_PR=(0.2,10)_RR=0.5","MLP Combined (HE=0, CC=0.2, UP=0.1, PR=(0.2,10), RR=0.5)",mlp_prevyears_monthly_features_incremental_scaler,prior_years,2022,2018,f1_score,0.7889772596743457,0.9969132815834396,0.2578204177803462,0.12902406619556442,0.36281232546884395,0.2605758555870835,0.061083618026870394,2000,percentile,0.05,0.439075286415712,0.18125486863536577,0.0004997501249375312,0.001260997408272608
"mlp_combined_HE=0_CC=0.2_UP=0.1_PR=(0.2,10)_RR=0.5","MLP Combined (HE=0, CC=0.2, UP=0.1, PR=(0.2,10), RR=0.5)",mlp_prevyears_monthly_features_incremental_scaler,prior_years,2022,2018,pr_auc,0.7889772596743457,0.9969132815834396,0.3258494542629003,0.2367455289526499,0.40483128062153584,0.3256664175373154,0.042804850415888135,2000,percentile,0.05,0.43405304866225686,0.10820359439935656,0.0004997501249375312,0.001080854921376521
"mlp_combined_HE=0_CC=0.2_UP=0.2_PR=(0.1,10)_RR=0.5","MLP Combined (HE=0, CC=0.2, UP=0.2, PR=(0.1,10), RR=0.5)",mlp_prevyears_monthly_features_incremental_scaler,prior_years,2022,2018,f1_score,0.6835973644633763,0.9969132815834396,0.25939723544430016,0.12569445471312343,0.3636824551269363,0.2620410569057185,0.06250856118721643,2000,percentile,0.05,0.44065210407966593,0.18125486863536577,0.0004997501249375312,0.001260997408272608
"mlp_combined_HE=0_CC=0.2_UP=0.2_PR=(0.1,10)_RR=0.5","MLP Combined (HE=0, CC=0.2, UP=0.2, PR=(0.1,10), RR=0.5)",mlp_prevyears_monthly_features_incremental_scaler,prior_years,2022,2018,pr_auc,0.6835973644633763,0.9969132815834396,0.31711859754807425,0.21451142746622903,0.4011479840278516,0.3172317727142061,0.04724964852395294,2000,percentile,0.05,0.4253221919474308,0.10820359439935656,0.0004997501249375312,0.001080854921376521
mlp_prevyears_monthly_features_incremental_scaler_experience_replay_RR_0.2,MLP Prevyears + Monthly (Incremental Scaler + Replay RR=0.2),mlp_prevyears_monthly_features_incremental_scaler,prior_years,2022,2018,f1_score,0.9300397632852888,0.9969132815834396,0.24531736610624044,0.11748623626860218,0.34820043466563566,0.2485373574504939,0.060392571708683555,2000,percentile,0.05,0.4265722347416062,0.18125486863536577,0.0004997501249375312,0.001260997408272608
mlp_prevyears_monthly_features_incremental_scaler_experience_replay_RR_0.2,MLP Prevyears + Monthly (Incremental Scaler + Replay RR=0.2),mlp_prevyears_monthly_features_incremental_scaler,prior_years,2022,2018,pr_auc,0.9300397632852888,0.9969132815834396,0.30623522824019705,0.20462951544594918,0.3939133212999462,0.30690805990883446,0.04823331832421031,2000,percentile,0.05,0.4144388226395536,0.10820359439935656,0.0004997501249375312,0.001080854921376521
mlp_prevyears_monthly_features_incremental_scaler_experience_replay_RR_0.2_PR_0.10,"MLP Prevyears + Monthly (Incremental Scaler + Replay RR=0.2, PR=0.10)",mlp_prevyears_monthly_features_incremental_scaler,prior_years,2022,2018,f1_score,0.9638135692565202,0.9969132815834396,0.2580870653213155,0.12740562860793087,0.36149172421570563,0.2610545329548206,0.06175905573145713,2000,percentile,0.05,0.43934193395668125,0.18125486863536577,0.0004997501249375312,0.001260997408272608
mlp_prevyears_monthly_features_incremental_scaler_experience_replay_RR_0.2_PR_0.10,"MLP Prevyears + Monthly (Incremental Scaler + Replay RR=0.2, PR=0.10)",mlp_prevyears_monthly_features_incremental_scaler,prior_years,2022,2018,pr_auc,0.9638135692565202,0.9969132815834396,0.32235504808270105,0.2204102898257501,0.4081424605615993,0.323030567197662,0.04840917712011602,2000,percentile,0.05,0.4305586424820576,0.10820359439935656,0.0004997501249375312,0.001080854921376521
mlp_prevyears_monthly_features_incremental_scaler_experience_replay_RR_0.2_PR_0.15,"MLP Prevyears + Monthly (Incremental Scaler + Replay RR=0.2, PR=0.15)",mlp_prevyears_monthly_features_incremental_scaler,prior_years,2022,2018,f1_score,0.9451954629923917,0.9969132815834396,0.25702176814217564,0.12722111590200785,0.36121593618588677,0.2600549665380222,0.061510445288135686,2000,percentile,0.05,0.4382766367775414,0.18125486863536577,0.0004997501249375312,0.001260997408272608
mlp_prevyears_monthly_features_incremental_scaler_experience_replay_RR_0.2_PR_0.15,"MLP Prevyears + Monthly (Incremental Scaler + Replay RR=0.2, PR=0.15)",mlp_prevyears_monthly_features_incremental_scaler,prior_years,2022,2018,pr_auc,0.9451954629923917,0.9969132815834396,0.3195584385004728,0.21749181389063324,0.40675045614772404,0.3203357561180078,0.04852330971887536,2000,percentile,0.05,0.42776203289982934,0.10820359439935656,0.0004997501249375312,0.001080854921376521
mlp_prevyears_monthly_features_incremental_scaler_experience_replay_RR_0.3,MLP Prevyears + Monthly (Incremental Scaler + Replay RR=0.3),mlp_prevyears_monthly_features_incremental_scaler,prior_years,2022,2018,f1_score,0.9469759052801595,0.9969132815834396,0.25461524295606885,0.12183528776233515,0.3592939243170237,0.25767772508666553,0.062316410145696714,2000,percentile,0.05,0.43587011159143463,0.18125486863536577,0.0004997501249375312,0.001260997408272608
mlp_prevyears_monthly_features_incremental_scaler_experience_replay_RR_0.3,MLP Prevyears + Monthly (Incremental Scaler + Replay RR=0.3),mlp_prevyears_monthly_features_incremental_scaler,prior_years,2022,2018,pr_auc,0.9469759052801595,0.9969132815834396,0.3108406553379809,0.20258223493442823,0.40241604831143774,0.31194250577088944,0.05173203812144564,2000,percentile,0.05,0.41904424973733745,0.10820359439935656,0.0004997501249375312,0.001080854921376521
mlp_prevyears_monthly_features_incremental_scaler_experience_replay_RR_0.3_PR_0.10,"MLP Prevyears + Monthly (Incremental Scaler + Replay RR=0.3, PR=0.10)",mlp_prevyears_monthly_features_incremental_scaler,prior_years,2022,2018,f1_score,0.9389572286228006,0.9969132815834396,0.254304295155988,0.12504581745935225,0.35709018484764354,0.2573810801447836,0.060906821812014345,2000,percentile,0.05,0.4355591637913538,0.18125486863536577,0.0004997501249375312,0.001260997408272608
mlp_prevyears_monthly_features_incremental_scaler_experience_replay_RR_0.3_PR_0.10,"MLP Prevyears + Monthly (Incremental Scaler + Replay RR=0.3, PR=0.10)",mlp_prevyears_monthly_features_incremental_scaler,prior_years,2022,2018,pr_auc,0.9389572286228006,0.9969132815834396,0.325105024401191,0.23405710134601979,0.4055224107746577,0.3254260099350134,0.04326315417335682,2000,percentile,0.05,0.43330861880054755,0.10820359439935656,0.0004997501249375312,0.001080854921376521
mlp_prevyears_monthly_features_incremental_scaler_experience_replay_RR_0.3_PR_0.15,"MLP Prevyears + Monthly (Incremental Scaler + Replay RR=0.3, PR=0.15)",mlp_prevyears_monthly_features_incremental_scaler,prior_years,2022,2018,f1_score,0.9457985818631109,0.9969132815834396,0.24768644321733846,0.11746165329120799,0.3520187503218831,0.25087460806799405,0.06130758469361483,2000,percentile,0.05,0.42894131185270423,0.18125486863536577,0.0004997501249375312,0.001260997408272608
mlp_prevyears_monthly_features_incremental_scaler_experience_replay_RR_0.3_PR_0.15,"MLP Prevyears + Monthly (Incremental Scaler + Replay RR=0.3, PR=0.15)",mlp_prevyears_monthly_features_incremental_scaler,prior_years,2022,2018,pr_auc,0.9457985818631109,0.9969132815834396,0.30893959580499064,0.20749232524156402,0.3947220962213394,0.30975566852747066,0.04775802133237746,2000,percentile,0.05,0.4171431902043472,0.10820359439935656,0.0004997501249375312,0.001080854921376521
mlp_prevyears_monthly_features_incremental_scaler_experience_replay_RR_0.4,MLP Prevyears + Monthly (Incremental Scaler + Replay RR=0.4),mlp_prevyears_monthly_features_incremental_scaler,prior_years,2022,2018,f1_score,0.9342817010505422,0.9969132815834396,0.2561115949240233,0.12717753915344518,0.35884401661751175,0.2591430601398208,0.06094592116085454,2000,percentile,0.05,0.4373664635593891,0.18125486863536577,0.0004997501249375312,0.001260997408272608
mlp_prevyears_monthly_features_incremental_scaler_experience_replay_RR_0.4,MLP Prevyears + Monthly (Incremental Scaler + Replay RR=0.4),mlp_prevyears_monthly_features_incremental_scaler,prior_years,2022,2018,pr_auc,0.9342817010505422,0.9969132815834396,0.32269561604301167,0.22711376217660562,0.40547271149190606,0.3230581726484842,0.04530444632910031,2000,percentile,0.05,0.43089921044236823,0.10820359439935656,0.0004997501249375312,0.001080854921376521
mlp_prevyears_monthly_features_incremental_scaler_experience_replay_RR_0.4_PR_0.10,"MLP Prevyears + Monthly (Incremental Scaler + Replay RR=0.4, PR=0.10)",mlp_prevyears_monthly_features_incremental_scaler,prior_years,2022,2018,f1_score,0.9308081377340843,0.9969132815834396,0.2555507926034107,0.13101804831004993,0.35800662725864363,0.25857617252882537,0.05870706152589715,2000,percentile,0.05,0.43680566123877645,0.18125486863536577,0.0004997501249375312,0.001260997408272608
mlp_prevyears_monthly_features_incremental_scaler_experience_replay_RR_0.4_PR_0.10,"MLP Prevyears + Monthly (Incremental Scaler + Replay RR=0.4, PR=0.10)",mlp_prevyears_monthly_features_incremental_scaler,prior_years,2022,2018,pr_auc,0.9308081377340843,0.9969132815834396,0.31890572318884985,0.22869820995913154,0.39756284080133075,0.3194721010699044,0.04324556562521128,2000,percentile,0.05,0.4271093175882064,0.10820359439935656,0.0004997501249375312,0.001080854921376521
mlp_prevyears_monthly_features_incremental_scaler_experience_replay_RR_0.4_PR_0.15,"MLP Prevyears + Monthly (Incremental Scaler + Replay RR=0.4, PR=0.15)",mlp_prevyears_monthly_features_incremental_scaler,prior_years,2022,2018,f1_score,0.91702890893058,0.9969132815834396,0.2661217587911564,0.13736385712918722,0.36908331837169156,0.26915987387198903,0.06094268680678752,2000,percentile,0.05,0.4473766274265222,0.18125486863536577,0.0004997501249375312,0.001260997408272608
mlp_prevyears_monthly_features_incremental_scaler_experience_replay_RR_0.4_PR_0.15,"MLP Prevyears + Monthly (Incremental Scaler + Replay RR=0.4, PR=0.15)",mlp_prevyears_monthly_features_incremental_scaler,prior_years,2022,2018,pr_auc,0.91702890893058,0.9969132815834396,0.3333045394775368,0.23389882466618603,0.4171884653385429,0.33356538576586614,0.04679363414802671,2000,percentile,0.05,0.44150813387689336,0.10820359439935656,0.0004997501249375312,0.001080854921376521
mlp_prevyears_monthly_features_incremental_scaler_experience_replay_RR_0.5,MLP Prevyears + Monthly (Incremental Scaler + Replay RR=0.5),mlp_prevyears_monthly_features_incremental_scaler,prior_years,2022,2018,f1_score,0.9265920588664788,0.9969132815834396,0.25803041153966766,0.12668502353065933,0.36340720406755045,0.26103097494114014,0.062162109116047505,2000,percentile,0.05,0.43928528017503343,0.18125486863536577,0.0004997501249375312,0.001260997408272608
mlp_prevyears_monthly_features_incremental_scaler_experience_replay_RR_0.5,MLP Prevyears + Monthly (Incremental Scaler + Replay RR=0.5),mlp_prevyears_monthly_features_incremental_scaler,prior_years,2022,2018,pr_auc,0.9265920588664788,0.9969132815834396,0.32109932427137355,0.22273454261334735,0.4052110315604697,0.32175019791983095,0.04683857255390183,2000,percentile,0.05,0.4293029186707301,0.10820359439935656,0.0004997501249375312,0.001080854921376521
mlp_prevyears_monthly_features_incremental_scaler_experience_replay_RR_0.5_PR_0.10,"MLP Prevyears + Monthly (Incremental Scaler + Replay RR=0.5, PR=0.10)",mlp_prevyears_monthly_features_incremental_scaler,prior_years,2022,2018,f1_score,0.9434795429643941,0.9969132815834396,0.262703341496706,0.1319525099226077,0.3673798467385174,0.2658596869102665,0.06172467486490817,2000,percentile,0.05,0.44395821013207176,0.18125486863536577,0.0004997501249375312,0.001260997408272608
mlp_prevyears_monthly_features_incremental_scaler_experience_replay_RR_0.5_PR_0.10,"MLP Prevyears + Monthly (Incremental Scaler + Replay RR=0.5, PR=0.10)",mlp_prevyears_monthly_features_incremental_scaler,prior_years,2022,2018,pr_auc,0.9434795429643941,0.9969132815834396,0.32533829564030564,0.22215915967221395,0.41150599535803867,0.32602857273929603,0.04883137940679807,2000,percentile,0.05,0.4335418900396622,0.10820359439935656,0.0004997501249375312,0.001080854921376521
mlp_prevyears_monthly_features_incremental_scaler_experience_replay_RR_0.5_PR_0.15,"MLP Prevyears + Monthly (Incremental Scaler + Replay RR=0.5, PR=0.15)",mlp_prevyears_monthly_features_incremental_scaler,prior_years,2022,2018,f1_score,0.9401526372121733,0.9969132815834396,0.25088917938063954,0.12149570552095333,0.3550718659362991,0.2539180895528538,0.0610263985617808,2000,percentile,0.05,0.4321440480160053,0.18125486863536577,0.0004997501249375312,0.001260997408272608
mlp_prevyears_monthly_features_incremental_scaler_experience_replay_RR_0.5_PR_0.15,"MLP Prevyears + Monthly (Incremental Scaler + Replay RR=0.5, PR=0.15)",mlp_prevyears_monthly_features_incremental_scaler,prior_years,2022,2018,pr_auc,0.9401526372121733,0.9969132815834396,0.31540302031595885,0.21506478461643436,0.4015429376330378,0.3159566138768794,0.04781223849681222,2000,percentile,0.05,0.4236066147153154,0.10820359439935656,0.0004997501249375312,0.001080854921376521
mlp_prevyears_monthly_features_incremental_scaler_experience_replay_confidently_correct_memory_RR_0.2,MLP Prevyears + Monthly (Incremental Scaler + Replay Confidently Correct RR=0.2),mlp_prevyears_monthly_features_incremental_scaler,prior_years,2022,2018,f1_score,0.9258639999985623,0.9969132815834396,0.24924810594548874,0.12133499033321803,0.35244055923080103,0.2522871697588974,0.06081250330018111,2000,percentile,0.05,0.4305029745808545,0.18125486863536577,0.0004997501249375312,0.001260997408272608
mlp_prevyears_monthly_features_incremental_scaler_experience_replay_confidently_correct_memory_RR_0.2,MLP Prevyears + Monthly (Incremental Scaler + Replay Confidently Correct RR=0.2),mlp_prevyears_monthly_features_incremental_scaler,prior_years,2022,2018,pr_auc,0.9258639999985623,0.9969132815834396,0.3126730395796251,0.2126015415166681,0.39851751391880363,0.3134267329914043,0.04747598735125311,2000,percentile,0.05,0.4208766339789817,0.10820359439935656,0.0004997501249375312,0.001080854921376521
mlp_prevyears_monthly_features_incremental_scaler_experience_replay_confidently_correct_memory_RR_0.3,MLP Prevyears + Monthly (Incremental Scaler + Replay Confidently Correct RR=0.3),mlp_prevyears_monthly_features_incremental_scaler,prior_years,2022,2018,f1_score,0.9231597240848355,0.9969132815834396,0.25375330129927476,0.12269944300128034,0.3580209621956876,0.25660846410489124,0.061919710017263596,2000,percentile,0.05,0.43500816993464053,0.18125486863536577,0.0004997501249375312,0.001260997408272608
mlp_prevyears_monthly_features_incremental_scaler_experience_replay_confidently_correct_memory_RR_0.3,MLP Prevyears + Monthly (Incremental Scaler + Replay Confidently Correct RR=0.3),mlp_prevyears_monthly_features_incremental_scaler,prior_years,2022,2018,pr_auc,0.9231597240848355,0.9969132815834396,0.3216360206674268,0.22151133159874273,0.4056494989968868,0.3220437836973222,0.04715578656017904,2000,percentile,0.05,0.42983961506678336,0.10820359439935656,0.0004997501249375312,0.001080854921376521
mlp_prevyears_monthly_features_incremental_scaler_experience_replay_confidently_correct_memory_RR_0.4,MLP Prevyears + Monthly (Incremental Scaler + Replay Confidently Correct RR=0.4),mlp_prevyears_monthly_features_incremental_scaler,prior_years,2022,2018,f1_score,0.9373606649106869,0.9969132815834396,0.242142693299357,0.12116797146454479,0.34476544796154096,0.2449477320855276,0.05941958845863102,2000,percentile,0.05,0.4233975619347228,0.18125486863536577,0.0004997501249375312,0.001260997408272608
mlp_prevyears_monthly_features_incremental_scaler_experience_replay_confidently_correct_memory_RR_0.4,MLP Prevyears + Monthly (Incremental Scaler + Replay Confidently Correct RR=0.4),mlp_prevyears_monthly_features_incremental_scaler,prior_years,2022,2018,pr_auc,0.9373606649106869,0.9969132815834396,0.3112932010543659,0.2222975157631913,0.3913753046729457,0.31140653402913815,0.0437774541739292,2000,percentile,0.05,0.4194967954537225,0.10820359439935656,0.0004997501249375312,0.001080854921376521
mlp_prevyears_monthly_features_incremental_scaler_experience_replay_confidently_correct_memory_RR_0.5,MLP Prevyears + Monthly (Incremental Scaler + Replay Confidently Correct RR=0.5),mlp_prevyears_monthly_features_incremental_scaler,prior_years,2022,2018,f1_score,0.9371078977399282,0.9969132815834396,0.25982682977798005,0.1267787610590417,0.36519831925177626,0.2629264618195418,0.062450765802867125,2000,percentile,0.05,0.4410816984133458,0.18125486863536577,0.0004997501249375312,0.001260997408272608
mlp_prevyears_monthly_features_incremental_scaler_experience_replay_confidently_correct_memory_RR_0.5,MLP Prevyears + Monthly (Incremental Scaler + Replay Confidently Correct RR=0.5),mlp_prevyears_monthly_features_incremental_scaler,prior_years,2022,2018,pr_auc,0.9371078977399282,0.9969132815834396,0.32655081868899083,0.22466963048554725,0.4136934381240679,0.32720584853116336,0.04814146172782691,2000,percentile,0.05,0.4347544130883474,0.10820359439935656,0.0004997501249375312,0.001080854921376521
mlp_prevyears_monthly_features_incremental_scaler_experience_replay_hard_example_mining_RR_0.2,MLP Prevyears + Monthly (Incremental Scaler + Replay Hard Example Mining RR=0.2),mlp_prevyears_monthly_features_incremental_scaler,prior_years,2022,2018,f1_score,0.6436624493226956,0.9969132815834396,0.19749322555402943,0.06577538174374385,0.3051852609492055,0.2003476995604624,0.06135426557841837,2000,percentile,0.05,0.3787480941893952,0.18125486863536577,0.0014992503748125937,0.0036282973754758305
mlp_prevyears_monthly_features_incremental_scaler_experience_replay_hard_example_mining_RR_0.2,MLP Prevyears + Monthly (Incremental Scaler + Replay Hard Example Mining RR=0.2),mlp_prevyears_monthly_features_incremental_scaler,prior_years,2022,2018,pr_auc,0.6436624493226956,0.9969132815834396,0.21936014481455773,0.10822743632899208,0.3137063618945076,0.22040303006561585,0.05249150728312539,2000,percentile,0.05,0.3275637392139143,0.10820359439935656,0.0004997501249375312,0.001080854921376521
mlp_prevyears_monthly_features_incremental_scaler_experience_replay_hard_example_mining_RR_0.3,MLP Prevyears + Monthly (Incremental Scaler + Replay Hard Example Mining RR=0.3),mlp_prevyears_monthly_features_incremental_scaler,prior_years,2022,2018,f1_score,0.6135526690105525,0.9969132815834396,0.19881878111913504,0.0766164643685639,0.2980383277414753,0.20192112644749619,0.05773555597259259,2000,percentile,0.05,0.3800736497545008,0.18125486863536577,0.0004997501249375312,0.001260997408272608
mlp_prevyears_monthly_features_incremental_scaler_experience_replay_hard_example_mining_RR_0.3,MLP Prevyears + Monthly (Incremental Scaler + Replay Hard Example Mining RR=0.3),mlp_prevyears_monthly_features_incremental_scaler,prior_years,2022,2018,pr_auc,0.6135526690105525,0.9969132815834396,0.22913339561888002,0.1385486522954854,0.31069213479978597,0.22946807851079543,0.0439118578400462,2000,percentile,0.05,0.3373369900182366,0.10820359439935656,0.0004997501249375312,0.001080854921376521
mlp_prevyears_monthly_features_incremental_scaler_experience_replay_hard_example_mining_RR_0.4,MLP Prevyears + Monthly (Incremental Scaler + Replay Hard Example Mining RR=0.4),mlp_prevyears_monthly_features_incremental_scaler,prior_years,2022,2018,f1_score,0.8237235110648721,0.9969132815834396,0.17562893167753424,0.06049971368211729,0.2725209573572349,0.17888227180367636,0.055183718284209836,2000,percentile,0.05,0.3568838003129,0.18125486863536577,0.0014992503748125937,0.0036282973754758305
mlp_prevyears_monthly_features_incremental_scaler_experience_replay_hard_example_mining_RR_0.4,MLP Prevyears + Monthly (Incremental Scaler + Replay Hard Example Mining RR=0.4),mlp_prevyears_monthly_features_incremental_scaler,prior_years,2022,2018,pr_auc,0.8237235110648721,0.9969132815834396,0.21473963534388812,0.11701084363837438,0.3077507563446522,0.2161257936932209,0.048671433330295014,2000,percentile,0.05,0.3229432297432447,0.10820359439935656,0.0004997501249375312,0.001080854921376521
mlp_prevyears_monthly_features_incremental_scaler_experience_replay_hard_example_mining_RR_0.5,MLP Prevyears + Monthly (Incremental Scaler + Replay Hard Example Mining RR=0.5),mlp_prevyears_monthly_features_incremental_scaler,prior_years,2022,2018,f1_score,0.8124457412172705,0.9969132815834396,0.18928841661432994,0.05592116430991443,0.29656103387979443,0.1914427626428861,0.06167940998399204,2000,percentile,0.05,0.3705432852496957,0.18125486863536577,0.001999000499750125,0.004732179364863023
mlp_prevyears_monthly_features_incremental_scaler_experience_replay_hard_example_mining_RR_0.5,MLP Prevyears + Monthly (Incremental Scaler + Replay Hard Example Mining RR=0.5),mlp_prevyears_monthly_features_incremental_scaler,prior_years,2022,2018,pr_auc,0.8124457412172705,0.9969132815834396,0.2171713386073692,0.11552632603939667,0.3065162307177284,0.2169871599217858,0.04932940599546655,2000,percentile,0.05,0.32537493300672576,0.10820359439935656,0.0004997501249375312,0.001080854921376521
mlp_prevyears_monthly_features_incremental_scaler_experience_replay_uncertainity_prioritization_RR_0.2,MLP Prevyears + Monthly (Incremental Scaler + Replay Uncertainty Prioritization RR=0.2),mlp_prevyears_monthly_features_incremental_scaler,prior_years,2022,2018,f1_score,0.9446996842290759,0.9969132815834396,0.2644516106776709,0.1368094226005771,0.36520147019061394,0.26708048252604516,0.05995642802679667,2000,percentile,0.05,0.4457064793130367,0.18125486863536577,0.0004997501249375312,0.001260997408272608
mlp_prevyears_monthly_features_incremental_scaler_experience_replay_uncertainity_prioritization_RR_0.2,MLP Prevyears + Monthly (Incremental Scaler + Replay Uncertainty Prioritization RR=0.2),mlp_prevyears_monthly_features_incremental_scaler,prior_years,2022,2018,pr_auc,0.9446996842290759,0.9969132815834396,0.3297978365540949,0.2320981216685134,0.4103538072378029,0.3297764147517875,0.04584484983540644,2000,percentile,0.05,0.43800143095345145,0.10820359439935656,0.0004997501249375312,0.001080854921376521
mlp_prevyears_monthly_features_incremental_scaler_experience_replay_uncertainity_prioritization_RR_0.3,MLP Prevyears + Monthly (Incremental Scaler + Replay Uncertainty Prioritization RR=0.3),mlp_prevyears_monthly_features_incremental_scaler,prior_years,2022,2018,f1_score,0.9077068350950397,0.9969132815834396,0.2701672713467025,0.1395992838366576,0.3719483455094916,0.2729293642638274,0.060334785165103336,2000,percentile,0.05,0.45142213998206826,0.18125486863536577,0.0004997501249375312,0.001260997408272608
mlp_prevyears_monthly_features_incremental_scaler_experience_replay_uncertainity_prioritization_RR_0.3,MLP Prevyears + Monthly (Incremental Scaler + Replay Uncertainty Prioritization RR=0.3),mlp_prevyears_monthly_features_incremental_scaler,prior_years,2022,2018,pr_auc,0.9077068350950397,0.9969132815834396,0.32847127158750616,0.2316951143564038,0.41096322202537316,0.32874700715798283,0.04558743159705187,2000,percentile,0.05,0.4366748659868627,0.10820359439935656,0.0004997501249375312,0.001080854921376521
mlp_prevyears_monthly_features_incremental_scaler_experience_replay_uncertainity_prioritization_RR_0.4,MLP Prevyears + Monthly (Incremental Scaler + Replay Uncertainty Prioritization RR=0.4),mlp_prevyears_monthly_features_incremental_scaler,prior_years,2022,2018,f1_score,0.9339647902811464,0.9969132815834396,0.26433353806264115,0.13114934063820072,0.3682181065254148,0.26717312260248227,0.06186535798566223,2000,percentile,0.05,0.4455884066980069,0.18125486863536577,0.0004997501249375312,0.001260997408272608
mlp_prevyears_monthly_features_incremental_scaler_experience_replay_uncertainity_prioritization_RR_0.4,MLP Prevyears + Monthly (Incremental Scaler + Replay Uncertainty Prioritization RR=0.4),mlp_prevyears_monthly_features_incremental_scaler,prior_years,2022,2018,pr_auc,0.9339647902811464,0.9969132815834396,0.3208278153023402,0.21789109974059942,0.4076330617667706,0.3216919435004338,0.04890014856337495,2000,percentile,0.05,0.4290314097016968,0.10820359439935656,0.0004997501249375312,0.001080854921376521
mlp_prevyears_monthly_features_incremental_scaler_experience_replay_uncertainity_prioritization_RR_0.5,MLP Prevyears + Monthly (Incremental Scaler + Replay Uncertainty Prioritization RR=0.5),mlp_prevyears_monthly_features_incremental_scaler,prior_years,2022,2018,f1_score,0.9307621001556106,0.9969132815834396,0.2706628096283658,0.14450327414420752,0.37180467927734395,0.27340236054122985,0.059488441330696244,2000,percentile,0.05,0.4519176782637316,0.18125486863536577,0.0004997501249375312,0.001260997408272608
mlp_prevyears_monthly_features_incremental_scaler_experience_replay_uncertainity_prioritization_RR_0.5,MLP Prevyears + Monthly (Incremental Scaler + Replay Uncertainty Prioritization RR=0.5),mlp_prevyears_monthly_features_incremental_scaler,prior_years,2022,2018,pr_auc,0.9307621001556106,0.9969132815834396,0.335684072612015,0.2422916055499297,0.4168735196347204,0.3357664679365655,0.044714518970455364,2000,percentile,0.05,0.44388766701137156,0.10820359439935656,0.0004997501249375312,0.001080854921376521
mlp_prevyears_monthly_features_incremental_scaler_missclassification_buffer_RR_0.3,MLP Prevyears + Monthly (Incremental Scaler + Misclassification Buffer RR=0.3),mlp_prevyears_monthly_features_incremental_scaler,prior_years,2022,2018,f1_score,0.7368593421561594,0.9969132815834396,0.2438684976644711,0.11258790023727011,0.34957825372596124,0.24685036254893572,0.06221346579061652,2000,percentile,0.05,0.4251233662998369,0.18125486863536577,0.0004997501249375312,0.001260997408272608
mlp_prevyears_monthly_features_incremental_scaler_missclassification_buffer_RR_0.3,MLP Prevyears + Monthly (Incremental Scaler + Misclassification Buffer RR=0.3),mlp_prevyears_monthly_features_incremental_scaler,prior_years,2022,2018,pr_auc,0.7368593421561594,0.9969132815834396,0.2827015202324314,0.16754154382138658,0.3773113110216959,0.28373949540686505,0.053845286758422976,2000,percentile,0.05,0.39090511463178795,0.10820359439935656,0.0004997501249375312,0.001080854921376521
"mlp_combined_HE=0.1_CC=0.1_UP=0.1_PR=(0.2,10)_RR=0.5","MLP Combined (HE=0.1, CC=0.1, UP=0.1, PR=(0.2,10), RR=0.5)",mlp_prevyears_monthly_features_incremental_scaler,prior_years,2022,2019,f1_score,0.7674513410098412,0.9357304615551557,-0.02681817321324298,-0.040658877700639064,-0.014354570961142782,-0.02693056943536205,0.006693181506214787,2000,percentile,0.05,0.42129096165120183,0.4481091348644448,1.0,1.0
"mlp_combined_HE=0.1_CC=0.1_UP=0.1_PR=(0.2,10)_RR=0.5","MLP Combined (HE=0.1, CC=0.1, UP=0.1, PR=(0.2,10), RR=0.5)",mlp_prevyears_monthly_features_incremental_scaler,prior_years,2022,2019,pr_auc,0.7674513410098412,0.9357304615551557,0.0004606514305203202,-0.01675831592576581,0.01578670908148632,-0.0003745064724384718,0.008458110554597558,2000,percentile,0.05,0.38952180130318553,0.3890611498726652,0.5137431284357821,0.6635848742295518
"mlp_combined_HE=0_CC=0.15_UP=0_PR=(0,10)_MC=0.1_RWS=1_RR=0.4","MLP Combined (HE=0, CC=0.15, UP=0, PR=(0,10), MC=0.1, RWS=1, RR=0.4)",mlp_prevyears_monthly_features_incremental_scaler,prior_years,2022,2019,f1_score,0.8451629749469005,0.9357304615551557,0.017514483236589107,0.009291060952335227,0.025678070480711974,0.017398069266556036,0.0041862377297353015,2000,percentile,0.05,0.4656236181010339,0.4481091348644448,0.0004997501249375312,0.001260997408272608
"mlp_combined_HE=0_CC=0.15_UP=0_PR=(0,10)_MC=0.1_RWS=1_RR=0.4","MLP Combined (HE=0, CC=0.15, UP=0, PR=(0,10), MC=0.1, RWS=1, RR=0.4)",mlp_prevyears_monthly_features_incremental_scaler,prior_years,2022,2019,pr_auc,0.8451629749469005,0.9357304615551557,0.03005388251743013,0.0199537522872993,0.039238592148385126,0.029539447035900175,0.004944985403845136,2000,percentile,0.05,0.41911503239009534,0.3890611498726652,0.0004997501249375312,0.001080854921376521
"mlp_combined_HE=0_CC=0.1_UP=0.1_PR=(0,10)_MC=0.1_RWS=1_RR=0.5","MLP Combined (HE=0, CC=0.1, UP=0.1, PR=(0,10), MC=0.1, RWS=1, RR=0.5)",mlp_prevyears_monthly_features_incremental_scaler,prior_years,2022,2019,f1_score,0.8256402622684156,0.9357304615551557,0.0012574262290707683,-0.014601401836735518,0.018470098372763085,0.0011577474536474583,0.00848200692208278,2000,percentile,0.05,0.4493665610935156,0.4481091348644448,0.456271864067966,0.6093408213925825
"mlp_combined_HE=0_CC=0.1_UP=0.1_PR=(0,10)_MC=0.1_RWS=1_RR=0.5","MLP Combined (HE=0, CC=0.1, UP=0.1, PR=(0,10), MC=0.1, RWS=1, RR=0.5)",mlp_prevyears_monthly_features_incremental_scaler,prior_years,2022,2019,pr_auc,0.8256402622684156,0.9357304615551557,0.019426710552732374,0.0015348452405250736,0.0380785690305099,0.018989865670397395,0.009386151206239101,2000,percentile,0.05,0.4084878604253976,0.3890611498726652,0.01649175412293853,0.030850953833428115
"mlp_combined_HE=0_CC=0.1_UP=0.2_PR=(0.1,10)_RR=0.5","MLP Combined (HE=0, CC=0.1, UP=0.2, PR=(0.1,10), RR=0.5)",mlp_prevyears_monthly_features_incremental_scaler,prior_years,2022,2019,f1_score,0.8169974593794441,0.9357304615551557,0.006766504990273647,-0.005418812503314821,0.019151208724732947,0.00670091101937565,0.006283960382085142,2000,percentile,0.05,0.45487563985471846,0.4481091348644448,0.1489255372313843,0.2370428477692694
"mlp_combined_HE=0_CC=0.1_UP=0.2_PR=(0.1,10)_RR=0.5","MLP Combined (HE=0, CC=0.1, UP=0.2, PR=(0.1,10), RR=0.5)",mlp_prevyears_monthly_features_incremental_scaler,prior_years,2022,2019,pr_auc,0.8169974593794441,0.9357304615551557,0.028229424686359195,0.010193506485105077,0.04472557813979153,0.0273803337722833,0.00895703676427931,2000,percentile,0.05,0.4172905745590244,0.3890611498726652,0.0004997501249375312,0.001080854921376521
"mlp_combined_HE=0_CC=0.2_UP=0.1_PR=(0.2,10)_RR=0.5","MLP Combined (HE=0, CC=0.2, UP=0.1, PR=(0.2,10), RR=0.5)",mlp_prevyears_monthly_features_incremental_scaler,prior_years,2022,2019,f1_score,0.8312655291411372,0.9357304615551557,0.001580669409362967,-0.014773942366242406,0.018915579787171097,0.00170947252458356,0.008459357671539703,2000,percentile,0.05,0.4496898042738078,0.4481091348644448,0.42128935532233885,0.573245736213313
"mlp_combined_HE=0_CC=0.2_UP=0.1_PR=(0.2,10)_RR=0.5","MLP Combined (HE=0, CC=0.2, UP=0.1, PR=(0.2,10), RR=0.5)",mlp_prevyears_monthly_features_incremental_scaler,prior_years,2022,2019,pr_auc,0.8312655291411372,0.9357304615551557,0.029323259972231397,0.010439543202300379,0.04688634933901051,0.028503513216455955,0.00937473765237397,2000,percentile,0.05,0.4183844098448966,0.3890611498726652,0.0009995002498750624,0.002078832788078804
"mlp_combined_HE=0_CC=0.2_UP=0.2_PR=(0.1,10)_RR=0.5","MLP Combined (HE=0, CC=0.2, UP=0.2, PR=(0.1,10), RR=0.5)",mlp_prevyears_monthly_features_incremental_scaler,prior_years,2022,2019,f1_score,0.7978297533273934,0.9357304615551557,0.013756624097367776,-0.0005600282183524469,0.028935880257597735,0.01362886205630654,0.007531468428069501,2000,percentile,0.05,0.4618657589618126,0.4481091348644448,0.03248375812093953,0.06466950011232915
"mlp_combined_HE=0_CC=0.2_UP=0.2_PR=(0.1,10)_RR=0.5","MLP Combined (HE=0, CC=0.2, UP=0.2, PR=(0.1,10), RR=0.5)",mlp_prevyears_monthly_features_incremental_scaler,prior_years,2022,2019,pr_auc,0.7978297533273934,0.9357304615551557,0.03437394376640779,0.014783687743903675,0.05179663698705226,0.03338086947759405,0.009392575107821613,2000,percentile,0.05,0.423435093639073,0.3890611498726652,0.0004997501249375312,0.001080854921376521
mlp_prevyears_monthly_features_incremental_scaler_experience_replay_RR_0.2,MLP Prevyears + Monthly (Incremental Scaler + Replay RR=0.2),mlp_prevyears_monthly_features_incremental_scaler,prior_years,2022,2019,f1_score,0.9124235395604697,0.9357304615551557,0.004379363671732528,-0.00460737600631754,0.013990272593616546,0.004357726930802048,0.004681253972592217,2000,percentile,0.05,0.45248849853617734,0.4481091348644448,0.16491754122938532,0.2587019743140478
mlp_prevyears_monthly_features_incremental_scaler_experience_replay_RR_0.2,MLP Prevyears + Monthly (Incremental Scaler + Replay RR=0.2),mlp_prevyears_monthly_features_incremental_scaler,prior_years,2022,2019,pr_auc,0.9124235395604697,0.9357304615551557,0.017741337082107234,0.004634809348936307,0.031151452567560592,0.017432254797205844,0.00685607096595683,2000,percentile,0.05,0.40680248695477245,0.3890611498726652,0.00399800099950025,0.007910938147947303
mlp_prevyears_monthly_features_incremental_scaler_experience_replay_RR_0.2_PR_0.10,"MLP Prevyears + Monthly (Incremental Scaler + Replay RR=0.2, PR=0.10)",mlp_prevyears_monthly_features_incremental_scaler,prior_years,2022,2019,f1_score,0.9040016923522948,0.9357304615551557,0.006232462245309767,-0.0020651811003729497,0.01484522987072096,0.0062679829416133065,0.0042872516719133485,2000,percentile,0.05,0.4543415971097546,0.4481091348644448,0.06946526736631684,0.12774544930924367
mlp_prevyears_monthly_features_incremental_scaler_experience_replay_RR_0.2_PR_0.10,"MLP Prevyears + Monthly (Incremental Scaler + Replay RR=0.2, PR=0.10)",mlp_prevyears_monthly_features_incremental_scaler,prior_years,2022,2019,pr_auc,0.9040016923522948,0.9357304615551557,0.01945150902873838,0.01073017492263838,0.027658797774778164,0.019049413116936365,0.004360926993907662,2000,percentile,0.05,0.4085126589014036,0.3890611498726652,0.0004997501249375312,0.001080854921376521
mlp_prevyears_monthly_features_incremental_scaler_experience_replay_RR_0.2_PR_0.15,"MLP Prevyears + Monthly (Incremental Scaler + Replay RR=0.2, PR=0.15)",mlp_prevyears_monthly_features_incremental_scaler,prior_years,2022,2019,f1_score,0.8942229209098663,0.9357304615551557,0.013121647186303098,0.003569788586395721,0.022770091176833283,0.013094290904391282,0.00474408625200022,2000,percentile,0.05,0.4612307820507479,0.4481091348644448,0.005497251374312844,0.012426078627352989
mlp_prevyears_monthly_features_incremental_scaler_experience_replay_RR_0.2_PR_0.15,"MLP Prevyears + Monthly (Incremental Scaler + Replay RR=0.2, PR=0.15)",mlp_prevyears_monthly_features_incremental_scaler,prior_years,2022,2019,pr_auc,0.8942229209098663,0.9357304615551557,0.028999931829071013,0.01582290604517092,0.04195905913143416,0.028612237844446543,0.006564968611068592,2000,percentile,0.05,0.4180610817017362,0.3890611498726652,0.0004997501249375312,0.001080854921376521
mlp_prevyears_monthly_features_incremental_scaler_experience_replay_RR_0.3,MLP Prevyears + Monthly (Incremental Scaler + Replay RR=0.3),mlp_prevyears_monthly_features_incremental_scaler,prior_years,2022,2019,f1_score,0.9225680203079335,0.9357304615551557,0.011163816460262543,0.001139631641385626,0.021555142550487225,0.011110678410860324,0.0050371755831518554,2000,percentile,0.05,0.45927295132470736,0.4481091348644448,0.013993003498250875,0.029672460186844687
mlp_prevyears_monthly_features_incremental_scaler_experience_replay_RR_0.3,MLP Prevyears + Monthly (Incremental Scaler + Replay RR=0.3),mlp_prevyears_monthly_features_incremental_scaler,prior_years,2022,2019,pr_auc,0.9225680203079335,0.9357304615551557,0.025354650557378122,0.013357702324445794,0.036863883827125375,0.024899642904681316,0.006011157749504695,2000,percentile,0.05,0.41441580043004334,0.3890611498726652,0.0004997501249375312,0.001080854921376521
mlp_prevyears_monthly_features_incremental_scaler_experience_replay_RR_0.3_PR_0.10,"MLP Prevyears + Monthly (Incremental Scaler + Replay RR=0.3, PR=0.10)",mlp_prevyears_monthly_features_incremental_scaler,prior_years,2022,2019,f1_score,0.8958126239780436,0.9357304615551557,0.0168687602473368,0.00650548644755458,0.02836388306199862,0.016791456453317102,0.005627191232408727,2000,percentile,0.05,0.4649778951117816,0.4481091348644448,0.0004997501249375312,0.001260997408272608
mlp_prevyears_monthly_features_incremental_scaler_experience_replay_RR_0.3_PR_0.10,"MLP Prevyears + Monthly (Incremental Scaler + Replay RR=0.3, PR=0.10)",mlp_prevyears_monthly_features_incremental_scaler,prior_years,2022,2019,pr_auc,0.8958126239780436,0.9357304615551557,0.031585565600283805,0.01526898696220733,0.04698691206835716,0.030932170543261035,0.008238922126696057,2000,percentile,0.05,0.420646715472949,0.3890611498726652,0.0004997501249375312,0.001080854921376521
mlp_prevyears_monthly_features_incremental_scaler_experience_replay_RR_0.3_PR_0.15,"MLP Prevyears + Monthly (Incremental Scaler + Replay RR=0.3, PR=0.15)",mlp_prevyears_monthly_features_incremental_scaler,prior_years,2022,2019,f1_score,0.8900196123693545,0.9357304615551557,0.011977154102315701,0.0025027047134488513,0.02220032346899834,0.011905626289870068,0.005002553702823072,2000,percentile,0.05,0.4600862889667605,0.4481091348644448,0.008995502248875561,0.019784026905466184
mlp_prevyears_monthly_features_incremental_scaler_experience_replay_RR_0.3_PR_0.15,"MLP Prevyears + Monthly (Incremental Scaler + Replay RR=0.3, PR=0.15)",mlp_prevyears_monthly_features_incremental_scaler,prior_years,2022,2019,pr_auc,0.8900196123693545,0.9357304615551557,0.031177452011236728,0.01952896170282439,0.042607176797059006,0.03061052925431087,0.006071356724871589,2000,percentile,0.05,0.42023860188390194,0.3890611498726652,0.0004997501249375312,0.001080854921376521
mlp_prevyears_monthly_features_incremental_scaler_experience_replay_RR_0.4,MLP Prevyears + Monthly (Incremental Scaler + Replay RR=0.4),mlp_prevyears_monthly_features_incremental_scaler,prior_years,2022,2019,f1_score,0.9223390240907818,0.9357304615551557,0.017017751849769835,0.004540530375535529,0.030315484030116087,0.01684808238123882,0.006681482416687329,2000,percentile,0.05,0.46512688671421465,0.4481091348644448,0.001999000499750125,0.004732179364863023
mlp_prevyears_monthly_features_incremental_scaler_experience_replay_RR_0.4,MLP Prevyears + Monthly (Incremental Scaler + Replay RR=0.4),mlp_prevyears_monthly_features_incremental_scaler,prior_years,2022,2019,pr_auc,0.9223390240907818,0.9357304615551557,0.0372578208571856,0.020052752360894148,0.052911633549893734,0.036505180384077206,0.008449170218968006,2000,percentile,0.05,0.4263189707298508,0.3890611498726652,0.0004997501249375312,0.001080854921376521
mlp_prevyears_monthly_features_incremental_scaler_experience_replay_RR_0.4_PR_0.10,"MLP Prevyears + Monthly (Incremental Scaler + Replay RR=0.4, PR=0.10)",mlp_prevyears_monthly_features_incremental_scaler,prior_years,2022,2019,f1_score,0.9039540407661915,0.9357304615551557,0.011520008076130461,0.0034553768044157467,0.020691355744621318,0.011616346831605182,0.00434201867828548,2000,percentile,0.05,0.4596291429405753,0.4481091348644448,0.0014992503748125937,0.0036282973754758305
mlp_prevyears_monthly_features_incremental_scaler_experience_replay_RR_0.4_PR_0.10,"MLP Prevyears + Monthly (Incremental Scaler + Replay RR=0.4, PR=0.10)",mlp_prevyears_monthly_features_incremental_scaler,prior_years,2022,2019,pr_auc,0.9039540407661915,0.9357304615551557,0.026758885669342924,0.017815863803278254,0.035409317092250786,0.026485631360421924,0.004557040213696038,2000,percentile,0.05,0.41582003554200814,0.3890611498726652,0.0004997501249375312,0.001080854921376521
mlp_prevyears_monthly_features_incremental_scaler_experience_replay_RR_0.4_PR_0.15,"MLP Prevyears + Monthly (Incremental Scaler + Replay RR=0.4, PR=0.15)",mlp_prevyears_monthly_features_incremental_scaler,prior_years,2022,2019,f1_score,0.8680881131476353,0.9357304615551557,0.008079362410812974,-0.001715257740582353,0.018187822347779384,0.00827948859487156,0.004975757616366884,2000,percentile,0.05,0.4561884972752578,0.4481091348644448,0.047476261869065464,0.09037148092620356
mlp_prevyears_monthly_features_incremental_scaler_experience_replay_RR_0.4_PR_0.15,"MLP Prevyears + Monthly (Incremental Scaler + Replay RR=0.4, PR=0.15)",mlp_prevyears_monthly_features_incremental_scaler,prior_years,2022,2019,pr_auc,0.8680881131476353,0.9357304615551557,0.029089560855913854,0.018384157772806272,0.03932779186068967,0.028981550086585164,0.005279204376886576,2000,percentile,0.05,0.41815071072857907,0.3890611498726652,0.0004997501249375312,0.001080854921376521
mlp_prevyears_monthly_features_incremental_scaler_experience_replay_RR_0.5,MLP Prevyears + Monthly (Incremental Scaler + Replay RR=0.5),mlp_prevyears_monthly_features_incremental_scaler,prior_years,2022,2019,f1_score,0.9224240375258547,0.9357304615551557,0.007909670034726313,-0.0030402994196270694,0.018628995885854437,0.007970746249592509,0.005491088270518653,2000,percentile,0.05,0.4560188048991711,0.4481091348644448,0.0704647676161919,0.12921848934687585
mlp_prevyears_monthly_features_incremental_scaler_experience_replay_RR_0.5,MLP Prevyears + Monthly (Incremental Scaler + Replay RR=0.5),mlp_prevyears_monthly_features_incremental_scaler,prior_years,2022,2019,pr_auc,0.9224240375258547,0.9357304615551557,0.02834459297806402,0.013164032946547497,0.04249554584885183,0.02796648511826413,0.007479255661270321,2000,percentile,0.05,0.41740574285072923,0.3890611498726652,0.0004997501249375312,0.001080854921376521
mlp_prevyears_monthly_features_incremental_scaler_experience_replay_RR_0.5_PR_0.10,"MLP Prevyears + Monthly (Incremental Scaler + Replay RR=0.5, PR=0.10)",mlp_prevyears_monthly_features_incremental_scaler,prior_years,2022,2019,f1_score,0.9153412187468133,0.9357304615551557,0.02792940237786329,0.015288391826033811,0.042003367130833295,0.027871901901276627,0.0068673374247147576,2000,percentile,0.05,0.4760385372423081,0.4481091348644448,0.0004997501249375312,0.001260997408272608
mlp_prevyears_monthly_features_incremental_scaler_experience_replay_RR_0.5_PR_0.10,"MLP Prevyears + Monthly (Incremental Scaler + Replay RR=0.5, PR=0.10)",mlp_prevyears_monthly_features_incremental_scaler,prior_years,2022,2019,pr_auc,0.9153412187468133,0.9357304615551557,0.03581289722245945,0.020808186240615204,0.05086193950090677,0.0353686495851431,0.007634665543189871,2000,percentile,0.05,0.42487404709512466,0.3890611498726652,0.0004997501249375312,0.001080854921376521
mlp_prevyears_monthly_features_incremental_scaler_experience_replay_RR_0.5_PR_0.15,"MLP Prevyears + Monthly (Incremental Scaler + Replay RR=0.5, PR=0.15)",mlp_prevyears_monthly_features_incremental_scaler,prior_years,2022,2019,f1_score,0.894353069973019,0.9357304615551557,0.019972387790094526,0.006813342636099146,0.034989130172172575,0.019863446204153895,0.007435126762328318,2000,percentile,0.05,0.46808152265453934,0.4481091348644448,0.001999000499750125,0.004732179364863023
mlp_prevyears_monthly_features_incremental_scaler_experience_replay_RR_0.5_PR_0.15,"MLP Prevyears + Monthly (Incremental Scaler + Replay RR=0.5, PR=0.15)",mlp_prevyears_monthly_features_incremental_scaler,prior_years,2022,2019,pr_auc,0.894353069973019,0.9357304615551557,0.032611764587825,0.018229229312958624,0.04696205595305488,0.03210058129502697,0.007443214105753392,2000,percentile,0.05,0.4216729144604902,0.3890611498726652,0.0004997501249375312,0.001080854921376521
mlp_prevyears_monthly_features_incremental_scaler_experience_replay_confidently_correct_memory_RR_0.2,MLP Prevyears + Monthly (Incremental Scaler + Replay Confidently Correct RR=0.2),mlp_prevyears_monthly_features_incremental_scaler,prior_years,2022,2019,f1_score,0.8871810739409688,0.9357304615551557,0.015169115844952619,0.007085868702157182,0.023343307125297617,0.015092732202943616,0.004100631733423531,2000,percentile,0.05,0.46327825070939743,0.4481091348644448,0.0004997501249375312,0.001260997408272608
mlp_prevyears_monthly_features_incremental_scaler_experience_replay_confidently_correct_memory_RR_0.2,MLP Prevyears + Monthly (Incremental Scaler + Replay Confidently Correct RR=0.2),mlp_prevyears_monthly_features_incremental_scaler,prior_years,2022,2019,pr_auc,0.8871810739409688,0.9357304615551557,0.028125927674653606,0.018603881870493284,0.036858738640409776,0.02779562166035532,0.004691182116935071,2000,percentile,0.05,0.4171870775473188,0.3890611498726652,0.0004997501249375312,0.001080854921376521
mlp_prevyears_monthly_features_incremental_scaler_experience_replay_confidently_correct_memory_RR_0.3,MLP Prevyears + Monthly (Incremental Scaler + Replay Confidently Correct RR=0.3),mlp_prevyears_monthly_features_incremental_scaler,prior_years,2022,2019,f1_score,0.9226389545990541,0.9357304615551557,0.014269925259950467,0.00527282647988161,0.024001171216275163,0.014116742888834768,0.0046588451592109,2000,percentile,0.05,0.4623790601243953,0.4481091348644448,0.0004997501249375312,0.001260997408272608
mlp_prevyears_monthly_features_incremental_scaler_experience_replay_confidently_correct_memory_RR_0.3,MLP Prevyears + Monthly (Incremental Scaler + Replay Confidently Correct RR=0.3),mlp_prevyears_monthly_features_incremental_scaler,prior_years,2022,2019,pr_auc,0.9226389545990541,0.9357304615551557,0.029126815608913004,0.015311286719446603,0.0423118340712073,0.028752822996316155,0.006728582381814327,2000,percentile,0.05,0.4181879654815782,0.3890611498726652,0.0004997501249375312,0.001080854921376521
mlp_prevyears_monthly_features_incremental_scaler_experience_replay_confidently_correct_memory_RR_0.4,MLP Prevyears + Monthly (Incremental Scaler + Replay Confidently Correct RR=0.4),mlp_prevyears_monthly_features_incremental_scaler,prior_years,2022,2019,f1_score,0.9067598578579443,0.9357304615551557,0.014794324991688201,0.00482262611455499,0.02454164777725719,0.014752339007991878,0.0049209579182742935,2000,percentile,0.05,0.462903459856133,0.4481091348644448,0.0034982508745627187,0.008075749359362871
mlp_prevyears_monthly_features_incremental_scaler_experience_replay_confidently_correct_memory_RR_0.4,MLP Prevyears + Monthly (Incremental Scaler + Replay Confidently Correct RR=0.4),mlp_prevyears_monthly_features_incremental_scaler,prior_years,2022,2019,pr_auc,0.9067598578579443,0.9357304615551557,0.03560624434224546,0.02240211850851582,0.047814494833771606,0.03505279250240532,0.00645174827629243,2000,percentile,0.05,0.4246673942149107,0.3890611498726652,0.0004997501249375312,0.001080854921376521
mlp_prevyears_monthly_features_incremental_scaler_experience_replay_confidently_correct_memory_RR_0.5,MLP Prevyears + Monthly (Incremental Scaler + Replay Confidently Correct RR=0.5),mlp_prevyears_monthly_features_incremental_scaler,prior_years,2022,2019,f1_score,0.9067518303745112,0.9357304615551557,0.007973789303585721,0.0002618131861255827,0.016000450948027847,0.008029965092258482,0.004129462896289804,2000,percentile,0.05,0.45608292416803053,0.4481091348644448,0.021989005497251374,0.045443944694319505
mlp_prevyears_monthly_features_incremental_scaler_experience_replay_confidently_correct_memory_RR_0.5,MLP Prevyears + Monthly (Incremental Scaler + Replay Confidently Correct RR=0.5),mlp_prevyears_monthly_features_incremental_scaler,prior_years,2022,2019,pr_auc,0.9067518303745112,0.9357304615551557,0.025479209708374584,0.014793687702471685,0.03515725449177369,0.02508227195860726,0.005288637410473838,2000,percentile,0.05,0.4145403595810398,0.3890611498726652,0.0004997501249375312,0.001080854921376521
mlp_prevyears_monthly_features_incremental_scaler_experience_replay_hard_example_mining_RR_0.2,MLP Prevyears + Monthly (Incremental Scaler + Replay Hard Example Mining RR=0.2),mlp_prevyears_monthly_features_incremental_scaler,prior_years,2022,2019,f1_score,0.8260644052463381,0.9357304615551557,-0.040066881619858996,-0.05785003356212763,-0.02144365686853288,-0.039800520996899194,0.009238386202271208,2000,percentile,0.05,0.4080422532445858,0.4481091348644448,1.0,1.0
mlp_prevyears_monthly_features_incremental_scaler_experience_replay_hard_example_mining_RR_0.2,MLP Prevyears + Monthly (Incremental Scaler + Replay Hard Example Mining RR=0.2),mlp_prevyears_monthly_features_incremental_scaler,prior_years,2022,2019,pr_auc,0.8260644052463381,0.9357304615551557,-0.024030867170486025,-0.052421155903926805,0.006798166718630319,-0.02443598852675204,0.015466380219747554,2000,percentile,0.05,0.3650302827021792,0.3890611498726652,0.9370314842578711,1.0
mlp_prevyears_monthly_features_incremental_scaler_experience_replay_hard_example_mining_RR_0.3,MLP Prevyears + Monthly (Incremental Scaler + Replay Hard Example Mining RR=0.3),mlp_prevyears_monthly_features_incremental_scaler,prior_years,2022,2019,f1_score,0.8494912294826666,0.9357304615551557,-0.0654552383353027,-0.08904112317501534,-0.0441880690706867,-0.0654864671598767,0.011623119400727557,2000,percentile,0.05,0.3826538965291421,0.4481091348644448,1.0,1.0
mlp_prevyears_monthly_features_incremental_scaler_experience_replay_hard_example_mining_RR_0.3,MLP Prevyears + Monthly (Incremental Scaler + Replay Hard Example Mining RR=0.3),mlp_prevyears_monthly_features_incremental_scaler,prior_years,2022,2019,pr_auc,0.8494912294826666,0.9357304615551557,-0.04980555232381928,-0.08098569014002041,-0.020412405239290714,-0.050187461030666354,0.015876867284442084,2000,percentile,0.05,0.33925559754884593,0.3890611498726652,0.9995002498750625,1.0
mlp_prevyears_monthly_features_incremental_scaler_experience_replay_hard_example_mining_RR_0.4,MLP Prevyears + Monthly (Incremental Scaler + Replay Hard Example Mining RR=0.4),mlp_prevyears_monthly_features_incremental_scaler,prior_years,2022,2019,f1_score,0.835515927730546,0.9357304615551557,-0.03601357536855354,-0.05312434635114951,-0.020456509028563084,-0.035938202366217385,0.008123044148874032,2000,percentile,0.05,0.4120955594958913,0.4481091348644448,1.0,1.0
mlp_prevyears_monthly_features_incremental_scaler_experience_replay_hard_example_mining_RR_0.4,MLP Prevyears + Monthly (Incremental Scaler + Replay Hard Example Mining RR=0.4),mlp_prevyears_monthly_features_incremental_scaler,prior_years,2022,2019,pr_auc,0.835515927730546,0.9357304615551557,-0.01591017734018818,-0.041570575397990944,0.010044163711848523,-0.016472556661624956,0.01323913226238059,2000,percentile,0.05,0.37315097253247703,0.3890611498726652,0.888055972013993,0.984864710501892
mlp_prevyears_monthly_features_incremental_scaler_experience_replay_hard_example_mining_RR_0.5,MLP Prevyears + Monthly (Incremental Scaler + Replay Hard Example Mining RR=0.5),mlp_prevyears_monthly_features_incremental_scaler,prior_years,2022,2019,f1_score,0.8662469106917541,0.9357304615551557,-0.009566897332150104,-0.022152003221063987,0.0029649804825324453,-0.009496182619019581,0.00643372855414141,2000,percentile,0.05,0.4385422375322947,0.4481091348644448,0.9355322338830585,1.0
mlp_prevyears_monthly_features_incremental_scaler_experience_replay_hard_example_mining_RR_0.5,MLP Prevyears + Monthly (Incremental Scaler + Replay Hard Example Mining RR=0.5),mlp_prevyears_monthly_features_incremental_scaler,prior_years,2022,2019,pr_auc,0.8662469106917541,0.9357304615551557,0.010711530996015572,-0.009644632341793753,0.028977258746851507,0.010040323749517539,0.009950393922724787,2000,percentile,0.05,0.3997726808686808,0.3890611498726652,0.16841579210394803,0.273413168727357
mlp_prevyears_monthly_features_incremental_scaler_experience_replay_uncertainity_prioritization_RR_0.2,MLP Prevyears + Monthly (Incremental Scaler + Replay Uncertainty Prioritization RR=0.2),mlp_prevyears_monthly_features_incremental_scaler,prior_years,2022,2019,f1_score,0.9293397567398586,0.9357304615551557,0.02484524218647083,0.0057833262230606265,0.04654142717127875,0.024767581003040065,0.01059319467243447,2000,percentile,0.05,0.47295437705091564,0.4481091348644448,0.0034982508745627187,0.008075749359362871
mlp_prevyears_monthly_features_incremental_scaler_experience_replay_uncertainity_prioritization_RR_0.2,MLP Prevyears + Monthly (Incremental Scaler + Replay Uncertainty Prioritization RR=0.2),mlp_prevyears_monthly_features_incremental_scaler,prior_years,2022,2019,pr_auc,0.9293397567398586,0.9357304615551557,0.03408109502934381,0.014283605055864512,0.05401279862577173,0.033682249405331245,0.010107222085578306,2000,percentile,0.05,0.423142244902009,0.3890611498726652,0.0004997501249375312,0.001080854921376521
mlp_prevyears_monthly_features_incremental_scaler_experience_replay_uncertainity_prioritization_RR_0.3,MLP Prevyears + Monthly (Incremental Scaler + Replay Uncertainty Prioritization RR=0.3),mlp_prevyears_monthly_features_incremental_scaler,prior_years,2022,2019,f1_score,0.9329541005217654,0.9357304615551557,0.014259898274705474,-0.0008650237485686772,0.03193764006851322,0.014092061092768279,0.008467624421090978,2000,percentile,0.05,0.4623690331391503,0.4481091348644448,0.03698150924537731,0.07229718474096285
mlp_prevyears_monthly_features_incremental_scaler_experience_replay_uncertainity_prioritization_RR_0.3,MLP Prevyears + Monthly (Incremental Scaler + Replay Uncertainty Prioritization RR=0.3),mlp_prevyears_monthly_features_incremental_scaler,prior_years,2022,2019,pr_auc,0.9329541005217654,0.9357304615551557,0.03267301171735343,0.018058383164858135,0.04755217055624134,0.03193080329689635,0.007538435294919156,2000,percentile,0.05,0.42173416159001864,0.3890611498726652,0.0004997501249375312,0.001080854921376521
mlp_prevyears_monthly_features_incremental_scaler_experience_replay_uncertainity_prioritization_RR_0.4,MLP Prevyears + Monthly (Incremental Scaler + Replay Uncertainty Prioritization RR=0.4),mlp_prevyears_monthly_features_incremental_scaler,prior_years,2022,2019,f1_score,0.9463419559366255,0.9357304615551557,0.025774578595240405,0.010871410837345325,0.04455913986113123,0.025559298970747206,0.008837435721588106,2000,percentile,0.05,0.4738837134596852,0.4481091348644448,0.0004997501249375312,0.001260997408272608
mlp_prevyears_monthly_features_incremental_scaler_experience_replay_uncertainity_prioritization_RR_0.4,MLP Prevyears + Monthly (Incremental Scaler + Replay Uncertainty Prioritization RR=0.4),mlp_prevyears_monthly_features_incremental_scaler,prior_years,2022,2019,pr_auc,0.9463419559366255,0.9357304615551557,0.03667797047408383,0.02043368806301876,0.05418790658874847,0.03620818949500087,0.008812150628827896,2000,percentile,0.05,0.42573912034674904,0.3890611498726652,0.0004997501249375312,0.001080854921376521
mlp_prevyears_monthly_features_incremental_scaler_experience_replay_uncertainity_prioritization_RR_0.5,MLP Prevyears + Monthly (Incremental Scaler + Replay Uncertainty Prioritization RR=0.5),mlp_prevyears_monthly_features_incremental_scaler,prior_years,2022,2019,f1_score,0.9234198165689591,0.9357304615551557,0.02193386960300958,0.011422727039811075,0.032410603522217606,0.021844586199065257,0.005349889458345792,2000,percentile,0.05,0.4700430044674544,0.4481091348644448,0.0004997501249375312,0.001260997408272608
mlp_prevyears_monthly_features_incremental_scaler_experience_replay_uncertainity_prioritization_RR_0.5,MLP Prevyears + Monthly (Incremental Scaler + Replay Uncertainty Prioritization RR=0.5),mlp_prevyears_monthly_features_incremental_scaler,prior_years,2022,2019,pr_auc,0.9234198165689591,0.9357304615551557,0.040110734798700476,0.025029809172123274,0.05359187376205078,0.03931500831624014,0.00731072827342879,2000,percentile,0.05,0.4291718846713657,0.3890611498726652,0.0004997501249375312,0.001080854921376521
mlp_prevyears_monthly_features_incremental_scaler_missclassification_buffer_RR_0.3,MLP Prevyears + Monthly (Incremental Scaler + Misclassification Buffer RR=0.3),mlp_prevyears_monthly_features_incremental_scaler,prior_years,2022,2019,f1_score,0.8929784500282406,0.9357304615551557,-0.010159842969993449,-0.020921635714788903,-0.000216190789830944,-0.01000860596003577,0.005260707812592297,2000,percentile,0.05,0.43794929189445136,0.4481091348644448,0.9780109945027486,1.0
mlp_prevyears_monthly_features_incremental_scaler_missclassification_buffer_RR_0.3,MLP Prevyears + Monthly (Incremental Scaler + Misclassification Buffer RR=0.3),mlp_prevyears_monthly_features_incremental_scaler,prior_years,2022,2019,pr_auc,0.8929784500282406,0.9357304615551557,0.0002931140936638932,-0.01409215748383426,0.013842242560265148,-5.779259073876719e-06,0.007085658427153755,2000,percentile,0.05,0.3893542639663291,0.3890611498726652,0.4992503748125937,0.6461471053737545
"mlp_combined_HE=0.1_CC=0.1_UP=0.1_PR=(0.2,10)_RR=0.5","MLP Combined (HE=0.1, CC=0.1, UP=0.1, PR=(0.2,10), RR=0.5)",mlp_prevyears_monthly_features_incremental_scaler,prior_years,2022,2020,f1_score,0.8071959118498755,0.9494731349589427,-0.03922026490286712,-0.05149190576100897,-0.02234657680238133,-0.03811867818595262,0.007353577519845874,2000,percentile,0.05,0.45266133712766554,0.49188160203053266,1.0,1.0
"mlp_combined_HE=0.1_CC=0.1_UP=0.1_PR=(0.2,10)_RR=0.5","MLP Combined (HE=0.1, CC=0.1, UP=0.1, PR=(0.2,10), RR=0.5)",mlp_prevyears_monthly_features_incremental_scaler,prior_years,2022,2020,pr_auc,0.8071959118498755,0.9494731349589427,-0.043766907172793856,-0.06351822611709695,-0.021946479460691573,-0.042835244272008806,0.010719669127417663,2000,percentile,0.05,0.41532520397959827,0.4590921111523921,1.0,1.0
"mlp_combined_HE=0_CC=0.15_UP=0_PR=(0,10)_MC=0.1_RWS=1_RR=0.4","MLP Combined (HE=0, CC=0.15, UP=0, PR=(0,10), MC=0.1, RWS=1, RR=0.4)",mlp_prevyears_monthly_features_incremental_scaler,prior_years,2022,2020,f1_score,0.8782427923576339,0.9494731349589427,0.001105467879614186,-0.00719045810996915,0.011826677996401552,0.0012317661980485789,0.004819276914459028,2000,percentile,0.05,0.49298706991014685,0.49188160203053266,0.4122938530734633,0.5638724755269424
"mlp_combined_HE=0_CC=0.15_UP=0_PR=(0,10)_MC=0.1_RWS=1_RR=0.4","MLP Combined (HE=0, CC=0.15, UP=0, PR=(0,10), MC=0.1, RWS=1, RR=0.4)",mlp_prevyears_monthly_features_incremental_scaler,prior_years,2022,2020,pr_auc,0.8782427923576339,0.9494731349589427,-0.0010358171088358237,-0.013453912212233753,0.012073945642886599,-0.000710771010572258,0.0066555624068595,2000,percentile,0.05,0.4580562940435563,0.4590921111523921,0.5452273863068465,0.6946047524183113
"mlp_combined_HE=0_CC=0.1_UP=0.1_PR=(0,10)_MC=0.1_RWS=1_RR=0.5","MLP Combined (HE=0, CC=0.1, UP=0.1, PR=(0,10), MC=0.1, RWS=1, RR=0.5)",mlp_prevyears_monthly_features_incremental_scaler,prior_years,2022,2020,f1_score,0.8655601885892044,0.9494731349589427,-0.009192034502516322,-0.02155223280377018,0.0040061964338733436,-0.00904402186227009,0.006502629088917805,2000,percentile,0.05,0.48268956752801634,0.49188160203053266,0.9165417291354323,1.0
"mlp_combined_HE=0_CC=0.1_UP=0.1_PR=(0,10)_MC=0.1_RWS=1_RR=0.5","MLP Combined (HE=0, CC=0.1, UP=0.1, PR=(0,10), MC=0.1, RWS=1, RR=0.5)",mlp_prevyears_monthly_features_incremental_scaler,prior_years,2022,2020,pr_auc,0.8655601885892044,0.9494731349589427,-0.006495778390545104,-0.024825048287647075,0.010556566190900946,-0.00638374502230179,0.008998892699750398,2000,percentile,0.05,0.452596332761847,0.4590921111523921,0.7586206896551724,0.8746679757466399
"mlp_combined_HE=0_CC=0.1_UP=0.2_PR=(0.1,10)_RR=0.5","MLP Combined (HE=0, CC=0.1, UP=0.2, PR=(0.1,10), RR=0.5)",mlp_prevyears_monthly_features_incremental_scaler,prior_years,2022,2020,f1_score,0.8421106632626132,0.9494731349589427,-0.015479191274853477,-0.024544880039992507,-0.003766372536250472,-0.015120381498357944,0.005273571588755224,2000,percentile,0.05,0.4764024107556792,0.49188160203053266,0.9940029985007496,1.0
"mlp_combined_HE=0_CC=0.1_UP=0.2_PR=(0.1,10)_RR=0.5","MLP Combined (HE=0, CC=0.1, UP=0.2, PR=(0.1,10), RR=0.5)",mlp_prevyears_monthly_features_incremental_scaler,prior_years,2022,2020,pr_auc,0.8421106632626132,0.9494731349589427,-0.016854006695127932,-0.035541306354490355,0.0017453323807426258,-0.015762022428696242,0.009809173534407205,2000,percentile,0.05,0.4422381044572642,0.4590921111523921,0.9540229885057471,1.0
"mlp_combined_HE=0_CC=0.2_UP=0.1_PR=(0.2,10)_RR=0.5","MLP Combined (HE=0, CC=0.2, UP=0.1, PR=(0.2,10), RR=0.5)",mlp_prevyears_monthly_features_incremental_scaler,prior_years,2022,2020,f1_score,0.8620295772719604,0.9494731349589427,-0.023196583239636248,-0.03938734931774709,-0.0039039947783762836,-0.022028578657137095,0.009313319857879483,2000,percentile,0.05,0.4686850187908964,0.49188160203053266,0.991504247876062,1.0
"mlp_combined_HE=0_CC=0.2_UP=0.1_PR=(0.2,10)_RR=0.5","MLP Combined (HE=0, CC=0.2, UP=0.1, PR=(0.2,10), RR=0.5)",mlp_prevyears_monthly_features_incremental_scaler,prior_years,2022,2020,pr_auc,0.8620295772719604,0.9494731349589427,-0.020087329291211875,-0.03939552385857713,0.0017352949532747188,-0.01923099222677814,0.010753695097767812,2000,percentile,0.05,0.43900478186118025,0.4590921111523921,0.9615192403798101,1.0
"mlp_combined_HE=0_CC=0.2_UP=0.2_PR=(0.1,10)_RR=0.5","MLP Combined (HE=0, CC=0.2, UP=0.2, PR=(0.1,10), RR=0.5)",mlp_prevyears_monthly_features_incremental_scaler,prior_years,2022,2020,f1_score,0.836378494458234,0.9494731349589427,-0.019197200349572785,-0.029124326596986157,-0.007520052110548258,-0.018716066677662724,0.0054173440311403595,2000,percentile,0.05,0.4726844016809599,0.49188160203053266,0.9985007496251874,1.0
"mlp_combined_HE=0_CC=0.2_UP=0.2_PR=(0.1,10)_RR=0.5","MLP Combined (HE=0, CC=0.2, UP=0.2, PR=(0.1,10), RR=0.5)",mlp_prevyears_monthly_features_incremental_scaler,prior_years,2022,2020,pr_auc,0.836378494458234,0.9494731349589427,-0.016877015805847773,-0.03334495546135935,0.0007475550934039947,-0.016360911702084212,0.008628244107039539,2000,percentile,0.05,0.44221509534654435,0.4590921111523921,0.9675162418790605,1.0
mlp_prevyears_monthly_features_incremental_scaler_experience_replay_RR_0.2,MLP Prevyears + Monthly (Incremental Scaler + Replay RR=0.2),mlp_prevyears_monthly_features_incremental_scaler,prior_years,2022,2020,f1_score,0.934992964395627,0.9494731349589427,0.002877230985154189,-0.00600090190329087,0.011112123633586862,0.0028272812246309545,0.004330620033070719,2000,percentile,0.05,0.49475883301568685,0.49188160203053266,0.2493753123438281,0.37492685527905795
mlp_prevyears_monthly_features_incremental_scaler_experience_replay_RR_0.2,MLP Prevyears + Monthly (Incremental Scaler + Replay RR=0.2),mlp_prevyears_monthly_features_incremental_scaler,prior_years,2022,2020,pr_auc,0.934992964395627,0.9494731349589427,0.010411497919051493,-0.0014607980696030684,0.019384502791951263,0.009521194262518932,0.005165204943870292,2000,percentile,0.05,0.4695036090714436,0.4590921111523921,0.03948025987006497,0.07022308517872212
mlp_prevyears_monthly_features_incremental_scaler_experience_replay_RR_0.2_PR_0.10,"MLP Prevyears + Monthly (Incremental Scaler + Replay RR=0.2, PR=0.10)",mlp_prevyears_monthly_features_incremental_scaler,prior_years,2022,2020,f1_score,0.925866059967001,0.9494731349589427,-0.0005968905147435422,-0.01147617990870781,0.008852104850359378,-0.00046571882432597033,0.0051845131340470234,2000,percentile,0.05,0.4912847115157891,0.49188160203053266,0.5187406296851574,0.6740521954591566
mlp_prevyears_monthly_features_incremental_scaler_experience_replay_RR_0.2_PR_0.10,"MLP Prevyears + Monthly (Incremental Scaler + Replay RR=0.2, PR=0.10)",mlp_prevyears_monthly_features_incremental_scaler,prior_years,2022,2020,pr_auc,0.925866059967001,0.9494731349589427,0.001961149517500871,-0.00964871749221237,0.013087567360462274,0.0020248865407101837,0.00570738036453104,2000,percentile,0.05,0.461053260669893,0.4590921111523921,0.3543228385807096,0.4856087745600884
mlp_prevyears_monthly_features_incremental_scaler_experience_replay_RR_0.2_PR_0.15,"MLP Prevyears + Monthly (Incremental Scaler + Replay RR=0.2, PR=0.15)",mlp_prevyears_monthly_features_incremental_scaler,prior_years,2022,2020,f1_score,0.9175419460987913,0.9494731349589427,0.010653424955238466,0.0010920543732738917,0.018993095231652952,0.010434056223410359,0.00451868655558699,2000,percentile,0.05,0.5025350269857711,0.49188160203053266,0.013993003498250875,0.029672460186844687
mlp_prevyears_monthly_features_incremental_scaler_experience_replay_RR_0.2_PR_0.15,"MLP Prevyears + Monthly (Incremental Scaler + Replay RR=0.2, PR=0.15)",mlp_prevyears_monthly_features_incremental_scaler,prior_years,2022,2020,pr_auc,0.9175419460987913,0.9494731349589427,0.011424392826709373,-0.00036625679900219023,0.0202587850214479,0.010467192580891727,0.005286580575109238,2000,percentile,0.05,0.4705165039791015,0.4590921111523921,0.02848575712143928,0.05194461592733045
mlp_prevyears_monthly_features_incremental_scaler_experience_replay_RR_0.3,MLP Prevyears + Monthly (Incremental Scaler + Replay RR=0.3),mlp_prevyears_monthly_features_incremental_scaler,prior_years,2022,2020,f1_score,0.943946894188972,0.9494731349589427,-0.00603245811567843,-0.022889236495009874,0.007162590268157417,-0.005878918762702398,0.007608509761324149,2000,percentile,0.05,0.48584914391485423,0.49188160203053266,0.7791104447776112,0.923863205009517
mlp_prevyears_monthly_features_incremental_scaler_experience_replay_RR_0.3,MLP Prevyears + Monthly (Incremental Scaler + Replay RR=0.3),mlp_prevyears_monthly_features_incremental_scaler,prior_years,2022,2020,pr_auc,0.943946894188972,0.9494731349589427,0.001071994396589948,-0.014615240348966035,0.017327198966300552,0.0013676669561597974,0.008038155095549322,2000,percentile,0.05,0.46016410554898207,0.4590921111523921,0.4272863568215892,0.56768044549154
mlp_prevyears_monthly_features_incremental_scaler_experience_replay_RR_0.3_PR_0.10,"MLP Prevyears + Monthly (Incremental Scaler + Replay RR=0.3, PR=0.10)",mlp_prevyears_monthly_features_incremental_scaler,prior_years,2022,2020,f1_score,0.9111125951575337,0.9494731349589427,-0.0009597261853746542,-0.0112979050952289,0.014545998070429542,0.0003026230318848356,0.006701533077428618,2000,percentile,0.05,0.490921875845158,0.49188160203053266,0.5027486256871564,0.6598575712143927
mlp_prevyears_monthly_features_incremental_scaler_experience_replay_RR_0.3_PR_0.10,"MLP Prevyears + Monthly (Incremental Scaler + Replay RR=0.3, PR=0.10)",mlp_prevyears_monthly_features_incremental_scaler,prior_years,2022,2020,pr_auc,0.9111125951575337,0.9494731349589427,0.0004019792059199445,-0.013201635227551455,0.017815428624599127,0.001600282728659219,0.008082927900915266,2000,percentile,0.05,0.45949409035831207,0.4590921111523921,0.44577711144427784,0.5862644435358078
mlp_prevyears_monthly_features_incremental_scaler_experience_replay_RR_0.3_PR_0.15,"MLP Prevyears + Monthly (Incremental Scaler + Replay RR=0.3, PR=0.15)",mlp_prevyears_monthly_features_incremental_scaler,prior_years,2022,2020,f1_score,0.9130493564774711,0.9494731349589427,0.007940500011735907,-0.002055479444811023,0.01798162454943763,0.008208340551600461,0.0052312959540051175,2000,percentile,0.05,0.49982210204226857,0.49188160203053266,0.05697151424287856,0.10688315784470875
mlp_prevyears_monthly_features_incremental_scaler_experience_replay_RR_0.3_PR_0.15,"MLP Prevyears + Monthly (Incremental Scaler + Replay RR=0.3, PR=0.15)",mlp_prevyears_monthly_features_incremental_scaler,prior_years,2022,2020,pr_auc,0.9130493564774711,0.9494731349589427,0.008965381064942823,-0.0007672019875475638,0.018746346000508916,0.008933102256455225,0.004920599127186899,2000,percentile,0.05,0.46805749221733495,0.4590921111523921,0.03548225887056472,0.06398601253389925
mlp_prevyears_monthly_features_incremental_scaler_experience_replay_RR_0.4,MLP Prevyears + Monthly (Incremental Scaler + Replay RR=0.4),mlp_prevyears_monthly_features_incremental_scaler,prior_years,2022,2020,f1_score,0.941634260649565,0.9494731349589427,-0.002949971895534864,-0.01171409781900829,0.007678835805769928,-0.00240518207771267,0.004939261449907833,2000,percentile,0.05,0.4889316301349978,0.49188160203053266,0.7041479260369815,0.8649062261322169
mlp_prevyears_monthly_features_incremental_scaler_experience_replay_RR_0.4,MLP Prevyears + Monthly (Incremental Scaler + Replay RR=0.4),mlp_prevyears_monthly_features_incremental_scaler,prior_years,2022,2020,pr_auc,0.941634260649565,0.9494731349589427,0.002728572516414285,-0.01104954740298129,0.016334475007202018,0.0024790805479544854,0.006964824185653026,2000,percentile,0.05,0.4618206836688064,0.4590921111523921,0.3583208395802099,0.49005644236705176
mlp_prevyears_monthly_features_incremental_scaler_experience_replay_RR_0.4_PR_0.10,"MLP Prevyears + Monthly (Incremental Scaler + Replay RR=0.4, PR=0.10)",mlp_prevyears_monthly_features_incremental_scaler,prior_years,2022,2020,f1_score,0.9220263263110666,0.9494731349589427,0.006061373678693527,-0.004997838120783485,0.016019421319007975,0.0064370237165472695,0.005311401146156215,2000,percentile,0.05,0.4979429757092262,0.49188160203053266,0.11094452773613193,0.1910711311011161
mlp_prevyears_monthly_features_incremental_scaler_experience_replay_RR_0.4_PR_0.10,"MLP Prevyears + Monthly (Incremental Scaler + Replay RR=0.4, PR=0.10)",mlp_prevyears_monthly_features_incremental_scaler,prior_years,2022,2020,pr_auc,0.9220263263110666,0.9494731349589427,0.005062308061391518,-0.004972192981515405,0.014079623360250674,0.005082712456060214,0.004902098295603044,2000,percentile,0.05,0.46415441921378364,0.4590921111523921,0.14992503748125938,0.2458468498748107
mlp_prevyears_monthly_features_incremental_scaler_experience_replay_RR_0.4_PR_0.15,"MLP Prevyears + Monthly (Incremental Scaler + Replay RR=0.4, PR=0.15)",mlp_prevyears_monthly_features_incremental_scaler,prior_years,2022,2020,f1_score,0.9087406394267151,0.9494731349589427,0.0010310140559279812,-0.010871431170927025,0.010865972364737226,0.0011004895815754803,0.005596173753933216,2000,percentile,0.05,0.49291261608646064,0.49188160203053266,0.3983008495752124,0.54818996421451
mlp_prevyears_monthly_features_incremental_scaler_experience_replay_RR_0.4_PR_0.15,"MLP Prevyears + Monthly (Incremental Scaler + Replay RR=0.4, PR=0.15)",mlp_prevyears_monthly_features_incremental_scaler,prior_years,2022,2020,pr_auc,0.9087406394267151,0.9494731349589427,0.006685770780958833,-0.006572598839022786,0.016921231892773756,0.006071607785436351,0.006081220587938407,2000,percentile,0.05,0.46577788193335096,0.4590921111523921,0.16741629185407297,0.2724700149925038
mlp_prevyears_monthly_features_incremental_scaler_experience_replay_RR_0.5,MLP Prevyears + Monthly (Incremental Scaler + Replay RR=0.5),mlp_prevyears_monthly_features_incremental_scaler,prior_years,2022,2020,f1_score,0.9410019477129491,0.9494731349589427,0.005158740379083926,-0.002154174122125793,0.013528405264880866,0.005353987011348238,0.004070665837101733,2000,percentile,0.05,0.4970403424096166,0.49188160203053266,0.08345827086456771,0.14885297077488652
mlp_prevyears_monthly_features_incremental_scaler_experience_replay_RR_0.5,MLP Prevyears + Monthly (Incremental Scaler + Replay RR=0.5),mlp_prevyears_monthly_features_incremental_scaler,prior_years,2022,2020,pr_auc,0.9410019477129491,0.9494731349589427,0.009496746042089887,-0.0049816365402653735,0.0193204822920172,0.008383046101182902,0.006247950677504125,2000,percentile,0.05,0.468588857194482,0.4590921111523921,0.09045477261369315,0.15455657997772768
mlp_prevyears_monthly_features_incremental_scaler_experience_replay_RR_0.5_PR_0.10,"MLP Prevyears + Monthly (Incremental Scaler + Replay RR=0.5, PR=0.10)",mlp_prevyears_monthly_features_incremental_scaler,prior_years,2022,2020,f1_score,0.9365821079758923,0.9494731349589427,0.004324014764459871,-0.004094613433565405,0.013699490016411289,0.004586163961186705,0.004566676854793842,2000,percentile,0.05,0.49620561679499253,0.49188160203053266,0.14942528735632185,0.2372582001682086
mlp_prevyears_monthly_features_incremental_scaler_experience_replay_RR_0.5_PR_0.10,"MLP Prevyears + Monthly (Incremental Scaler + Replay RR=0.5, PR=0.10)",mlp_prevyears_monthly_features_incremental_scaler,prior_years,2022,2020,pr_auc,0.9365821079758923,0.9494731349589427,0.011423040925990946,0.0007689206371403551,0.021638818287482174,0.011171866557742473,0.005266182773671381,2000,percentile,0.05,0.47051515207838307,0.4590921111523921,0.017991004497751123,0.03336793141890593
mlp_prevyears_monthly_features_incremental_scaler_experience_replay_RR_0.5_PR_0.15,"MLP Prevyears + Monthly (Incremental Scaler + Replay RR=0.5, PR=0.15)",mlp_prevyears_monthly_features_incremental_scaler,prior_years,2022,2020,f1_score,0.9194337675685326,0.9494731349589427,0.001812024921109212,-0.005029558340490538,0.010894790967981573,0.001963360791162687,0.0040589187940297585,2000,percentile,0.05,0.4936936269516419,0.49188160203053266,0.3238380809595202,0.45631729589750575
mlp_prevyears_monthly_features_incremental_scaler_experience_replay_RR_0.5_PR_0.15,"MLP Prevyears + Monthly (Incremental Scaler + Replay RR=0.5, PR=0.15)",mlp_prevyears_monthly_features_incremental_scaler,prior_years,2022,2020,pr_auc,0.9194337675685326,0.9494731349589427,0.00865496625858636,-0.001752627048138397,0.019522684965385385,0.008689616616383827,0.005311635486230496,2000,percentile,0.05,0.4677470774109785,0.4590921111523921,0.044977511244377814,0.07956619516328792
mlp_prevyears_monthly_features_incremental_scaler_experience_replay_confidently_correct_memory_RR_0.2,MLP Prevyears + Monthly (Incremental Scaler + Replay Confidently Correct RR=0.2),mlp_prevyears_monthly_features_incremental_scaler,prior_years,2022,2020,f1_score,0.9098412397394247,0.9494731349589427,0.008507348165751494,-0.00039152221483302463,0.017542301477781883,0.008664417148370887,0.004703461803363968,2000,percentile,0.05,0.5003889501962842,0.49188160203053266,0.02948525737131434,0.0590612386114635
mlp_prevyears_monthly_features_incremental_scaler_experience_replay_confidently_correct_memory_RR_0.2,MLP Prevyears + Monthly (Incremental Scaler + Replay Confidently Correct RR=0.2),mlp_prevyears_monthly_features_incremental_scaler,prior_years,2022,2020,pr_auc,0.9098412397394247,0.9494731349589427,0.012970166807343142,-0.0010897489833665078,0.023300742686897368,0.012079876597800432,0.006363752882444067,2000,percentile,0.05,0.47206227795973527,0.4590921111523921,0.033483258370814596,0.060887154188268997
mlp_prevyears_monthly_features_incremental_scaler_experience_replay_confidently_correct_memory_RR_0.3,MLP Prevyears + Monthly (Incremental Scaler + Replay Confidently Correct RR=0.3),mlp_prevyears_monthly_features_incremental_scaler,prior_years,2022,2020,f1_score,0.9336338046375549,0.9494731349589427,0.008810420335630176,0.0020671648814562294,0.016425660137376893,0.008949289737005492,0.0035801034675236026,2000,percentile,0.05,0.5006920223661628,0.49188160203053266,0.00849575212393803,0.018812022560148498
mlp_prevyears_monthly_features_incremental_scaler_experience_replay_confidently_correct_memory_RR_0.3,MLP Prevyears + Monthly (Incremental Scaler + Replay Confidently Correct RR=0.3),mlp_prevyears_monthly_features_incremental_scaler,prior_years,2022,2020,pr_auc,0.9336338046375549,0.9494731349589427,0.014764200903934266,0.007296995484398971,0.022948035422818217,0.014762304929043893,0.004034717977853082,2000,percentile,0.05,0.4738563120563264,0.4590921111523921,0.0004997501249375312,0.001080854921376521
mlp_prevyears_monthly_features_incremental_scaler_experience_replay_confidently_correct_memory_RR_0.4,MLP Prevyears + Monthly (Incremental Scaler + Replay Confidently Correct RR=0.4),mlp_prevyears_monthly_features_incremental_scaler,prior_years,2022,2020,f1_score,0.927368743693591,0.9494731349589427,-0.0007460006888939663,-0.013765801880391735,0.0157128721366523,7.207791940520775e-05,0.007392370008248066,2000,percentile,0.05,0.4911356013416387,0.49188160203053266,0.5087456271864068,0.6637142350668354
mlp_prevyears_monthly_features_incremental_scaler_experience_replay_confidently_correct_memory_RR_0.4,MLP Prevyears + Monthly (Incremental Scaler + Replay Confidently Correct RR=0.4),mlp_prevyears_monthly_features_incremental_scaler,prior_years,2022,2020,pr_auc,0.927368743693591,0.9494731349589427,0.004349485641865269,-0.00815078067040675,0.015945125984538094,0.0037375978768623844,0.0060489254883978345,2000,percentile,0.05,0.4634415967942574,0.4590921111523921,0.2543728135932034,0.38781428957652325
mlp_prevyears_monthly_features_incremental_scaler_experience_replay_confidently_correct_memory_RR_0.5,MLP Prevyears + Monthly (Incremental Scaler + Replay Confidently Correct RR=0.5),mlp_prevyears_monthly_features_incremental_scaler,prior_years,2022,2020,f1_score,0.9242491006680686,0.9494731349589427,0.00753679128099044,0.0006329827695331386,0.01664584273694945,0.007878509255225747,0.004174154400557481,2000,percentile,0.05,0.4994183933115231,0.49188160203053266,0.019490254872563718,0.040667166416791606
mlp_prevyears_monthly_features_incremental_scaler_experience_replay_confidently_correct_memory_RR_0.5,MLP Prevyears + Monthly (Incremental Scaler + Replay Confidently Correct RR=0.5),mlp_prevyears_monthly_features_incremental_scaler,prior_years,2022,2020,pr_auc,0.9242491006680686,0.9494731349589427,0.005799341922436585,-0.004189078021669852,0.014369473469825157,0.0054848397090235725,0.004564790350645092,2000,percentile,0.05,0.4648914530748287,0.4590921111523921,0.10394802598700649,0.1757666621234837
mlp_prevyears_monthly_features_incremental_scaler_experience_replay_hard_example_mining_RR_0.2,MLP Prevyears + Monthly (Incremental Scaler + Replay Hard Example Mining RR=0.2),mlp_prevyears_monthly_features_incremental_scaler,prior_years,2022,2020,f1_score,0.8605140130375196,0.9494731349589427,-0.05296791155434216,-0.0733327475669099,-0.03263443252271035,-0.052598595447025824,0.010145841900229796,2000,percentile,0.05,0.4389136904761905,0.49188160203053266,1.0,1.0
mlp_prevyears_monthly_features_incremental_scaler_experience_replay_hard_example_mining_RR_0.2,MLP Prevyears + Monthly (Incremental Scaler + Replay Hard Example Mining RR=0.2),mlp_prevyears_monthly_features_incremental_scaler,prior_years,2022,2020,pr_auc,0.8605140130375196,0.9494731349589427,-0.04738629761648855,-0.0676323392025617,-0.02732451896119556,-0.0470326759836756,0.010210424483509601,2000,percentile,0.05,0.4117058135359036,0.4590921111523921,1.0,1.0
mlp_prevyears_monthly_features_incremental_scaler_experience_replay_hard_example_mining_RR_0.3,MLP Prevyears + Monthly (Incremental Scaler + Replay Hard Example Mining RR=0.3),mlp_prevyears_monthly_features_incremental_scaler,prior_years,2022,2020,f1_score,0.8867208345196492,0.9494731349589427,-0.11078313001029239,-0.1426934106252171,-0.07496662320229039,-0.10833318743226582,0.018345341060240595,2000,percentile,0.05,0.3810984720202403,0.49188160203053266,1.0,1.0
mlp_prevyears_monthly_features_incremental_scaler_experience_replay_hard_example_mining_RR_0.3,MLP Prevyears + Monthly (Incremental Scaler + Replay Hard Example Mining RR=0.3),mlp_prevyears_monthly_features_incremental_scaler,prior_years,2022,2020,pr_auc,0.8867208345196492,0.9494731349589427,-0.10550074642416807,-0.13894270882813242,-0.06513472478547477,-0.10204351049312398,0.019727875246675946,2000,percentile,0.05,0.35359136472822406,0.4590921111523921,1.0,1.0
mlp_prevyears_monthly_features_incremental_scaler_experience_replay_hard_example_mining_RR_0.4,MLP Prevyears + Monthly (Incremental Scaler + Replay Hard Example Mining RR=0.4),mlp_prevyears_monthly_features_incremental_scaler,prior_years,2022,2020,f1_score,0.8714377935070854,0.9494731349589427,-0.03731456215911477,-0.06934263490582526,-0.014253671749388188,-0.0377857685161656,0.014148019405812777,2000,percentile,0.05,0.4545670398714179,0.49188160203053266,1.0,1.0
mlp_prevyears_monthly_features_incremental_scaler_experience_replay_hard_example_mining_RR_0.4,MLP Prevyears + Monthly (Incremental Scaler + Replay Hard Example Mining RR=0.4),mlp_prevyears_monthly_features_incremental_scaler,prior_years,2022,2020,pr_auc,0.8714377935070854,0.9494731349589427,-0.04329532732004182,-0.06318487051241703,-0.019409450047505335,-0.041578112326890716,0.010734666877983341,2000,percentile,0.05,0.4157967838323503,0.4590921111523921,1.0,1.0
mlp_prevyears_monthly_features_incremental_scaler_experience_replay_hard_example_mining_RR_0.5,MLP Prevyears + Monthly (Incremental Scaler + Replay Hard Example Mining RR=0.5),mlp_prevyears_monthly_features_incremental_scaler,prior_years,2022,2020,f1_score,0.8980655464051477,0.9494731349589427,-0.02265428846359646,-0.03210042465628648,-0.009549878744759493,-0.022157597266745967,0.005658402061077458,2000,percentile,0.05,0.4692273135669362,0.49188160203053266,0.999000499750125,1.0
mlp_prevyears_monthly_features_incremental_scaler_experience_replay_hard_example_mining_RR_0.5,MLP Prevyears + Monthly (Incremental Scaler + Replay Hard Example Mining RR=0.5),mlp_prevyears_monthly_features_incremental_scaler,prior_years,2022,2020,pr_auc,0.8980655464051477,0.9494731349589427,-0.02067152155733759,-0.03641718009235848,-0.0053130097264085414,-0.020834334989795734,0.007952111983430047,2000,percentile,0.05,0.43842058959505453,0.4590921111523921,0.9955022488755623,1.0
mlp_prevyears_monthly_features_incremental_scaler_experience_replay_uncertainity_prioritization_RR_0.2,MLP Prevyears + Monthly (Incremental Scaler + Replay Uncertainty Prioritization RR=0.2),mlp_prevyears_monthly_features_incremental_scaler,prior_years,2022,2020,f1_score,0.9403824576643834,0.9494731349589427,0.0018551205538933635,-0.004770859399646438,0.011037181852264294,0.0023412434341793524,0.004076265185751136,2000,percentile,0.05,0.493736722584426,0.49188160203053266,0.3023488255872064,0.43354424109531137
mlp_prevyears_monthly_features_incremental_scaler_experience_replay_uncertainity_prioritization_RR_0.2,MLP Prevyears + Monthly (Incremental Scaler + Replay Uncertainty Prioritization RR=0.2),mlp_prevyears_monthly_features_incremental_scaler,prior_years,2022,2020,pr_auc,0.9403824576643834,0.9494731349589427,0.0036377396261603745,-0.009681404587893822,0.015436545704105244,0.0030027816496039977,0.006430478128876042,2000,percentile,0.05,0.4627298507785525,0.4590921111523921,0.31984007996002,0.4468152189999421
mlp_prevyears_monthly_features_incremental_scaler_experience_replay_uncertainity_prioritization_RR_0.3,MLP Prevyears + Monthly (Incremental Scaler + Replay Uncertainty Prioritization RR=0.3),mlp_prevyears_monthly_features_incremental_scaler,prior_years,2022,2020,f1_score,0.9428791492441803,0.9494731349589427,-0.0005774937496930144,-0.015551956457041516,0.00949729704922063,-0.0006963148872714599,0.0065836105762161565,2000,percentile,0.05,0.49130410828083965,0.49188160203053266,0.4912543728135932,0.6473817746996946
mlp_prevyears_monthly_features_incremental_scaler_experience_replay_uncertainity_prioritization_RR_0.3,MLP Prevyears + Monthly (Incremental Scaler + Replay Uncertainty Prioritization RR=0.3),mlp_prevyears_monthly_features_incremental_scaler,prior_years,2022,2020,pr_auc,0.9428791492441803,0.9494731349589427,0.004044085355685345,-0.01369179284261273,0.01747766603775933,0.003476171950017051,0.008067506886803213,2000,percentile,0.05,0.46313619650807747,0.4590921111523921,0.3103448275862069,0.4363595739927013
mlp_prevyears_monthly_features_incremental_scaler_experience_replay_uncertainity_prioritization_RR_0.4,MLP Prevyears + Monthly (Incremental Scaler + Replay Uncertainty Prioritization RR=0.4),mlp_prevyears_monthly_features_incremental_scaler,prior_years,2022,2020,f1_score,0.9500000844165137,0.9494731349589427,0.010125201302740638,0.0012936344554173806,0.017740698652448154,0.009977546042086618,0.004152457739934678,2000,percentile,0.05,0.5020068033332733,0.49188160203053266,0.009995002498750625,0.021908237800291774
mlp_prevyears_monthly_features_incremental_scaler_experience_replay_uncertainity_prioritization_RR_0.4,MLP Prevyears + Monthly (Incremental Scaler + Replay Uncertainty Prioritization RR=0.4),mlp_prevyears_monthly_features_incremental_scaler,prior_years,2022,2020,pr_auc,0.9500000844165137,0.9494731349589427,0.01807738451877411,0.004829172322151043,0.027040021039504394,0.016697214943018623,0.005897607491986043,2000,percentile,0.05,0.47716949567116623,0.4590921111523921,0.004497751124437781,0.008766574796434118
mlp_prevyears_monthly_features_incremental_scaler_experience_replay_uncertainity_prioritization_RR_0.5,MLP Prevyears + Monthly (Incremental Scaler + Replay Uncertainty Prioritization RR=0.5),mlp_prevyears_monthly_features_incremental_scaler,prior_years,2022,2020,f1_score,0.9420972061807038,0.9494731349589427,-0.003687313746296106,-0.011108284346307758,0.005000902174027479,-0.0034223916494652115,0.004104825516238485,2000,percentile,0.05,0.48819428828423655,0.49188160203053266,0.8050974512743628,0.9432442052355118
mlp_prevyears_monthly_features_incremental_scaler_experience_replay_uncertainity_prioritization_RR_0.5,MLP Prevyears + Monthly (Incremental Scaler + Replay Uncertainty Prioritization RR=0.5),mlp_prevyears_monthly_features_incremental_scaler,prior_years,2022,2020,pr_auc,0.9420972061807038,0.9494731349589427,-0.003793603689491165,-0.019510310782059666,0.010337689239910837,-0.003859275668740965,0.007512508301290467,2000,percentile,0.05,0.45529850746290096,0.4590921111523921,0.6876561719140429,0.8320895314424571
mlp_prevyears_monthly_features_incremental_scaler_missclassification_buffer_RR_0.3,MLP Prevyears + Monthly (Incremental Scaler + Misclassification Buffer RR=0.3),mlp_prevyears_monthly_features_incremental_scaler,prior_years,2022,2020,f1_score,0.9179981676535935,0.9494731349589427,-0.03404252678978875,-0.05627642091976287,-0.013444571603132446,-0.03327478322480503,0.01073773174380695,2000,percentile,0.05,0.4578390752407439,0.49188160203053266,1.0,1.0
mlp_prevyears_monthly_features_incremental_scaler_missclassification_buffer_RR_0.3,MLP Prevyears + Monthly (Incremental Scaler + Misclassification Buffer RR=0.3),mlp_prevyears_monthly_features_incremental_scaler,prior_years,2022,2020,pr_auc,0.9179981676535935,0.9494731349589427,-0.027779589878725364,-0.043392651712625505,-0.009410440270229498,-0.02681846191842273,0.008578739547924163,2000,percentile,0.05,0.43131252127366676,0.4590921111523921,0.9995002498750625,1.0
"mlp_combined_HE=0.1_CC=0.1_UP=0.1_PR=(0.2,10)_RR=0.5","MLP Combined (HE=0.1, CC=0.1, UP=0.1, PR=(0.2,10), RR=0.5)",mlp_prevyears_monthly_features_incremental_scaler,prior_years,2022,2021,f1_score,0.8494830466864501,0.9561937526528612,-0.022071540180990723,-0.05435062194193184,0.018154113357202992,-0.02175376876743996,0.019077202216379516,2000,percentile,0.05,0.42389397252139177,0.4459655127023825,0.8655672163918041,0.9816798917614364
"mlp_combined_HE=0.1_CC=0.1_UP=0.1_PR=(0.2,10)_RR=0.5","MLP Combined (HE=0.1, CC=0.1, UP=0.1, PR=(0.2,10), RR=0.5)",mlp_prevyears_monthly_features_incremental_scaler,prior_years,2022,2021,pr_auc,0.8494830466864501,0.9561937526528612,-0.018261317493710905,-0.04812910012758831,0.0167488836512268,-0.01799532955797671,0.01713405300619834,2000,percentile,0.05,0.38826996219884835,0.40653127969255926,0.8455772113943029,0.9556784107946028
"mlp_combined_HE=0_CC=0.15_UP=0_PR=(0,10)_MC=0.1_RWS=1_RR=0.4","MLP Combined (HE=0, CC=0.15, UP=0, PR=(0,10), MC=0.1, RWS=1, RR=0.4)",mlp_prevyears_monthly_features_incremental_scaler,prior_years,2022,2021,f1_score,0.8984529806234172,0.9561937526528612,0.014637725954557868,0.000978135661004223,0.028632035160908873,0.014783535062275593,0.0070552670750725684,2000,percentile,0.05,0.46060323865694036,0.4459655127023825,0.01899050474762619,0.03975182826593135
"mlp_combined_HE=0_CC=0.15_UP=0_PR=(0,10)_MC=0.1_RWS=1_RR=0.4","MLP Combined (HE=0, CC=0.15, UP=0, PR=(0,10), MC=0.1, RWS=1, RR=0.4)",mlp_prevyears_monthly_features_incremental_scaler,prior_years,2022,2021,pr_auc,0.8984529806234172,0.9561937526528612,0.02122902979358321,0.010792236578028946,0.031915809587554855,0.02132637076236302,0.005397115568009302,2000,percentile,0.05,0.42776030948614246,0.40653127969255926,0.0009995002498750624,0.002078832788078804
"mlp_combined_HE=0_CC=0.1_UP=0.1_PR=(0,10)_MC=0.1_RWS=1_RR=0.5","MLP Combined (HE=0, CC=0.1, UP=0.1, PR=(0,10), MC=0.1, RWS=1, RR=0.5)",mlp_prevyears_monthly_features_incremental_scaler,prior_years,2022,2021,f1_score,0.8843372532449436,0.9561937526528612,0.013918599950898725,-0.005696603871285076,0.03818230578987328,0.014048333643446738,0.011108586766314559,2000,percentile,0.05,0.4598841126532812,0.4459655127023825,0.0944527736131934,0.16618582600591597
"mlp_combined_HE=0_CC=0.1_UP=0.1_PR=(0,10)_MC=0.1_RWS=1_RR=0.5","MLP Combined (HE=0, CC=0.1, UP=0.1, PR=(0,10), MC=0.1, RWS=1, RR=0.5)",mlp_prevyears_monthly_features_incremental_scaler,prior_years,2022,2021,pr_auc,0.8843372532449436,0.9561937526528612,0.020630587023341085,0.0027642137661063214,0.038560563785381995,0.02052819247003739,0.009078518365615412,2000,percentile,0.05,0.42716186671590034,0.40653127969255926,0.009995002498750625,0.01902557493183233
"mlp_combined_HE=0_CC=0.1_UP=0.2_PR=(0.1,10)_RR=0.5","MLP Combined (HE=0, CC=0.1, UP=0.2, PR=(0.1,10), RR=0.5)",mlp_prevyears_monthly_features_incremental_scaler,prior_years,2022,2021,f1_score,0.8789769345906304,0.9561937526528612,0.008551805324684858,-0.010867117045061304,0.031153305387235656,0.008413792186950335,0.01104872088197168,2000,percentile,0.05,0.45451731802706735,0.4459655127023825,0.24237881059470265,0.3678056076856676
"mlp_combined_HE=0_CC=0.1_UP=0.2_PR=(0.1,10)_RR=0.5","MLP Combined (HE=0, CC=0.1, UP=0.2, PR=(0.1,10), RR=0.5)",mlp_prevyears_monthly_features_incremental_scaler,prior_years,2022,2021,pr_auc,0.8789769345906304,0.9561937526528612,0.02238039859381541,0.005617233710234988,0.04080164747082002,0.021957233555723193,0.009108402577751916,2000,percentile,0.05,0.42891167828637466,0.40653127969255926,0.0029985007496251873,0.006006227655403067
"mlp_combined_HE=0_CC=0.2_UP=0.1_PR=(0.2,10)_RR=0.5","MLP Combined (HE=0, CC=0.2, UP=0.1, PR=(0.2,10), RR=0.5)",mlp_prevyears_monthly_features_incremental_scaler,prior_years,2022,2021,f1_score,0.8904650847389923,0.9561937526528612,0.00020304350578581598,-0.015683293557533763,0.02079676425567023,0.00018945379705867556,0.009336524992163519,2000,percentile,0.05,0.4461685562081683,0.4459655127023825,0.5247376311844077,0.6804864500020905
"mlp_combined_HE=0_CC=0.2_UP=0.1_PR=(0.2,10)_RR=0.5","MLP Combined (HE=0, CC=0.2, UP=0.1, PR=(0.2,10), RR=0.5)",mlp_prevyears_monthly_features_incremental_scaler,prior_years,2022,2021,pr_auc,0.8904650847389923,0.9561937526528612,0.015186043693659779,-0.0009937433847697365,0.0331186712101122,0.015081442190735884,0.008789231299262765,2000,percentile,0.05,0.42171732338621903,0.40653127969255926,0.035982008995502246,0.06470797750296123
"mlp_combined_HE=0_CC=0.2_UP=0.2_PR=(0.1,10)_RR=0.5","MLP Combined (HE=0, CC=0.2, UP=0.2, PR=(0.1,10), RR=0.5)",mlp_prevyears_monthly_features_incremental_scaler,prior_years,2022,2021,f1_score,0.8594137559625382,0.9561937526528612,0.00861416782254626,-0.01114191350593393,0.03211665776826815,0.008393022228886474,0.011480564071317473,2000,percentile,0.05,0.45457968052492875,0.4459655127023825,0.2513743128435782,0.3761946612900446
"mlp_combined_HE=0_CC=0.2_UP=0.2_PR=(0.1,10)_RR=0.5","MLP Combined (HE=0, CC=0.2, UP=0.2, PR=(0.1,10), RR=0.5)",mlp_prevyears_monthly_features_incremental_scaler,prior_years,2022,2021,pr_auc,0.8594137559625382,0.9561937526528612,0.017402142960160405,0.0012937896544181233,0.03469992237358052,0.01723629731365556,0.008808640816492257,2000,percentile,0.05,0.42393342265271966,0.40653127969255926,0.014492753623188406,0.02726815782860015
mlp_prevyears_monthly_features_incremental_scaler_experience_replay_RR_0.2,MLP Prevyears + Monthly (Incremental Scaler + Replay RR=0.2),mlp_prevyears_monthly_features_incremental_scaler,prior_years,2022,2021,f1_score,0.9449523702233675,0.9561937526528612,0.013217628500475975,-0.0053929126319077,0.02886343993145569,0.012727993892458732,0.008862097150117057,2000,percentile,0.05,0.45918314120285847,0.4459655127023825,0.08545727136431784,0.15200186791849976
mlp_prevyears_monthly_features_incremental_scaler_experience_replay_RR_0.2,MLP Prevyears + Monthly (Incremental Scaler + Replay RR=0.2),mlp_prevyears_monthly_features_incremental_scaler,prior_years,2022,2021,pr_auc,0.9449523702233675,0.9561937526528612,0.020709726814725993,0.003508574846321611,0.03466144418182037,0.02051022782398446,0.007692594847372867,2000,percentile,0.05,0.42724100650728525,0.40653127969255926,0.0074962518740629685,0.014438047248565069
mlp_prevyears_monthly_features_incremental_scaler_experience_replay_RR_0.2_PR_0.10,"MLP Prevyears + Monthly (Incremental Scaler + Replay RR=0.2, PR=0.10)",mlp_prevyears_monthly_features_incremental_scaler,prior_years,2022,2021,f1_score,0.9429598330996904,0.9561937526528612,0.02311380668280233,0.006527937241078877,0.04142721915839763,0.022876377665063577,0.00901673075417728,2000,percentile,0.05,0.4690793193851848,0.4459655127023825,0.0024987506246876563,0.005851390851336922
mlp_prevyears_monthly_features_incremental_scaler_experience_replay_RR_0.2_PR_0.10,"MLP Prevyears + Monthly (Incremental Scaler + Replay RR=0.2, PR=0.10)",mlp_prevyears_monthly_features_incremental_scaler,prior_years,2022,2021,pr_auc,0.9429598330996904,0.9561937526528612,0.030866965875600894,0.015924493651997825,0.0443210039452727,0.03077332215269093,0.007094070679733215,2000,percentile,0.05,0.43739824556816015,0.40653127969255926,0.0004997501249375312,0.001080854921376521
mlp_prevyears_monthly_features_incremental_scaler_experience_replay_RR_0.2_PR_0.15,"MLP Prevyears + Monthly (Incremental Scaler + Replay RR=0.2, PR=0.15)",mlp_prevyears_monthly_features_incremental_scaler,prior_years,2022,2021,f1_score,0.9354138214287555,0.9561937526528612,0.027267554188656618,0.014663924219745326,0.04111307597091932,0.026941561806246416,0.006913844170022805,2000,percentile,0.05,0.4732330668910391,0.4459655127023825,0.0004997501249375312,0.001260997408272608
mlp_prevyears_monthly_features_incremental_scaler_experience_replay_RR_0.2_PR_0.15,"MLP Prevyears + Monthly (Incremental Scaler + Replay RR=0.2, PR=0.15)",mlp_prevyears_monthly_features_incremental_scaler,prior_years,2022,2021,pr_auc,0.9354138214287555,0.9561937526528612,0.03153898886176726,0.020476334993719484,0.043080459729410533,0.031219050382630485,0.005812149614990259,2000,percentile,0.05,0.4380702685543265,0.40653127969255926,0.0004997501249375312,0.001080854921376521
mlp_prevyears_monthly_features_incremental_scaler_experience_replay_RR_0.3,MLP Prevyears + Monthly (Incremental Scaler + Replay RR=0.3),mlp_prevyears_monthly_features_incremental_scaler,prior_years,2022,2021,f1_score,0.953319435563493,0.9561937526528612,0.02556473640793777,0.005475489929564485,0.04967997855312978,0.025640871857450665,0.011397294052955214,2000,percentile,0.05,0.47153024911032027,0.4459655127023825,0.0024987506246876563,0.005851390851336922
mlp_prevyears_monthly_features_incremental_scaler_experience_replay_RR_0.3,MLP Prevyears + Monthly (Incremental Scaler + Replay RR=0.3),mlp_prevyears_monthly_features_incremental_scaler,prior_years,2022,2021,pr_auc,0.953319435563493,0.9561937526528612,0.03565758647718631,0.02346940182004794,0.046946694964903765,0.035410669814955005,0.005993098113080836,2000,percentile,0.05,0.44218886616974556,0.40653127969255926,0.0004997501249375312,0.001080854921376521
mlp_prevyears_monthly_features_incremental_scaler_experience_replay_RR_0.3_PR_0.10,"MLP Prevyears + Monthly (Incremental Scaler + Replay RR=0.3, PR=0.10)",mlp_prevyears_monthly_features_incremental_scaler,prior_years,2022,2021,f1_score,0.9388307321155472,0.9561937526528612,0.012714958596385328,-0.0036324174172025474,0.028402946341245947,0.012215596703359963,0.008236978456941968,2000,percentile,0.05,0.4586804712987678,0.4459655127023825,0.07396301849075462,0.1341223538648503
mlp_prevyears_monthly_features_incremental_scaler_experience_replay_RR_0.3_PR_0.10,"MLP Prevyears + Monthly (Incremental Scaler + Replay RR=0.3, PR=0.10)",mlp_prevyears_monthly_features_incremental_scaler,prior_years,2022,2021,pr_auc,0.9388307321155472,0.9561937526528612,0.022861948269344456,0.009534354158093032,0.03407536356427498,0.022489042855112613,0.006319673283119464,2000,percentile,0.05,0.4293932279619037,0.40653127969255926,0.0014992503748125937,0.003078902189283907
mlp_prevyears_monthly_features_incremental_scaler_experience_replay_RR_0.3_PR_0.15,"MLP Prevyears + Monthly (Incremental Scaler + Replay RR=0.3, PR=0.15)",mlp_prevyears_monthly_features_incremental_scaler,prior_years,2022,2021,f1_score,0.924705512143742,0.9561937526528612,0.030303021684026876,0.011392413782615773,0.05188269840467072,0.029857968331143816,0.010714495429209157,2000,percentile,0.05,0.47626853438640937,0.4459655127023825,0.0004997501249375312,0.001260997408272608
mlp_prevyears_monthly_features_incremental_scaler_experience_replay_RR_0.3_PR_0.15,"MLP Prevyears + Monthly (Incremental Scaler + Replay RR=0.3, PR=0.15)",mlp_prevyears_monthly_features_incremental_scaler,prior_years,2022,2021,pr_auc,0.924705512143742,0.9561937526528612,0.03513284882321838,0.020952804491714303,0.04774757332870884,0.03477935340928853,0.006906391088780681,2000,percentile,0.05,0.44166412851577763,0.40653127969255926,0.0004997501249375312,0.001080854921376521
mlp_prevyears_monthly_features_incremental_scaler_experience_replay_RR_0.4,MLP Prevyears + Monthly (Incremental Scaler + Replay RR=0.4),mlp_prevyears_monthly_features_incremental_scaler,prior_years,2022,2021,f1_score,0.9568019415873803,0.9561937526528612,0.01727734557094185,0.0036711412310694302,0.030809235459657375,0.01693768099641434,0.006892048431283651,2000,percentile,0.05,0.46324285827332434,0.4459655127023825,0.00399800099950025,0.009164431868572756
mlp_prevyears_monthly_features_incremental_scaler_experience_replay_RR_0.4,MLP Prevyears + Monthly (Incremental Scaler + Replay RR=0.4),mlp_prevyears_monthly_features_incremental_scaler,prior_years,2022,2021,pr_auc,0.9568019415873803,0.9561937526528612,0.032263971889660126,0.019853208436430972,0.044628494275744175,0.032150801325723476,0.0063185275888251995,2000,percentile,0.05,0.4387952515822194,0.40653127969255926,0.0004997501249375312,0.001080854921376521
mlp_prevyears_monthly_features_incremental_scaler_experience_replay_RR_0.4_PR_0.10,"MLP Prevyears + Monthly (Incremental Scaler + Replay RR=0.4, PR=0.10)",mlp_prevyears_monthly_features_incremental_scaler,prior_years,2022,2021,f1_score,0.9373456616150826,0.9561937526528612,0.02375249492176229,0.011583373592720037,0.03688911683901612,0.023546395775581888,0.006597493101970777,2000,percentile,0.05,0.4697180076241448,0.4459655127023825,0.0004997501249375312,0.001260997408272608
mlp_prevyears_monthly_features_incremental_scaler_experience_replay_RR_0.4_PR_0.10,"MLP Prevyears + Monthly (Incremental Scaler + Replay RR=0.4, PR=0.10)",mlp_prevyears_monthly_features_incremental_scaler,prior_years,2022,2021,pr_auc,0.9373456616150826,0.9561937526528612,0.03330089458710539,0.01979240470555584,0.04654187689061334,0.03281299341917644,0.006689897372744077,2000,percentile,0.05,0.43983217427966464,0.40653127969255926,0.0004997501249375312,0.001080854921376521
mlp_prevyears_monthly_features_incremental_scaler_experience_replay_RR_0.4_PR_0.15,"MLP Prevyears + Monthly (Incremental Scaler + Replay RR=0.4, PR=0.15)",mlp_prevyears_monthly_features_incremental_scaler,prior_years,2022,2021,f1_score,0.9235455935123892,0.9561937526528612,0.01885694386697917,0.0022151258860280093,0.03786527696532278,0.0183408849115409,0.009094690490827081,2000,percentile,0.05,0.46482245656936166,0.4459655127023825,0.010494752623688156,0.022849779123816017
mlp_prevyears_monthly_features_incremental_scaler_experience_replay_RR_0.4_PR_0.15,"MLP Prevyears + Monthly (Incremental Scaler + Replay RR=0.4, PR=0.15)",mlp_prevyears_monthly_features_incremental_scaler,prior_years,2022,2021,pr_auc,0.9235455935123892,0.9561937526528612,0.029040626853319318,0.01126686867882675,0.04518583246641315,0.028654938994221377,0.008429818718839112,2000,percentile,0.05,0.4355719065458786,0.40653127969255926,0.0009995002498750624,0.002078832788078804
mlp_prevyears_monthly_features_incremental_scaler_experience_replay_RR_0.5,MLP Prevyears + Monthly (Incremental Scaler + Replay RR=0.5),mlp_prevyears_monthly_features_incremental_scaler,prior_years,2022,2021,f1_score,0.953099544898899,0.9561937526528612,0.013397894908709906,-0.00964194374096654,0.03460869929684551,0.013025170422000399,0.011384789418743624,2000,percentile,0.05,0.4593634076110924,0.4459655127023825,0.1294352823588206,0.20857021984057478
mlp_prevyears_monthly_features_incremental_scaler_experience_replay_RR_0.5,MLP Prevyears + Monthly (Incremental Scaler + Replay RR=0.5),mlp_prevyears_monthly_features_incremental_scaler,prior_years,2022,2021,pr_auc,0.953099544898899,0.9561937526528612,0.024331936142056698,0.006948950589501768,0.03907887788873455,0.02416252210017854,0.008473987439768993,2000,percentile,0.05,0.43086321583461595,0.40653127969255926,0.004497751124437781,0.008766574796434118
mlp_prevyears_monthly_features_incremental_scaler_experience_replay_RR_0.5_PR_0.10,"MLP Prevyears + Monthly (Incremental Scaler + Replay RR=0.5, PR=0.10)",mlp_prevyears_monthly_features_incremental_scaler,prior_years,2022,2021,f1_score,0.9389086290866983,0.9561937526528612,0.029851350938495447,0.012543529992166803,0.05123917065866605,0.029526249987919008,0.010037650507376586,2000,percentile,0.05,0.47581686364087794,0.4459655127023825,0.0004997501249375312,0.001260997408272608
mlp_prevyears_monthly_features_incremental_scaler_experience_replay_RR_0.5_PR_0.10,"MLP Prevyears + Monthly (Incremental Scaler + Replay RR=0.5, PR=0.10)",mlp_prevyears_monthly_features_incremental_scaler,prior_years,2022,2021,pr_auc,0.9389086290866983,0.9561937526528612,0.03492903598128061,0.0217106003884235,0.04748944032708888,0.034510627745548764,0.006444367772337617,2000,percentile,0.05,0.44146031567383986,0.40653127969255926,0.0004997501249375312,0.001080854921376521
mlp_prevyears_monthly_features_incremental_scaler_experience_replay_RR_0.5_PR_0.15,"MLP Prevyears + Monthly (Incremental Scaler + Replay RR=0.5, PR=0.15)",mlp_prevyears_monthly_features_incremental_scaler,prior_years,2022,2021,f1_score,0.9410234569114087,0.9561937526528612,0.0231322536252051,0.008080537405500422,0.03971710824004449,0.022739825832872193,0.008281995169591442,2000,percentile,0.05,0.4690977663275876,0.4459655127023825,0.0014992503748125937,0.0036282973754758305
mlp_prevyears_monthly_features_incremental_scaler_experience_replay_RR_0.5_PR_0.15,"MLP Prevyears + Monthly (Incremental Scaler + Replay RR=0.5, PR=0.15)",mlp_prevyears_monthly_features_incremental_scaler,prior_years,2022,2021,pr_auc,0.9410234569114087,0.9561937526528612,0.031205422891273316,0.017379703671015042,0.04549822100706789,0.031072671340535044,0.00713456591544856,2000,percentile,0.05,0.43773670258383257,0.40653127969255926,0.0004997501249375312,0.001080854921376521
mlp_prevyears_monthly_features_incremental_scaler_experience_replay_confidently_correct_memory_RR_0.2,MLP Prevyears + Monthly (Incremental Scaler + Replay Confidently Correct RR=0.2),mlp_prevyears_monthly_features_incremental_scaler,prior_years,2022,2021,f1_score,0.9342672283065231,0.9561937526528612,0.009041685059520965,-0.009578903032244275,0.024865276829453938,0.008572411716650486,0.009033640646589383,2000,percentile,0.05,0.45500719776190346,0.4459655127023825,0.17041479260369816,0.26668276438703725
mlp_prevyears_monthly_features_incremental_scaler_experience_replay_confidently_correct_memory_RR_0.2,MLP Prevyears + Monthly (Incremental Scaler + Replay Confidently Correct RR=0.2),mlp_prevyears_monthly_features_incremental_scaler,prior_years,2022,2021,pr_auc,0.9342672283065231,0.9561937526528612,0.0178338887463087,0.005315620094156569,0.03229682687040029,0.017926897318324683,0.006926632831191546,2000,percentile,0.05,0.42436516843886796,0.40653127969255926,0.004997501249375313,0.009682658670664668
mlp_prevyears_monthly_features_incremental_scaler_experience_replay_confidently_correct_memory_RR_0.3,MLP Prevyears + Monthly (Incremental Scaler + Replay Confidently Correct RR=0.3),mlp_prevyears_monthly_features_incremental_scaler,prior_years,2022,2021,f1_score,0.9460490966866291,0.9561937526528612,0.021360059399810005,-0.00353124716161637,0.0438478064091487,0.020655481219684673,0.012121862742411008,2000,percentile,0.05,0.4673255721021925,0.4459655127023825,0.047476261869065464,0.09037148092620356
mlp_prevyears_monthly_features_incremental_scaler_experience_replay_confidently_correct_memory_RR_0.3,MLP Prevyears + Monthly (Incremental Scaler + Replay Confidently Correct RR=0.3),mlp_prevyears_monthly_features_incremental_scaler,prior_years,2022,2021,pr_auc,0.9460490966866291,0.9561937526528612,0.02837615332778559,0.010821690799277632,0.044862328804602294,0.02802407769237891,0.00861523858018918,2000,percentile,0.05,0.43490743302034485,0.40653127969255926,0.0009995002498750624,0.002078832788078804
mlp_prevyears_monthly_features_incremental_scaler_experience_replay_confidently_correct_memory_RR_0.4,MLP Prevyears + Monthly (Incremental Scaler + Replay Confidently Correct RR=0.4),mlp_prevyears_monthly_features_incremental_scaler,prior_years,2022,2021,f1_score,0.9451174725929438,0.9561937526528612,0.018348461027638097,0.0049201184097881715,0.033775897478643166,0.01815096598818875,0.007479128999046873,2000,percentile,0.05,0.4643139737300206,0.4459655127023825,0.0029985007496251873,0.00697151424287856
mlp_prevyears_monthly_features_incremental_scaler_experience_replay_confidently_correct_memory_RR_0.4,MLP Prevyears + Monthly (Incremental Scaler + Replay Confidently Correct RR=0.4),mlp_prevyears_monthly_features_incremental_scaler,prior_years,2022,2021,pr_auc,0.9451174725929438,0.9561937526528612,0.02453685193293792,0.01231675725495026,0.03694057762759338,0.02460939485238809,0.006229539526843988,2000,percentile,0.05,0.4310681316254972,0.40653127969255926,0.0004997501249375312,0.001080854921376521
mlp_prevyears_monthly_features_incremental_scaler_experience_replay_confidently_correct_memory_RR_0.5,MLP Prevyears + Monthly (Incremental Scaler + Replay Confidently Correct RR=0.5),mlp_prevyears_monthly_features_incremental_scaler,prior_years,2022,2021,f1_score,0.948970738836126,0.9561937526528612,0.01465973462646597,-0.0023812775221505322,0.03304026042923719,0.014567261449698275,0.00936469525362955,2000,percentile,0.05,0.46062524732884846,0.4459655127023825,0.05647176411794103,0.10625178740109716
mlp_prevyears_monthly_features_incremental_scaler_experience_replay_confidently_correct_memory_RR_0.5,MLP Prevyears + Monthly (Incremental Scaler + Replay Confidently Correct RR=0.5),mlp_prevyears_monthly_features_incremental_scaler,prior_years,2022,2021,pr_auc,0.948970738836126,0.9561937526528612,0.021896958319284454,0.005490922674704462,0.0378270110917399,0.02206418878908511,0.008412902047410738,2000,percentile,0.05,0.4284282380118437,0.40653127969255926,0.0079960019990005,0.015355154281266447
mlp_prevyears_monthly_features_incremental_scaler_experience_replay_hard_example_mining_RR_0.2,MLP Prevyears + Monthly (Incremental Scaler + Replay Hard Example Mining RR=0.2),mlp_prevyears_monthly_features_incremental_scaler,prior_years,2022,2021,f1_score,0.8692703242399477,0.9561937526528612,-0.04161388084043427,-0.08820381436174977,0.017979968873134508,-0.04060964456706945,0.026878956190787225,2000,percentile,0.05,0.4043516318619482,0.4459655127023825,0.927536231884058,1.0
mlp_prevyears_monthly_features_incremental_scaler_experience_replay_hard_example_mining_RR_0.2,MLP Prevyears + Monthly (Incremental Scaler + Replay Hard Example Mining RR=0.2),mlp_prevyears_monthly_features_incremental_scaler,prior_years,2022,2021,pr_auc,0.8692703242399477,0.9561937526528612,-0.0609685595994921,-0.09647816541332913,-0.025057267418686177,-0.05946017545121842,0.0180883015559652,2000,percentile,0.05,0.34556272009306715,0.40653127969255926,1.0,1.0
mlp_prevyears_monthly_features_incremental_scaler_experience_replay_hard_example_mining_RR_0.3,MLP Prevyears + Monthly (Incremental Scaler + Replay Hard Example Mining RR=0.3),mlp_prevyears_monthly_features_incremental_scaler,prior_years,2022,2021,f1_score,0.8939829130458783,0.9561937526528612,-0.08018768808180915,-0.12407622182646053,-0.032098849223239065,-0.0790166225115528,0.02308814097163498,2000,percentile,0.05,0.36577782462057334,0.4459655127023825,0.9995002498750625,1.0
mlp_prevyears_monthly_features_incremental_scaler_experience_replay_hard_example_mining_RR_0.3,MLP Prevyears + Monthly (Incremental Scaler + Replay Hard Example Mining RR=0.3),mlp_prevyears_monthly_features_incremental_scaler,prior_years,2022,2021,pr_auc,0.8939829130458783,0.9561937526528612,-0.08719253984532721,-0.12816923314316908,-0.043587756505968064,-0.08537475837736513,0.021208882410035206,2000,percentile,0.05,0.31933873984723204,0.40653127969255926,1.0,1.0
mlp_prevyears_monthly_features_incremental_scaler_experience_replay_hard_example_mining_RR_0.4,MLP Prevyears + Monthly (Incremental Scaler + Replay Hard Example Mining RR=0.4),mlp_prevyears_monthly_features_incremental_scaler,prior_years,2022,2021,f1_score,0.8733771946284725,0.9561937526528612,-0.041874199331496054,-0.07666990155707479,-0.00024648691272274355,-0.04100594190325496,0.019492638463517335,2000,percentile,0.05,0.40409131337088644,0.4459655127023825,0.9750124937531235,1.0
mlp_prevyears_monthly_features_incremental_scaler_experience_replay_hard_example_mining_RR_0.4,MLP Prevyears + Monthly (Incremental Scaler + Replay Hard Example Mining RR=0.4),mlp_prevyears_monthly_features_incremental_scaler,prior_years,2022,2021,pr_auc,0.8733771946284725,0.9561937526528612,-0.04422375837236381,-0.07558493925388626,-0.009769982970204715,-0.04357520907058021,0.017071583412397114,2000,percentile,0.05,0.36230752132019545,0.40653127969255926,0.991504247876062,1.0
mlp_prevyears_monthly_features_incremental_scaler_experience_replay_hard_example_mining_RR_0.5,MLP Prevyears + Monthly (Incremental Scaler + Replay Hard Example Mining RR=0.5),mlp_prevyears_monthly_features_incremental_scaler,prior_years,2022,2021,f1_score,0.8980538254461023,0.9561937526528612,-0.014054139419884815,-0.050719882713179607,0.030740380741183966,-0.013753869870731001,0.020961831823241947,2000,percentile,0.05,0.4319113732824977,0.4459655127023825,0.7591204397801099,0.9117848824665157
mlp_prevyears_monthly_features_incremental_scaler_experience_replay_hard_example_mining_RR_0.5,MLP Prevyears + Monthly (Incremental Scaler + Replay Hard Example Mining RR=0.5),mlp_prevyears_monthly_features_incremental_scaler,prior_years,2022,2021,pr_auc,0.8980538254461023,0.9561937526528612,-0.020062207084040384,-0.054160462298852186,0.014433651420895517,-0.019593050777357224,0.01750630355804373,2000,percentile,0.05,0.38646907260851887,0.40653127969255926,0.8735632183908046,0.9771299917051784
mlp_prevyears_monthly_features_incremental_scaler_experience_replay_uncertainity_prioritization_RR_0.2,MLP Prevyears + Monthly (Incremental Scaler + Replay Uncertainty Prioritization RR=0.2),mlp_prevyears_monthly_features_incremental_scaler,prior_years,2022,2021,f1_score,0.9514453899310367,0.9561937526528612,0.02533705345038728,0.0013351914935767653,0.052318627771238954,0.025219192541984917,0.013075171880828646,2000,percentile,0.05,0.4713025661527698,0.4459655127023825,0.018490754622688656,0.03883058470764618
mlp_prevyears_monthly_features_incremental_scaler_experience_replay_uncertainity_prioritization_RR_0.2,MLP Prevyears + Monthly (Incremental Scaler + Replay Uncertainty Prioritization RR=0.2),mlp_prevyears_monthly_features_incremental_scaler,prior_years,2022,2021,pr_auc,0.9514453899310367,0.9561937526528612,0.02501868232319865,0.007503903855025447,0.04237745657023189,0.025006309689713575,0.008917717346073465,2000,percentile,0.05,0.4315499620157579,0.40653127969255926,0.004497751124437781,0.008766574796434118
mlp_prevyears_monthly_features_incremental_scaler_experience_replay_uncertainity_prioritization_RR_0.3,MLP Prevyears + Monthly (Incremental Scaler + Replay Uncertainty Prioritization RR=0.3),mlp_prevyears_monthly_features_incremental_scaler,prior_years,2022,2021,f1_score,0.9602016490110152,0.9561937526528612,0.01976271029413318,-0.00459718833173693,0.04285333809092874,0.019421539566290263,0.012031198366270054,2000,percentile,0.05,0.4657282229965157,0.4459655127023825,0.05747126436781609,0.10751089972255252
mlp_prevyears_monthly_features_incremental_scaler_experience_replay_uncertainity_prioritization_RR_0.3,MLP Prevyears + Monthly (Incremental Scaler + Replay Uncertainty Prioritization RR=0.3),mlp_prevyears_monthly_features_incremental_scaler,prior_years,2022,2021,pr_auc,0.9602016490110152,0.9561937526528612,0.036587753474571494,0.017836892550674787,0.052452114576768745,0.03614334184204897,0.008568189287682123,2000,percentile,0.05,0.44311903316713075,0.40653127969255926,0.0004997501249375312,0.001080854921376521
mlp_prevyears_monthly_features_incremental_scaler_experience_replay_uncertainity_prioritization_RR_0.4,MLP Prevyears + Monthly (Incremental Scaler + Replay Uncertainty Prioritization RR=0.4),mlp_prevyears_monthly_features_incremental_scaler,prior_years,2022,2021,f1_score,0.9597613730676811,0.9561937526528612,0.03788011484747433,0.01777755566259086,0.06288690594860195,0.03749177500232138,0.011824885852764097,2000,percentile,0.05,0.4838456275498568,0.4459655127023825,0.0004997501249375312,0.001260997408272608
mlp_prevyears_monthly_features_incremental_scaler_experience_replay_uncertainity_prioritization_RR_0.4,MLP Prevyears + Monthly (Incremental Scaler + Replay Uncertainty Prioritization RR=0.4),mlp_prevyears_monthly_features_incremental_scaler,prior_years,2022,2021,pr_auc,0.9597613730676811,0.9561937526528612,0.04180544849621798,0.025098265475538027,0.057122474054972706,0.04110805206854752,0.008228518768849611,2000,percentile,0.05,0.44833672818877723,0.40653127969255926,0.0004997501249375312,0.001080854921376521
mlp_prevyears_monthly_features_incremental_scaler_experience_replay_uncertainity_prioritization_RR_0.5,MLP Prevyears + Monthly (Incremental Scaler + Replay Uncertainty Prioritization RR=0.5),mlp_prevyears_monthly_features_incremental_scaler,prior_years,2022,2021,f1_score,0.95702788010552,0.9561937526528612,0.028676669312200254,0.008848451883367277,0.05032096288763934,0.02821320748555242,0.010875124989936988,2000,percentile,0.05,0.47464218201458275,0.4459655127023825,0.001999000499750125,0.004732179364863023
mlp_prevyears_monthly_features_incremental_scaler_experience_replay_uncertainity_prioritization_RR_0.5,MLP Prevyears + Monthly (Incremental Scaler + Replay Uncertainty Prioritization RR=0.5),mlp_prevyears_monthly_features_incremental_scaler,prior_years,2022,2021,pr_auc,0.95702788010552,0.9561937526528612,0.030073233003742705,0.010713635597282405,0.04796390620821368,0.029458773858305733,0.009594099457395857,2000,percentile,0.05,0.43660451269630196,0.40653127969255926,0.0024987506246876563,0.0050361815996026755
mlp_prevyears_monthly_features_incremental_scaler_missclassification_buffer_RR_0.3,MLP Prevyears + Monthly (Incremental Scaler + Misclassification Buffer RR=0.3),mlp_prevyears_monthly_features_incremental_scaler,prior_years,2022,2021,f1_score,0.9283863553363019,0.9561937526528612,-0.0021762744643223364,-0.02399110396632545,0.021635494837501056,-0.0018579949337972556,0.01138124240701538,2000,percentile,0.05,0.44378923823806016,0.4459655127023825,0.5882058970514743,0.7392317354836097
mlp_prevyears_monthly_features_incremental_scaler_missclassification_buffer_RR_0.3,MLP Prevyears + Monthly (Incremental Scaler + Misclassification Buffer RR=0.3),mlp_prevyears_monthly_features_incremental_scaler,prior_years,2022,2021,pr_auc,0.9283863553363019,0.9561937526528612,-0.004371964380402993,-0.020976995868059147,0.012638804055240538,-0.0040344045737930835,0.008591778191216743,2000,percentile,0.05,0.40215931531215626,0.40653127969255926,0.6826586706646677,0.8275806230962731
"mlp_combined_HE=0.1_CC=0.1_UP=0.1_PR=(0.2,10)_RR=0.5","MLP Combined (HE=0.1, CC=0.1, UP=0.1, PR=(0.2,10), RR=0.5)",mlp_prevyears_monthly_features_incremental_scaler,prior_years,2022,2022,f1_score,0.8117805015738833,0.9035039502051037,-0.018964776142244233,-0.03264865389846215,-0.00666830291460618,-0.019324223425980794,0.006838504687722465,2000,percentile,0.05,0.453724551465883,0.4726893276081272,0.9985007496251874,1.0
"mlp_combined_HE=0.1_CC=0.1_UP=0.1_PR=(0.2,10)_RR=0.5","MLP Combined (HE=0.1, CC=0.1, UP=0.1, PR=(0.2,10), RR=0.5)",mlp_prevyears_monthly_features_incremental_scaler,prior_years,2022,2022,pr_auc,0.8117805015738833,0.9035039502051037,-0.015427834464364298,-0.0344532005311215,0.0007563845214988677,-0.016450911296036038,0.009033257357758371,2000,percentile,0.05,0.43925914268474614,0.45468697714911044,0.9700149925037481,1.0
"mlp_combined_HE=0_CC=0.15_UP=0_PR=(0,10)_MC=0.1_RWS=1_RR=0.4","MLP Combined (HE=0, CC=0.15, UP=0, PR=(0,10), MC=0.1, RWS=1, RR=0.4)",mlp_prevyears_monthly_features_incremental_scaler,prior_years,2022,2022,f1_score,0.8273101512811031,0.9035039502051037,-0.007595126593220036,-0.021300055028968017,0.007899091912430654,-0.007047095477184433,0.007444222046496423,2000,percentile,0.05,0.46509420101490717,0.4726893276081272,0.8225887056471765,0.9545548081574187
"mlp_combined_HE=0_CC=0.15_UP=0_PR=(0,10)_MC=0.1_RWS=1_RR=0.4","MLP Combined (HE=0, CC=0.15, UP=0, PR=(0,10), MC=0.1, RWS=1, RR=0.4)",mlp_prevyears_monthly_features_incremental_scaler,prior_years,2022,2022,pr_auc,0.8273101512811031,0.9035039502051037,-0.0038403919822704857,-0.014623758944015153,0.008321274678548866,-0.0032274905959026,0.00587109361669526,2000,percentile,0.05,0.45084658516683995,0.45468697714911044,0.7086456771614192,0.8396183033710005
"mlp_combined_HE=0_CC=0.1_UP=0.1_PR=(0,10)_MC=0.1_RWS=1_RR=0.5","MLP Combined (HE=0, CC=0.1, UP=0.1, PR=(0,10), MC=0.1, RWS=1, RR=0.5)",mlp_prevyears_monthly_features_incremental_scaler,prior_years,2022,2022,f1_score,0.8499906288659069,0.9035039502051037,0.014608480496730303,-0.0143486645194936,0.03849808997530249,0.011810905327617114,0.01493472754630675,2000,percentile,0.05,0.4872978081048575,0.4726893276081272,0.26186906546726635,0.38137977990870336
"mlp_combined_HE=0_CC=0.1_UP=0.1_PR=(0,10)_MC=0.1_RWS=1_RR=0.5","MLP Combined (HE=0, CC=0.1, UP=0.1, PR=(0,10), MC=0.1, RWS=1, RR=0.5)",mlp_prevyears_monthly_features_incremental_scaler,prior_years,2022,2022,pr_auc,0.8499906288659069,0.9035039502051037,0.01303424896869354,-0.01831830122939639,0.03578776766688361,0.009336870106686226,0.015556990378719346,2000,percentile,0.05,0.467721226117804,0.45468697714911044,0.30484757621189407,0.4340183487431989
"mlp_combined_HE=0_CC=0.1_UP=0.2_PR=(0.1,10)_RR=0.5","MLP Combined (HE=0, CC=0.1, UP=0.2, PR=(0.1,10), RR=0.5)",mlp_prevyears_monthly_features_incremental_scaler,prior_years,2022,2022,f1_score,0.8312063317007002,0.9035039502051037,0.006967549737437795,-0.02361496958477383,0.03679088743371457,0.005518531682145481,0.015865232797257118,2000,percentile,0.05,0.479656877345565,0.4726893276081272,0.3728135932033983,0.5185932674688297
"mlp_combined_HE=0_CC=0.1_UP=0.2_PR=(0.1,10)_RR=0.5","MLP Combined (HE=0, CC=0.1, UP=0.2, PR=(0.1,10), RR=0.5)",mlp_prevyears_monthly_features_incremental_scaler,prior_years,2022,2022,pr_auc,0.8312063317007002,0.9035039502051037,0.016697287426401308,-0.016328939153679493,0.04451518018292139,0.013768062854313552,0.016775648981818034,2000,percentile,0.05,0.47138426457551175,0.45468697714911044,0.2538730634682659,0.38781428957652325
"mlp_combined_HE=0_CC=0.2_UP=0.1_PR=(0.2,10)_RR=0.5","MLP Combined (HE=0, CC=0.2, UP=0.1, PR=(0.2,10), RR=0.5)",mlp_prevyears_monthly_features_incremental_scaler,prior_years,2022,2022,f1_score,0.8230294410532468,0.9035039502051037,-0.012569730369416388,-0.03387258914395269,0.009398814175924666,-0.012351701424192552,0.0111552839015746,2000,percentile,0.05,0.4601195972387108,0.4726893276081272,0.8600699650174912,0.9805701352476126
"mlp_combined_HE=0_CC=0.2_UP=0.1_PR=(0.2,10)_RR=0.5","MLP Combined (HE=0, CC=0.2, UP=0.1, PR=(0.2,10), RR=0.5)",mlp_prevyears_monthly_features_incremental_scaler,prior_years,2022,2022,pr_auc,0.8230294410532468,0.9035039502051037,0.0020712140637335064,-0.015490955153439198,0.017397394752175013,0.0013181221149642624,0.008680221774157934,2000,percentile,0.05,0.45675819121284394,0.45468697714911044,0.44377811094452774,0.5860031444723885
"mlp_combined_HE=0_CC=0.2_UP=0.2_PR=(0.1,10)_RR=0.5","MLP Combined (HE=0, CC=0.2, UP=0.2, PR=(0.1,10), RR=0.5)",mlp_prevyears_monthly_features_incremental_scaler,prior_years,2022,2022,f1_score,0.8356157325237004,0.9035039502051037,0.0162674479920748,-0.01184112690985557,0.03929391416930553,0.013167936607746381,0.014711701638763874,2000,percentile,0.05,0.488956775600202,0.4726893276081272,0.24737631184407796,0.3735354544949747
"mlp_combined_HE=0_CC=0.2_UP=0.2_PR=(0.1,10)_RR=0.5","MLP Combined (HE=0, CC=0.2, UP=0.2, PR=(0.1,10), RR=0.5)",mlp_prevyears_monthly_features_incremental_scaler,prior_years,2022,2022,pr_auc,0.8356157325237004,0.9035039502051037,0.022849946578277325,-0.010582765806111649,0.04613235805336733,0.01806518742893945,0.016949847285564246,2000,percentile,0.05,0.47753692372738776,0.45468697714911044,0.22038980509745126,0.34655498337787627
mlp_prevyears_monthly_features_incremental_scaler_experience_replay_RR_0.2,MLP Prevyears + Monthly (Incremental Scaler + Replay RR=0.2),mlp_prevyears_monthly_features_incremental_scaler,prior_years,2022,2022,f1_score,0.8931716179890571,0.9035039502051037,0.011020632247495998,-0.006719252036168574,0.02543791207346624,0.009611309852334195,0.008622141640243696,2000,percentile,0.05,0.4837099598556232,0.4726893276081272,0.1489255372313843,0.2370428477692694
mlp_prevyears_monthly_features_incremental_scaler_experience_replay_RR_0.2,MLP Prevyears + Monthly (Incremental Scaler + Replay RR=0.2),mlp_prevyears_monthly_features_incremental_scaler,prior_years,2022,2022,pr_auc,0.8931716179890571,0.9035039502051037,0.009852993689327239,-0.009635782057687047,0.024418121102396044,0.00798627125332305,0.009377140029045104,2000,percentile,0.05,0.4645399708384377,0.45468697714911044,0.22938530734632684,0.3581051201018196
mlp_prevyears_monthly_features_incremental_scaler_experience_replay_RR_0.2_PR_0.10,"MLP Prevyears + Monthly (Incremental Scaler + Replay RR=0.2, PR=0.10)",mlp_prevyears_monthly_features_incremental_scaler,prior_years,2022,2022,f1_score,0.883652256065147,0.9035039502051037,0.019802419518880177,-0.0016349402405261768,0.03761413150840275,0.018729711635654428,0.010091893565227909,2000,percentile,0.05,0.4924917471270074,0.4726893276081272,0.035982008995502246,0.07098269047294534
mlp_prevyears_monthly_features_incremental_scaler_experience_replay_RR_0.2_PR_0.10,"MLP Prevyears + Monthly (Incremental Scaler + Replay RR=0.2, PR=0.10)",mlp_prevyears_monthly_features_incremental_scaler,prior_years,2022,2022,pr_auc,0.883652256065147,0.9035039502051037,0.013743051013144103,-0.006731875646609371,0.031154303737237512,0.012488594770488168,0.010300320377716922,2000,percentile,0.05,0.46843002816225454,0.45468697714911044,0.13043478260869565,0.21661490683229812
mlp_prevyears_monthly_features_incremental_scaler_experience_replay_RR_0.2_PR_0.15,"MLP Prevyears + Monthly (Incremental Scaler + Replay RR=0.2, PR=0.15)",mlp_prevyears_monthly_features_incremental_scaler,prior_years,2022,2022,f1_score,0.8761036146493254,0.9035039502051037,0.003252133872188534,-0.009900885780774221,0.016221752607123406,0.002981452475938973,0.006639582205550997,2000,percentile,0.05,0.47594146148031574,0.4726893276081272,0.3258370814592704,0.45785620120973997
mlp_prevyears_monthly_features_incremental_scaler_experience_replay_RR_0.2_PR_0.15,"MLP Prevyears + Monthly (Incremental Scaler + Replay RR=0.2, PR=0.15)",mlp_prevyears_monthly_features_incremental_scaler,prior_years,2022,2022,pr_auc,0.8761036146493254,0.9035039502051037,-0.00026740550339282576,-0.014628674996474165,0.01386260159086136,-0.000479431713380667,0.00725197176471366,2000,percentile,0.05,0.4544195716457176,0.45468697714911044,0.5312343828085957,0.6827592121099213
mlp_prevyears_monthly_features_incremental_scaler_experience_replay_RR_0.3,MLP Prevyears + Monthly (Incremental Scaler + Replay RR=0.3),mlp_prevyears_monthly_features_incremental_scaler,prior_years,2022,2022,f1_score,0.8852617399563433,0.9035039502051037,-0.02344045692843394,-0.03613732260296804,-0.006088091066078744,-0.021716908734224653,0.007639768894626829,2000,percentile,0.05,0.44924887067969327,0.4726893276081272,0.9970014992503748,1.0
mlp_prevyears_monthly_features_incremental_scaler_experience_replay_RR_0.3,MLP Prevyears + Monthly (Incremental Scaler + Replay RR=0.3),mlp_prevyears_monthly_features_incremental_scaler,prior_years,2022,2022,pr_auc,0.8852617399563433,0.9035039502051037,-0.004719248051620828,-0.016190940624293035,0.006667409578509972,-0.004751569846618084,0.005821121224819498,2000,percentile,0.05,0.4499677290974896,0.45468697714911044,0.7931034482758621,0.9073995515423309
mlp_prevyears_monthly_features_incremental_scaler_experience_replay_RR_0.3_PR_0.10,"MLP Prevyears + Monthly (Incremental Scaler + Replay RR=0.3, PR=0.10)",mlp_prevyears_monthly_features_incremental_scaler,prior_years,2022,2022,f1_score,0.8782471353032385,0.9035039502051037,0.004403244279866936,-0.007641143009904892,0.017816311848163797,0.0043477080682392645,0.0063796950450640605,2000,percentile,0.05,0.47709257188799414,0.4726893276081272,0.2478760619690155,0.3735354544949747
mlp_prevyears_monthly_features_incremental_scaler_experience_replay_RR_0.3_PR_0.10,"MLP Prevyears + Monthly (Incremental Scaler + Replay RR=0.3, PR=0.10)",mlp_prevyears_monthly_features_incremental_scaler,prior_years,2022,2022,pr_auc,0.8782471353032385,0.9035039502051037,-0.004391547905845616,-0.016584025989288972,0.008236522981767646,-0.003997458005287403,0.006172163692598685,2000,percentile,0.05,0.4502954292432648,0.45468697714911044,0.7591204397801099,0.8746679757466399
mlp_prevyears_monthly_features_incremental_scaler_experience_replay_RR_0.3_PR_0.15,"MLP Prevyears + Monthly (Incremental Scaler + Replay RR=0.3, PR=0.15)",mlp_prevyears_monthly_features_incremental_scaler,prior_years,2022,2022,f1_score,0.8761514273102083,0.9035039502051037,0.00829691938618582,-0.0011373919116443615,0.018573247413134146,0.007938184012815533,0.004952444039659847,2000,percentile,0.05,0.480986246994313,0.4726893276081272,0.047976011994003,0.09079181339562777
mlp_prevyears_monthly_features_incremental_scaler_experience_replay_RR_0.3_PR_0.15,"MLP Prevyears + Monthly (Incremental Scaler + Replay RR=0.3, PR=0.15)",mlp_prevyears_monthly_features_incremental_scaler,prior_years,2022,2022,pr_auc,0.8761514273102083,0.9035039502051037,-0.002022067075505729,-0.010441723660501504,0.008572628604892324,-0.001602554894661645,0.004780788161018334,2000,percentile,0.05,0.4526649100736047,0.45468697714911044,0.6501749125437282,0.8001207335840587
mlp_prevyears_monthly_features_incremental_scaler_experience_replay_RR_0.4,MLP Prevyears + Monthly (Incremental Scaler + Replay RR=0.4),mlp_prevyears_monthly_features_incremental_scaler,prior_years,2022,2022,f1_score,0.9238796167940432,0.9035039502051037,0.007025871108808979,-0.014074887131511416,0.02384225239790774,0.005587576223483484,0.010079745800678963,2000,percentile,0.05,0.4797151987169362,0.4726893276081272,0.30334832583708143,0.43378310844577717
mlp_prevyears_monthly_features_incremental_scaler_experience_replay_RR_0.4,MLP Prevyears + Monthly (Incremental Scaler + Replay RR=0.4),mlp_prevyears_monthly_features_incremental_scaler,prior_years,2022,2022,pr_auc,0.9238796167940432,0.9035039502051037,0.012715908915295615,-0.010535769512652785,0.030002725168652142,0.010356337592160546,0.011094500445078103,2000,percentile,0.05,0.46740288606440605,0.45468697714911044,0.20839580209895053,0.33087835644221686
mlp_prevyears_monthly_features_incremental_scaler_experience_replay_RR_0.4_PR_0.10,"MLP Prevyears + Monthly (Incremental Scaler + Replay RR=0.4, PR=0.10)",mlp_prevyears_monthly_features_incremental_scaler,prior_years,2022,2022,f1_score,0.8663128561801915,0.9035039502051037,0.007029684401843317,-0.012300737797687766,0.025790392004178056,0.006697256375207019,0.009988537090581423,2000,percentile,0.05,0.4797190120099705,0.4726893276081272,0.26686656671664166,0.38779047976011993
mlp_prevyears_monthly_features_incremental_scaler_experience_replay_RR_0.4_PR_0.10,"MLP Prevyears + Monthly (Incremental Scaler + Replay RR=0.4, PR=0.10)",mlp_prevyears_monthly_features_incremental_scaler,prior_years,2022,2022,pr_auc,0.8663128561801915,0.9035039502051037,0.021229002124436958,-0.006336292716970966,0.04147864565583905,0.017820305671879,0.013689521466310918,2000,percentile,0.05,0.4759159792735474,0.45468697714911044,0.12093953023488256,0.20344091520131408
mlp_prevyears_monthly_features_incremental_scaler_experience_replay_RR_0.4_PR_0.15,"MLP Prevyears + Monthly (Incremental Scaler + Replay RR=0.4, PR=0.15)",mlp_prevyears_monthly_features_incremental_scaler,prior_years,2022,2022,f1_score,0.8697742204247577,0.9035039502051037,0.010656314470256556,-0.00555493988829223,0.023161804722816606,0.00951913026994696,0.007575923618704181,2000,percentile,0.05,0.48334564207838376,0.4726893276081272,0.11244377811094453,0.19314221517209734
mlp_prevyears_monthly_features_incremental_scaler_experience_replay_RR_0.4_PR_0.15,"MLP Prevyears + Monthly (Incremental Scaler + Replay RR=0.4, PR=0.15)",mlp_prevyears_monthly_features_incremental_scaler,prior_years,2022,2022,pr_auc,0.8697742204247577,0.9035039502051037,0.008317723093672402,-0.01348714996858462,0.02406728589523052,0.006441702106188334,0.010222246894760074,2000,percentile,0.05,0.46300470024278284,0.45468697714911044,0.2798600699650175,0.4236951291795963
mlp_prevyears_monthly_features_incremental_scaler_experience_replay_RR_0.5,MLP Prevyears + Monthly (Incremental Scaler + Replay RR=0.5),mlp_prevyears_monthly_features_incremental_scaler,prior_years,2022,2022,f1_score,0.9295029720219559,0.9035039502051037,-0.013043658316788609,-0.03383929372677441,0.009362372550066042,-0.011630814303418379,0.011747470049096903,2000,percentile,0.05,0.4596456692913386,0.4726893276081272,0.8015992003998001,0.9432442052355118
mlp_prevyears_monthly_features_incremental_scaler_experience_replay_RR_0.5,MLP Prevyears + Monthly (Incremental Scaler + Replay RR=0.5),mlp_prevyears_monthly_features_incremental_scaler,prior_years,2022,2022,pr_auc,0.9295029720219559,0.9035039502051037,-0.01612515367951206,-0.034634872590777965,0.005511657693665856,-0.014317102200418047,0.01103296980199643,2000,percentile,0.05,0.4385618234695984,0.45468697714911044,0.8865567216391804,0.984864710501892
mlp_prevyears_monthly_features_incremental_scaler_experience_replay_RR_0.5_PR_0.10,"MLP Prevyears + Monthly (Incremental Scaler + Replay RR=0.5, PR=0.10)",mlp_prevyears_monthly_features_incremental_scaler,prior_years,2022,2022,f1_score,0.8970089447853216,0.9035039502051037,0.005242127695442411,-0.007860204158622036,0.021847120706192085,0.005785138090276632,0.007536323550333236,2000,percentile,0.05,0.4779314553035696,0.4726893276081272,0.2288855572213893,0.35059881823793987
mlp_prevyears_monthly_features_incremental_scaler_experience_replay_RR_0.5_PR_0.10,"MLP Prevyears + Monthly (Incremental Scaler + Replay RR=0.5, PR=0.10)",mlp_prevyears_monthly_features_incremental_scaler,prior_years,2022,2022,pr_auc,0.8970089447853216,0.9035039502051037,-0.0020610149397145006,-0.014428668529174418,0.012781207288642129,-0.0012618995855296147,0.00690417825445647,2000,percentile,0.05,0.45262596220939594,0.45468697714911044,0.5882058970514743,0.7417439928684307
mlp_prevyears_monthly_features_incremental_scaler_experience_replay_RR_0.5_PR_0.15,"MLP Prevyears + Monthly (Incremental Scaler + Replay RR=0.5, PR=0.15)",mlp_prevyears_monthly_features_incremental_scaler,prior_years,2022,2022,f1_score,0.8702225660695554,0.9035039502051037,0.011553839623429707,-0.005339151972712892,0.02640301131708841,0.010852824830736931,0.007975732475967279,2000,percentile,0.05,0.4842431672315569,0.4726893276081272,0.095952023988006,0.16836864586574635
mlp_prevyears_monthly_features_incremental_scaler_experience_replay_RR_0.5_PR_0.15,"MLP Prevyears + Monthly (Incremental Scaler + Replay RR=0.5, PR=0.15)",mlp_prevyears_monthly_features_incremental_scaler,prior_years,2022,2022,pr_auc,0.8702225660695554,0.9035039502051037,0.011867833703944619,-0.0037175692135612863,0.02281932628575751,0.010509979229766547,0.006790322822936955,2000,percentile,0.05,0.46655481085305506,0.45468697714911044,0.07496251874062969,0.12978882898976044
mlp_prevyears_monthly_features_incremental_scaler_experience_replay_confidently_correct_memory_RR_0.2,MLP Prevyears + Monthly (Incremental Scaler + Replay Confidently Correct RR=0.2),mlp_prevyears_monthly_features_incremental_scaler,prior_years,2022,2022,f1_score,0.8590207654319847,0.9035039502051037,0.01993940865898136,-0.0046821080541783605,0.03977158607533891,0.01699273745888268,0.013185681717315493,2000,percentile,0.05,0.49262873626710857,0.4726893276081272,0.11694152923538231,0.19981347908722805
mlp_prevyears_monthly_features_incremental_scaler_experience_replay_confidently_correct_memory_RR_0.2,MLP Prevyears + Monthly (Incremental Scaler + Replay Confidently Correct RR=0.2),mlp_prevyears_monthly_features_incremental_scaler,prior_years,2022,2022,pr_auc,0.8590207654319847,0.9035039502051037,0.019193590226830592,-0.010043034144706569,0.040859174291206224,0.015330016783387305,0.01508060406156283,2000,percentile,0.05,0.47388056737594103,0.45468697714911044,0.23388305847076463,0.36251874062968514
mlp_prevyears_monthly_features_incremental_scaler_experience_replay_confidently_correct_memory_RR_0.3,MLP Prevyears + Monthly (Incremental Scaler + Replay Confidently Correct RR=0.3),mlp_prevyears_monthly_features_incremental_scaler,prior_years,2022,2022,f1_score,0.8930408509897299,0.9035039502051037,0.013894170973664521,-0.00193784045392735,0.026980184934607118,0.012570595775662463,0.007683272261851525,2000,percentile,0.05,0.48658349858179173,0.4726893276081272,0.047976011994003,0.09079181339562777
mlp_prevyears_monthly_features_incremental_scaler_experience_replay_confidently_correct_memory_RR_0.3,MLP Prevyears + Monthly (Incremental Scaler + Replay Confidently Correct RR=0.3),mlp_prevyears_monthly_features_incremental_scaler,prior_years,2022,2022,pr_auc,0.8930408509897299,0.9035039502051037,0.004419986836557144,-0.010901193993557783,0.01784196263922206,0.003852295840749675,0.007286721656314465,2000,percentile,0.05,0.4591069639856676,0.45468697714911044,0.2813593203398301,0.424516379223783
mlp_prevyears_monthly_features_incremental_scaler_experience_replay_confidently_correct_memory_RR_0.4,MLP Prevyears + Monthly (Incremental Scaler + Replay Confidently Correct RR=0.4),mlp_prevyears_monthly_features_incremental_scaler,prior_years,2022,2022,f1_score,0.8879268176748423,0.9035039502051037,0.00072845464800253,-0.009979835470075086,0.013731845381573961,0.0012371117402214006,0.006083103604368058,2000,percentile,0.05,0.47341778225612974,0.4726893276081272,0.4397801099450275,0.5939768704859189
mlp_prevyears_monthly_features_incremental_scaler_experience_replay_confidently_correct_memory_RR_0.4,MLP Prevyears + Monthly (Incremental Scaler + Replay Confidently Correct RR=0.4),mlp_prevyears_monthly_features_incremental_scaler,prior_years,2022,2022,pr_auc,0.8879268176748423,0.9035039502051037,0.0016117204523867779,-0.014646041226092803,0.014617308861509692,0.0012017164465453303,0.007417530962768536,2000,percentile,0.05,0.4562986976014972,0.45468697714911044,0.424287856071964,0.5648494771019399
mlp_prevyears_monthly_features_incremental_scaler_experience_replay_confidently_correct_memory_RR_0.5,MLP Prevyears + Monthly (Incremental Scaler + Replay Confidently Correct RR=0.5),mlp_prevyears_monthly_features_incremental_scaler,prior_years,2022,2022,f1_score,0.8865287505047583,0.9035039502051037,0.01246640862670273,-0.008738370875931729,0.031003203183851497,0.011272700161095876,0.010721889993090638,2000,percentile,0.05,0.48515573623482994,0.4726893276081272,0.16491754122938532,0.2587019743140478
mlp_prevyears_monthly_features_incremental_scaler_experience_replay_confidently_correct_memory_RR_0.5,MLP Prevyears + Monthly (Incremental Scaler + Replay Confidently Correct RR=0.5),mlp_prevyears_monthly_features_incremental_scaler,prior_years,2022,2022,pr_auc,0.8865287505047583,0.9035039502051037,0.006423531141155181,-0.012921038496406922,0.021943137275070638,0.005333001207262762,0.00906018281053313,2000,percentile,0.05,0.4611105082902656,0.45468697714911044,0.28235882058970513,0.424516379223783
mlp_prevyears_monthly_features_incremental_scaler_experience_replay_hard_example_mining_RR_0.2,MLP Prevyears + Monthly (Incremental Scaler + Replay Hard Example Mining RR=0.2),mlp_prevyears_monthly_features_incremental_scaler,prior_years,2022,2022,f1_score,0.832391496319498,0.9035039502051037,-0.011928609750709585,-0.04424045088104789,0.01820393191477785,-0.013601581381301405,0.016709796432968025,2000,percentile,0.05,0.4607607178574176,0.4726893276081272,0.7731134432783608,0.9219869992011294
mlp_prevyears_monthly_features_incremental_scaler_experience_replay_hard_example_mining_RR_0.2,MLP Prevyears + Monthly (Incremental Scaler + Replay Hard Example Mining RR=0.2),mlp_prevyears_monthly_features_incremental_scaler,prior_years,2022,2022,pr_auc,0.832391496319498,0.9035039502051037,0.010961111787350708,-0.052566331529115835,0.05484442628230155,0.0018048543268789489,0.03293942204310085,2000,percentile,0.05,0.46564808893646115,0.45468697714911044,0.4077961019490255,0.5462453958206083
mlp_prevyears_monthly_features_incremental_scaler_experience_replay_hard_example_mining_RR_0.3,MLP Prevyears + Monthly (Incremental Scaler + Replay Hard Example Mining RR=0.3),mlp_prevyears_monthly_features_incremental_scaler,prior_years,2022,2022,f1_score,0.8503852797634529,0.9035039502051037,-0.024626125645445196,-0.0464194905138221,-0.005105190122565324,-0.025071015189366937,0.010672208845064235,2000,percentile,0.05,0.448063201962682,0.4726893276081272,0.9955022488755623,1.0
mlp_prevyears_monthly_features_incremental_scaler_experience_replay_hard_example_mining_RR_0.3,MLP Prevyears + Monthly (Incremental Scaler + Replay Hard Example Mining RR=0.3),mlp_prevyears_monthly_features_incremental_scaler,prior_years,2022,2022,pr_auc,0.8503852797634529,0.9035039502051037,-0.030695379690129088,-0.06896898663831603,-0.0007689686338131228,-0.0324111999487706,0.01780078513802055,2000,percentile,0.05,0.42399159745898135,0.45468697714911044,0.9770114942528736,1.0
mlp_prevyears_monthly_features_incremental_scaler_experience_replay_hard_example_mining_RR_0.4,MLP Prevyears + Monthly (Incremental Scaler + Replay Hard Example Mining RR=0.4),mlp_prevyears_monthly_features_incremental_scaler,prior_years,2022,2022,f1_score,0.8409121193556092,0.9035039502051037,-0.00882982123438164,-0.030953694206911995,0.010333443528318347,-0.01028026958955822,0.011073871040101225,2000,percentile,0.05,0.46385950637374557,0.4726893276081272,0.8055972013993004,0.9432442052355118
mlp_prevyears_monthly_features_incremental_scaler_experience_replay_hard_example_mining_RR_0.4,MLP Prevyears + Monthly (Incremental Scaler + Replay Hard Example Mining RR=0.4),mlp_prevyears_monthly_features_incremental_scaler,prior_years,2022,2022,pr_auc,0.8409121193556092,0.9035039502051037,-0.0014090894731413894,-0.037790543524448224,0.028844521244185895,-0.005820165818065282,0.019486295896549613,2000,percentile,0.05,0.45327788767596905,0.45468697714911044,0.55872063968016,0.7090197591262848
mlp_prevyears_monthly_features_incremental_scaler_experience_replay_hard_example_mining_RR_0.5,MLP Prevyears + Monthly (Incremental Scaler + Replay Hard Example Mining RR=0.5),mlp_prevyears_monthly_features_incremental_scaler,prior_years,2022,2022,f1_score,0.8594364680446981,0.9035039502051037,-0.010693543719356768,-0.03168894984325439,0.007034601298535806,-0.011707473600059009,0.010440670083223734,2000,percentile,0.05,0.46199578388877044,0.4726893276081272,0.8545727136431784,0.9777273050645152
mlp_prevyears_monthly_features_incremental_scaler_experience_replay_hard_example_mining_RR_0.5,MLP Prevyears + Monthly (Incremental Scaler + Replay Hard Example Mining RR=0.5),mlp_prevyears_monthly_features_incremental_scaler,prior_years,2022,2022,pr_auc,0.8594364680446981,0.9035039502051037,-0.014363076323770763,-0.0414113334140286,0.00648872091992134,-0.01660415393506611,0.013147907231111752,2000,percentile,0.05,0.4403239008253397,0.45468697714911044,0.8920539730134932,0.9859543912254398
mlp_prevyears_monthly_features_incremental_scaler_experience_replay_uncertainity_prioritization_RR_0.2,MLP Prevyears + Monthly (Incremental Scaler + Replay Uncertainty Prioritization RR=0.2),mlp_prevyears_monthly_features_incremental_scaler,prior_years,2022,2022,f1_score,0.9246191381855988,0.9035039502051037,0.012807963664326738,-0.0006274474849696537,0.029015650929903672,0.012933296483140448,0.0077361567304482515,2000,percentile,0.05,0.48549729127245395,0.4726893276081272,0.03698150924537731,0.07229718474096285
mlp_prevyears_monthly_features_incremental_scaler_experience_replay_uncertainity_prioritization_RR_0.2,MLP Prevyears + Monthly (Incremental Scaler + Replay Uncertainty Prioritization RR=0.2),mlp_prevyears_monthly_features_incremental_scaler,prior_years,2022,2022,pr_auc,0.9246191381855988,0.9035039502051037,-0.0002162859114081539,-0.012808919852426071,0.014873486533096452,0.0007159495660536918,0.007167258986241899,2000,percentile,0.05,0.4544706912377023,0.45468697714911044,0.4622688655672164,0.6042912278800359
mlp_prevyears_monthly_features_incremental_scaler_experience_replay_uncertainity_prioritization_RR_0.3,MLP Prevyears + Monthly (Incremental Scaler + Replay Uncertainty Prioritization RR=0.3),mlp_prevyears_monthly_features_incremental_scaler,prior_years,2022,2022,f1_score,0.9076146067959733,0.9035039502051037,0.0047519984060903075,-0.009386437701529948,0.01812155381689314,0.004592948960352739,0.0070837044624881785,2000,percentile,0.05,0.4774413260142175,0.4726893276081272,0.2593703148425787,0.38137977990870336
mlp_prevyears_monthly_features_incremental_scaler_experience_replay_uncertainity_prioritization_RR_0.3,MLP Prevyears + Monthly (Incremental Scaler + Replay Uncertainty Prioritization RR=0.3),mlp_prevyears_monthly_features_incremental_scaler,prior_years,2022,2022,pr_auc,0.9076146067959733,0.9035039502051037,0.007704869836183181,-0.010164666823088881,0.021392891153623646,0.006302992138072947,0.008330580359900837,2000,percentile,0.05,0.4623918469852936,0.45468697714911044,0.239880059970015,0.3700519408542175
mlp_prevyears_monthly_features_incremental_scaler_experience_replay_uncertainity_prioritization_RR_0.4,MLP Prevyears + Monthly (Incremental Scaler + Replay Uncertainty Prioritization RR=0.4),mlp_prevyears_monthly_features_incremental_scaler,prior_years,2022,2022,f1_score,0.9269381734973817,0.9035039502051037,0.014054636887539329,-0.012174718417491978,0.037023820654201754,0.011813682005121628,0.01368054958660408,2000,percentile,0.05,0.48674396449566654,0.4726893276081272,0.24587706146926536,0.3722464349220738
mlp_prevyears_monthly_features_incremental_scaler_experience_replay_uncertainity_prioritization_RR_0.4,MLP Prevyears + Monthly (Incremental Scaler + Replay Uncertainty Prioritization RR=0.4),mlp_prevyears_monthly_features_incremental_scaler,prior_years,2022,2022,pr_auc,0.9269381734973817,0.9035039502051037,0.02303899413220495,-0.013739069819606183,0.05103714542579562,0.01794457218608493,0.019762467589549002,2000,percentile,0.05,0.4777259712813154,0.45468697714911044,0.29735132433783107,0.4340183487431989
mlp_prevyears_monthly_features_incremental_scaler_experience_replay_uncertainity_prioritization_RR_0.5,MLP Prevyears + Monthly (Incremental Scaler + Replay Uncertainty Prioritization RR=0.5),mlp_prevyears_monthly_features_incremental_scaler,prior_years,2022,2022,f1_score,0.9197217805239604,0.9035039502051037,0.0073798066315787225,-0.012356608581931999,0.023864273567567394,0.005644195985458349,0.009891993158318563,2000,percentile,0.05,0.48006913423970593,0.4726893276081272,0.3073463268365817,0.4378171964346055
mlp_prevyears_monthly_features_incremental_scaler_experience_replay_uncertainity_prioritization_RR_0.5,MLP Prevyears + Monthly (Incremental Scaler + Replay Uncertainty Prioritization RR=0.5),mlp_prevyears_monthly_features_incremental_scaler,prior_years,2022,2022,pr_auc,0.9197217805239604,0.9035039502051037,0.010116201062309704,-0.015729050234520568,0.03117054274016789,0.007421918824965344,0.013227985131824365,2000,percentile,0.05,0.46480317821142014,0.45468697714911044,0.32533733133433285,0.45352163318768884
mlp_prevyears_monthly_features_incremental_scaler_missclassification_buffer_RR_0.3,MLP Prevyears + Monthly (Incremental Scaler + Misclassification Buffer RR=0.3),mlp_prevyears_monthly_features_incremental_scaler,prior_years,2022,2022,f1_score,0.8906137683028884,0.9035039502051037,0.018712008869860186,-0.0030234210585634554,0.0357804618037178,0.016596474294612366,0.010713131682885414,2000,percentile,0.05,0.4914013364779874,0.4726893276081272,0.05897051474262868,0.10968515742128936
mlp_prevyears_monthly_features_incremental_scaler_missclassification_buffer_RR_0.3,MLP Prevyears + Monthly (Incremental Scaler + Misclassification Buffer RR=0.3),mlp_prevyears_monthly_features_incremental_scaler,prior_years,2022,2022,pr_auc,0.8906137683028884,0.9035039502051037,0.017548432526306168,-0.007553574496700919,0.035347030729281324,0.01458257792066786,0.011902604000437385,2000,percentile,0.05,0.4722354096754166,0.45468697714911044,0.13693153423288357,0.22624981925281018
