family_id,family_label,table_type,model_year,eval_year,is_baseline,n_test_samples,n_cubes,threshold_used,published_f1_score,recomputed_f1_score,metric,point_estimate,ci_lower,ci_upper,bootstrap_mean,bootstrap_std,n_bootstrap,ci_method,ci_alpha
"mlp_combined_HE=0.1_CC=0.1_UP=0.1_PR=(0.2,10)_RR=0.5","MLP Combined (HE=0.1, CC=0.1, UP=0.1, PR=(0.2,10), RR=0.5)",prior_years,2017,2017,False,1278749,297,0.8868572450409312,0.26990527637235134,0.26990527637235134,f1_score,0.26990527637235134,0.2260617785641498,0.30813719399076933,0.2692430463443328,0.020949221001672638,2000,percentile,0.05
"mlp_combined_HE=0.1_CC=0.1_UP=0.1_PR=(0.2,10)_RR=0.5","MLP Combined (HE=0.1, CC=0.1, UP=0.1, PR=(0.2,10), RR=0.5)",prior_years,2017,2017,False,1278749,297,0.8868572450409312,0.26990527637235134,0.26990527637235134,pr_auc,0.2075467391825583,0.16630160128307908,0.2518771619785942,0.2086523405725959,0.021640160831351517,2000,percentile,0.05
"mlp_combined_HE=0_CC=0.15_UP=0_PR=(0,10)_MC=0.1_RWS=1_RR=0.4","MLP Combined (HE=0, CC=0.15, UP=0, PR=(0,10), MC=0.1, RWS=1, RR=0.4)",prior_years,2017,2017,False,1278749,297,0.8868572450409312,0.26990527637235134,0.26990527637235134,f1_score,0.26990527637235134,0.2260617785641498,0.30813719399076933,0.2692430463443328,0.020949221001672638,2000,percentile,0.05
"mlp_combined_HE=0_CC=0.15_UP=0_PR=(0,10)_MC=0.1_RWS=1_RR=0.4","MLP Combined (HE=0, CC=0.15, UP=0, PR=(0,10), MC=0.1, RWS=1, RR=0.4)",prior_years,2017,2017,False,1278749,297,0.8868572450409312,0.26990527637235134,0.26990527637235134,pr_auc,0.2075467391825583,0.16630160128307908,0.2518771619785942,0.2086523405725959,0.021640160831351517,2000,percentile,0.05
"mlp_combined_HE=0_CC=0.1_UP=0.1_PR=(0,10)_MC=0.1_RWS=1_RR=0.5","MLP Combined (HE=0, CC=0.1, UP=0.1, PR=(0,10), MC=0.1, RWS=1, RR=0.5)",prior_years,2017,2017,False,1278749,297,0.8868572450409312,0.26990527637235134,0.26990527637235134,f1_score,0.26990527637235134,0.2260617785641498,0.30813719399076933,0.2692430463443328,0.020949221001672638,2000,percentile,0.05
"mlp_combined_HE=0_CC=0.1_UP=0.1_PR=(0,10)_MC=0.1_RWS=1_RR=0.5","MLP Combined (HE=0, CC=0.1, UP=0.1, PR=(0,10), MC=0.1, RWS=1, RR=0.5)",prior_years,2017,2017,False,1278749,297,0.8868572450409312,0.26990527637235134,0.26990527637235134,pr_auc,0.2075467391825583,0.16630160128307908,0.2518771619785942,0.2086523405725959,0.021640160831351517,2000,percentile,0.05
"mlp_combined_HE=0_CC=0.1_UP=0.2_PR=(0.1,10)_RR=0.5","MLP Combined (HE=0, CC=0.1, UP=0.2, PR=(0.1,10), RR=0.5)",prior_years,2017,2017,False,1278749,297,0.8868572450409312,0.26990527637235134,0.26990527637235134,f1_score,0.26990527637235134,0.2260617785641498,0.30813719399076933,0.2692430463443328,0.020949221001672638,2000,percentile,0.05
"mlp_combined_HE=0_CC=0.1_UP=0.2_PR=(0.1,10)_RR=0.5","MLP Combined (HE=0, CC=0.1, UP=0.2, PR=(0.1,10), RR=0.5)",prior_years,2017,2017,False,1278749,297,0.8868572450409312,0.26990527637235134,0.26990527637235134,pr_auc,0.2075467391825583,0.16630160128307908,0.2518771619785942,0.2086523405725959,0.021640160831351517,2000,percentile,0.05
"mlp_combined_HE=0_CC=0.2_UP=0.1_PR=(0.2,10)_RR=0.5","MLP Combined (HE=0, CC=0.2, UP=0.1, PR=(0.2,10), RR=0.5)",prior_years,2017,2017,False,1278749,297,0.8868572450409312,0.26990527637235134,0.26990527637235134,f1_score,0.26990527637235134,0.2260617785641498,0.30813719399076933,0.2692430463443328,0.020949221001672638,2000,percentile,0.05
"mlp_combined_HE=0_CC=0.2_UP=0.1_PR=(0.2,10)_RR=0.5","MLP Combined (HE=0, CC=0.2, UP=0.1, PR=(0.2,10), RR=0.5)",prior_years,2017,2017,False,1278749,297,0.8868572450409312,0.26990527637235134,0.26990527637235134,pr_auc,0.2075467391825583,0.16630160128307908,0.2518771619785942,0.2086523405725959,0.021640160831351517,2000,percentile,0.05
"mlp_combined_HE=0_CC=0.2_UP=0.2_PR=(0.1,10)_RR=0.5","MLP Combined (HE=0, CC=0.2, UP=0.2, PR=(0.1,10), RR=0.5)",prior_years,2017,2017,False,1278749,297,0.8868572450409312,0.26990527637235134,0.26990527637235134,f1_score,0.26990527637235134,0.2260617785641498,0.30813719399076933,0.2692430463443328,0.020949221001672638,2000,percentile,0.05
"mlp_combined_HE=0_CC=0.2_UP=0.2_PR=(0.1,10)_RR=0.5","MLP Combined (HE=0, CC=0.2, UP=0.2, PR=(0.1,10), RR=0.5)",prior_years,2017,2017,False,1278749,297,0.8868572450409312,0.26990527637235134,0.26990527637235134,pr_auc,0.2075467391825583,0.16630160128307908,0.2518771619785942,0.2086523405725959,0.021640160831351517,2000,percentile,0.05
mlp_prevyears_monthly_features_incremental_scaler,MLP Prevyears + Monthly (Incremental Scaler),prior_years,2017,2017,True,1278749,297,0.8921930405021389,0.2632884836503742,0.2632884836503742,f1_score,0.2632884836503742,0.21925528826227,0.3044556201694662,0.26251394068269684,0.021667879084870355,2000,percentile,0.05
mlp_prevyears_monthly_features_incremental_scaler,MLP Prevyears + Monthly (Incremental Scaler),prior_years,2017,2017,True,1278749,297,0.8921930405021389,0.2632884836503742,0.2632884836503742,pr_auc,0.20373072363761843,0.16022374728742864,0.24757210530636992,0.20418630407355476,0.021965487882117114,2000,percentile,0.05
mlp_prevyears_monthly_features_incremental_scaler_experience_replay_RR_0.2,MLP Prevyears + Monthly (Incremental Scaler + Replay RR=0.2),prior_years,2017,2017,False,1278749,297,0.8700637577508289,0.2676402920876263,0.2676402920876263,f1_score,0.2676402920876263,0.2231288687447934,0.3059400265526131,0.26688857654940296,0.02129212785172301,2000,percentile,0.05
mlp_prevyears_monthly_features_incremental_scaler_experience_replay_RR_0.2,MLP Prevyears + Monthly (Incremental Scaler + Replay RR=0.2),prior_years,2017,2017,False,1278749,297,0.8700637577508289,0.2676402920876263,0.2676402920876263,pr_auc,0.1994114260696525,0.15757553619711012,0.24233287448974,0.20024453110769322,0.02147705452244224,2000,percentile,0.05
mlp_prevyears_monthly_features_incremental_scaler_experience_replay_RR_0.2_PR_0.10,"MLP Prevyears + Monthly (Incremental Scaler + Replay RR=0.2, PR=0.10)",prior_years,2017,2017,False,1278749,297,0.8868572450409312,0.26990527637235134,0.26990527637235134,f1_score,0.26990527637235134,0.2260617785641498,0.30813719399076933,0.2692430463443328,0.020949221001672638,2000,percentile,0.05
mlp_prevyears_monthly_features_incremental_scaler_experience_replay_RR_0.2_PR_0.10,"MLP Prevyears + Monthly (Incremental Scaler + Replay RR=0.2, PR=0.10)",prior_years,2017,2017,False,1278749,297,0.8868572450409312,0.26990527637235134,0.26990527637235134,pr_auc,0.2075467391825583,0.16630160128307908,0.2518771619785942,0.2086523405725959,0.021640160831351517,2000,percentile,0.05
mlp_prevyears_monthly_features_incremental_scaler_experience_replay_RR_0.2_PR_0.15,"MLP Prevyears + Monthly (Incremental Scaler + Replay RR=0.2, PR=0.15)",prior_years,2017,2017,False,1278749,297,0.8654755072470515,0.25553846153846155,0.25553846153846155,f1_score,0.25553846153846155,0.21371995625203088,0.2939414017272154,0.2547549637058667,0.02055953804912554,2000,percentile,0.05
mlp_prevyears_monthly_features_incremental_scaler_experience_replay_RR_0.2_PR_0.15,"MLP Prevyears + Monthly (Incremental Scaler + Replay RR=0.2, PR=0.15)",prior_years,2017,2017,False,1278749,297,0.8654755072470515,0.25553846153846155,0.25553846153846155,pr_auc,0.19306035056803397,0.15348224630900836,0.2331428856562563,0.19313806634099775,0.02029960011029484,2000,percentile,0.05
mlp_prevyears_monthly_features_incremental_scaler_experience_replay_RR_0.3,MLP Prevyears + Monthly (Incremental Scaler + Replay RR=0.3),prior_years,2017,2017,False,1278749,297,0.8700637577508289,0.2676402920876263,0.2676402920876263,f1_score,0.2676402920876263,0.2231288687447934,0.3059400265526131,0.26688857654940296,0.02129212785172301,2000,percentile,0.05
mlp_prevyears_monthly_features_incremental_scaler_experience_replay_RR_0.3,MLP Prevyears + Monthly (Incremental Scaler + Replay RR=0.3),prior_years,2017,2017,False,1278749,297,0.8700637577508289,0.2676402920876263,0.2676402920876263,pr_auc,0.1994114260696525,0.15757553619711012,0.24233287448974,0.20024453110769322,0.02147705452244224,2000,percentile,0.05
mlp_prevyears_monthly_features_incremental_scaler_experience_replay_RR_0.3_PR_0.10,"MLP Prevyears + Monthly (Incremental Scaler + Replay RR=0.3, PR=0.10)",prior_years,2017,2017,False,1278749,297,0.8868572450409312,0.26990527637235134,0.26990527637235134,f1_score,0.26990527637235134,0.2260617785641498,0.30813719399076933,0.2692430463443328,0.020949221001672638,2000,percentile,0.05
mlp_prevyears_monthly_features_incremental_scaler_experience_replay_RR_0.3_PR_0.10,"MLP Prevyears + Monthly (Incremental Scaler + Replay RR=0.3, PR=0.10)",prior_years,2017,2017,False,1278749,297,0.8868572450409312,0.26990527637235134,0.26990527637235134,pr_auc,0.2075467391825583,0.16630160128307908,0.2518771619785942,0.2086523405725959,0.021640160831351517,2000,percentile,0.05
mlp_prevyears_monthly_features_incremental_scaler_experience_replay_RR_0.3_PR_0.15,"MLP Prevyears + Monthly (Incremental Scaler + Replay RR=0.3, PR=0.15)",prior_years,2017,2017,False,1278749,297,0.912307946207955,0.26700930512092513,0.26700930512092513,f1_score,0.26700930512092513,0.22384018887230767,0.30629024553016604,0.26617862133497355,0.021348262765982513,2000,percentile,0.05
mlp_prevyears_monthly_features_incremental_scaler_experience_replay_RR_0.3_PR_0.15,"MLP Prevyears + Monthly (Incremental Scaler + Replay RR=0.3, PR=0.15)",prior_years,2017,2017,False,1278749,297,0.912307946207955,0.26700930512092513,0.26700930512092513,pr_auc,0.20138919073608882,0.16116050780334845,0.24355275602383908,0.20223736858862695,0.02095732339999832,2000,percentile,0.05
mlp_prevyears_monthly_features_incremental_scaler_experience_replay_RR_0.4,MLP Prevyears + Monthly (Incremental Scaler + Replay RR=0.4),prior_years,2017,2017,False,1278749,297,0.8700637577508289,0.2676402920876263,0.2676402920876263,f1_score,0.2676402920876263,0.2231288687447934,0.3059400265526131,0.26688857654940296,0.02129212785172301,2000,percentile,0.05
mlp_prevyears_monthly_features_incremental_scaler_experience_replay_RR_0.4,MLP Prevyears + Monthly (Incremental Scaler + Replay RR=0.4),prior_years,2017,2017,False,1278749,297,0.8700637577508289,0.2676402920876263,0.2676402920876263,pr_auc,0.1994114260696525,0.15757553619711012,0.24233287448974,0.20024453110769322,0.02147705452244224,2000,percentile,0.05
mlp_prevyears_monthly_features_incremental_scaler_experience_replay_RR_0.4_PR_0.10,"MLP Prevyears + Monthly (Incremental Scaler + Replay RR=0.4, PR=0.10)",prior_years,2017,2017,False,1278749,297,0.8868572450409312,0.26990527637235134,0.26990527637235134,f1_score,0.26990527637235134,0.2260617785641498,0.30813719399076933,0.2692430463443328,0.020949221001672638,2000,percentile,0.05
mlp_prevyears_monthly_features_incremental_scaler_experience_replay_RR_0.4_PR_0.10,"MLP Prevyears + Monthly (Incremental Scaler + Replay RR=0.4, PR=0.10)",prior_years,2017,2017,False,1278749,297,0.8868572450409312,0.26990527637235134,0.26990527637235134,pr_auc,0.2075467391825583,0.16630160128307908,0.2518771619785942,0.2086523405725959,0.021640160831351517,2000,percentile,0.05
mlp_prevyears_monthly_features_incremental_scaler_experience_replay_RR_0.4_PR_0.15,"MLP Prevyears + Monthly (Incremental Scaler + Replay RR=0.4, PR=0.15)",prior_years,2017,2017,False,1278749,297,0.8827227302909989,0.2709938669602139,0.2709938669602139,f1_score,0.2709938669602139,0.22577589719880303,0.31117613136420247,0.2702521181470551,0.021587313238643286,2000,percentile,0.05
mlp_prevyears_monthly_features_incremental_scaler_experience_replay_RR_0.4_PR_0.15,"MLP Prevyears + Monthly (Incremental Scaler + Replay RR=0.4, PR=0.15)",prior_years,2017,2017,False,1278749,297,0.8827227302909989,0.2709938669602139,0.2709938669602139,pr_auc,0.19904524547134647,0.15909414205305528,0.24088258952635253,0.20018082734778125,0.02101876002892697,2000,percentile,0.05
mlp_prevyears_monthly_features_incremental_scaler_experience_replay_RR_0.5,MLP Prevyears + Monthly (Incremental Scaler + Replay RR=0.5),prior_years,2017,2017,False,1278749,297,0.8700637577508289,0.2676402920876263,0.2676402920876263,f1_score,0.2676402920876263,0.2231288687447934,0.3059400265526131,0.26688857654940296,0.02129212785172301,2000,percentile,0.05
mlp_prevyears_monthly_features_incremental_scaler_experience_replay_RR_0.5,MLP Prevyears + Monthly (Incremental Scaler + Replay RR=0.5),prior_years,2017,2017,False,1278749,297,0.8700637577508289,0.2676402920876263,0.2676402920876263,pr_auc,0.1994114260696525,0.15757553619711012,0.24233287448974,0.20024453110769322,0.02147705452244224,2000,percentile,0.05
mlp_prevyears_monthly_features_incremental_scaler_experience_replay_RR_0.5_PR_0.10,"MLP Prevyears + Monthly (Incremental Scaler + Replay RR=0.5, PR=0.10)",prior_years,2017,2017,False,1278749,297,0.8868572450409312,0.26990527637235134,0.26990527637235134,f1_score,0.26990527637235134,0.2260617785641498,0.30813719399076933,0.2692430463443328,0.020949221001672638,2000,percentile,0.05
mlp_prevyears_monthly_features_incremental_scaler_experience_replay_RR_0.5_PR_0.10,"MLP Prevyears + Monthly (Incremental Scaler + Replay RR=0.5, PR=0.10)",prior_years,2017,2017,False,1278749,297,0.8868572450409312,0.26990527637235134,0.26990527637235134,pr_auc,0.2075467391825583,0.16630160128307908,0.2518771619785942,0.2086523405725959,0.021640160831351517,2000,percentile,0.05
mlp_prevyears_monthly_features_incremental_scaler_experience_replay_RR_0.5_PR_0.15,"MLP Prevyears + Monthly (Incremental Scaler + Replay RR=0.5, PR=0.15)",prior_years,2017,2017,False,1278749,297,0.887694644276313,0.26468417945690675,0.26468417945690675,f1_score,0.26468417945690675,0.22193637857087564,0.3028500673477524,0.26402574586094146,0.02090394153782616,2000,percentile,0.05
mlp_prevyears_monthly_features_incremental_scaler_experience_replay_RR_0.5_PR_0.15,"MLP Prevyears + Monthly (Incremental Scaler + Replay RR=0.5, PR=0.15)",prior_years,2017,2017,False,1278749,297,0.887694644276313,0.26468417945690675,0.26468417945690675,pr_auc,0.1932521971336108,0.1527202350729493,0.23734442528253719,0.19425234514726394,0.02110136946551145,2000,percentile,0.05
mlp_prevyears_monthly_features_incremental_scaler_experience_replay_confidently_correct_memory_RR_0.2,MLP Prevyears + Monthly (Incremental Scaler + Replay Confidently Correct RR=0.2),prior_years,2017,2017,False,1278749,297,0.8868572450409312,0.26990527637235134,0.26990527637235134,f1_score,0.26990527637235134,0.2260617785641498,0.30813719399076933,0.2692430463443328,0.020949221001672638,2000,percentile,0.05
mlp_prevyears_monthly_features_incremental_scaler_experience_replay_confidently_correct_memory_RR_0.2,MLP Prevyears + Monthly (Incremental Scaler + Replay Confidently Correct RR=0.2),prior_years,2017,2017,False,1278749,297,0.8868572450409312,0.26990527637235134,0.26990527637235134,pr_auc,0.2075467391825583,0.16630160128307908,0.2518771619785942,0.2086523405725959,0.021640160831351517,2000,percentile,0.05
mlp_prevyears_monthly_features_incremental_scaler_experience_replay_confidently_correct_memory_RR_0.3,MLP Prevyears + Monthly (Incremental Scaler + Replay Confidently Correct RR=0.3),prior_years,2017,2017,False,1278749,297,0.8868572450409312,0.26990527637235134,0.26990527637235134,f1_score,0.26990527637235134,0.2260617785641498,0.30813719399076933,0.2692430463443328,0.020949221001672638,2000,percentile,0.05
mlp_prevyears_monthly_features_incremental_scaler_experience_replay_confidently_correct_memory_RR_0.3,MLP Prevyears + Monthly (Incremental Scaler + Replay Confidently Correct RR=0.3),prior_years,2017,2017,False,1278749,297,0.8868572450409312,0.26990527637235134,0.26990527637235134,pr_auc,0.2075467391825583,0.16630160128307908,0.2518771619785942,0.2086523405725959,0.021640160831351517,2000,percentile,0.05
mlp_prevyears_monthly_features_incremental_scaler_experience_replay_confidently_correct_memory_RR_0.4,MLP Prevyears + Monthly (Incremental Scaler + Replay Confidently Correct RR=0.4),prior_years,2017,2017,False,1278749,297,0.8868572450409312,0.26990527637235134,0.26990527637235134,f1_score,0.26990527637235134,0.2260617785641498,0.30813719399076933,0.2692430463443328,0.020949221001672638,2000,percentile,0.05
mlp_prevyears_monthly_features_incremental_scaler_experience_replay_confidently_correct_memory_RR_0.4,MLP Prevyears + Monthly (Incremental Scaler + Replay Confidently Correct RR=0.4),prior_years,2017,2017,False,1278749,297,0.8868572450409312,0.26990527637235134,0.26990527637235134,pr_auc,0.2075467391825583,0.16630160128307908,0.2518771619785942,0.2086523405725959,0.021640160831351517,2000,percentile,0.05
mlp_prevyears_monthly_features_incremental_scaler_experience_replay_confidently_correct_memory_RR_0.5,MLP Prevyears + Monthly (Incremental Scaler + Replay Confidently Correct RR=0.5),prior_years,2017,2017,False,1278749,297,0.8868572450409312,0.26990527637235134,0.26990527637235134,f1_score,0.26990527637235134,0.2260617785641498,0.30813719399076933,0.2692430463443328,0.020949221001672638,2000,percentile,0.05
mlp_prevyears_monthly_features_incremental_scaler_experience_replay_confidently_correct_memory_RR_0.5,MLP Prevyears + Monthly (Incremental Scaler + Replay Confidently Correct RR=0.5),prior_years,2017,2017,False,1278749,297,0.8868572450409312,0.26990527637235134,0.26990527637235134,pr_auc,0.2075467391825583,0.16630160128307908,0.2518771619785942,0.2086523405725959,0.021640160831351517,2000,percentile,0.05
mlp_prevyears_monthly_features_incremental_scaler_experience_replay_hard_example_mining_RR_0.2,MLP Prevyears + Monthly (Incremental Scaler + Replay Hard Example Mining RR=0.2),prior_years,2017,2017,False,1278749,297,0.8868572450409312,0.26990527637235134,0.26990527637235134,f1_score,0.26990527637235134,0.2260617785641498,0.30813719399076933,0.2692430463443328,0.020949221001672638,2000,percentile,0.05
mlp_prevyears_monthly_features_incremental_scaler_experience_replay_hard_example_mining_RR_0.2,MLP Prevyears + Monthly (Incremental Scaler + Replay Hard Example Mining RR=0.2),prior_years,2017,2017,False,1278749,297,0.8868572450409312,0.26990527637235134,0.26990527637235134,pr_auc,0.2075467391825583,0.16630160128307908,0.2518771619785942,0.2086523405725959,0.021640160831351517,2000,percentile,0.05
mlp_prevyears_monthly_features_incremental_scaler_experience_replay_hard_example_mining_RR_0.3,MLP Prevyears + Monthly (Incremental Scaler + Replay Hard Example Mining RR=0.3),prior_years,2017,2017,False,1278749,297,0.8868572450409312,0.26990527637235134,0.26990527637235134,f1_score,0.26990527637235134,0.2260617785641498,0.30813719399076933,0.2692430463443328,0.020949221001672638,2000,percentile,0.05
mlp_prevyears_monthly_features_incremental_scaler_experience_replay_hard_example_mining_RR_0.3,MLP Prevyears + Monthly (Incremental Scaler + Replay Hard Example Mining RR=0.3),prior_years,2017,2017,False,1278749,297,0.8868572450409312,0.26990527637235134,0.26990527637235134,pr_auc,0.2075467391825583,0.16630160128307908,0.2518771619785942,0.2086523405725959,0.021640160831351517,2000,percentile,0.05
mlp_prevyears_monthly_features_incremental_scaler_experience_replay_hard_example_mining_RR_0.4,MLP Prevyears + Monthly (Incremental Scaler + Replay Hard Example Mining RR=0.4),prior_years,2017,2017,False,1278749,297,0.8868572450409312,0.26990527637235134,0.26990527637235134,f1_score,0.26990527637235134,0.2260617785641498,0.30813719399076933,0.2692430463443328,0.020949221001672638,2000,percentile,0.05
mlp_prevyears_monthly_features_incremental_scaler_experience_replay_hard_example_mining_RR_0.4,MLP Prevyears + Monthly (Incremental Scaler + Replay Hard Example Mining RR=0.4),prior_years,2017,2017,False,1278749,297,0.8868572450409312,0.26990527637235134,0.26990527637235134,pr_auc,0.2075467391825583,0.16630160128307908,0.2518771619785942,0.2086523405725959,0.021640160831351517,2000,percentile,0.05
mlp_prevyears_monthly_features_incremental_scaler_experience_replay_hard_example_mining_RR_0.5,MLP Prevyears + Monthly (Incremental Scaler + Replay Hard Example Mining RR=0.5),prior_years,2017,2017,False,1278749,297,0.8868572450409312,0.26990527637235134,0.26990527637235134,f1_score,0.26990527637235134,0.2260617785641498,0.30813719399076933,0.2692430463443328,0.020949221001672638,2000,percentile,0.05
mlp_prevyears_monthly_features_incremental_scaler_experience_replay_hard_example_mining_RR_0.5,MLP Prevyears + Monthly (Incremental Scaler + Replay Hard Example Mining RR=0.5),prior_years,2017,2017,False,1278749,297,0.8868572450409312,0.26990527637235134,0.26990527637235134,pr_auc,0.2075467391825583,0.16630160128307908,0.2518771619785942,0.2086523405725959,0.021640160831351517,2000,percentile,0.05
mlp_prevyears_monthly_features_incremental_scaler_experience_replay_uncertainity_prioritization_RR_0.2,MLP Prevyears + Monthly (Incremental Scaler + Replay Uncertainty Prioritization RR=0.2),prior_years,2017,2017,False,1278749,297,0.8700637577508289,0.2676402920876263,0.2676402920876263,f1_score,0.2676402920876263,0.2231288687447934,0.3059400265526131,0.26688857654940296,0.02129212785172301,2000,percentile,0.05
mlp_prevyears_monthly_features_incremental_scaler_experience_replay_uncertainity_prioritization_RR_0.2,MLP Prevyears + Monthly (Incremental Scaler + Replay Uncertainty Prioritization RR=0.2),prior_years,2017,2017,False,1278749,297,0.8700637577508289,0.2676402920876263,0.2676402920876263,pr_auc,0.1994114260696525,0.15757553619711012,0.24233287448974,0.20024453110769322,0.02147705452244224,2000,percentile,0.05
mlp_prevyears_monthly_features_incremental_scaler_experience_replay_uncertainity_prioritization_RR_0.3,MLP Prevyears + Monthly (Incremental Scaler + Replay Uncertainty Prioritization RR=0.3),prior_years,2017,2017,False,1278749,297,0.8700637577508289,0.2676402920876263,0.2676402920876263,f1_score,0.2676402920876263,0.2231288687447934,0.3059400265526131,0.26688857654940296,0.02129212785172301,2000,percentile,0.05
mlp_prevyears_monthly_features_incremental_scaler_experience_replay_uncertainity_prioritization_RR_0.3,MLP Prevyears + Monthly (Incremental Scaler + Replay Uncertainty Prioritization RR=0.3),prior_years,2017,2017,False,1278749,297,0.8700637577508289,0.2676402920876263,0.2676402920876263,pr_auc,0.1994114260696525,0.15757553619711012,0.24233287448974,0.20024453110769322,0.02147705452244224,2000,percentile,0.05
mlp_prevyears_monthly_features_incremental_scaler_experience_replay_uncertainity_prioritization_RR_0.4,MLP Prevyears + Monthly (Incremental Scaler + Replay Uncertainty Prioritization RR=0.4),prior_years,2017,2017,False,1278749,297,0.8700637577508289,0.2676402920876263,0.2676402920876263,f1_score,0.2676402920876263,0.2231288687447934,0.3059400265526131,0.26688857654940296,0.02129212785172301,2000,percentile,0.05
mlp_prevyears_monthly_features_incremental_scaler_experience_replay_uncertainity_prioritization_RR_0.4,MLP Prevyears + Monthly (Incremental Scaler + Replay Uncertainty Prioritization RR=0.4),prior_years,2017,2017,False,1278749,297,0.8700637577508289,0.2676402920876263,0.2676402920876263,pr_auc,0.1994114260696525,0.15757553619711012,0.24233287448974,0.20024453110769322,0.02147705452244224,2000,percentile,0.05
mlp_prevyears_monthly_features_incremental_scaler_experience_replay_uncertainity_prioritization_RR_0.5,MLP Prevyears + Monthly (Incremental Scaler + Replay Uncertainty Prioritization RR=0.5),prior_years,2017,2017,False,1278749,297,0.8700637577508289,0.2676402920876263,0.2676402920876263,f1_score,0.2676402920876263,0.2231288687447934,0.3059400265526131,0.26688857654940296,0.02129212785172301,2000,percentile,0.05
mlp_prevyears_monthly_features_incremental_scaler_experience_replay_uncertainity_prioritization_RR_0.5,MLP Prevyears + Monthly (Incremental Scaler + Replay Uncertainty Prioritization RR=0.5),prior_years,2017,2017,False,1278749,297,0.8700637577508289,0.2676402920876263,0.2676402920876263,pr_auc,0.1994114260696525,0.15757553619711012,0.24233287448974,0.20024453110769322,0.02147705452244224,2000,percentile,0.05
mlp_prevyears_monthly_features_incremental_scaler_missclassification_buffer_RR_0.3,MLP Prevyears + Monthly (Incremental Scaler + Misclassification Buffer RR=0.3),prior_years,2017,2017,False,1278749,297,0.8544613391869174,0.26275277234181343,0.26275277234181343,f1_score,0.26275277234181343,0.21892057739130708,0.30085858321013953,0.26202482277832895,0.020777286789840265,2000,percentile,0.05
mlp_prevyears_monthly_features_incremental_scaler_missclassification_buffer_RR_0.3,MLP Prevyears + Monthly (Incremental Scaler + Misclassification Buffer RR=0.3),prior_years,2017,2017,False,1278749,297,0.8544613391869174,0.26275277234181343,0.26275277234181343,pr_auc,0.20390736583587127,0.16266274111864246,0.24658364109115263,0.2047329143887465,0.02115739116262517,2000,percentile,0.05
"mlp_combined_HE=0.1_CC=0.1_UP=0.1_PR=(0.2,10)_RR=0.5","MLP Combined (HE=0.1, CC=0.1, UP=0.1, PR=(0.2,10), RR=0.5)",prior_years,2018,2017,False,1278749,297,0.5933484870182617,0.2679714576962283,0.2679714576962283,f1_score,0.2679714576962283,0.22195419171188327,0.30859088791397044,0.26697209833332275,0.021733842179520815,2000,percentile,0.05
"mlp_combined_HE=0.1_CC=0.1_UP=0.1_PR=(0.2,10)_RR=0.5","MLP Combined (HE=0.1, CC=0.1, UP=0.1, PR=(0.2,10), RR=0.5)",prior_years,2018,2017,False,1278749,297,0.5933484870182617,0.2679714576962283,0.2679714576962283,pr_auc,0.1929612434394484,0.15257050604704622,0.2354822080418006,0.19381231425854942,0.020901053895839534,2000,percentile,0.05
"mlp_combined_HE=0_CC=0.15_UP=0_PR=(0,10)_MC=0.1_RWS=1_RR=0.4","MLP Combined (HE=0, CC=0.15, UP=0, PR=(0,10), MC=0.1, RWS=1, RR=0.4)",prior_years,2018,2017,False,1278749,297,0.7519916546912471,0.2533821183975983,0.2533821183975983,f1_score,0.2533821183975983,0.203364713929735,0.29949161998104434,0.25248063298098083,0.02413108128569663,2000,percentile,0.05
"mlp_combined_HE=0_CC=0.15_UP=0_PR=(0,10)_MC=0.1_RWS=1_RR=0.4","MLP Combined (HE=0, CC=0.15, UP=0, PR=(0,10), MC=0.1, RWS=1, RR=0.4)",prior_years,2018,2017,False,1278749,297,0.7519916546912471,0.2533821183975983,0.2533821183975983,pr_auc,0.18640281401771785,0.14303875162839833,0.23537490303390382,0.1875780503443097,0.02327310574260651,2000,percentile,0.05
"mlp_combined_HE=0_CC=0.1_UP=0.1_PR=(0,10)_MC=0.1_RWS=1_RR=0.5","MLP Combined (HE=0, CC=0.1, UP=0.1, PR=(0,10), MC=0.1, RWS=1, RR=0.5)",prior_years,2018,2017,False,1278749,297,0.7174640312093754,0.26457390159749505,0.26457390159749505,f1_score,0.26457390159749505,0.218888119698078,0.30649220398582816,0.2635715883273987,0.02229228868656069,2000,percentile,0.05
"mlp_combined_HE=0_CC=0.1_UP=0.1_PR=(0,10)_MC=0.1_RWS=1_RR=0.5","MLP Combined (HE=0, CC=0.1, UP=0.1, PR=(0,10), MC=0.1, RWS=1, RR=0.5)",prior_years,2018,2017,False,1278749,297,0.7174640312093754,0.26457390159749505,0.26457390159749505,pr_auc,0.19348326313005654,0.15056905875657475,0.23848505505476073,0.19491963391114614,0.02219764271056619,2000,percentile,0.05
"mlp_combined_HE=0_CC=0.1_UP=0.2_PR=(0.1,10)_RR=0.5","MLP Combined (HE=0, CC=0.1, UP=0.2, PR=(0.1,10), RR=0.5)",prior_years,2018,2017,False,1278749,297,0.7267892144722495,0.26597909070765263,0.26597909070765263,f1_score,0.26597909070765263,0.21936190298832908,0.30790927237064425,0.26527645934036637,0.022398134530954582,2000,percentile,0.05
"mlp_combined_HE=0_CC=0.1_UP=0.2_PR=(0.1,10)_RR=0.5","MLP Combined (HE=0, CC=0.1, UP=0.2, PR=(0.1,10), RR=0.5)",prior_years,2018,2017,False,1278749,297,0.7267892144722495,0.26597909070765263,0.26597909070765263,pr_auc,0.18581610627742223,0.1446433266362653,0.2358208440344985,0.1882911824957139,0.023017587488718114,2000,percentile,0.05
"mlp_combined_HE=0_CC=0.2_UP=0.1_PR=(0.2,10)_RR=0.5","MLP Combined (HE=0, CC=0.2, UP=0.1, PR=(0.2,10), RR=0.5)",prior_years,2018,2017,False,1278749,297,0.774868112953069,0.2565580466551693,0.2565580466551693,f1_score,0.2565580466551693,0.2068418673345478,0.30306738116466925,0.2553901023980289,0.02472808664728093,2000,percentile,0.05
"mlp_combined_HE=0_CC=0.2_UP=0.1_PR=(0.2,10)_RR=0.5","MLP Combined (HE=0, CC=0.2, UP=0.1, PR=(0.2,10), RR=0.5)",prior_years,2018,2017,False,1278749,297,0.774868112953069,0.2565580466551693,0.2565580466551693,pr_auc,0.1803205299110285,0.13820462410542522,0.22630692364283736,0.18181002289760614,0.021858836550504693,2000,percentile,0.05
"mlp_combined_HE=0_CC=0.2_UP=0.2_PR=(0.1,10)_RR=0.5","MLP Combined (HE=0, CC=0.2, UP=0.2, PR=(0.1,10), RR=0.5)",prior_years,2018,2017,False,1278749,297,0.7462974130266082,0.2593382533361016,0.2593382533361016,f1_score,0.2593382533361016,0.21424622653735098,0.30015701115707344,0.25840973825084174,0.021501478878446577,2000,percentile,0.05
"mlp_combined_HE=0_CC=0.2_UP=0.2_PR=(0.1,10)_RR=0.5","MLP Combined (HE=0, CC=0.2, UP=0.2, PR=(0.1,10), RR=0.5)",prior_years,2018,2017,False,1278749,297,0.7462974130266082,0.2593382533361016,0.2593382533361016,pr_auc,0.1858788464469994,0.14479074399464134,0.2297022044634301,0.1870439544438039,0.021406059233043565,2000,percentile,0.05
mlp_prevyears_monthly_features_incremental_scaler,MLP Prevyears + Monthly (Incremental Scaler),prior_years,2018,2017,True,1278749,297,0.7943149688176933,0.16299538810286876,0.16299538810286876,f1_score,0.16299538810286876,0.12610722663306517,0.19760815166241433,0.16244620885880307,0.01829423021057939,2000,percentile,0.05
mlp_prevyears_monthly_features_incremental_scaler,MLP Prevyears + Monthly (Incremental Scaler),prior_years,2018,2017,True,1278749,297,0.7943149688176933,0.16299538810286876,0.16299538810286876,pr_auc,0.08548513530406629,0.06390843376257087,0.11083767740424241,0.08620727679299696,0.012063552870619517,2000,percentile,0.05
mlp_prevyears_monthly_features_incremental_scaler_experience_replay_RR_0.2,MLP Prevyears + Monthly (Incremental Scaler + Replay RR=0.2),prior_years,2018,2017,False,1278749,297,0.8636205419478084,0.24286487461663359,0.24286487461663359,f1_score,0.24286487461663359,0.1980074874524372,0.2820568472747815,0.24198824036068617,0.021331184117961977,2000,percentile,0.05
mlp_prevyears_monthly_features_incremental_scaler_experience_replay_RR_0.2,MLP Prevyears + Monthly (Incremental Scaler + Replay RR=0.2),prior_years,2018,2017,False,1278749,297,0.8636205419478084,0.24286487461663359,0.24286487461663359,pr_auc,0.169264775275138,0.1296919258082548,0.21175627853705187,0.16987345568014936,0.021031793988621688,2000,percentile,0.05
mlp_prevyears_monthly_features_incremental_scaler_experience_replay_RR_0.2_PR_0.10,"MLP Prevyears + Monthly (Incremental Scaler + Replay RR=0.2, PR=0.10)",prior_years,2018,2017,False,1278749,297,0.8684924959514716,0.26271378906727694,0.26271378906727694,f1_score,0.26271378906727694,0.21850695441948,0.30061462710680714,0.2616982421337569,0.02117838087891446,2000,percentile,0.05
mlp_prevyears_monthly_features_incremental_scaler_experience_replay_RR_0.2_PR_0.10,"MLP Prevyears + Monthly (Incremental Scaler + Replay RR=0.2, PR=0.10)",prior_years,2018,2017,False,1278749,297,0.8684924959514716,0.26271378906727694,0.26271378906727694,pr_auc,0.19480034649488256,0.15053187480647018,0.23605799942063088,0.19484810662076085,0.021922975099421333,2000,percentile,0.05
mlp_prevyears_monthly_features_incremental_scaler_experience_replay_RR_0.2_PR_0.15,"MLP Prevyears + Monthly (Incremental Scaler + Replay RR=0.2, PR=0.15)",prior_years,2018,2017,False,1278749,297,0.8628750661647123,0.24300135488426236,0.24300135488426236,f1_score,0.24300135488426236,0.20456031996061358,0.2776619670231464,0.24195669499672187,0.01910176451455669,2000,percentile,0.05
mlp_prevyears_monthly_features_incremental_scaler_experience_replay_RR_0.2_PR_0.15,"MLP Prevyears + Monthly (Incremental Scaler + Replay RR=0.2, PR=0.15)",prior_years,2018,2017,False,1278749,297,0.8628750661647123,0.24300135488426236,0.24300135488426236,pr_auc,0.16493148534079893,0.12971776062171103,0.20002228436291108,0.1655794374384085,0.01795100527624866,2000,percentile,0.05
mlp_prevyears_monthly_features_incremental_scaler_experience_replay_RR_0.3,MLP Prevyears + Monthly (Incremental Scaler + Replay RR=0.3),prior_years,2018,2017,False,1278749,297,0.858988625506945,0.24391827313220205,0.24391827313220205,f1_score,0.24391827313220205,0.20172895526015172,0.28234763537408136,0.2429786874498499,0.020099014553625446,2000,percentile,0.05
mlp_prevyears_monthly_features_incremental_scaler_experience_replay_RR_0.3,MLP Prevyears + Monthly (Incremental Scaler + Replay RR=0.3),prior_years,2018,2017,False,1278749,297,0.858988625506945,0.24391827313220205,0.24391827313220205,pr_auc,0.16654160416662653,0.12952315043142643,0.20770260662534612,0.16766328693498866,0.01990387390569293,2000,percentile,0.05
mlp_prevyears_monthly_features_incremental_scaler_experience_replay_RR_0.3_PR_0.10,"MLP Prevyears + Monthly (Incremental Scaler + Replay RR=0.3, PR=0.10)",prior_years,2018,2017,False,1278749,297,0.9004148366018356,0.2378397583940309,0.2378397583940309,f1_score,0.2378397583940309,0.1944588444420506,0.27788814628778796,0.23675531326204366,0.02061687933363362,2000,percentile,0.05
mlp_prevyears_monthly_features_incremental_scaler_experience_replay_RR_0.3_PR_0.10,"MLP Prevyears + Monthly (Incremental Scaler + Replay RR=0.3, PR=0.10)",prior_years,2018,2017,False,1278749,297,0.9004148366018356,0.2378397583940309,0.2378397583940309,pr_auc,0.1529667826363003,0.11881643526764249,0.19115584989386233,0.1541475348770336,0.01879439545915017,2000,percentile,0.05
mlp_prevyears_monthly_features_incremental_scaler_experience_replay_RR_0.3_PR_0.15,"MLP Prevyears + Monthly (Incremental Scaler + Replay RR=0.3, PR=0.15)",prior_years,2018,2017,False,1278749,297,0.861041257251206,0.24941850062623008,0.24941850062623008,f1_score,0.24941850062623008,0.20873689123582218,0.28724849764668353,0.24851387299982247,0.019793970778692188,2000,percentile,0.05
mlp_prevyears_monthly_features_incremental_scaler_experience_replay_RR_0.3_PR_0.15,"MLP Prevyears + Monthly (Incremental Scaler + Replay RR=0.3, PR=0.15)",prior_years,2018,2017,False,1278749,297,0.861041257251206,0.24941850062623008,0.24941850062623008,pr_auc,0.17141532777535046,0.13368135014964794,0.2120204656137458,0.17223379240357797,0.019860675237842074,2000,percentile,0.05
mlp_prevyears_monthly_features_incremental_scaler_experience_replay_RR_0.4,MLP Prevyears + Monthly (Incremental Scaler + Replay RR=0.4),prior_years,2018,2017,False,1278749,297,0.8590576807847927,0.2573974024115353,0.2573974024115353,f1_score,0.2573974024115353,0.21472762162821682,0.2963241305783273,0.25686274218179633,0.020680079518857898,2000,percentile,0.05
mlp_prevyears_monthly_features_incremental_scaler_experience_replay_RR_0.4,MLP Prevyears + Monthly (Incremental Scaler + Replay RR=0.4),prior_years,2018,2017,False,1278749,297,0.8590576807847927,0.2573974024115353,0.2573974024115353,pr_auc,0.18003578398083975,0.14264370868254134,0.22818320494926467,0.18263168540444427,0.02144228654347435,2000,percentile,0.05
mlp_prevyears_monthly_features_incremental_scaler_experience_replay_RR_0.4_PR_0.10,"MLP Prevyears + Monthly (Incremental Scaler + Replay RR=0.4, PR=0.10)",prior_years,2018,2017,False,1278749,297,0.8730491129609191,0.25545646561839946,0.25545646561839946,f1_score,0.25545646561839946,0.2123485609188246,0.2943236951183265,0.25465408839759623,0.02077749522338299,2000,percentile,0.05
mlp_prevyears_monthly_features_incremental_scaler_experience_replay_RR_0.4_PR_0.10,"MLP Prevyears + Monthly (Incremental Scaler + Replay RR=0.4, PR=0.10)",prior_years,2018,2017,False,1278749,297,0.8730491129609191,0.25545646561839946,0.25545646561839946,pr_auc,0.17932156874500885,0.13849851921884684,0.22077129390472558,0.18022959718266593,0.020960148404514486,2000,percentile,0.05
mlp_prevyears_monthly_features_incremental_scaler_experience_replay_RR_0.4_PR_0.15,"MLP Prevyears + Monthly (Incremental Scaler + Replay RR=0.4, PR=0.15)",prior_years,2018,2017,False,1278749,297,0.8664546122653077,0.24824802788479178,0.24824802788479178,f1_score,0.24824802788479178,0.205539501240736,0.2868938821785066,0.247365175160774,0.02040683370672698,2000,percentile,0.05
mlp_prevyears_monthly_features_incremental_scaler_experience_replay_RR_0.4_PR_0.15,"MLP Prevyears + Monthly (Incremental Scaler + Replay RR=0.4, PR=0.15)",prior_years,2018,2017,False,1278749,297,0.8664546122653077,0.24824802788479178,0.24824802788479178,pr_auc,0.17305015898736795,0.13356090432442988,0.2149443265224994,0.17407130906825785,0.020654925954648573,2000,percentile,0.05
mlp_prevyears_monthly_features_incremental_scaler_experience_replay_RR_0.5,MLP Prevyears + Monthly (Incremental Scaler + Replay RR=0.5),prior_years,2018,2017,False,1278749,297,0.8642517153410584,0.2548617218801915,0.2548617218801915,f1_score,0.2548617218801915,0.212542911393002,0.2915342064436524,0.2539714851313056,0.01997421890825413,2000,percentile,0.05
mlp_prevyears_monthly_features_incremental_scaler_experience_replay_RR_0.5,MLP Prevyears + Monthly (Incremental Scaler + Replay RR=0.5),prior_years,2018,2017,False,1278749,297,0.8642517153410584,0.2548617218801915,0.2548617218801915,pr_auc,0.19018147214569242,0.14937308298090168,0.23180912252825717,0.19076774825443465,0.020834675187345726,2000,percentile,0.05
mlp_prevyears_monthly_features_incremental_scaler_experience_replay_RR_0.5_PR_0.10,"MLP Prevyears + Monthly (Incremental Scaler + Replay RR=0.5, PR=0.10)",prior_years,2018,2017,False,1278749,297,0.872717677179807,0.25478823595233213,0.25478823595233213,f1_score,0.25478823595233213,0.21258224002779438,0.2925337278731017,0.25384100193398357,0.019919640769487067,2000,percentile,0.05
mlp_prevyears_monthly_features_incremental_scaler_experience_replay_RR_0.5_PR_0.10,"MLP Prevyears + Monthly (Incremental Scaler + Replay RR=0.5, PR=0.10)",prior_years,2018,2017,False,1278749,297,0.872717677179807,0.25478823595233213,0.25478823595233213,pr_auc,0.18130618709530344,0.14117565184780406,0.22332586279653596,0.1822928491231595,0.020793236023639375,2000,percentile,0.05
mlp_prevyears_monthly_features_incremental_scaler_experience_replay_RR_0.5_PR_0.15,"MLP Prevyears + Monthly (Incremental Scaler + Replay RR=0.5, PR=0.15)",prior_years,2018,2017,False,1278749,297,0.8874367587792017,0.24789995818921282,0.24789995818921282,f1_score,0.24789995818921282,0.20592573287869884,0.2860797776333853,0.24711880563921285,0.020697912466656088,2000,percentile,0.05
mlp_prevyears_monthly_features_incremental_scaler_experience_replay_RR_0.5_PR_0.15,"MLP Prevyears + Monthly (Incremental Scaler + Replay RR=0.5, PR=0.15)",prior_years,2018,2017,False,1278749,297,0.8874367587792017,0.24789995818921282,0.24789995818921282,pr_auc,0.17513610318487458,0.13350687806506434,0.21858703770316468,0.1761670557242679,0.021483199679212785,2000,percentile,0.05
mlp_prevyears_monthly_features_incremental_scaler_experience_replay_confidently_correct_memory_RR_0.2,MLP Prevyears + Monthly (Incremental Scaler + Replay Confidently Correct RR=0.2),prior_years,2018,2017,False,1278749,297,0.8810189160851111,0.25372980334702133,0.25372980334702133,f1_score,0.25372980334702133,0.20660471377285594,0.29502444306672315,0.252604365994783,0.023062836908537106,2000,percentile,0.05
mlp_prevyears_monthly_features_incremental_scaler_experience_replay_confidently_correct_memory_RR_0.2,MLP Prevyears + Monthly (Incremental Scaler + Replay Confidently Correct RR=0.2),prior_years,2018,2017,False,1278749,297,0.8810189160851111,0.25372980334702133,0.25372980334702133,pr_auc,0.17945802319248608,0.1360095543708862,0.22640951283106056,0.1802697087808969,0.022824656875463506,2000,percentile,0.05
mlp_prevyears_monthly_features_incremental_scaler_experience_replay_confidently_correct_memory_RR_0.3,MLP Prevyears + Monthly (Incremental Scaler + Replay Confidently Correct RR=0.3),prior_years,2018,2017,False,1278749,297,0.8581877840988553,0.23708491719275918,0.23708491719275918,f1_score,0.23708491719275918,0.1987715224090159,0.27424803950632404,0.23626440638514196,0.01889996215137105,2000,percentile,0.05
mlp_prevyears_monthly_features_incremental_scaler_experience_replay_confidently_correct_memory_RR_0.3,MLP Prevyears + Monthly (Incremental Scaler + Replay Confidently Correct RR=0.3),prior_years,2018,2017,False,1278749,297,0.8581877840988553,0.23708491719275918,0.23708491719275918,pr_auc,0.16017002388648446,0.12408574805875389,0.19982140109300592,0.16086222679394133,0.019390934740153125,2000,percentile,0.05
mlp_prevyears_monthly_features_incremental_scaler_experience_replay_confidently_correct_memory_RR_0.4,MLP Prevyears + Monthly (Incremental Scaler + Replay Confidently Correct RR=0.4),prior_years,2018,2017,False,1278749,297,0.8657316582780852,0.2542311847317249,0.2542311847317249,f1_score,0.2542311847317249,0.21091518159926775,0.2929722659637394,0.25332945442604693,0.020613013516949594,2000,percentile,0.05
mlp_prevyears_monthly_features_incremental_scaler_experience_replay_confidently_correct_memory_RR_0.4,MLP Prevyears + Monthly (Incremental Scaler + Replay Confidently Correct RR=0.4),prior_years,2018,2017,False,1278749,297,0.8657316582780852,0.2542311847317249,0.2542311847317249,pr_auc,0.18659391049646942,0.14480835132624056,0.22998513688344,0.1875463311024392,0.021978245468202883,2000,percentile,0.05
mlp_prevyears_monthly_features_incremental_scaler_experience_replay_confidently_correct_memory_RR_0.5,MLP Prevyears + Monthly (Incremental Scaler + Replay Confidently Correct RR=0.5),prior_years,2018,2017,False,1278749,297,0.8944603292333103,0.2504582447393504,0.2504582447393504,f1_score,0.2504582447393504,0.20749364449894556,0.29050435773930555,0.2496092029622918,0.020990089288237142,2000,percentile,0.05
mlp_prevyears_monthly_features_incremental_scaler_experience_replay_confidently_correct_memory_RR_0.5,MLP Prevyears + Monthly (Incremental Scaler + Replay Confidently Correct RR=0.5),prior_years,2018,2017,False,1278749,297,0.8944603292333103,0.2504582447393504,0.2504582447393504,pr_auc,0.183100245163063,0.14029509744806024,0.22719534254857873,0.1838503961018924,0.022109982063102884,2000,percentile,0.05
mlp_prevyears_monthly_features_incremental_scaler_experience_replay_hard_example_mining_RR_0.2,MLP Prevyears + Monthly (Incremental Scaler + Replay Hard Example Mining RR=0.2),prior_years,2018,2017,False,1278749,297,0.7468622692814959,0.12509683873248442,0.12509683873248442,f1_score,0.12509683873248442,0.10263331704412289,0.14706040258654265,0.12456122943878753,0.011460981449760052,2000,percentile,0.05
mlp_prevyears_monthly_features_incremental_scaler_experience_replay_hard_example_mining_RR_0.2,MLP Prevyears + Monthly (Incremental Scaler + Replay Hard Example Mining RR=0.2),prior_years,2018,2017,False,1278749,297,0.7468622692814959,0.12509683873248442,0.12509683873248442,pr_auc,0.07037228935444113,0.055617435162806976,0.08615433028940989,0.07045459316175985,0.007864812027509287,2000,percentile,0.05
mlp_prevyears_monthly_features_incremental_scaler_experience_replay_hard_example_mining_RR_0.3,MLP Prevyears + Monthly (Incremental Scaler + Replay Hard Example Mining RR=0.3),prior_years,2018,2017,False,1278749,297,0.7468452954112035,0.16491715103669646,0.16491715103669646,f1_score,0.16491715103669646,0.13710559647672382,0.19171149384821112,0.16465145336499956,0.01400763794281475,2000,percentile,0.05
mlp_prevyears_monthly_features_incremental_scaler_experience_replay_hard_example_mining_RR_0.3,MLP Prevyears + Monthly (Incremental Scaler + Replay Hard Example Mining RR=0.3),prior_years,2018,2017,False,1278749,297,0.7468452954112035,0.16491715103669646,0.16491715103669646,pr_auc,0.11630162458714978,0.09172646777125831,0.14369606632840312,0.11681671053630706,0.013304024764833269,2000,percentile,0.05
mlp_prevyears_monthly_features_incremental_scaler_experience_replay_hard_example_mining_RR_0.4,MLP Prevyears + Monthly (Incremental Scaler + Replay Hard Example Mining RR=0.4),prior_years,2018,2017,False,1278749,297,0.8524767654479857,0.21964361177630654,0.21964361177630654,f1_score,0.21964361177630654,0.18397533044234185,0.25326228746320667,0.2186426322022246,0.01778701258657132,2000,percentile,0.05
mlp_prevyears_monthly_features_incremental_scaler_experience_replay_hard_example_mining_RR_0.4,MLP Prevyears + Monthly (Incremental Scaler + Replay Hard Example Mining RR=0.4),prior_years,2018,2017,False,1278749,297,0.8524767654479857,0.21964361177630654,0.21964361177630654,pr_auc,0.14126381924573964,0.11352417519100083,0.17026152367278785,0.14188562881802624,0.014358701191262046,2000,percentile,0.05
mlp_prevyears_monthly_features_incremental_scaler_experience_replay_hard_example_mining_RR_0.5,MLP Prevyears + Monthly (Incremental Scaler + Replay Hard Example Mining RR=0.5),prior_years,2018,2017,False,1278749,297,0.8622828732921632,0.21820888117092532,0.21820888117092532,f1_score,0.21820888117092532,0.1823289180390852,0.2493415582014548,0.21723445597518554,0.01704982319124299,2000,percentile,0.05
mlp_prevyears_monthly_features_incremental_scaler_experience_replay_hard_example_mining_RR_0.5,MLP Prevyears + Monthly (Incremental Scaler + Replay Hard Example Mining RR=0.5),prior_years,2018,2017,False,1278749,297,0.8622828732921632,0.21820888117092532,0.21820888117092532,pr_auc,0.14090182913368304,0.11075981027325708,0.17315571422425843,0.1416128676374547,0.015457004133588914,2000,percentile,0.05
mlp_prevyears_monthly_features_incremental_scaler_experience_replay_uncertainity_prioritization_RR_0.2,MLP Prevyears + Monthly (Incremental Scaler + Replay Uncertainty Prioritization RR=0.2),prior_years,2018,2017,False,1278749,297,0.8938009921709947,0.2599866237003709,0.2599866237003709,f1_score,0.2599866237003709,0.2184223633138287,0.2992228833716148,0.2592978619493839,0.02079714137056279,2000,percentile,0.05
mlp_prevyears_monthly_features_incremental_scaler_experience_replay_uncertainity_prioritization_RR_0.2,MLP Prevyears + Monthly (Incremental Scaler + Replay Uncertainty Prioritization RR=0.2),prior_years,2018,2017,False,1278749,297,0.8938009921709947,0.2599866237003709,0.2599866237003709,pr_auc,0.1831580195512966,0.14667250778409627,0.2284262248948753,0.18522003585738542,0.020610616382864155,2000,percentile,0.05
mlp_prevyears_monthly_features_incremental_scaler_experience_replay_uncertainity_prioritization_RR_0.3,MLP Prevyears + Monthly (Incremental Scaler + Replay Uncertainty Prioritization RR=0.3),prior_years,2018,2017,False,1278749,297,0.8804395191251557,0.2564594742091496,0.2564594742091496,f1_score,0.2564594742091496,0.212033791017805,0.2971335566910351,0.255703334867858,0.021504023113370418,2000,percentile,0.05
mlp_prevyears_monthly_features_incremental_scaler_experience_replay_uncertainity_prioritization_RR_0.3,MLP Prevyears + Monthly (Incremental Scaler + Replay Uncertainty Prioritization RR=0.3),prior_years,2018,2017,False,1278749,297,0.8804395191251557,0.2564594742091496,0.2564594742091496,pr_auc,0.18630483968940154,0.14595676860481144,0.23117966903834494,0.18782763534495656,0.021473793073775616,2000,percentile,0.05
mlp_prevyears_monthly_features_incremental_scaler_experience_replay_uncertainity_prioritization_RR_0.4,MLP Prevyears + Monthly (Incremental Scaler + Replay Uncertainty Prioritization RR=0.4),prior_years,2018,2017,False,1278749,297,0.8428191758820861,0.2677114525991142,0.2677114525991142,f1_score,0.2677114525991142,0.22651025450417717,0.30544655814731453,0.2669614590668857,0.020100917561890266,2000,percentile,0.05
mlp_prevyears_monthly_features_incremental_scaler_experience_replay_uncertainity_prioritization_RR_0.4,MLP Prevyears + Monthly (Incremental Scaler + Replay Uncertainty Prioritization RR=0.4),prior_years,2018,2017,False,1278749,297,0.8428191758820861,0.2677114525991142,0.2677114525991142,pr_auc,0.2047878304110283,0.16378921331139273,0.24791901113230821,0.20574663450391084,0.021317469347255043,2000,percentile,0.05
mlp_prevyears_monthly_features_incremental_scaler_experience_replay_uncertainity_prioritization_RR_0.5,MLP Prevyears + Monthly (Incremental Scaler + Replay Uncertainty Prioritization RR=0.5),prior_years,2018,2017,False,1278749,297,0.8283939639266512,0.2595818490404163,0.2595818490404163,f1_score,0.2595818490404163,0.21672421485395213,0.30026559404170466,0.25900526648590305,0.02113561913139231,2000,percentile,0.05
mlp_prevyears_monthly_features_incremental_scaler_experience_replay_uncertainity_prioritization_RR_0.5,MLP Prevyears + Monthly (Incremental Scaler + Replay Uncertainty Prioritization RR=0.5),prior_years,2018,2017,False,1278749,297,0.8283939639266512,0.2595818490404163,0.2595818490404163,pr_auc,0.19366992424079443,0.15235758790565562,0.2404334165254065,0.19515188344226636,0.022214065570555778,2000,percentile,0.05
mlp_prevyears_monthly_features_incremental_scaler_missclassification_buffer_RR_0.3,MLP Prevyears + Monthly (Incremental Scaler + Misclassification Buffer RR=0.3),prior_years,2018,2017,False,1278749,297,0.7554522520379243,0.1213539720315481,0.1213539720315481,f1_score,0.1213539720315481,0.08862940915338421,0.1573525496219005,0.12066927063146492,0.017627121352451428,2000,percentile,0.05
mlp_prevyears_monthly_features_incremental_scaler_missclassification_buffer_RR_0.3,MLP Prevyears + Monthly (Incremental Scaler + Misclassification Buffer RR=0.3),prior_years,2018,2017,False,1278749,297,0.7554522520379243,0.1213539720315481,0.1213539720315481,pr_auc,0.07345101875929456,0.04806646454403106,0.10423657142450667,0.07355998812626668,0.014291601443099272,2000,percentile,0.05
"mlp_combined_HE=0.1_CC=0.1_UP=0.1_PR=(0.2,10)_RR=0.5","MLP Combined (HE=0.1, CC=0.1, UP=0.1, PR=(0.2,10), RR=0.5)",prior_years,2018,2018,False,1281406,297,0.909859371625545,0.4494763880655997,0.4494763880655997,f1_score,0.4494763880655997,0.3672281935957054,0.5169112758010964,0.4484904415408081,0.038065488043886354,2000,percentile,0.05
"mlp_combined_HE=0.1_CC=0.1_UP=0.1_PR=(0.2,10)_RR=0.5","MLP Combined (HE=0.1, CC=0.1, UP=0.1, PR=(0.2,10), RR=0.5)",prior_years,2018,2018,False,1281406,297,0.909859371625545,0.4494763880655997,0.4494763880655997,pr_auc,0.4472924003671097,0.3696610320328189,0.519562350079744,0.44704330364311423,0.03829370281088401,2000,percentile,0.05
"mlp_combined_HE=0_CC=0.15_UP=0_PR=(0,10)_MC=0.1_RWS=1_RR=0.4","MLP Combined (HE=0, CC=0.15, UP=0, PR=(0,10), MC=0.1, RWS=1, RR=0.4)",prior_years,2018,2018,False,1281406,297,0.9123465408907011,0.44185858258793054,0.44185858258793054,f1_score,0.44185858258793054,0.3612757446019991,0.5084084613117206,0.44079485999839246,0.037750230183959704,2000,percentile,0.05
"mlp_combined_HE=0_CC=0.15_UP=0_PR=(0,10)_MC=0.1_RWS=1_RR=0.4","MLP Combined (HE=0, CC=0.15, UP=0, PR=(0,10), MC=0.1, RWS=1, RR=0.4)",prior_years,2018,2018,False,1281406,297,0.9123465408907011,0.44185858258793054,0.44185858258793054,pr_auc,0.4411234279015673,0.36543541900886833,0.511761845136743,0.44038215465030706,0.03708521591163177,2000,percentile,0.05
"mlp_combined_HE=0_CC=0.1_UP=0.1_PR=(0,10)_MC=0.1_RWS=1_RR=0.5","MLP Combined (HE=0, CC=0.1, UP=0.1, PR=(0,10), MC=0.1, RWS=1, RR=0.5)",prior_years,2018,2018,False,1281406,297,0.9235035028522348,0.45183167279446784,0.45183167279446784,f1_score,0.45183167279446784,0.37770985866939744,0.5147640115613179,0.4506351910582148,0.034699083398133795,2000,percentile,0.05
"mlp_combined_HE=0_CC=0.1_UP=0.1_PR=(0,10)_MC=0.1_RWS=1_RR=0.5","MLP Combined (HE=0, CC=0.1, UP=0.1, PR=(0,10), MC=0.1, RWS=1, RR=0.5)",prior_years,2018,2018,False,1281406,297,0.9235035028522348,0.45183167279446784,0.45183167279446784,pr_auc,0.44820263730331816,0.37289636883384536,0.5159587249043528,0.4472399467208923,0.036316723120931246,2000,percentile,0.05
"mlp_combined_HE=0_CC=0.1_UP=0.2_PR=(0.1,10)_RR=0.5","MLP Combined (HE=0, CC=0.1, UP=0.2, PR=(0.1,10), RR=0.5)",prior_years,2018,2018,False,1281406,297,0.8930916299198819,0.45019079321263294,0.45019079321263294,f1_score,0.45019079321263294,0.37000908591206394,0.5170341050023539,0.44903752812861386,0.03753380657915711,2000,percentile,0.05
"mlp_combined_HE=0_CC=0.1_UP=0.2_PR=(0.1,10)_RR=0.5","MLP Combined (HE=0, CC=0.1, UP=0.2, PR=(0.1,10), RR=0.5)",prior_years,2018,2018,False,1281406,297,0.8930916299198819,0.45019079321263294,0.45019079321263294,pr_auc,0.4500645210728281,0.37529445674950374,0.5185456629297059,0.44912355724531244,0.03642377417560433,2000,percentile,0.05
"mlp_combined_HE=0_CC=0.2_UP=0.1_PR=(0.2,10)_RR=0.5","MLP Combined (HE=0, CC=0.2, UP=0.1, PR=(0.2,10), RR=0.5)",prior_years,2018,2018,False,1281406,297,0.8908083611058523,0.44752315437531226,0.44752315437531226,f1_score,0.44752315437531226,0.37454177897597657,0.5124711705087477,0.4463437915090993,0.03495720129644747,2000,percentile,0.05
"mlp_combined_HE=0_CC=0.2_UP=0.1_PR=(0.2,10)_RR=0.5","MLP Combined (HE=0, CC=0.2, UP=0.1, PR=(0.2,10), RR=0.5)",prior_years,2018,2018,False,1281406,297,0.8908083611058523,0.44752315437531226,0.44752315437531226,pr_auc,0.442100214697893,0.3659243607615989,0.5118399648469693,0.4410400820624531,0.03669985656030433,2000,percentile,0.05
"mlp_combined_HE=0_CC=0.2_UP=0.2_PR=(0.1,10)_RR=0.5","MLP Combined (HE=0, CC=0.2, UP=0.2, PR=(0.1,10), RR=0.5)",prior_years,2018,2018,False,1281406,297,0.8890954883460978,0.4494954367414668,0.4494954367414668,f1_score,0.4494954367414668,0.3764572233692457,0.5129087478114915,0.4482982143475052,0.03476640690689281,2000,percentile,0.05
"mlp_combined_HE=0_CC=0.2_UP=0.2_PR=(0.1,10)_RR=0.5","MLP Combined (HE=0, CC=0.2, UP=0.2, PR=(0.1,10), RR=0.5)",prior_years,2018,2018,False,1281406,297,0.8890954883460978,0.4494954367414668,0.4494954367414668,pr_auc,0.4437468874818259,0.3683013595766758,0.5139234092581614,0.4428402250872392,0.036983128356629966,2000,percentile,0.05
mlp_prevyears_monthly_features_incremental_scaler,MLP Prevyears + Monthly (Incremental Scaler),prior_years,2018,2018,True,1281406,297,0.907768510253678,0.4505210314140108,0.4505210314140108,f1_score,0.4505210314140108,0.36834020763350606,0.5179494016790338,0.4494690095537015,0.037854736860343456,2000,percentile,0.05
mlp_prevyears_monthly_features_incremental_scaler,MLP Prevyears + Monthly (Incremental Scaler),prior_years,2018,2018,True,1281406,297,0.907768510253678,0.4505210314140108,0.4505210314140108,pr_auc,0.44471266978039237,0.367610581919608,0.5165929795824112,0.4442554125884143,0.03839636053470243,2000,percentile,0.05
mlp_prevyears_monthly_features_incremental_scaler_experience_replay_RR_0.2,MLP Prevyears + Monthly (Incremental Scaler + Replay RR=0.2),prior_years,2018,2018,False,1281406,297,0.9226806099558648,0.44460365792982665,0.44460365792982665,f1_score,0.44460365792982665,0.36229746279446473,0.5144508095537673,0.4436652127310988,0.03900634919332867,2000,percentile,0.05
mlp_prevyears_monthly_features_incremental_scaler_experience_replay_RR_0.2,MLP Prevyears + Monthly (Incremental Scaler + Replay RR=0.2),prior_years,2018,2018,False,1281406,297,0.9226806099558648,0.44460365792982665,0.44460365792982665,pr_auc,0.43618212863986705,0.3557522782863816,0.5135029257978806,0.43620314881163785,0.040247152235853394,2000,percentile,0.05
mlp_prevyears_monthly_features_incremental_scaler_experience_replay_RR_0.2_PR_0.10,"MLP Prevyears + Monthly (Incremental Scaler + Replay RR=0.2, PR=0.10)",prior_years,2018,2018,False,1281406,297,0.8951874652447346,0.43620381293047683,0.43620381293047683,f1_score,0.43620381293047683,0.3585859760953072,0.5036224309103153,0.4351393627557433,0.037008174518070626,2000,percentile,0.05
mlp_prevyears_monthly_features_incremental_scaler_experience_replay_RR_0.2_PR_0.10,"MLP Prevyears + Monthly (Incremental Scaler + Replay RR=0.2, PR=0.10)",prior_years,2018,2018,False,1281406,297,0.8951874652447346,0.43620381293047683,0.43620381293047683,pr_auc,0.4257069340413649,0.3479256995564093,0.49883175405148333,0.42545749049202686,0.03813747849572715,2000,percentile,0.05
mlp_prevyears_monthly_features_incremental_scaler_experience_replay_RR_0.2_PR_0.15,"MLP Prevyears + Monthly (Incremental Scaler + Replay RR=0.2, PR=0.15)",prior_years,2018,2018,False,1281406,297,0.9030846021841509,0.4437956761501326,0.4437956761501326,f1_score,0.4437956761501326,0.37271554666458406,0.5061617782287668,0.44259194482349506,0.03438832491009062,2000,percentile,0.05
mlp_prevyears_monthly_features_incremental_scaler_experience_replay_RR_0.2_PR_0.15,"MLP Prevyears + Monthly (Incremental Scaler + Replay RR=0.2, PR=0.15)",prior_years,2018,2018,False,1281406,297,0.9030846021841509,0.4437956761501326,0.4437956761501326,pr_auc,0.42978664995958776,0.35532272584504937,0.4983581329140705,0.42922167279001405,0.035975512170125325,2000,percentile,0.05
mlp_prevyears_monthly_features_incremental_scaler_experience_replay_RR_0.3,MLP Prevyears + Monthly (Incremental Scaler + Replay RR=0.3),prior_years,2018,2018,False,1281406,297,0.9040382410282146,0.45828941568770243,0.45828941568770243,f1_score,0.45828941568770243,0.3836569752111309,0.5219135962743391,0.45726698173704483,0.0352540260767209,2000,percentile,0.05
mlp_prevyears_monthly_features_incremental_scaler_experience_replay_RR_0.3,MLP Prevyears + Monthly (Incremental Scaler + Replay RR=0.3),prior_years,2018,2018,False,1281406,297,0.9040382410282146,0.45828941568770243,0.45828941568770243,pr_auc,0.452426512576206,0.3776703221382785,0.5197541850614595,0.45167827071111,0.036239258652817734,2000,percentile,0.05
mlp_prevyears_monthly_features_incremental_scaler_experience_replay_RR_0.3_PR_0.10,"MLP Prevyears + Monthly (Incremental Scaler + Replay RR=0.3, PR=0.10)",prior_years,2018,2018,False,1281406,297,0.9066625315825738,0.45247355466621575,0.45247355466621575,f1_score,0.45247355466621575,0.37584107122483934,0.5166093862862966,0.45145801904081523,0.035769013718797316,2000,percentile,0.05
mlp_prevyears_monthly_features_incremental_scaler_experience_replay_RR_0.3_PR_0.10,"MLP Prevyears + Monthly (Incremental Scaler + Replay RR=0.3, PR=0.10)",prior_years,2018,2018,False,1281406,297,0.9066625315825738,0.45247355466621575,0.45247355466621575,pr_auc,0.44295618439152934,0.3682904421495818,0.5131258052893305,0.4423598607360492,0.03664393980362247,2000,percentile,0.05
mlp_prevyears_monthly_features_incremental_scaler_experience_replay_RR_0.3_PR_0.15,"MLP Prevyears + Monthly (Incremental Scaler + Replay RR=0.3, PR=0.15)",prior_years,2018,2018,False,1281406,297,0.8998606351424626,0.44561891515994434,0.44561891515994434,f1_score,0.44561891515994434,0.36490317166749864,0.5122966380305141,0.4447469462562601,0.03786587821243557,2000,percentile,0.05
mlp_prevyears_monthly_features_incremental_scaler_experience_replay_RR_0.3_PR_0.15,"MLP Prevyears + Monthly (Incremental Scaler + Replay RR=0.3, PR=0.15)",prior_years,2018,2018,False,1281406,297,0.8998606351424626,0.44561891515994434,0.44561891515994434,pr_auc,0.4377761466840445,0.3602452300841218,0.5109125370018238,0.4375816726047294,0.03871643317967425,2000,percentile,0.05
mlp_prevyears_monthly_features_incremental_scaler_experience_replay_RR_0.4,MLP Prevyears + Monthly (Incremental Scaler + Replay RR=0.4),prior_years,2018,2018,False,1281406,297,0.916026174111179,0.4438142785821268,0.4438142785821268,f1_score,0.4438142785821268,0.36421725164166835,0.5121415093653992,0.4427612796962445,0.03764782520226381,2000,percentile,0.05
mlp_prevyears_monthly_features_incremental_scaler_experience_replay_RR_0.4,MLP Prevyears + Monthly (Incremental Scaler + Replay RR=0.4),prior_years,2018,2018,False,1281406,297,0.916026174111179,0.4438142785821268,0.4438142785821268,pr_auc,0.44089743403275444,0.36417131575633915,0.5132711805299035,0.4403062664341582,0.03785705427402276,2000,percentile,0.05
mlp_prevyears_monthly_features_incremental_scaler_experience_replay_RR_0.4_PR_0.10,"MLP Prevyears + Monthly (Incremental Scaler + Replay RR=0.4, PR=0.10)",prior_years,2018,2018,False,1281406,297,0.927573393666524,0.44963986302987363,0.44963986302987363,f1_score,0.44963986302987363,0.36658702442964186,0.5190219553980675,0.44886595734935797,0.03882379822531824,2000,percentile,0.05
mlp_prevyears_monthly_features_incremental_scaler_experience_replay_RR_0.4_PR_0.10,"MLP Prevyears + Monthly (Incremental Scaler + Replay RR=0.4, PR=0.10)",prior_years,2018,2018,False,1281406,297,0.927573393666524,0.44963986302987363,0.44963986302987363,pr_auc,0.4440992301104244,0.36553360987918826,0.5191146806590627,0.44395844618542857,0.039171909467221,2000,percentile,0.05
mlp_prevyears_monthly_features_incremental_scaler_experience_replay_RR_0.4_PR_0.15,"MLP Prevyears + Monthly (Incremental Scaler + Replay RR=0.4, PR=0.15)",prior_years,2018,2018,False,1281406,297,0.8932935017610646,0.4572737686139748,0.4572737686139748,f1_score,0.4572737686139748,0.37673913588003993,0.522641268816164,0.45634799828133116,0.03663209298767574,2000,percentile,0.05
mlp_prevyears_monthly_features_incremental_scaler_experience_replay_RR_0.4_PR_0.15,"MLP Prevyears + Monthly (Incremental Scaler + Replay RR=0.4, PR=0.15)",prior_years,2018,2018,False,1281406,297,0.8932935017610646,0.4572737686139748,0.4572737686139748,pr_auc,0.4476967068066342,0.3719507416705272,0.5181493662349925,0.447494371704198,0.03759856158828317,2000,percentile,0.05
mlp_prevyears_monthly_features_incremental_scaler_experience_replay_RR_0.5,MLP Prevyears + Monthly (Incremental Scaler + Replay RR=0.5),prior_years,2018,2018,False,1281406,297,0.8984206690973232,0.433453770064562,0.433453770064562,f1_score,0.433453770064562,0.3545047744716757,0.5025829817868724,0.4325955834060428,0.03785023192546551,2000,percentile,0.05
mlp_prevyears_monthly_features_incremental_scaler_experience_replay_RR_0.5,MLP Prevyears + Monthly (Incremental Scaler + Replay RR=0.5),prior_years,2018,2018,False,1281406,297,0.8984206690973232,0.433453770064562,0.433453770064562,pr_auc,0.42591073690452785,0.3473191445818614,0.5002231474947498,0.4256168210577246,0.038691134855745275,2000,percentile,0.05
mlp_prevyears_monthly_features_incremental_scaler_experience_replay_RR_0.5_PR_0.10,"MLP Prevyears + Monthly (Incremental Scaler + Replay RR=0.5, PR=0.10)",prior_years,2018,2018,False,1281406,297,0.9197327243171926,0.44790599694644684,0.44790599694644684,f1_score,0.44790599694644684,0.3710333052018799,0.5125886590980884,0.44699809314487776,0.035743458478778495,2000,percentile,0.05
mlp_prevyears_monthly_features_incremental_scaler_experience_replay_RR_0.5_PR_0.10,"MLP Prevyears + Monthly (Incremental Scaler + Replay RR=0.5, PR=0.10)",prior_years,2018,2018,False,1281406,297,0.9197327243171926,0.44790599694644684,0.44790599694644684,pr_auc,0.44143466331142867,0.3666681800812971,0.5113947021204939,0.44070645083692833,0.036766304085316344,2000,percentile,0.05
mlp_prevyears_monthly_features_incremental_scaler_experience_replay_RR_0.5_PR_0.15,"MLP Prevyears + Monthly (Incremental Scaler + Replay RR=0.5, PR=0.15)",prior_years,2018,2018,False,1281406,297,0.9181787218898467,0.45301348136399683,0.45301348136399683,f1_score,0.45301348136399683,0.37050216141772757,0.5214268640342148,0.45201552512991416,0.03836535452860508,2000,percentile,0.05
mlp_prevyears_monthly_features_incremental_scaler_experience_replay_RR_0.5_PR_0.15,"MLP Prevyears + Monthly (Incremental Scaler + Replay RR=0.5, PR=0.15)",prior_years,2018,2018,False,1281406,297,0.9181787218898467,0.45301348136399683,0.45301348136399683,pr_auc,0.44329619960937333,0.36627352114369566,0.5142816671029279,0.4429019676781907,0.037719865211000354,2000,percentile,0.05
mlp_prevyears_monthly_features_incremental_scaler_experience_replay_confidently_correct_memory_RR_0.2,MLP Prevyears + Monthly (Incremental Scaler + Replay Confidently Correct RR=0.2),prior_years,2018,2018,False,1281406,297,0.8835039210927852,0.44539482556011484,0.44539482556011484,f1_score,0.44539482556011484,0.3642302790758219,0.5134549250638742,0.4446088566884324,0.037819376070319835,2000,percentile,0.05
mlp_prevyears_monthly_features_incremental_scaler_experience_replay_confidently_correct_memory_RR_0.2,MLP Prevyears + Monthly (Incremental Scaler + Replay Confidently Correct RR=0.2),prior_years,2018,2018,False,1281406,297,0.8835039210927852,0.44539482556011484,0.44539482556011484,pr_auc,0.4382398354115402,0.36141511325475273,0.5102073017106685,0.43800087384513176,0.03866059928328033,2000,percentile,0.05
mlp_prevyears_monthly_features_incremental_scaler_experience_replay_confidently_correct_memory_RR_0.3,MLP Prevyears + Monthly (Incremental Scaler + Replay Confidently Correct RR=0.3),prior_years,2018,2018,False,1281406,297,0.9019599042865214,0.44950342567180684,0.44950342567180684,f1_score,0.44950342567180684,0.3681606151695682,0.5184929925986896,0.44843306885987405,0.03845359962201997,2000,percentile,0.05
mlp_prevyears_monthly_features_incremental_scaler_experience_replay_confidently_correct_memory_RR_0.3,MLP Prevyears + Monthly (Incremental Scaler + Replay Confidently Correct RR=0.3),prior_years,2018,2018,False,1281406,297,0.9019599042865214,0.44950342567180684,0.44950342567180684,pr_auc,0.4454492664792343,0.36695349547860556,0.5171565113293588,0.444792644599307,0.038204096355440774,2000,percentile,0.05
mlp_prevyears_monthly_features_incremental_scaler_experience_replay_confidently_correct_memory_RR_0.4,MLP Prevyears + Monthly (Incremental Scaler + Replay Confidently Correct RR=0.4),prior_years,2018,2018,False,1281406,297,0.8864082959197579,0.4507382916886106,0.4507382916886106,f1_score,0.4507382916886106,0.37033672386501304,0.5184921768189905,0.44980519913378897,0.03788534532217522,2000,percentile,0.05
mlp_prevyears_monthly_features_incremental_scaler_experience_replay_confidently_correct_memory_RR_0.4,MLP Prevyears + Monthly (Incremental Scaler + Replay Confidently Correct RR=0.4),prior_years,2018,2018,False,1281406,297,0.8864082959197579,0.4507382916886106,0.4507382916886106,pr_auc,0.44235871242743435,0.36618669213773486,0.5129286074247157,0.44192845929384283,0.038016610699966306,2000,percentile,0.05
mlp_prevyears_monthly_features_incremental_scaler_experience_replay_confidently_correct_memory_RR_0.5,MLP Prevyears + Monthly (Incremental Scaler + Replay Confidently Correct RR=0.5),prior_years,2018,2018,False,1281406,297,0.9329182792123143,0.4492831648421766,0.4492831648421766,f1_score,0.4492831648421766,0.36784495675842366,0.5166512588098429,0.4484386015455143,0.03802905285695516,2000,percentile,0.05
mlp_prevyears_monthly_features_incremental_scaler_experience_replay_confidently_correct_memory_RR_0.5,MLP Prevyears + Monthly (Incremental Scaler + Replay Confidently Correct RR=0.5),prior_years,2018,2018,False,1281406,297,0.9329182792123143,0.4492831648421766,0.4492831648421766,pr_auc,0.44288332303898126,0.3653500476620361,0.5161306508439311,0.44250214786056585,0.038645985324521764,2000,percentile,0.05
mlp_prevyears_monthly_features_incremental_scaler_experience_replay_hard_example_mining_RR_0.2,MLP Prevyears + Monthly (Incremental Scaler + Replay Hard Example Mining RR=0.2),prior_years,2018,2018,False,1281406,297,0.9150335744849366,0.45436998147004326,0.45436998147004326,f1_score,0.45436998147004326,0.37082551713351564,0.5234190549486263,0.45348481758999304,0.03874249177329315,2000,percentile,0.05
mlp_prevyears_monthly_features_incremental_scaler_experience_replay_hard_example_mining_RR_0.2,MLP Prevyears + Monthly (Incremental Scaler + Replay Hard Example Mining RR=0.2),prior_years,2018,2018,False,1281406,297,0.9150335744849366,0.45436998147004326,0.45436998147004326,pr_auc,0.44784739433995785,0.37165238467065126,0.519461998498128,0.4476520718921174,0.037711069546778664,2000,percentile,0.05
mlp_prevyears_monthly_features_incremental_scaler_experience_replay_hard_example_mining_RR_0.3,MLP Prevyears + Monthly (Incremental Scaler + Replay Hard Example Mining RR=0.3),prior_years,2018,2018,False,1281406,297,0.9095481566122262,0.4477606055827157,0.4477606055827157,f1_score,0.4477606055827157,0.3696864339162191,0.5143439649875252,0.4466646026984187,0.03645109689705485,2000,percentile,0.05
mlp_prevyears_monthly_features_incremental_scaler_experience_replay_hard_example_mining_RR_0.3,MLP Prevyears + Monthly (Incremental Scaler + Replay Hard Example Mining RR=0.3),prior_years,2018,2018,False,1281406,297,0.9095481566122262,0.4477606055827157,0.4477606055827157,pr_auc,0.43489599306240023,0.3594064054716814,0.5067207893951904,0.43450623744377204,0.03748809021723099,2000,percentile,0.05
mlp_prevyears_monthly_features_incremental_scaler_experience_replay_hard_example_mining_RR_0.4,MLP Prevyears + Monthly (Incremental Scaler + Replay Hard Example Mining RR=0.4),prior_years,2018,2018,False,1281406,297,0.9016003873315855,0.44028436018957345,0.44028436018957345,f1_score,0.44028436018957345,0.36119188877350505,0.507677767440326,0.43953784063865703,0.03755347130123311,2000,percentile,0.05
mlp_prevyears_monthly_features_incremental_scaler_experience_replay_hard_example_mining_RR_0.4,MLP Prevyears + Monthly (Incremental Scaler + Replay Hard Example Mining RR=0.4),prior_years,2018,2018,False,1281406,297,0.9016003873315855,0.44028436018957345,0.44028436018957345,pr_auc,0.4326017732733925,0.356979374084936,0.5051068888432162,0.43236039834195356,0.037931096854937126,2000,percentile,0.05
mlp_prevyears_monthly_features_incremental_scaler_experience_replay_hard_example_mining_RR_0.5,MLP Prevyears + Monthly (Incremental Scaler + Replay Hard Example Mining RR=0.5),prior_years,2018,2018,False,1281406,297,0.9107851196784318,0.44947701383633154,0.44947701383633154,f1_score,0.44947701383633154,0.3712483605112036,0.5155524347322867,0.4485632818378275,0.036212648686741976,2000,percentile,0.05
mlp_prevyears_monthly_features_incremental_scaler_experience_replay_hard_example_mining_RR_0.5,MLP Prevyears + Monthly (Incremental Scaler + Replay Hard Example Mining RR=0.5),prior_years,2018,2018,False,1281406,297,0.9107851196784318,0.44947701383633154,0.44947701383633154,pr_auc,0.4418574370295429,0.36656143270938174,0.5107908435947643,0.44105345284069747,0.03689284693087277,2000,percentile,0.05
mlp_prevyears_monthly_features_incremental_scaler_experience_replay_uncertainity_prioritization_RR_0.2,MLP Prevyears + Monthly (Incremental Scaler + Replay Uncertainty Prioritization RR=0.2),prior_years,2018,2018,False,1281406,297,0.9437756094619373,0.45205452114390626,0.45205452114390626,f1_score,0.45205452114390626,0.3684154201412735,0.5209623003344471,0.4512556925945405,0.03887343797576263,2000,percentile,0.05
mlp_prevyears_monthly_features_incremental_scaler_experience_replay_uncertainity_prioritization_RR_0.2,MLP Prevyears + Monthly (Incremental Scaler + Replay Uncertainty Prioritization RR=0.2),prior_years,2018,2018,False,1281406,297,0.9437756094619373,0.45205452114390626,0.45205452114390626,pr_auc,0.4451660126217002,0.3672229892594365,0.5193602318921706,0.44511708203678996,0.03924687915577763,2000,percentile,0.05
mlp_prevyears_monthly_features_incremental_scaler_experience_replay_uncertainity_prioritization_RR_0.3,MLP Prevyears + Monthly (Incremental Scaler + Replay Uncertainty Prioritization RR=0.3),prior_years,2018,2018,False,1281406,297,0.9236843575815233,0.44235275738165913,0.44235275738165913,f1_score,0.44235275738165913,0.3595376060645382,0.5099142824968914,0.441407848713494,0.038170811634424186,2000,percentile,0.05
mlp_prevyears_monthly_features_incremental_scaler_experience_replay_uncertainity_prioritization_RR_0.3,MLP Prevyears + Monthly (Incremental Scaler + Replay Uncertainty Prioritization RR=0.3),prior_years,2018,2018,False,1281406,297,0.9236843575815233,0.44235275738165913,0.44235275738165913,pr_auc,0.4357761107903678,0.35752697949510903,0.5085165040309364,0.43555799639869114,0.03861786337668012,2000,percentile,0.05
mlp_prevyears_monthly_features_incremental_scaler_experience_replay_uncertainity_prioritization_RR_0.4,MLP Prevyears + Monthly (Incremental Scaler + Replay Uncertainty Prioritization RR=0.4),prior_years,2018,2018,False,1281406,297,0.9141368374601839,0.4460595137814171,0.4460595137814171,f1_score,0.4460595137814171,0.36556825230786577,0.5137069230252392,0.4449889751994826,0.03814060904240097,2000,percentile,0.05
mlp_prevyears_monthly_features_incremental_scaler_experience_replay_uncertainity_prioritization_RR_0.4,MLP Prevyears + Monthly (Incremental Scaler + Replay Uncertainty Prioritization RR=0.4),prior_years,2018,2018,False,1281406,297,0.9141368374601839,0.4460595137814171,0.4460595137814171,pr_auc,0.44050511746204835,0.3626332904658944,0.5130133835977514,0.43999532789315443,0.0382817923462822,2000,percentile,0.05
mlp_prevyears_monthly_features_incremental_scaler_experience_replay_uncertainity_prioritization_RR_0.5,MLP Prevyears + Monthly (Incremental Scaler + Replay Uncertainty Prioritization RR=0.5),prior_years,2018,2018,False,1281406,297,0.9256028583643758,0.4440262682898729,0.4440262682898729,f1_score,0.4440262682898729,0.36718995037389957,0.5078872552801851,0.4427860262971928,0.03642641966338095,2000,percentile,0.05
mlp_prevyears_monthly_features_incremental_scaler_experience_replay_uncertainity_prioritization_RR_0.5,MLP Prevyears + Monthly (Incremental Scaler + Replay Uncertainty Prioritization RR=0.5),prior_years,2018,2018,False,1281406,297,0.9256028583643758,0.4440262682898729,0.4440262682898729,pr_auc,0.4366304812157461,0.36032885218629107,0.5070654186770189,0.4357675508498213,0.037274896389548444,2000,percentile,0.05
mlp_prevyears_monthly_features_incremental_scaler_missclassification_buffer_RR_0.3,MLP Prevyears + Monthly (Incremental Scaler + Misclassification Buffer RR=0.3),prior_years,2018,2018,False,1281406,297,0.8997982883704229,0.4462851116863196,0.4462851116863196,f1_score,0.4462851116863196,0.3652097867600992,0.5135751749002415,0.4455569543183074,0.03755870752268136,2000,percentile,0.05
mlp_prevyears_monthly_features_incremental_scaler_missclassification_buffer_RR_0.3,MLP Prevyears + Monthly (Incremental Scaler + Misclassification Buffer RR=0.3),prior_years,2018,2018,False,1281406,297,0.8997982883704229,0.4462851116863196,0.4462851116863196,pr_auc,0.4371220459493654,0.36078046643619976,0.5102126200365161,0.43694741282088684,0.03846274086456687,2000,percentile,0.05
"mlp_combined_HE=0.1_CC=0.1_UP=0.1_PR=(0.2,10)_RR=0.5","MLP Combined (HE=0.1, CC=0.1, UP=0.1, PR=(0.2,10), RR=0.5)",prior_years,2019,2017,False,1278749,297,0.7136593573797453,0.2635748638023588,0.2635748638023588,f1_score,0.2635748638023588,0.21585837592543167,0.3078264915004597,0.2625795754508141,0.023106211892951166,2000,percentile,0.05
"mlp_combined_HE=0.1_CC=0.1_UP=0.1_PR=(0.2,10)_RR=0.5","MLP Combined (HE=0.1, CC=0.1, UP=0.1, PR=(0.2,10), RR=0.5)",prior_years,2019,2017,False,1278749,297,0.7136593573797453,0.2635748638023588,0.2635748638023588,pr_auc,0.20626127810604838,0.16123782491502087,0.2523213932069936,0.20670313799571705,0.0230820698282652,2000,percentile,0.05
"mlp_combined_HE=0_CC=0.15_UP=0_PR=(0,10)_MC=0.1_RWS=1_RR=0.4","MLP Combined (HE=0, CC=0.15, UP=0, PR=(0,10), MC=0.1, RWS=1, RR=0.4)",prior_years,2019,2017,False,1278749,297,0.7581272556909522,0.23694643610291016,0.23694643610291016,f1_score,0.23694643610291016,0.19586944256215622,0.27450996273964223,0.23606042309667818,0.02011047358176561,2000,percentile,0.05
"mlp_combined_HE=0_CC=0.15_UP=0_PR=(0,10)_MC=0.1_RWS=1_RR=0.4","MLP Combined (HE=0, CC=0.15, UP=0, PR=(0,10), MC=0.1, RWS=1, RR=0.4)",prior_years,2019,2017,False,1278749,297,0.7581272556909522,0.23694643610291016,0.23694643610291016,pr_auc,0.16437978508996107,0.13010601521593967,0.20597712354990866,0.16636238068475837,0.019285207156684702,2000,percentile,0.05
"mlp_combined_HE=0_CC=0.1_UP=0.1_PR=(0,10)_MC=0.1_RWS=1_RR=0.5","MLP Combined (HE=0, CC=0.1, UP=0.1, PR=(0,10), MC=0.1, RWS=1, RR=0.5)",prior_years,2019,2017,False,1278749,297,0.6798018550954833,0.20412608391895778,0.20412608391895778,f1_score,0.20412608391895778,0.16557346691415492,0.24108163153492393,0.20272326722517398,0.019372109078156726,2000,percentile,0.05
"mlp_combined_HE=0_CC=0.1_UP=0.1_PR=(0,10)_MC=0.1_RWS=1_RR=0.5","MLP Combined (HE=0, CC=0.1, UP=0.1, PR=(0,10), MC=0.1, RWS=1, RR=0.5)",prior_years,2019,2017,False,1278749,297,0.6798018550954833,0.20412608391895778,0.20412608391895778,pr_auc,0.13800718353966276,0.10832894573339415,0.17065723035359986,0.13889978025402383,0.016125905716835302,2000,percentile,0.05
"mlp_combined_HE=0_CC=0.1_UP=0.2_PR=(0.1,10)_RR=0.5","MLP Combined (HE=0, CC=0.1, UP=0.2, PR=(0.1,10), RR=0.5)",prior_years,2019,2017,False,1278749,297,0.7829033551899929,0.19431041117788106,0.19431041117788106,f1_score,0.19431041117788106,0.1621538257336643,0.22447130520436567,0.19352898386514605,0.015710549219510307,2000,percentile,0.05
"mlp_combined_HE=0_CC=0.1_UP=0.2_PR=(0.1,10)_RR=0.5","MLP Combined (HE=0, CC=0.1, UP=0.2, PR=(0.1,10), RR=0.5)",prior_years,2019,2017,False,1278749,297,0.7829033551899929,0.19431041117788106,0.19431041117788106,pr_auc,0.14090136784563145,0.10743720250719227,0.17650097845562415,0.14099225340497118,0.017322151923843173,2000,percentile,0.05
"mlp_combined_HE=0_CC=0.2_UP=0.1_PR=(0.2,10)_RR=0.5","MLP Combined (HE=0, CC=0.2, UP=0.1, PR=(0.2,10), RR=0.5)",prior_years,2019,2017,False,1278749,297,0.7769507813500617,0.23192513916874424,0.23192513916874424,f1_score,0.23192513916874424,0.19192823412861795,0.2698457259969062,0.2312738411947326,0.019683792923338286,2000,percentile,0.05
"mlp_combined_HE=0_CC=0.2_UP=0.1_PR=(0.2,10)_RR=0.5","MLP Combined (HE=0, CC=0.2, UP=0.1, PR=(0.2,10), RR=0.5)",prior_years,2019,2017,False,1278749,297,0.7769507813500617,0.23192513916874424,0.23192513916874424,pr_auc,0.17078724216802726,0.13293498628175213,0.2121448949391322,0.1719364139854006,0.01987113743162263,2000,percentile,0.05
"mlp_combined_HE=0_CC=0.2_UP=0.2_PR=(0.1,10)_RR=0.5","MLP Combined (HE=0, CC=0.2, UP=0.2, PR=(0.1,10), RR=0.5)",prior_years,2019,2017,False,1278749,297,0.73121766976664,0.24207789975723462,0.24207789975723462,f1_score,0.24207789975723462,0.19482749723682452,0.28557715899733965,0.24100140109062373,0.022807420176776158,2000,percentile,0.05
"mlp_combined_HE=0_CC=0.2_UP=0.2_PR=(0.1,10)_RR=0.5","MLP Combined (HE=0, CC=0.2, UP=0.2, PR=(0.1,10), RR=0.5)",prior_years,2019,2017,False,1278749,297,0.73121766976664,0.24207789975723462,0.24207789975723462,pr_auc,0.1853498802357137,0.14099508144866768,0.23075931698386926,0.1858039319085807,0.022437156940578278,2000,percentile,0.05
mlp_prevyears_monthly_features_incremental_scaler,MLP Prevyears + Monthly (Incremental Scaler),prior_years,2019,2017,True,1278749,297,0.9845718448312417,0.06559654133641234,0.06559654133641234,f1_score,0.06559654133641234,0.05164441207619697,0.07944263174376522,0.06518930260774951,0.007052540244718351,2000,percentile,0.05
mlp_prevyears_monthly_features_incremental_scaler,MLP Prevyears + Monthly (Incremental Scaler),prior_years,2019,2017,True,1278749,297,0.9845718448312417,0.06559654133641234,0.06559654133641234,pr_auc,0.0318576363782901,0.025887059566967834,0.03812615315137552,0.03187291106847224,0.0030759452112268655,2000,percentile,0.05
mlp_prevyears_monthly_features_incremental_scaler_experience_replay_RR_0.2,MLP Prevyears + Monthly (Incremental Scaler + Replay RR=0.2),prior_years,2019,2017,False,1278749,297,0.87878238201007,0.23872132923966047,0.23872132923966047,f1_score,0.23872132923966047,0.19497285068952047,0.2797556163429991,0.23763321715757302,0.0214848584536272,2000,percentile,0.05
mlp_prevyears_monthly_features_incremental_scaler_experience_replay_RR_0.2,MLP Prevyears + Monthly (Incremental Scaler + Replay RR=0.2),prior_years,2019,2017,False,1278749,297,0.87878238201007,0.23872132923966047,0.23872132923966047,pr_auc,0.16862810497732303,0.12756460020702257,0.21309411259658323,0.16946762643386684,0.02121587329066081,2000,percentile,0.05
mlp_prevyears_monthly_features_incremental_scaler_experience_replay_RR_0.2_PR_0.10,"MLP Prevyears + Monthly (Incremental Scaler + Replay RR=0.2, PR=0.10)",prior_years,2019,2017,False,1278749,297,0.8998609331918178,0.25186147186147184,0.25186147186147184,f1_score,0.25186147186147184,0.20676609202419552,0.29391949838273523,0.250966120896418,0.022112288302364363,2000,percentile,0.05
mlp_prevyears_monthly_features_incremental_scaler_experience_replay_RR_0.2_PR_0.10,"MLP Prevyears + Monthly (Incremental Scaler + Replay RR=0.2, PR=0.10)",prior_years,2019,2017,False,1278749,297,0.8998609331918178,0.25186147186147184,0.25186147186147184,pr_auc,0.1758994792472762,0.1371016451984951,0.21898463742995633,0.1773359236837369,0.020498084503693826,2000,percentile,0.05
mlp_prevyears_monthly_features_incremental_scaler_experience_replay_RR_0.2_PR_0.15,"MLP Prevyears + Monthly (Incremental Scaler + Replay RR=0.2, PR=0.15)",prior_years,2019,2017,False,1278749,297,0.8578678086088402,0.22923389506394168,0.22923389506394168,f1_score,0.22923389506394168,0.1912980953463013,0.2653614967226504,0.22834717924035294,0.01866296750931446,2000,percentile,0.05
mlp_prevyears_monthly_features_incremental_scaler_experience_replay_RR_0.2_PR_0.15,"MLP Prevyears + Monthly (Incremental Scaler + Replay RR=0.2, PR=0.15)",prior_years,2019,2017,False,1278749,297,0.8578678086088402,0.22923389506394168,0.22923389506394168,pr_auc,0.15371076532829758,0.12211076937061456,0.1877023034750356,0.15477313674923415,0.017033209715130837,2000,percentile,0.05
mlp_prevyears_monthly_features_incremental_scaler_experience_replay_RR_0.3,MLP Prevyears + Monthly (Incremental Scaler + Replay RR=0.3),prior_years,2019,2017,False,1278749,297,0.8626712114520944,0.2561870274124247,0.2561870274124247,f1_score,0.2561870274124247,0.21464945907755684,0.29333028187124666,0.2552039383385976,0.02023311493933764,2000,percentile,0.05
mlp_prevyears_monthly_features_incremental_scaler_experience_replay_RR_0.3,MLP Prevyears + Monthly (Incremental Scaler + Replay RR=0.3),prior_years,2019,2017,False,1278749,297,0.8626712114520944,0.2561870274124247,0.2561870274124247,pr_auc,0.18630906451876203,0.14827306657022166,0.22579485907273344,0.18675973882928293,0.019834679157776893,2000,percentile,0.05
mlp_prevyears_monthly_features_incremental_scaler_experience_replay_RR_0.3_PR_0.10,"MLP Prevyears + Monthly (Incremental Scaler + Replay RR=0.3, PR=0.10)",prior_years,2019,2017,False,1278749,297,0.8921158741522446,0.26134755632959616,0.26134755632959616,f1_score,0.26134755632959616,0.22006953824232425,0.2985595890009359,0.2608596909565628,0.020020656490194442,2000,percentile,0.05
mlp_prevyears_monthly_features_incremental_scaler_experience_replay_RR_0.3_PR_0.10,"MLP Prevyears + Monthly (Incremental Scaler + Replay RR=0.3, PR=0.10)",prior_years,2019,2017,False,1278749,297,0.8921158741522446,0.26134755632959616,0.26134755632959616,pr_auc,0.1932041516332575,0.15048030777978066,0.2399055500580135,0.19457044181320685,0.022913290060770444,2000,percentile,0.05
mlp_prevyears_monthly_features_incremental_scaler_experience_replay_RR_0.3_PR_0.15,"MLP Prevyears + Monthly (Incremental Scaler + Replay RR=0.3, PR=0.15)",prior_years,2019,2017,False,1278749,297,0.8852612771663999,0.22270349637514913,0.22270349637514913,f1_score,0.22270349637514913,0.18467851184186157,0.26118452330298586,0.22211312152390697,0.019630779604087965,2000,percentile,0.05
mlp_prevyears_monthly_features_incremental_scaler_experience_replay_RR_0.3_PR_0.15,"MLP Prevyears + Monthly (Incremental Scaler + Replay RR=0.3, PR=0.15)",prior_years,2019,2017,False,1278749,297,0.8852612771663999,0.22270349637514913,0.22270349637514913,pr_auc,0.1471508483854845,0.11335045795545824,0.184149841218249,0.1480466738698559,0.01805653124332448,2000,percentile,0.05
mlp_prevyears_monthly_features_incremental_scaler_experience_replay_RR_0.4,MLP Prevyears + Monthly (Incremental Scaler + Replay RR=0.4),prior_years,2019,2017,False,1278749,297,0.8041328070842314,0.2428002450980392,0.2428002450980392,f1_score,0.2428002450980392,0.20522126265388344,0.2781619826046648,0.2421058194196005,0.018638992582356448,2000,percentile,0.05
mlp_prevyears_monthly_features_incremental_scaler_experience_replay_RR_0.4,MLP Prevyears + Monthly (Incremental Scaler + Replay RR=0.4),prior_years,2019,2017,False,1278749,297,0.8041328070842314,0.2428002450980392,0.2428002450980392,pr_auc,0.18298288029433818,0.1432341751423087,0.22321595523959215,0.18362149648613604,0.019833215584859842,2000,percentile,0.05
mlp_prevyears_monthly_features_incremental_scaler_experience_replay_RR_0.4_PR_0.10,"MLP Prevyears + Monthly (Incremental Scaler + Replay RR=0.4, PR=0.10)",prior_years,2019,2017,False,1278749,297,0.8807943365852255,0.24207631488484016,0.24207631488484016,f1_score,0.24207631488484016,0.2050051377843254,0.27902465834760476,0.24142652572559625,0.018849349882742058,2000,percentile,0.05
mlp_prevyears_monthly_features_incremental_scaler_experience_replay_RR_0.4_PR_0.10,"MLP Prevyears + Monthly (Incremental Scaler + Replay RR=0.4, PR=0.10)",prior_years,2019,2017,False,1278749,297,0.8807943365852255,0.24207631488484016,0.24207631488484016,pr_auc,0.17833371177096502,0.13977969947537416,0.217909394956016,0.17897695528583354,0.019925496127764186,2000,percentile,0.05
mlp_prevyears_monthly_features_incremental_scaler_experience_replay_RR_0.4_PR_0.15,"MLP Prevyears + Monthly (Incremental Scaler + Replay RR=0.4, PR=0.15)",prior_years,2019,2017,False,1278749,297,0.8843992912224851,0.2501641607596855,0.2501641607596855,f1_score,0.2501641607596855,0.20772113794719424,0.28884046079299464,0.2495641591277035,0.020919410121192167,2000,percentile,0.05
mlp_prevyears_monthly_features_incremental_scaler_experience_replay_RR_0.4_PR_0.15,"MLP Prevyears + Monthly (Incremental Scaler + Replay RR=0.4, PR=0.15)",prior_years,2019,2017,False,1278749,297,0.8843992912224851,0.2501641607596855,0.2501641607596855,pr_auc,0.18650410022393318,0.14782643323774644,0.23071884573868118,0.187570881515395,0.02078694056640672,2000,percentile,0.05
mlp_prevyears_monthly_features_incremental_scaler_experience_replay_RR_0.5,MLP Prevyears + Monthly (Incremental Scaler + Replay RR=0.5),prior_years,2019,2017,False,1278749,297,0.8635846549094064,0.24685891404217633,0.24685891404217633,f1_score,0.24685891404217633,0.20763796841742296,0.2840579404006075,0.24598186608815872,0.019352474293517264,2000,percentile,0.05
mlp_prevyears_monthly_features_incremental_scaler_experience_replay_RR_0.5,MLP Prevyears + Monthly (Incremental Scaler + Replay RR=0.5),prior_years,2019,2017,False,1278749,297,0.8635846549094064,0.24685891404217633,0.24685891404217633,pr_auc,0.18379547372951047,0.14507912543009685,0.22353784351437053,0.18412429057498816,0.019977994659510865,2000,percentile,0.05
mlp_prevyears_monthly_features_incremental_scaler_experience_replay_RR_0.5_PR_0.10,"MLP Prevyears + Monthly (Incremental Scaler + Replay RR=0.5, PR=0.10)",prior_years,2019,2017,False,1278749,297,0.8735040215215988,0.25093591311761,0.25093591311761,f1_score,0.25093591311761,0.2116855602743917,0.2859262789148627,0.25009500624212977,0.019505489049621634,2000,percentile,0.05
mlp_prevyears_monthly_features_incremental_scaler_experience_replay_RR_0.5_PR_0.10,"MLP Prevyears + Monthly (Incremental Scaler + Replay RR=0.5, PR=0.10)",prior_years,2019,2017,False,1278749,297,0.8735040215215988,0.25093591311761,0.25093591311761,pr_auc,0.17736105189104884,0.13941576361386643,0.22034155855940782,0.17861610629754074,0.020481732286694147,2000,percentile,0.05
mlp_prevyears_monthly_features_incremental_scaler_experience_replay_RR_0.5_PR_0.15,"MLP Prevyears + Monthly (Incremental Scaler + Replay RR=0.5, PR=0.15)",prior_years,2019,2017,False,1278749,297,0.8679642911047171,0.24408239575334692,0.24408239575334692,f1_score,0.24408239575334692,0.20359515914976684,0.2806274748143322,0.24320662262841272,0.01929349141107808,2000,percentile,0.05
mlp_prevyears_monthly_features_incremental_scaler_experience_replay_RR_0.5_PR_0.15,"MLP Prevyears + Monthly (Incremental Scaler + Replay RR=0.5, PR=0.15)",prior_years,2019,2017,False,1278749,297,0.8679642911047171,0.24408239575334692,0.24408239575334692,pr_auc,0.15933119532268844,0.12408506183015039,0.19819708920573018,0.160232248196638,0.018944732433380965,2000,percentile,0.05
mlp_prevyears_monthly_features_incremental_scaler_experience_replay_confidently_correct_memory_RR_0.2,MLP Prevyears + Monthly (Incremental Scaler + Replay Confidently Correct RR=0.2),prior_years,2019,2017,False,1278749,297,0.9179250584012647,0.23576057149843677,0.23576057149843677,f1_score,0.23576057149843677,0.1942531660336852,0.272982257866818,0.2348136076850476,0.01995658395791603,2000,percentile,0.05
mlp_prevyears_monthly_features_incremental_scaler_experience_replay_confidently_correct_memory_RR_0.2,MLP Prevyears + Monthly (Incremental Scaler + Replay Confidently Correct RR=0.2),prior_years,2019,2017,False,1278749,297,0.9179250584012647,0.23576057149843677,0.23576057149843677,pr_auc,0.15583733322682192,0.1186354010285887,0.1996534820554535,0.1573402090996825,0.02049741239951688,2000,percentile,0.05
mlp_prevyears_monthly_features_incremental_scaler_experience_replay_confidently_correct_memory_RR_0.3,MLP Prevyears + Monthly (Incremental Scaler + Replay Confidently Correct RR=0.3),prior_years,2019,2017,False,1278749,297,0.9308124778964896,0.24911577265985363,0.24911577265985363,f1_score,0.24911577265985363,0.20539689677767647,0.29074068972891365,0.24834370968561653,0.02144058782066493,2000,percentile,0.05
mlp_prevyears_monthly_features_incremental_scaler_experience_replay_confidently_correct_memory_RR_0.3,MLP Prevyears + Monthly (Incremental Scaler + Replay Confidently Correct RR=0.3),prior_years,2019,2017,False,1278749,297,0.9308124778964896,0.24911577265985363,0.24911577265985363,pr_auc,0.18353446740002388,0.142112843055245,0.2270101662109329,0.18365523354710567,0.021635833619093676,2000,percentile,0.05
mlp_prevyears_monthly_features_incremental_scaler_experience_replay_confidently_correct_memory_RR_0.4,MLP Prevyears + Monthly (Incremental Scaler + Replay Confidently Correct RR=0.4),prior_years,2019,2017,False,1278749,297,0.873863933770973,0.24876151333896004,0.24876151333896004,f1_score,0.24876151333896004,0.20751390859558624,0.28774858913925766,0.2478405114256428,0.020319237108438543,2000,percentile,0.05
mlp_prevyears_monthly_features_incremental_scaler_experience_replay_confidently_correct_memory_RR_0.4,MLP Prevyears + Monthly (Incremental Scaler + Replay Confidently Correct RR=0.4),prior_years,2019,2017,False,1278749,297,0.873863933770973,0.24876151333896004,0.24876151333896004,pr_auc,0.1715457044764415,0.13411239876234968,0.21135097857274615,0.1724944578000243,0.01944981541167078,2000,percentile,0.05
mlp_prevyears_monthly_features_incremental_scaler_experience_replay_confidently_correct_memory_RR_0.5,MLP Prevyears + Monthly (Incremental Scaler + Replay Confidently Correct RR=0.5),prior_years,2019,2017,False,1278749,297,0.8590007321665151,0.2436616791354946,0.2436616791354946,f1_score,0.2436616791354946,0.2047861048480349,0.27998577250103396,0.24274738698836124,0.01935738108323189,2000,percentile,0.05
mlp_prevyears_monthly_features_incremental_scaler_experience_replay_confidently_correct_memory_RR_0.5,MLP Prevyears + Monthly (Incremental Scaler + Replay Confidently Correct RR=0.5),prior_years,2019,2017,False,1278749,297,0.8590007321665151,0.2436616791354946,0.2436616791354946,pr_auc,0.17626450283214024,0.13691445510027006,0.21520527723952437,0.1768265541876956,0.02006737472192335,2000,percentile,0.05
mlp_prevyears_monthly_features_incremental_scaler_experience_replay_hard_example_mining_RR_0.2,MLP Prevyears + Monthly (Incremental Scaler + Replay Hard Example Mining RR=0.2),prior_years,2019,2017,False,1278749,297,0.6164760588435688,0.18211394136566972,0.18211394136566972,f1_score,0.18211394136566972,0.14173857789684371,0.2211034960596889,0.1809319025515266,0.020457175064420467,2000,percentile,0.05
mlp_prevyears_monthly_features_incremental_scaler_experience_replay_hard_example_mining_RR_0.2,MLP Prevyears + Monthly (Incremental Scaler + Replay Hard Example Mining RR=0.2),prior_years,2019,2017,False,1278749,297,0.6164760588435688,0.18211394136566972,0.18211394136566972,pr_auc,0.10478893754179154,0.07463863593169102,0.14106391176194463,0.10617584577119968,0.017192111481868746,2000,percentile,0.05
mlp_prevyears_monthly_features_incremental_scaler_experience_replay_hard_example_mining_RR_0.3,MLP Prevyears + Monthly (Incremental Scaler + Replay Hard Example Mining RR=0.3),prior_years,2019,2017,False,1278749,297,0.8158115338292159,0.17119105860827716,0.17119105860827716,f1_score,0.17119105860827716,0.13168852853740143,0.21093259409351886,0.1701936601764756,0.020381901341093245,2000,percentile,0.05
mlp_prevyears_monthly_features_incremental_scaler_experience_replay_hard_example_mining_RR_0.3,MLP Prevyears + Monthly (Incremental Scaler + Replay Hard Example Mining RR=0.3),prior_years,2019,2017,False,1278749,297,0.8158115338292159,0.17119105860827716,0.17119105860827716,pr_auc,0.09900354524585378,0.07160051072316669,0.13117432971840784,0.09976870425545195,0.015168425170133103,2000,percentile,0.05
mlp_prevyears_monthly_features_incremental_scaler_experience_replay_hard_example_mining_RR_0.4,MLP Prevyears + Monthly (Incremental Scaler + Replay Hard Example Mining RR=0.4),prior_years,2019,2017,False,1278749,297,0.8032189044003896,0.16725999762667615,0.16725999762667615,f1_score,0.16725999762667615,0.13423744706908938,0.19854960261546167,0.16685017782334713,0.01665411708341479,2000,percentile,0.05
mlp_prevyears_monthly_features_incremental_scaler_experience_replay_hard_example_mining_RR_0.4,MLP Prevyears + Monthly (Incremental Scaler + Replay Hard Example Mining RR=0.4),prior_years,2019,2017,False,1278749,297,0.8032189044003896,0.16725999762667615,0.16725999762667615,pr_auc,0.097663038234724,0.07211884280023656,0.1263504655705813,0.09858771705084325,0.014030239322058246,2000,percentile,0.05
mlp_prevyears_monthly_features_incremental_scaler_experience_replay_hard_example_mining_RR_0.5,MLP Prevyears + Monthly (Incremental Scaler + Replay Hard Example Mining RR=0.5),prior_years,2019,2017,False,1278749,297,0.7802063388094932,0.1528045306174235,0.1528045306174235,f1_score,0.1528045306174235,0.12432948277360611,0.17931935169687113,0.15206359398168348,0.014240866081997547,2000,percentile,0.05
mlp_prevyears_monthly_features_incremental_scaler_experience_replay_hard_example_mining_RR_0.5,MLP Prevyears + Monthly (Incremental Scaler + Replay Hard Example Mining RR=0.5),prior_years,2019,2017,False,1278749,297,0.7802063388094932,0.1528045306174235,0.1528045306174235,pr_auc,0.08347167475367501,0.06472278829164026,0.10486264458590772,0.08396626801239694,0.010577856620495135,2000,percentile,0.05
mlp_prevyears_monthly_features_incremental_scaler_experience_replay_uncertainity_prioritization_RR_0.2,MLP Prevyears + Monthly (Incremental Scaler + Replay Uncertainty Prioritization RR=0.2),prior_years,2019,2017,False,1278749,297,0.9046362384779164,0.25087485258009007,0.25087485258009007,f1_score,0.25087485258009007,0.20528748316399104,0.2928568785914785,0.24968378365213892,0.021966767158497293,2000,percentile,0.05
mlp_prevyears_monthly_features_incremental_scaler_experience_replay_uncertainity_prioritization_RR_0.2,MLP Prevyears + Monthly (Incremental Scaler + Replay Uncertainty Prioritization RR=0.2),prior_years,2019,2017,False,1278749,297,0.9046362384779164,0.25087485258009007,0.25087485258009007,pr_auc,0.19361771394008503,0.15039261980171909,0.23845811992139793,0.19400281029777092,0.022545912141931253,2000,percentile,0.05
mlp_prevyears_monthly_features_incremental_scaler_experience_replay_uncertainity_prioritization_RR_0.3,MLP Prevyears + Monthly (Incremental Scaler + Replay Uncertainty Prioritization RR=0.3),prior_years,2019,2017,False,1278749,297,0.8635876391655344,0.24803429718142844,0.24803429718142844,f1_score,0.24803429718142844,0.20844220386745327,0.28366583670825885,0.2472788380924414,0.01868419410897901,2000,percentile,0.05
mlp_prevyears_monthly_features_incremental_scaler_experience_replay_uncertainity_prioritization_RR_0.3,MLP Prevyears + Monthly (Incremental Scaler + Replay Uncertainty Prioritization RR=0.3),prior_years,2019,2017,False,1278749,297,0.8635876391655344,0.24803429718142844,0.24803429718142844,pr_auc,0.1795173081808431,0.1434311670677067,0.21615368234102567,0.1802190927812502,0.018529790967858426,2000,percentile,0.05
mlp_prevyears_monthly_features_incremental_scaler_experience_replay_uncertainity_prioritization_RR_0.4,MLP Prevyears + Monthly (Incremental Scaler + Replay Uncertainty Prioritization RR=0.4),prior_years,2019,2017,False,1278749,297,0.878080132059194,0.2621549964712839,0.2621549964712839,f1_score,0.2621549964712839,0.2176581625031629,0.3020648418376931,0.2613253140984998,0.020971283860163822,2000,percentile,0.05
mlp_prevyears_monthly_features_incremental_scaler_experience_replay_uncertainity_prioritization_RR_0.4,MLP Prevyears + Monthly (Incremental Scaler + Replay Uncertainty Prioritization RR=0.4),prior_years,2019,2017,False,1278749,297,0.878080132059194,0.2621549964712839,0.2621549964712839,pr_auc,0.18806974905631055,0.1493898299525602,0.23031154306752447,0.1895197148663275,0.020530121313872083,2000,percentile,0.05
mlp_prevyears_monthly_features_incremental_scaler_experience_replay_uncertainity_prioritization_RR_0.5,MLP Prevyears + Monthly (Incremental Scaler + Replay Uncertainty Prioritization RR=0.5),prior_years,2019,2017,False,1278749,297,0.8718168715015947,0.2657097649186257,0.2657097649186257,f1_score,0.2657097649186257,0.22252848905451394,0.3051901988648675,0.2648941953255811,0.020733199610284303,2000,percentile,0.05
mlp_prevyears_monthly_features_incremental_scaler_experience_replay_uncertainity_prioritization_RR_0.5,MLP Prevyears + Monthly (Incremental Scaler + Replay Uncertainty Prioritization RR=0.5),prior_years,2019,2017,False,1278749,297,0.8718168715015947,0.2657097649186257,0.2657097649186257,pr_auc,0.20063062060188297,0.15768864314934367,0.2434407235348054,0.20122398876917413,0.021737401803201595,2000,percentile,0.05
mlp_prevyears_monthly_features_incremental_scaler_missclassification_buffer_RR_0.3,MLP Prevyears + Monthly (Incremental Scaler + Misclassification Buffer RR=0.3),prior_years,2019,2017,False,1278749,297,0.85044031493458,0.1897245055139792,0.1897245055139792,f1_score,0.1897245055139792,0.1509228352255847,0.2260853730208251,0.18862117019127464,0.01914729200024259,2000,percentile,0.05
mlp_prevyears_monthly_features_incremental_scaler_missclassification_buffer_RR_0.3,MLP Prevyears + Monthly (Incremental Scaler + Misclassification Buffer RR=0.3),prior_years,2019,2017,False,1278749,297,0.85044031493458,0.1897245055139792,0.1897245055139792,pr_auc,0.10979967999386626,0.08308582996969574,0.13973257636102723,0.10995328222382773,0.01435448148787885,2000,percentile,0.05
"mlp_combined_HE=0.1_CC=0.1_UP=0.1_PR=(0.2,10)_RR=0.5","MLP Combined (HE=0.1, CC=0.1, UP=0.1, PR=(0.2,10), RR=0.5)",prior_years,2019,2018,False,1281406,297,0.7223570341418734,0.4456563191213485,0.4456563191213485,f1_score,0.4456563191213485,0.36095892264091084,0.5170631584451627,0.44480523853588283,0.03970400729379011,2000,percentile,0.05
"mlp_combined_HE=0.1_CC=0.1_UP=0.1_PR=(0.2,10)_RR=0.5","MLP Combined (HE=0.1, CC=0.1, UP=0.1, PR=(0.2,10), RR=0.5)",prior_years,2019,2018,False,1281406,297,0.7223570341418734,0.4456563191213485,0.4456563191213485,pr_auc,0.4371844509821373,0.3593779446127337,0.511213255963059,0.4370099903774363,0.03942986097861009,2000,percentile,0.05
"mlp_combined_HE=0_CC=0.15_UP=0_PR=(0,10)_MC=0.1_RWS=1_RR=0.4","MLP Combined (HE=0, CC=0.15, UP=0, PR=(0,10), MC=0.1, RWS=1, RR=0.4)",prior_years,2019,2018,False,1281406,297,0.7882549209626567,0.44155127927360105,0.44155127927360105,f1_score,0.44155127927360105,0.3573649380647949,0.5111408482097644,0.4405480805390424,0.039224719207602794,2000,percentile,0.05
"mlp_combined_HE=0_CC=0.15_UP=0_PR=(0,10)_MC=0.1_RWS=1_RR=0.4","MLP Combined (HE=0, CC=0.15, UP=0, PR=(0,10), MC=0.1, RWS=1, RR=0.4)",prior_years,2019,2018,False,1281406,297,0.7882549209626567,0.44155127927360105,0.44155127927360105,pr_auc,0.4194074955569527,0.3377533575441029,0.4966429125873146,0.41912834696291307,0.040715626015598014,2000,percentile,0.05
"mlp_combined_HE=0_CC=0.1_UP=0.1_PR=(0,10)_MC=0.1_RWS=1_RR=0.5","MLP Combined (HE=0, CC=0.1, UP=0.1, PR=(0,10), MC=0.1, RWS=1, RR=0.5)",prior_years,2019,2018,False,1281406,297,0.7634038033876347,0.40819860269394165,0.40819860269394165,f1_score,0.40819860269394165,0.3257725231472104,0.4797568679183611,0.40723305403409693,0.03947739418308685,2000,percentile,0.05
"mlp_combined_HE=0_CC=0.1_UP=0.1_PR=(0,10)_MC=0.1_RWS=1_RR=0.5","MLP Combined (HE=0, CC=0.1, UP=0.1, PR=(0,10), MC=0.1, RWS=1, RR=0.5)",prior_years,2019,2018,False,1281406,297,0.7634038033876347,0.40819860269394165,0.40819860269394165,pr_auc,0.38513537639809836,0.30659171725192697,0.46175269583992873,0.38480724210037626,0.039493381104820105,2000,percentile,0.05
"mlp_combined_HE=0_CC=0.1_UP=0.2_PR=(0.1,10)_RR=0.5","MLP Combined (HE=0, CC=0.1, UP=0.2, PR=(0.1,10), RR=0.5)",prior_years,2019,2018,False,1281406,297,0.802240552521842,0.4111741081974959,0.4111741081974959,f1_score,0.4111741081974959,0.33714996966577726,0.47786829930612934,0.4100522543289227,0.03597746832221496,2000,percentile,0.05
"mlp_combined_HE=0_CC=0.1_UP=0.2_PR=(0.1,10)_RR=0.5","MLP Combined (HE=0, CC=0.1, UP=0.2, PR=(0.1,10), RR=0.5)",prior_years,2019,2018,False,1281406,297,0.802240552521842,0.4111741081974959,0.4111741081974959,pr_auc,0.3997521983747643,0.32296035527855327,0.47137728193941647,0.39899515728691803,0.03802338840975596,2000,percentile,0.05
"mlp_combined_HE=0_CC=0.2_UP=0.1_PR=(0.2,10)_RR=0.5","MLP Combined (HE=0, CC=0.2, UP=0.1, PR=(0.2,10), RR=0.5)",prior_years,2019,2018,False,1281406,297,0.8050907264360774,0.444056766504626,0.444056766504626,f1_score,0.444056766504626,0.35993254819251563,0.5149376493670518,0.4431062358141877,0.039862326992868055,2000,percentile,0.05
"mlp_combined_HE=0_CC=0.2_UP=0.1_PR=(0.2,10)_RR=0.5","MLP Combined (HE=0, CC=0.2, UP=0.1, PR=(0.2,10), RR=0.5)",prior_years,2019,2018,False,1281406,297,0.8050907264360774,0.444056766504626,0.444056766504626,pr_auc,0.43395021093721065,0.35395394253645907,0.5084696757840231,0.4336463266424335,0.03976292212775762,2000,percentile,0.05
"mlp_combined_HE=0_CC=0.2_UP=0.2_PR=(0.1,10)_RR=0.5","MLP Combined (HE=0, CC=0.2, UP=0.2, PR=(0.1,10), RR=0.5)",prior_years,2019,2018,False,1281406,297,0.7352473508070784,0.44607039725279013,0.44607039725279013,f1_score,0.44607039725279013,0.3681349944771817,0.5132633684497727,0.4449829533364282,0.03686039902459323,2000,percentile,0.05
"mlp_combined_HE=0_CC=0.2_UP=0.2_PR=(0.1,10)_RR=0.5","MLP Combined (HE=0, CC=0.2, UP=0.2, PR=(0.1,10), RR=0.5)",prior_years,2019,2018,False,1281406,297,0.7352473508070784,0.44607039725279013,0.44607039725279013,pr_auc,0.43582493019228125,0.36144388727216037,0.5054601453636027,0.4351257143480243,0.03703949969734725,2000,percentile,0.05
mlp_prevyears_monthly_features_incremental_scaler,MLP Prevyears + Monthly (Incremental Scaler),prior_years,2019,2018,True,1281406,297,0.9795908758500065,0.3819539342087022,0.3819539342087022,f1_score,0.3819539342087022,0.30224443320502276,0.4563916207805846,0.38069735796638976,0.03901651795417444,2000,percentile,0.05
mlp_prevyears_monthly_features_incremental_scaler,MLP Prevyears + Monthly (Incremental Scaler),prior_years,2019,2018,True,1281406,297,0.9795908758500065,0.3819539342087022,0.3819539342087022,pr_auc,0.33566599128404745,0.2521301581457424,0.4227867695741795,0.3358893680250967,0.04353950123231876,2000,percentile,0.05
mlp_prevyears_monthly_features_incremental_scaler_experience_replay_RR_0.2,MLP Prevyears + Monthly (Incremental Scaler + Replay RR=0.2),prior_years,2019,2018,False,1281406,297,0.9393276728372506,0.42697065620569785,0.42697065620569785,f1_score,0.42697065620569785,0.3438686092634732,0.4986481945724317,0.425771911143309,0.039192983656294055,2000,percentile,0.05
mlp_prevyears_monthly_features_incremental_scaler_experience_replay_RR_0.2,MLP Prevyears + Monthly (Incremental Scaler + Replay RR=0.2),prior_years,2019,2018,False,1281406,297,0.9393276728372506,0.42697065620569785,0.42697065620569785,pr_auc,0.4204779224291166,0.3412467886651382,0.49630479633064917,0.4201777052062068,0.03921163743479436,2000,percentile,0.05
mlp_prevyears_monthly_features_incremental_scaler_experience_replay_RR_0.2_PR_0.10,"MLP Prevyears + Monthly (Incremental Scaler + Replay RR=0.2, PR=0.10)",prior_years,2019,2018,False,1281406,297,0.9476840543291606,0.42907715825891063,0.42907715825891063,f1_score,0.42907715825891063,0.3502396086786574,0.49578026118763185,0.42813967925079355,0.03727482432093774,2000,percentile,0.05
mlp_prevyears_monthly_features_incremental_scaler_experience_replay_RR_0.2_PR_0.10,"MLP Prevyears + Monthly (Incremental Scaler + Replay RR=0.2, PR=0.10)",prior_years,2019,2018,False,1281406,297,0.9476840543291606,0.42907715825891063,0.42907715825891063,pr_auc,0.4211375776573612,0.3458874141272974,0.49328495811114875,0.42084091312178495,0.03808153591709348,2000,percentile,0.05
mlp_prevyears_monthly_features_incremental_scaler_experience_replay_RR_0.2_PR_0.15,"MLP Prevyears + Monthly (Incremental Scaler + Replay RR=0.2, PR=0.15)",prior_years,2019,2018,False,1281406,297,0.9429163579088256,0.4342105263157895,0.4342105263157895,f1_score,0.4342105263157895,0.3565970032053055,0.5011335064756913,0.43347915561499717,0.03662446149204201,2000,percentile,0.05
mlp_prevyears_monthly_features_incremental_scaler_experience_replay_RR_0.2_PR_0.15,"MLP Prevyears + Monthly (Incremental Scaler + Replay RR=0.2, PR=0.15)",prior_years,2019,2018,False,1281406,297,0.9429163579088256,0.4342105263157895,0.4342105263157895,pr_auc,0.4210889209757083,0.3465475187036733,0.49347460037209734,0.4207577052119296,0.03778712124107076,2000,percentile,0.05
mlp_prevyears_monthly_features_incremental_scaler_experience_replay_RR_0.3,MLP Prevyears + Monthly (Incremental Scaler + Replay RR=0.3),prior_years,2019,2018,False,1281406,297,0.9202340150907863,0.438783255882843,0.438783255882843,f1_score,0.438783255882843,0.36850431408152123,0.50149829562393,0.43762519753146933,0.03382590681203608,2000,percentile,0.05
mlp_prevyears_monthly_features_incremental_scaler_experience_replay_RR_0.3,MLP Prevyears + Monthly (Incremental Scaler + Replay RR=0.3),prior_years,2019,2018,False,1281406,297,0.9202340150907863,0.438783255882843,0.438783255882843,pr_auc,0.43282489412378866,0.3591876795465666,0.5027655573482194,0.43180443628026377,0.03657561080272418,2000,percentile,0.05
mlp_prevyears_monthly_features_incremental_scaler_experience_replay_RR_0.3_PR_0.10,"MLP Prevyears + Monthly (Incremental Scaler + Replay RR=0.3, PR=0.10)",prior_years,2019,2018,False,1281406,297,0.9526258152470836,0.4419250523112041,0.4419250523112041,f1_score,0.4419250523112041,0.3661981737119424,0.5080190228683864,0.44110663418750734,0.0361148905809396,2000,percentile,0.05
mlp_prevyears_monthly_features_incremental_scaler_experience_replay_RR_0.3_PR_0.10,"MLP Prevyears + Monthly (Incremental Scaler + Replay RR=0.3, PR=0.10)",prior_years,2019,2018,False,1281406,297,0.9526258152470836,0.4419250523112041,0.4419250523112041,pr_auc,0.42531922878959044,0.3498910639729238,0.4968850350911026,0.42509386519171505,0.037613899722085224,2000,percentile,0.05
mlp_prevyears_monthly_features_incremental_scaler_experience_replay_RR_0.3_PR_0.15,"MLP Prevyears + Monthly (Incremental Scaler + Replay RR=0.3, PR=0.15)",prior_years,2019,2018,False,1281406,297,0.9358052480769917,0.4354279105628373,0.4354279105628373,f1_score,0.4354279105628373,0.3584113942541225,0.5024692216266571,0.4348091648550969,0.03656375231779906,2000,percentile,0.05
mlp_prevyears_monthly_features_incremental_scaler_experience_replay_RR_0.3_PR_0.15,"MLP Prevyears + Monthly (Incremental Scaler + Replay RR=0.3, PR=0.15)",prior_years,2019,2018,False,1281406,297,0.9358052480769917,0.4354279105628373,0.4354279105628373,pr_auc,0.4244395019656264,0.3496288457322385,0.4990596680224564,0.4245077410232451,0.038909313610326186,2000,percentile,0.05
mlp_prevyears_monthly_features_incremental_scaler_experience_replay_RR_0.4,MLP Prevyears + Monthly (Incremental Scaler + Replay RR=0.4),prior_years,2019,2018,False,1281406,297,0.9093929660071908,0.4342336022448264,0.4342336022448264,f1_score,0.4342336022448264,0.366071778559387,0.49706834598427063,0.4331335586641625,0.03325053361209748,2000,percentile,0.05
mlp_prevyears_monthly_features_incremental_scaler_experience_replay_RR_0.4,MLP Prevyears + Monthly (Incremental Scaler + Replay RR=0.4),prior_years,2019,2018,False,1281406,297,0.9093929660071908,0.4342336022448264,0.4342336022448264,pr_auc,0.42455925053224813,0.3504659545454025,0.496294322290741,0.423751190213235,0.036494464320467844,2000,percentile,0.05
mlp_prevyears_monthly_features_incremental_scaler_experience_replay_RR_0.4_PR_0.10,"MLP Prevyears + Monthly (Incremental Scaler + Replay RR=0.4, PR=0.10)",prior_years,2019,2018,False,1281406,297,0.9393452182101902,0.433691489757222,0.433691489757222,f1_score,0.433691489757222,0.3533586722361456,0.5022927745649198,0.4328243220506025,0.03771072347541841,2000,percentile,0.05
mlp_prevyears_monthly_features_incremental_scaler_experience_replay_RR_0.4_PR_0.10,"MLP Prevyears + Monthly (Incremental Scaler + Replay RR=0.4, PR=0.10)",prior_years,2019,2018,False,1281406,297,0.9393452182101902,0.433691489757222,0.433691489757222,pr_auc,0.4289283639830403,0.35244387384277365,0.5034754215614208,0.4286646718345448,0.03888112085992468,2000,percentile,0.05
mlp_prevyears_monthly_features_incremental_scaler_experience_replay_RR_0.4_PR_0.15,"MLP Prevyears + Monthly (Incremental Scaler + Replay RR=0.4, PR=0.15)",prior_years,2019,2018,False,1281406,297,0.9130844474790665,0.4411999543743584,0.4411999543743584,f1_score,0.4411999543743584,0.35733314473511746,0.5130617345075564,0.44044653141989437,0.039718568726752966,2000,percentile,0.05
mlp_prevyears_monthly_features_incremental_scaler_experience_replay_RR_0.4_PR_0.15,"MLP Prevyears + Monthly (Incremental Scaler + Replay RR=0.4, PR=0.15)",prior_years,2019,2018,False,1281406,297,0.9130844474790665,0.4411999543743584,0.4411999543743584,pr_auc,0.42890251967847604,0.34657363823021753,0.5073130593751876,0.4288944480174132,0.04137011524068186,2000,percentile,0.05
mlp_prevyears_monthly_features_incremental_scaler_experience_replay_RR_0.5,MLP Prevyears + Monthly (Incremental Scaler + Replay RR=0.5),prior_years,2019,2018,False,1281406,297,0.9292752762781465,0.4338207863911065,0.4338207863911065,f1_score,0.4338207863911065,0.35784908520299064,0.49968796172692814,0.43289267584010716,0.036309803541015775,2000,percentile,0.05
mlp_prevyears_monthly_features_incremental_scaler_experience_replay_RR_0.5,MLP Prevyears + Monthly (Incremental Scaler + Replay RR=0.5),prior_years,2019,2018,False,1281406,297,0.9292752762781465,0.4338207863911065,0.4338207863911065,pr_auc,0.42042744071598676,0.3442656930156239,0.49463350335263473,0.42027332877729184,0.03831626371860238,2000,percentile,0.05
mlp_prevyears_monthly_features_incremental_scaler_experience_replay_RR_0.5_PR_0.10,"MLP Prevyears + Monthly (Incremental Scaler + Replay RR=0.5, PR=0.10)",prior_years,2019,2018,False,1281406,297,0.9443395334923907,0.43608934627528945,0.43608934627528945,f1_score,0.43608934627528945,0.35407878798334835,0.5053850767150538,0.43517164615643045,0.03843535521077477,2000,percentile,0.05
mlp_prevyears_monthly_features_incremental_scaler_experience_replay_RR_0.5_PR_0.10,"MLP Prevyears + Monthly (Incremental Scaler + Replay RR=0.5, PR=0.10)",prior_years,2019,2018,False,1281406,297,0.9443395334923907,0.43608934627528945,0.43608934627528945,pr_auc,0.4250156733141316,0.3465662604973335,0.5010257185134736,0.42480346369126515,0.03951052065900334,2000,percentile,0.05
mlp_prevyears_monthly_features_incremental_scaler_experience_replay_RR_0.5_PR_0.15,"MLP Prevyears + Monthly (Incremental Scaler + Replay RR=0.5, PR=0.15)",prior_years,2019,2018,False,1281406,297,0.9393090157140254,0.4397957068279904,0.4397957068279904,f1_score,0.4397957068279904,0.36127255051058355,0.5077791930083423,0.43883366154572884,0.03689860060503512,2000,percentile,0.05
mlp_prevyears_monthly_features_incremental_scaler_experience_replay_RR_0.5_PR_0.15,"MLP Prevyears + Monthly (Incremental Scaler + Replay RR=0.5, PR=0.15)",prior_years,2019,2018,False,1281406,297,0.9393090157140254,0.4397957068279904,0.4397957068279904,pr_auc,0.42231654078030006,0.3463655918123427,0.49534773735089666,0.4220372162076885,0.038466261828203244,2000,percentile,0.05
mlp_prevyears_monthly_features_incremental_scaler_experience_replay_confidently_correct_memory_RR_0.2,MLP Prevyears + Monthly (Incremental Scaler + Replay Confidently Correct RR=0.2),prior_years,2019,2018,False,1281406,297,0.9669149179653289,0.4335299236198395,0.4335299236198395,f1_score,0.4335299236198395,0.35542292298403133,0.5007152420428234,0.43262639680814374,0.03713674217856149,2000,percentile,0.05
mlp_prevyears_monthly_features_incremental_scaler_experience_replay_confidently_correct_memory_RR_0.2,MLP Prevyears + Monthly (Incremental Scaler + Replay Confidently Correct RR=0.2),prior_years,2019,2018,False,1281406,297,0.9669149179653289,0.4335299236198395,0.4335299236198395,pr_auc,0.41673962068632914,0.34089073396940756,0.48985920438902414,0.41641714441330213,0.03826737946187977,2000,percentile,0.05
mlp_prevyears_monthly_features_incremental_scaler_experience_replay_confidently_correct_memory_RR_0.3,MLP Prevyears + Monthly (Incremental Scaler + Replay Confidently Correct RR=0.3),prior_years,2019,2018,False,1281406,297,0.9489255362445418,0.43623473808586055,0.43623473808586055,f1_score,0.43623473808586055,0.3570340834849682,0.50344692342448,0.4354380160602463,0.037663118885427775,2000,percentile,0.05
mlp_prevyears_monthly_features_incremental_scaler_experience_replay_confidently_correct_memory_RR_0.3,MLP Prevyears + Monthly (Incremental Scaler + Replay Confidently Correct RR=0.3),prior_years,2019,2018,False,1281406,297,0.9489255362445418,0.43623473808586055,0.43623473808586055,pr_auc,0.4278941067286007,0.3519978676486975,0.5003980818337186,0.4275835042280319,0.03855780394224016,2000,percentile,0.05
mlp_prevyears_monthly_features_incremental_scaler_experience_replay_confidently_correct_memory_RR_0.4,MLP Prevyears + Monthly (Incremental Scaler + Replay Confidently Correct RR=0.4),prior_years,2019,2018,False,1281406,297,0.942890199527874,0.43740216104768814,0.43740216104768814,f1_score,0.43740216104768814,0.35671099056582334,0.5068385068870758,0.4362281533410537,0.03833087184010726,2000,percentile,0.05
mlp_prevyears_monthly_features_incremental_scaler_experience_replay_confidently_correct_memory_RR_0.4,MLP Prevyears + Monthly (Incremental Scaler + Replay Confidently Correct RR=0.4),prior_years,2019,2018,False,1281406,297,0.942890199527874,0.43740216104768814,0.43740216104768814,pr_auc,0.4232819377588109,0.34288134281928373,0.500889315580276,0.42301764645364565,0.040732212933424564,2000,percentile,0.05
mlp_prevyears_monthly_features_incremental_scaler_experience_replay_confidently_correct_memory_RR_0.5,MLP Prevyears + Monthly (Incremental Scaler + Replay Confidently Correct RR=0.5),prior_years,2019,2018,False,1281406,297,0.9330262556183395,0.43874172185430466,0.43874172185430466,f1_score,0.43874172185430466,0.357110367406534,0.5078608270020232,0.4379871719473981,0.03826303275206812,2000,percentile,0.05
mlp_prevyears_monthly_features_incremental_scaler_experience_replay_confidently_correct_memory_RR_0.5,MLP Prevyears + Monthly (Incremental Scaler + Replay Confidently Correct RR=0.5),prior_years,2019,2018,False,1281406,297,0.9330262556183395,0.43874172185430466,0.43874172185430466,pr_auc,0.422702302841198,0.3466358606144044,0.49664535878626426,0.4226950871150091,0.03904548525905699,2000,percentile,0.05
mlp_prevyears_monthly_features_incremental_scaler_experience_replay_hard_example_mining_RR_0.2,MLP Prevyears + Monthly (Incremental Scaler + Replay Hard Example Mining RR=0.2),prior_years,2019,2018,False,1281406,297,0.7946484308662491,0.20964624600988238,0.20964624600988238,f1_score,0.20964624600988238,0.16134848429287907,0.2614674506201166,0.20776349175451922,0.025928963645851687,2000,percentile,0.05
mlp_prevyears_monthly_features_incremental_scaler_experience_replay_hard_example_mining_RR_0.2,MLP Prevyears + Monthly (Incremental Scaler + Replay Hard Example Mining RR=0.2),prior_years,2019,2018,False,1281406,297,0.7946484308662491,0.20964624600988238,0.20964624600988238,pr_auc,0.1292932737927083,0.09114782572559575,0.17723365148245385,0.1287258209920937,0.022320845508943032,2000,percentile,0.05
mlp_prevyears_monthly_features_incremental_scaler_experience_replay_hard_example_mining_RR_0.3,MLP Prevyears + Monthly (Incremental Scaler + Replay Hard Example Mining RR=0.3),prior_years,2019,2018,False,1281406,297,0.8384739217662155,0.34500164272273826,0.34500164272273826,f1_score,0.34500164272273826,0.2899019880426035,0.39218553820672025,0.3432649410587946,0.02677149060014239,2000,percentile,0.05
mlp_prevyears_monthly_features_incremental_scaler_experience_replay_hard_example_mining_RR_0.3,MLP Prevyears + Monthly (Incremental Scaler + Replay Hard Example Mining RR=0.3),prior_years,2019,2018,False,1281406,297,0.8384739217662155,0.34500164272273826,0.34500164272273826,pr_auc,0.280454729358189,0.20892326771171943,0.34928897319532864,0.28030145919266597,0.03539798838074203,2000,percentile,0.05
mlp_prevyears_monthly_features_incremental_scaler_experience_replay_hard_example_mining_RR_0.4,MLP Prevyears + Monthly (Incremental Scaler + Replay Hard Example Mining RR=0.4),prior_years,2019,2018,False,1281406,297,0.8488763247927961,0.36438380917961694,0.36438380917961694,f1_score,0.36438380917961694,0.30632748467021853,0.41945773336632297,0.3632342147837116,0.029386355303022835,2000,percentile,0.05
mlp_prevyears_monthly_features_incremental_scaler_experience_replay_hard_example_mining_RR_0.4,MLP Prevyears + Monthly (Incremental Scaler + Replay Hard Example Mining RR=0.4),prior_years,2019,2018,False,1281406,297,0.8488763247927961,0.36438380917961694,0.36438380917961694,pr_auc,0.3103040749323609,0.23685647946424276,0.3849232140088159,0.3101934562434595,0.03849944744757454,2000,percentile,0.05
mlp_prevyears_monthly_features_incremental_scaler_experience_replay_hard_example_mining_RR_0.5,MLP Prevyears + Monthly (Incremental Scaler + Replay Hard Example Mining RR=0.5),prior_years,2019,2018,False,1281406,297,0.8631549476780215,0.390155145804565,0.390155145804565,f1_score,0.390155145804565,0.3361986407980771,0.4406125423924869,0.38867607518940855,0.027170498581028026,2000,percentile,0.05
mlp_prevyears_monthly_features_incremental_scaler_experience_replay_hard_example_mining_RR_0.5,MLP Prevyears + Monthly (Incremental Scaler + Replay Hard Example Mining RR=0.5),prior_years,2019,2018,False,1281406,297,0.8631549476780215,0.390155145804565,0.390155145804565,pr_auc,0.3244698418354548,0.2582689190359574,0.3914236357031581,0.32465716201851824,0.03478387912748504,2000,percentile,0.05
mlp_prevyears_monthly_features_incremental_scaler_experience_replay_uncertainity_prioritization_RR_0.2,MLP Prevyears + Monthly (Incremental Scaler + Replay Uncertainty Prioritization RR=0.2),prior_years,2019,2018,False,1281406,297,0.9436772781627304,0.43413185055413794,0.43413185055413794,f1_score,0.43413185055413794,0.34818807052448286,0.5079030088972024,0.4336398834220823,0.04046807522484289,2000,percentile,0.05
mlp_prevyears_monthly_features_incremental_scaler_experience_replay_uncertainity_prioritization_RR_0.2,MLP Prevyears + Monthly (Incremental Scaler + Replay Uncertainty Prioritization RR=0.2),prior_years,2019,2018,False,1281406,297,0.9436772781627304,0.43413185055413794,0.43413185055413794,pr_auc,0.4207145729140538,0.33825135365009196,0.5009097895088236,0.4213078506121396,0.04194223838941949,2000,percentile,0.05
mlp_prevyears_monthly_features_incremental_scaler_experience_replay_uncertainity_prioritization_RR_0.3,MLP Prevyears + Monthly (Incremental Scaler + Replay Uncertainty Prioritization RR=0.3),prior_years,2019,2018,False,1281406,297,0.9266259291367085,0.4470358455882353,0.4470358455882353,f1_score,0.4470358455882353,0.3717656239920224,0.511734207654417,0.44611497378703835,0.03572544597646313,2000,percentile,0.05
mlp_prevyears_monthly_features_incremental_scaler_experience_replay_uncertainity_prioritization_RR_0.3,MLP Prevyears + Monthly (Incremental Scaler + Replay Uncertainty Prioritization RR=0.3),prior_years,2019,2018,False,1281406,297,0.9266259291367085,0.4470358455882353,0.4470358455882353,pr_auc,0.4369647241693587,0.3634682552984343,0.5077663547253554,0.4366705094603737,0.03733497749005999,2000,percentile,0.05
mlp_prevyears_monthly_features_incremental_scaler_experience_replay_uncertainity_prioritization_RR_0.4,MLP Prevyears + Monthly (Incremental Scaler + Replay Uncertainty Prioritization RR=0.4),prior_years,2019,2018,False,1281406,297,0.9401289226589341,0.43654022837642736,0.43654022837642736,f1_score,0.43654022837642736,0.3601472650188677,0.5049671512093424,0.435382462260274,0.03664243648350816,2000,percentile,0.05
mlp_prevyears_monthly_features_incremental_scaler_experience_replay_uncertainity_prioritization_RR_0.4,MLP Prevyears + Monthly (Incremental Scaler + Replay Uncertainty Prioritization RR=0.4),prior_years,2019,2018,False,1281406,297,0.9401289226589341,0.43654022837642736,0.43654022837642736,pr_auc,0.43316486231019197,0.35613656395980386,0.5057841246224493,0.4325594977352773,0.038410250950579566,2000,percentile,0.05
mlp_prevyears_monthly_features_incremental_scaler_experience_replay_uncertainity_prioritization_RR_0.5,MLP Prevyears + Monthly (Incremental Scaler + Replay Uncertainty Prioritization RR=0.5),prior_years,2019,2018,False,1281406,297,0.9415920360612647,0.4433780824526326,0.4433780824526326,f1_score,0.4433780824526326,0.3634398515645362,0.5117124735715353,0.4424354189317944,0.03728695841033075,2000,percentile,0.05
mlp_prevyears_monthly_features_incremental_scaler_experience_replay_uncertainity_prioritization_RR_0.5,MLP Prevyears + Monthly (Incremental Scaler + Replay Uncertainty Prioritization RR=0.5),prior_years,2019,2018,False,1281406,297,0.9415920360612647,0.4433780824526326,0.4433780824526326,pr_auc,0.43274965065181686,0.3546585603259558,0.5060279679597938,0.4323617698336145,0.03857643935520293,2000,percentile,0.05
mlp_prevyears_monthly_features_incremental_scaler_missclassification_buffer_RR_0.3,MLP Prevyears + Monthly (Incremental Scaler + Misclassification Buffer RR=0.3),prior_years,2019,2018,False,1281406,297,0.8689147519613101,0.3929770095653633,0.3929770095653633,f1_score,0.3929770095653633,0.32270613980097534,0.4574625045910235,0.39112991999279073,0.0344316023228578,2000,percentile,0.05
mlp_prevyears_monthly_features_incremental_scaler_missclassification_buffer_RR_0.3,MLP Prevyears + Monthly (Incremental Scaler + Misclassification Buffer RR=0.3),prior_years,2019,2018,False,1281406,297,0.8689147519613101,0.3929770095653633,0.3929770095653633,pr_auc,0.3655301871909915,0.29325233279065915,0.42820456591345185,0.36395208013437674,0.03426550778169669,2000,percentile,0.05
"mlp_combined_HE=0.1_CC=0.1_UP=0.1_PR=(0.2,10)_RR=0.5","MLP Combined (HE=0.1, CC=0.1, UP=0.1, PR=(0.2,10), RR=0.5)",prior_years,2019,2019,False,1280996,297,0.9189527365352477,0.47586551264980026,0.47586551264980026,f1_score,0.47586551264980026,0.40795753052133765,0.5382077927682928,0.4737831530274427,0.03267789109506819,2000,percentile,0.05
"mlp_combined_HE=0.1_CC=0.1_UP=0.1_PR=(0.2,10)_RR=0.5","MLP Combined (HE=0.1, CC=0.1, UP=0.1, PR=(0.2,10), RR=0.5)",prior_years,2019,2019,False,1280996,297,0.9189527365352477,0.47586551264980026,0.47586551264980026,pr_auc,0.4345693698634399,0.35414533726527664,0.5074503963109067,0.43217338327399,0.03881917143241318,2000,percentile,0.05
"mlp_combined_HE=0_CC=0.15_UP=0_PR=(0,10)_MC=0.1_RWS=1_RR=0.4","MLP Combined (HE=0, CC=0.15, UP=0, PR=(0,10), MC=0.1, RWS=1, RR=0.4)",prior_years,2019,2019,False,1280996,297,0.9150412432675369,0.4673173617272996,0.4673173617272996,f1_score,0.4673173617272996,0.40511324819624295,0.5204562400896013,0.4653010740270719,0.02909784722747282,2000,percentile,0.05
"mlp_combined_HE=0_CC=0.15_UP=0_PR=(0,10)_MC=0.1_RWS=1_RR=0.4","MLP Combined (HE=0, CC=0.15, UP=0, PR=(0,10), MC=0.1, RWS=1, RR=0.4)",prior_years,2019,2019,False,1280996,297,0.9150412432675369,0.4673173617272996,0.4673173617272996,pr_auc,0.43001961875863587,0.3551192383986598,0.4956269877905567,0.42782468319980055,0.03484130163635651,2000,percentile,0.05
"mlp_combined_HE=0_CC=0.1_UP=0.1_PR=(0,10)_MC=0.1_RWS=1_RR=0.5","MLP Combined (HE=0, CC=0.1, UP=0.1, PR=(0,10), MC=0.1, RWS=1, RR=0.5)",prior_years,2019,2019,False,1280996,297,0.9083142311139826,0.46886877638016844,0.46886877638016844,f1_score,0.46886877638016844,0.40836486902232977,0.520404649862277,0.466814699538329,0.027980968249617117,2000,percentile,0.05
"mlp_combined_HE=0_CC=0.1_UP=0.1_PR=(0,10)_MC=0.1_RWS=1_RR=0.5","MLP Combined (HE=0, CC=0.1, UP=0.1, PR=(0,10), MC=0.1, RWS=1, RR=0.5)",prior_years,2019,2019,False,1280996,297,0.9083142311139826,0.46886877638016844,0.46886877638016844,pr_auc,0.4255501450792413,0.3520690962486507,0.4894647679432275,0.42341820995549845,0.03422586477577248,2000,percentile,0.05
"mlp_combined_HE=0_CC=0.1_UP=0.2_PR=(0.1,10)_RR=0.5","MLP Combined (HE=0, CC=0.1, UP=0.2, PR=(0.1,10), RR=0.5)",prior_years,2019,2019,False,1280996,297,0.9115587906273842,0.4693585337915235,0.4693585337915235,f1_score,0.4693585337915235,0.40574452016300594,0.5272324460697533,0.46730947303336035,0.030528366543054863,2000,percentile,0.05
"mlp_combined_HE=0_CC=0.1_UP=0.2_PR=(0.1,10)_RR=0.5","MLP Combined (HE=0, CC=0.1, UP=0.2, PR=(0.1,10), RR=0.5)",prior_years,2019,2019,False,1280996,297,0.9115587906273842,0.4693585337915235,0.4693585337915235,pr_auc,0.4311419317881028,0.35411379009459315,0.4989884950632874,0.42882419102267283,0.03722735254369785,2000,percentile,0.05
"mlp_combined_HE=0_CC=0.2_UP=0.1_PR=(0.2,10)_RR=0.5","MLP Combined (HE=0, CC=0.2, UP=0.1, PR=(0.2,10), RR=0.5)",prior_years,2019,2019,False,1280996,297,0.8993037476270945,0.4787778628723447,0.4787778628723447,f1_score,0.4787778628723447,0.41117890953364994,0.5419677268666953,0.47668384358356697,0.03289873255468638,2000,percentile,0.05
"mlp_combined_HE=0_CC=0.2_UP=0.1_PR=(0.2,10)_RR=0.5","MLP Combined (HE=0, CC=0.2, UP=0.1, PR=(0.2,10), RR=0.5)",prior_years,2019,2019,False,1280996,297,0.8993037476270945,0.4787778628723447,0.4787778628723447,pr_auc,0.44094148143352,0.3587346480190306,0.5177340439035523,0.43850570657240917,0.039747492482150634,2000,percentile,0.05
"mlp_combined_HE=0_CC=0.2_UP=0.2_PR=(0.1,10)_RR=0.5","MLP Combined (HE=0, CC=0.2, UP=0.2, PR=(0.1,10), RR=0.5)",prior_years,2019,2019,False,1280996,297,0.8869378029873003,0.4728611229739898,0.4728611229739898,f1_score,0.4728611229739898,0.4097652706739104,0.5286877083643613,0.47084860418988395,0.030064022794604364,2000,percentile,0.05
"mlp_combined_HE=0_CC=0.2_UP=0.2_PR=(0.1,10)_RR=0.5","MLP Combined (HE=0, CC=0.2, UP=0.2, PR=(0.1,10), RR=0.5)",prior_years,2019,2019,False,1280996,297,0.8869378029873003,0.4728611229739898,0.4728611229739898,pr_auc,0.43233339212836874,0.35665285627652105,0.49951239752312016,0.4299427017524325,0.03578351612843318,2000,percentile,0.05
mlp_prevyears_monthly_features_incremental_scaler,MLP Prevyears + Monthly (Incremental Scaler),prior_years,2019,2019,True,1280996,297,0.9022646063011852,0.4687980574666127,0.4687980574666127,f1_score,0.4687980574666127,0.40965929302752496,0.5205120609000923,0.4667872957795397,0.02794369669404442,2000,percentile,0.05
mlp_prevyears_monthly_features_incremental_scaler,MLP Prevyears + Monthly (Incremental Scaler),prior_years,2019,2019,True,1280996,297,0.9022646063011852,0.4687980574666127,0.4687980574666127,pr_auc,0.4256823872430504,0.35226432991959883,0.4895714728210898,0.4235595332889376,0.034375886298692704,2000,percentile,0.05
mlp_prevyears_monthly_features_incremental_scaler_experience_replay_RR_0.2,MLP Prevyears + Monthly (Incremental Scaler + Replay RR=0.2),prior_years,2019,2019,False,1280996,297,0.9151660545409922,0.46911141293163766,0.46911141293163766,f1_score,0.46911141293163766,0.4035809860532852,0.5283780535470798,0.4669701306778005,0.03179047451152622,2000,percentile,0.05
mlp_prevyears_monthly_features_incremental_scaler_experience_replay_RR_0.2,MLP Prevyears + Monthly (Incremental Scaler + Replay RR=0.2),prior_years,2019,2019,False,1280996,297,0.9151660545409922,0.46911141293163766,0.46911141293163766,pr_auc,0.4279217038996165,0.3500473687573962,0.4975046585513001,0.4256364826893841,0.037566863408183854,2000,percentile,0.05
mlp_prevyears_monthly_features_incremental_scaler_experience_replay_RR_0.2_PR_0.10,"MLP Prevyears + Monthly (Incremental Scaler + Replay RR=0.2, PR=0.10)",prior_years,2019,2019,False,1280996,297,0.9043087108225907,0.4664326817124434,0.4664326817124434,f1_score,0.4664326817124434,0.40067180435664357,0.5273394541579871,0.4644070587676141,0.031770548145600895,2000,percentile,0.05
mlp_prevyears_monthly_features_incremental_scaler_experience_replay_RR_0.2_PR_0.10,"MLP Prevyears + Monthly (Incremental Scaler + Replay RR=0.2, PR=0.10)",prior_years,2019,2019,False,1280996,297,0.9043087108225907,0.4664326817124434,0.4664326817124434,pr_auc,0.42819092987473695,0.34975555815182235,0.4971920173194856,0.425842473731484,0.03693828804833385,2000,percentile,0.05
mlp_prevyears_monthly_features_incremental_scaler_experience_replay_RR_0.2_PR_0.15,"MLP Prevyears + Monthly (Incremental Scaler + Replay RR=0.2, PR=0.15)",prior_years,2019,2019,False,1280996,297,0.9025495485345202,0.4759969624202122,0.4759969624202122,f1_score,0.4759969624202122,0.40709624358556035,0.5394576596069894,0.47386054461079763,0.03299146107534112,2000,percentile,0.05
mlp_prevyears_monthly_features_incremental_scaler_experience_replay_RR_0.2_PR_0.15,"MLP Prevyears + Monthly (Incremental Scaler + Replay RR=0.2, PR=0.15)",prior_years,2019,2019,False,1280996,297,0.9025495485345202,0.4759969624202122,0.4759969624202122,pr_auc,0.4390633248628379,0.3569267529526916,0.5164413392026973,0.4365005054763217,0.03978319666839035,2000,percentile,0.05
mlp_prevyears_monthly_features_incremental_scaler_experience_replay_RR_0.3,MLP Prevyears + Monthly (Incremental Scaler + Replay RR=0.3),prior_years,2019,2019,False,1280996,297,0.9151322030595279,0.46843680036825475,0.46843680036825475,f1_score,0.46843680036825475,0.4079627600397721,0.5193011705380223,0.4663830113623443,0.02800845254323054,2000,percentile,0.05
mlp_prevyears_monthly_features_incremental_scaler_experience_replay_RR_0.3,MLP Prevyears + Monthly (Incremental Scaler + Replay RR=0.3),prior_years,2019,2019,False,1280996,297,0.9151322030595279,0.46843680036825475,0.46843680036825475,pr_auc,0.42521343925854654,0.35263476495012663,0.48815474608164194,0.4231667467502687,0.033753064555943756,2000,percentile,0.05
mlp_prevyears_monthly_features_incremental_scaler_experience_replay_RR_0.3_PR_0.10,"MLP Prevyears + Monthly (Incremental Scaler + Replay RR=0.3, PR=0.10)",prior_years,2019,2019,False,1280996,297,0.915679686504403,0.476351839990082,0.476351839990082,f1_score,0.476351839990082,0.40924615245916923,0.5368252697415371,0.4742545149701929,0.032994192403326135,2000,percentile,0.05
mlp_prevyears_monthly_features_incremental_scaler_experience_replay_RR_0.3_PR_0.10,"MLP Prevyears + Monthly (Incremental Scaler + Replay RR=0.3, PR=0.10)",prior_years,2019,2019,False,1280996,297,0.915679686504403,0.476351839990082,0.476351839990082,pr_auc,0.44256168338405694,0.36161236609381703,0.517401261481387,0.43992899137066066,0.0392089038957859,2000,percentile,0.05
mlp_prevyears_monthly_features_incremental_scaler_experience_replay_RR_0.3_PR_0.15,"MLP Prevyears + Monthly (Incremental Scaler + Replay RR=0.3, PR=0.15)",prior_years,2019,2019,False,1280996,297,0.9147601443811956,0.46588811217822396,0.46588811217822396,f1_score,0.46588811217822396,0.404375821337728,0.5200191549953931,0.4638594184783694,0.029284273372053228,2000,percentile,0.05
mlp_prevyears_monthly_features_incremental_scaler_experience_replay_RR_0.3_PR_0.15,"MLP Prevyears + Monthly (Incremental Scaler + Replay RR=0.3, PR=0.15)",prior_years,2019,2019,False,1280996,297,0.9147601443811956,0.46588811217822396,0.46588811217822396,pr_auc,0.4218569234883438,0.3442660803639416,0.48848925606574745,0.41969828195338393,0.03568574037666584,2000,percentile,0.05
mlp_prevyears_monthly_features_incremental_scaler_experience_replay_RR_0.4,MLP Prevyears + Monthly (Incremental Scaler + Replay RR=0.4),prior_years,2019,2019,False,1280996,297,0.8940396364764839,0.4628569039755863,0.4628569039755863,f1_score,0.4628569039755863,0.40357714417696217,0.5154541000215588,0.4608141167820766,0.02787129169872945,2000,percentile,0.05
mlp_prevyears_monthly_features_incremental_scaler_experience_replay_RR_0.4,MLP Prevyears + Monthly (Incremental Scaler + Replay RR=0.4),prior_years,2019,2019,False,1280996,297,0.8940396364764839,0.4628569039755863,0.4628569039755863,pr_auc,0.42175941183151733,0.34688481864061593,0.48530699956960965,0.41945050504618675,0.03441063775768729,2000,percentile,0.05
mlp_prevyears_monthly_features_incremental_scaler_experience_replay_RR_0.4_PR_0.10,"MLP Prevyears + Monthly (Incremental Scaler + Replay RR=0.4, PR=0.10)",prior_years,2019,2019,False,1280996,297,0.9271573461922767,0.4741269229989663,0.4741269229989663,f1_score,0.4741269229989663,0.408281840933463,0.5354028113920937,0.4720262176553141,0.03213965866992653,2000,percentile,0.05
mlp_prevyears_monthly_features_incremental_scaler_experience_replay_RR_0.4_PR_0.10,"MLP Prevyears + Monthly (Incremental Scaler + Replay RR=0.4, PR=0.10)",prior_years,2019,2019,False,1280996,297,0.9271573461922767,0.4741269229989663,0.4741269229989663,pr_auc,0.4329757273322792,0.3543789155959875,0.5020010350724194,0.4306408597120127,0.03722824813752487,2000,percentile,0.05
mlp_prevyears_monthly_features_incremental_scaler_experience_replay_RR_0.4_PR_0.15,"MLP Prevyears + Monthly (Incremental Scaler + Replay RR=0.4, PR=0.15)",prior_years,2019,2019,False,1280996,297,0.9153341091083853,0.4767461383478845,0.4767461383478845,f1_score,0.4767461383478845,0.4134552886601646,0.5303126431623705,0.47451877051405134,0.029235514506389587,2000,percentile,0.05
mlp_prevyears_monthly_features_incremental_scaler_experience_replay_RR_0.4_PR_0.15,"MLP Prevyears + Monthly (Incremental Scaler + Replay RR=0.4, PR=0.15)",prior_years,2019,2019,False,1280996,297,0.9153341091083853,0.4767461383478845,0.4767461383478845,pr_auc,0.43834117479003754,0.36287594567652365,0.5040628264458331,0.43588340054555647,0.03551494533371869,2000,percentile,0.05
mlp_prevyears_monthly_features_incremental_scaler_experience_replay_RR_0.5,MLP Prevyears + Monthly (Incremental Scaler + Replay RR=0.5),prior_years,2019,2019,False,1280996,297,0.9257908752967582,0.4657674857834986,0.4657674857834986,f1_score,0.4657674857834986,0.4021304630733411,0.521675249067079,0.4638253138553598,0.03010086119541206,2000,percentile,0.05
mlp_prevyears_monthly_features_incremental_scaler_experience_replay_RR_0.5,MLP Prevyears + Monthly (Incremental Scaler + Replay RR=0.5),prior_years,2019,2019,False,1280996,297,0.9257908752967582,0.4657674857834986,0.4657674857834986,pr_auc,0.42897585154732926,0.35341433644999004,0.4955757534939128,0.4268286512966911,0.036168588860830776,2000,percentile,0.05
mlp_prevyears_monthly_features_incremental_scaler_experience_replay_RR_0.5_PR_0.10,"MLP Prevyears + Monthly (Incremental Scaler + Replay RR=0.5, PR=0.10)",prior_years,2019,2019,False,1280996,297,0.9033767058771367,0.4641367465445326,0.4641367465445326,f1_score,0.4641367465445326,0.400115648198659,0.5197525949033903,0.46219044793423414,0.03022170423606623,2000,percentile,0.05
mlp_prevyears_monthly_features_incremental_scaler_experience_replay_RR_0.5_PR_0.10,"MLP Prevyears + Monthly (Incremental Scaler + Replay RR=0.5, PR=0.10)",prior_years,2019,2019,False,1280996,297,0.9033767058771367,0.4641367465445326,0.4641367465445326,pr_auc,0.42268966785075124,0.3460498359599589,0.49064634616201885,0.4205650636328047,0.036205943753813336,2000,percentile,0.05
mlp_prevyears_monthly_features_incremental_scaler_experience_replay_RR_0.5_PR_0.15,"MLP Prevyears + Monthly (Incremental Scaler + Replay RR=0.5, PR=0.15)",prior_years,2019,2019,False,1280996,297,0.9195738410010179,0.4619120244019907,0.4619120244019907,f1_score,0.4619120244019907,0.39753708335614235,0.5195433567165264,0.4599402955868793,0.03105209094054819,2000,percentile,0.05
mlp_prevyears_monthly_features_incremental_scaler_experience_replay_RR_0.5_PR_0.15,"MLP Prevyears + Monthly (Incremental Scaler + Replay RR=0.5, PR=0.15)",prior_years,2019,2019,False,1280996,297,0.9195738410010179,0.4619120244019907,0.4619120244019907,pr_auc,0.4256487458595076,0.3462585608160151,0.4952588515296663,0.4230322517552815,0.037796983810946254,2000,percentile,0.05
mlp_prevyears_monthly_features_incremental_scaler_experience_replay_confidently_correct_memory_RR_0.2,MLP Prevyears + Monthly (Incremental Scaler + Replay Confidently Correct RR=0.2),prior_years,2019,2019,False,1280996,297,0.9312449649420168,0.4793275501542411,0.4793275501542411,f1_score,0.4793275501542411,0.4120838126367327,0.5389454854758817,0.4771060042267063,0.03190889689999416,2000,percentile,0.05
mlp_prevyears_monthly_features_incremental_scaler_experience_replay_confidently_correct_memory_RR_0.2,MLP Prevyears + Monthly (Incremental Scaler + Replay Confidently Correct RR=0.2),prior_years,2019,2019,False,1280996,297,0.9312449649420168,0.4793275501542411,0.4793275501542411,pr_auc,0.4435126335930088,0.3640487969875385,0.517165389655197,0.4410978269203954,0.038955009963245545,2000,percentile,0.05
mlp_prevyears_monthly_features_incremental_scaler_experience_replay_confidently_correct_memory_RR_0.3,MLP Prevyears + Monthly (Incremental Scaler + Replay Confidently Correct RR=0.3),prior_years,2019,2019,False,1280996,297,0.9383915357134007,0.47766990291262135,0.47766990291262135,f1_score,0.47766990291262135,0.4131715384186179,0.5363228605767957,0.4756216665741797,0.030882825703336256,2000,percentile,0.05
mlp_prevyears_monthly_features_incremental_scaler_experience_replay_confidently_correct_memory_RR_0.3,MLP Prevyears + Monthly (Incremental Scaler + Replay Confidently Correct RR=0.3),prior_years,2019,2019,False,1280996,297,0.9383915357134007,0.47766990291262135,0.47766990291262135,pr_auc,0.4395691789133582,0.3629268823045501,0.50800091820503,0.4371408029661552,0.036867806511880055,2000,percentile,0.05
mlp_prevyears_monthly_features_incremental_scaler_experience_replay_confidently_correct_memory_RR_0.4,MLP Prevyears + Monthly (Incremental Scaler + Replay Confidently Correct RR=0.4),prior_years,2019,2019,False,1280996,297,0.9127832956104168,0.47161926400779,0.47161926400779,f1_score,0.47161926400779,0.40478295444944973,0.5329470266003387,0.469501404783597,0.03246339498306513,2000,percentile,0.05
mlp_prevyears_monthly_features_incremental_scaler_experience_replay_confidently_correct_memory_RR_0.4,MLP Prevyears + Monthly (Incremental Scaler + Replay Confidently Correct RR=0.4),prior_years,2019,2019,False,1280996,297,0.9127832956104168,0.47161926400779,0.47161926400779,pr_auc,0.4355148476065937,0.35548670513868613,0.5113768973679343,0.4331589811497315,0.03956713042021913,2000,percentile,0.05
mlp_prevyears_monthly_features_incremental_scaler_experience_replay_confidently_correct_memory_RR_0.5,MLP Prevyears + Monthly (Incremental Scaler + Replay Confidently Correct RR=0.5),prior_years,2019,2019,False,1280996,297,0.9201515981730443,0.46760448521916415,0.46760448521916415,f1_score,0.46760448521916415,0.4016116143561925,0.526537950017731,0.46554878394080645,0.03156618265575446,2000,percentile,0.05
mlp_prevyears_monthly_features_incremental_scaler_experience_replay_confidently_correct_memory_RR_0.5,MLP Prevyears + Monthly (Incremental Scaler + Replay Confidently Correct RR=0.5),prior_years,2019,2019,False,1280996,297,0.9201515981730443,0.46760448521916415,0.46760448521916415,pr_auc,0.4267546658193361,0.34845071723587395,0.4960118034372929,0.4243878202430933,0.0377044802813088,2000,percentile,0.05
mlp_prevyears_monthly_features_incremental_scaler_experience_replay_hard_example_mining_RR_0.2,MLP Prevyears + Monthly (Incremental Scaler + Replay Hard Example Mining RR=0.2),prior_years,2019,2019,False,1280996,297,0.9097605613140552,0.4594020652898068,0.4594020652898068,f1_score,0.4594020652898068,0.39325903022209857,0.5176136560276614,0.45739738710148253,0.030896195420810436,2000,percentile,0.05
mlp_prevyears_monthly_features_incremental_scaler_experience_replay_hard_example_mining_RR_0.2,MLP Prevyears + Monthly (Incremental Scaler + Replay Hard Example Mining RR=0.2),prior_years,2019,2019,False,1280996,297,0.9097605613140552,0.4594020652898068,0.4594020652898068,pr_auc,0.4228892978631324,0.3461266051463522,0.4915274241400306,0.420556565372608,0.036247022434387786,2000,percentile,0.05
mlp_prevyears_monthly_features_incremental_scaler_experience_replay_hard_example_mining_RR_0.3,MLP Prevyears + Monthly (Incremental Scaler + Replay Hard Example Mining RR=0.3),prior_years,2019,2019,False,1280996,297,0.9190157490456741,0.454106485716109,0.454106485716109,f1_score,0.454106485716109,0.395255055638859,0.5044860836155707,0.4520584665362809,0.027265123576457124,2000,percentile,0.05
mlp_prevyears_monthly_features_incremental_scaler_experience_replay_hard_example_mining_RR_0.3,MLP Prevyears + Monthly (Incremental Scaler + Replay Hard Example Mining RR=0.3),prior_years,2019,2019,False,1280996,297,0.9190157490456741,0.454106485716109,0.454106485716109,pr_auc,0.4130046401421338,0.341992134592485,0.4756554941290036,0.41062554358006254,0.03367953967646895,2000,percentile,0.05
mlp_prevyears_monthly_features_incremental_scaler_experience_replay_hard_example_mining_RR_0.4,MLP Prevyears + Monthly (Incremental Scaler + Replay Hard Example Mining RR=0.4),prior_years,2019,2019,False,1280996,297,0.9193557436050629,0.47337612530781964,0.47337612530781964,f1_score,0.47337612530781964,0.41093312089682477,0.5276824665060397,0.47146149498262707,0.029325795831385466,2000,percentile,0.05
mlp_prevyears_monthly_features_incremental_scaler_experience_replay_hard_example_mining_RR_0.4,MLP Prevyears + Monthly (Incremental Scaler + Replay Hard Example Mining RR=0.4),prior_years,2019,2019,False,1280996,297,0.9193557436050629,0.47337612530781964,0.47337612530781964,pr_auc,0.4324902713064193,0.356203951974758,0.49834184636399376,0.43043872409185047,0.03611256482442411,2000,percentile,0.05
mlp_prevyears_monthly_features_incremental_scaler_experience_replay_hard_example_mining_RR_0.5,MLP Prevyears + Monthly (Incremental Scaler + Replay Hard Example Mining RR=0.5),prior_years,2019,2019,False,1280996,297,0.9161464246758538,0.47153759539597145,0.47153759539597145,f1_score,0.47153759539597145,0.40685607611427516,0.5259296647199628,0.46947212457534865,0.029737563439837175,2000,percentile,0.05
mlp_prevyears_monthly_features_incremental_scaler_experience_replay_hard_example_mining_RR_0.5,MLP Prevyears + Monthly (Incremental Scaler + Replay Hard Example Mining RR=0.5),prior_years,2019,2019,False,1280996,297,0.9161464246758538,0.47153759539597145,0.47153759539597145,pr_auc,0.42152054791353993,0.34656938146187094,0.4889682413852066,0.4194664129338895,0.03561605293884648,2000,percentile,0.05
mlp_prevyears_monthly_features_incremental_scaler_experience_replay_uncertainity_prioritization_RR_0.2,MLP Prevyears + Monthly (Incremental Scaler + Replay Uncertainty Prioritization RR=0.2),prior_years,2019,2019,False,1280996,297,0.9145346309674333,0.4715239550411286,0.4715239550411286,f1_score,0.4715239550411286,0.40229254290502037,0.5355092116478225,0.469355977375136,0.03340731075461149,2000,percentile,0.05
mlp_prevyears_monthly_features_incremental_scaler_experience_replay_uncertainity_prioritization_RR_0.2,MLP Prevyears + Monthly (Incremental Scaler + Replay Uncertainty Prioritization RR=0.2),prior_years,2019,2019,False,1280996,297,0.9145346309674333,0.4715239550411286,0.4715239550411286,pr_auc,0.4324211451488545,0.3495092989460146,0.5084096679729345,0.43004318886648457,0.04015433362748776,2000,percentile,0.05
mlp_prevyears_monthly_features_incremental_scaler_experience_replay_uncertainity_prioritization_RR_0.3,MLP Prevyears + Monthly (Incremental Scaler + Replay Uncertainty Prioritization RR=0.3),prior_years,2019,2019,False,1280996,297,0.9076003938537432,0.4701351807372412,0.4701351807372412,f1_score,0.4701351807372412,0.4044012427319429,0.5316834462963117,0.4681742847256188,0.032014893577499315,2000,percentile,0.05
mlp_prevyears_monthly_features_incremental_scaler_experience_replay_uncertainity_prioritization_RR_0.3,MLP Prevyears + Monthly (Incremental Scaler + Replay Uncertainty Prioritization RR=0.3),prior_years,2019,2019,False,1280996,297,0.9076003938537432,0.4701351807372412,0.4701351807372412,pr_auc,0.439704228178225,0.3571167558071853,0.5153128189029661,0.4371838896710525,0.03987370836560689,2000,percentile,0.05
mlp_prevyears_monthly_features_incremental_scaler_experience_replay_uncertainity_prioritization_RR_0.4,MLP Prevyears + Monthly (Incremental Scaler + Replay Uncertainty Prioritization RR=0.4),prior_years,2019,2019,False,1280996,297,0.8969396536954691,0.4589568795127264,0.4589568795127264,f1_score,0.4589568795127264,0.4006999815085406,0.5114046112073648,0.45709328419027817,0.02760061897689509,2000,percentile,0.05
mlp_prevyears_monthly_features_incremental_scaler_experience_replay_uncertainity_prioritization_RR_0.4,MLP Prevyears + Monthly (Incremental Scaler + Replay Uncertainty Prioritization RR=0.4),prior_years,2019,2019,False,1280996,297,0.8969396536954691,0.4589568795127264,0.4589568795127264,pr_auc,0.4217513190120937,0.34843396219049205,0.4851114157213196,0.41950214706127614,0.03405854817899189,2000,percentile,0.05
mlp_prevyears_monthly_features_incremental_scaler_experience_replay_uncertainity_prioritization_RR_0.5,MLP Prevyears + Monthly (Incremental Scaler + Replay Uncertainty Prioritization RR=0.5),prior_years,2019,2019,False,1280996,297,0.9151439108206925,0.4638410159149006,0.4638410159149006,f1_score,0.4638410159149006,0.3981761314680901,0.5227573963207278,0.4617807657169442,0.031256346657661055,2000,percentile,0.05
mlp_prevyears_monthly_features_incremental_scaler_experience_replay_uncertainity_prioritization_RR_0.5,MLP Prevyears + Monthly (Incremental Scaler + Replay Uncertainty Prioritization RR=0.5),prior_years,2019,2019,False,1280996,297,0.9151439108206925,0.4638410159149006,0.4638410159149006,pr_auc,0.42201840421418585,0.34493341202743216,0.49072898752189337,0.419747360632933,0.037021488119261994,2000,percentile,0.05
mlp_prevyears_monthly_features_incremental_scaler_missclassification_buffer_RR_0.3,MLP Prevyears + Monthly (Incremental Scaler + Misclassification Buffer RR=0.3),prior_years,2019,2019,False,1280996,297,0.9205283015379195,0.4708619099185818,0.4708619099185818,f1_score,0.4708619099185818,0.4085056178890499,0.5254960061564571,0.468967914397075,0.029377583384035618,2000,percentile,0.05
mlp_prevyears_monthly_features_incremental_scaler_missclassification_buffer_RR_0.3,MLP Prevyears + Monthly (Incremental Scaler + Misclassification Buffer RR=0.3),prior_years,2019,2019,False,1280996,297,0.9205283015379195,0.4708619099185818,0.4708619099185818,pr_auc,0.42397518642918713,0.3486353723380425,0.49001860305909406,0.42193522746749446,0.03517968019602969,2000,percentile,0.05
"mlp_combined_HE=0.1_CC=0.1_UP=0.1_PR=(0.2,10)_RR=0.5","MLP Combined (HE=0.1, CC=0.1, UP=0.1, PR=(0.2,10), RR=0.5)",prior_years,2020,2017,False,1278749,297,0.6301415293758871,0.26391058279408486,0.26391058279408486,f1_score,0.26391058279408486,0.2173128066465088,0.3049494920748804,0.2628360939703728,0.022515052625157867,2000,percentile,0.05
"mlp_combined_HE=0.1_CC=0.1_UP=0.1_PR=(0.2,10)_RR=0.5","MLP Combined (HE=0.1, CC=0.1, UP=0.1, PR=(0.2,10), RR=0.5)",prior_years,2020,2017,False,1278749,297,0.6301415293758871,0.26391058279408486,0.26391058279408486,pr_auc,0.19825428466635114,0.15644053591417847,0.2435176117257608,0.19945470228721715,0.02191702387320214,2000,percentile,0.05
"mlp_combined_HE=0_CC=0.15_UP=0_PR=(0,10)_MC=0.1_RWS=1_RR=0.4","MLP Combined (HE=0, CC=0.15, UP=0, PR=(0,10), MC=0.1, RWS=1, RR=0.4)",prior_years,2020,2017,False,1278749,297,0.7280928650958096,0.23053641830273586,0.23053641830273586,f1_score,0.23053641830273586,0.17688786121009867,0.281508294407825,0.22958696471067652,0.026719574442041514,2000,percentile,0.05
"mlp_combined_HE=0_CC=0.15_UP=0_PR=(0,10)_MC=0.1_RWS=1_RR=0.4","MLP Combined (HE=0, CC=0.15, UP=0, PR=(0,10), MC=0.1, RWS=1, RR=0.4)",prior_years,2020,2017,False,1278749,297,0.7280928650958096,0.23053641830273586,0.23053641830273586,pr_auc,0.17217113289734445,0.12801752454498425,0.22004426748838973,0.17264311540467278,0.023522511783205916,2000,percentile,0.05
"mlp_combined_HE=0_CC=0.1_UP=0.1_PR=(0,10)_MC=0.1_RWS=1_RR=0.5","MLP Combined (HE=0, CC=0.1, UP=0.1, PR=(0,10), MC=0.1, RWS=1, RR=0.5)",prior_years,2020,2017,False,1278749,297,0.717803736972679,0.22162559764619344,0.22162559764619344,f1_score,0.22162559764619344,0.17448677926659967,0.2662478407471544,0.22128866806134356,0.02373215196062402,2000,percentile,0.05
"mlp_combined_HE=0_CC=0.1_UP=0.1_PR=(0,10)_MC=0.1_RWS=1_RR=0.5","MLP Combined (HE=0, CC=0.1, UP=0.1, PR=(0,10), MC=0.1, RWS=1, RR=0.5)",prior_years,2020,2017,False,1278749,297,0.717803736972679,0.22162559764619344,0.22162559764619344,pr_auc,0.15963936550830798,0.11958122221031556,0.20449652421835382,0.16050921826219153,0.021797932127916107,2000,percentile,0.05
"mlp_combined_HE=0_CC=0.1_UP=0.2_PR=(0.1,10)_RR=0.5","MLP Combined (HE=0, CC=0.1, UP=0.2, PR=(0.1,10), RR=0.5)",prior_years,2020,2017,False,1278749,297,0.7516267634274584,0.2373480087755178,0.2373480087755178,f1_score,0.2373480087755178,0.1857620631544777,0.28802757892387026,0.23667377406165724,0.02646035344384113,2000,percentile,0.05
"mlp_combined_HE=0_CC=0.1_UP=0.2_PR=(0.1,10)_RR=0.5","MLP Combined (HE=0, CC=0.1, UP=0.2, PR=(0.1,10), RR=0.5)",prior_years,2020,2017,False,1278749,297,0.7516267634274584,0.2373480087755178,0.2373480087755178,pr_auc,0.17040636695054248,0.12766185791404785,0.22049811045799816,0.17165148529008842,0.023046916947464916,2000,percentile,0.05
"mlp_combined_HE=0_CC=0.2_UP=0.1_PR=(0.2,10)_RR=0.5","MLP Combined (HE=0, CC=0.2, UP=0.1, PR=(0.2,10), RR=0.5)",prior_years,2020,2017,False,1278749,297,0.637766167487061,0.22483836005531263,0.22483836005531263,f1_score,0.22483836005531263,0.18016980935224236,0.26622978325661917,0.2238412453498396,0.021779127876260334,2000,percentile,0.05
"mlp_combined_HE=0_CC=0.2_UP=0.1_PR=(0.2,10)_RR=0.5","MLP Combined (HE=0, CC=0.2, UP=0.1, PR=(0.2,10), RR=0.5)",prior_years,2020,2017,False,1278749,297,0.637766167487061,0.22483836005531263,0.22483836005531263,pr_auc,0.16126666348373672,0.12137962612227737,0.2040422643224988,0.16213927117975294,0.021034127980291303,2000,percentile,0.05
"mlp_combined_HE=0_CC=0.2_UP=0.2_PR=(0.1,10)_RR=0.5","MLP Combined (HE=0, CC=0.2, UP=0.2, PR=(0.1,10), RR=0.5)",prior_years,2020,2017,False,1278749,297,0.7484849202070829,0.23946520233973975,0.23946520233973975,f1_score,0.23946520233973975,0.19785660806196767,0.27934727027281603,0.23834861455352252,0.021189218014805385,2000,percentile,0.05
"mlp_combined_HE=0_CC=0.2_UP=0.2_PR=(0.1,10)_RR=0.5","MLP Combined (HE=0, CC=0.2, UP=0.2, PR=(0.1,10), RR=0.5)",prior_years,2020,2017,False,1278749,297,0.7484849202070829,0.23946520233973975,0.23946520233973975,pr_auc,0.17232943170964288,0.13569356992397014,0.2114939056241404,0.17303316757737805,0.019415701591571907,2000,percentile,0.05
mlp_prevyears_monthly_features_incremental_scaler,MLP Prevyears + Monthly (Incremental Scaler),prior_years,2020,2017,True,1278749,297,0.8157723375962457,0.16861645881938267,0.16861645881938267,f1_score,0.16861645881938267,0.13273051128884197,0.20177127976072765,0.1675384434495576,0.017633237642861798,2000,percentile,0.05
mlp_prevyears_monthly_features_incremental_scaler,MLP Prevyears + Monthly (Incremental Scaler),prior_years,2020,2017,True,1278749,297,0.8157723375962457,0.16861645881938267,0.16861645881938267,pr_auc,0.09272434377912532,0.07014904026634172,0.11818974623672246,0.09313753338241454,0.012409689739930034,2000,percentile,0.05
mlp_prevyears_monthly_features_incremental_scaler_experience_replay_RR_0.2,MLP Prevyears + Monthly (Incremental Scaler + Replay RR=0.2),prior_years,2020,2017,False,1278749,297,0.9010862009852181,0.2370897642106704,0.2370897642106704,f1_score,0.2370897642106704,0.19406913728882955,0.2740501600018223,0.23592969803315603,0.020467506409125185,2000,percentile,0.05
mlp_prevyears_monthly_features_incremental_scaler_experience_replay_RR_0.2,MLP Prevyears + Monthly (Incremental Scaler + Replay RR=0.2),prior_years,2020,2017,False,1278749,297,0.9010862009852181,0.2370897642106704,0.2370897642106704,pr_auc,0.1671731740156439,0.12550051140112856,0.20903775715065445,0.16735039116640002,0.021793029635681724,2000,percentile,0.05
mlp_prevyears_monthly_features_incremental_scaler_experience_replay_RR_0.2_PR_0.10,"MLP Prevyears + Monthly (Incremental Scaler + Replay RR=0.2, PR=0.10)",prior_years,2020,2017,False,1278749,297,0.9238922370205128,0.23591991093360665,0.23591991093360665,f1_score,0.23591991093360665,0.19460292744582064,0.27485646745023434,0.2351147643930214,0.02049775671792731,2000,percentile,0.05
mlp_prevyears_monthly_features_incremental_scaler_experience_replay_RR_0.2_PR_0.10,"MLP Prevyears + Monthly (Incremental Scaler + Replay RR=0.2, PR=0.10)",prior_years,2020,2017,False,1278749,297,0.9238922370205128,0.23591991093360665,0.23591991093360665,pr_auc,0.16178811576096133,0.12302428835008798,0.20634737922994642,0.1627872845585966,0.021496572067503807,2000,percentile,0.05
mlp_prevyears_monthly_features_incremental_scaler_experience_replay_RR_0.2_PR_0.15,"MLP Prevyears + Monthly (Incremental Scaler + Replay RR=0.2, PR=0.15)",prior_years,2020,2017,False,1278749,297,0.8811912345205609,0.24682347602480714,0.24682347602480714,f1_score,0.24682347602480714,0.2063863385239431,0.28429906005980043,0.2462633510761267,0.019847859464801942,2000,percentile,0.05
mlp_prevyears_monthly_features_incremental_scaler_experience_replay_RR_0.2_PR_0.15,"MLP Prevyears + Monthly (Incremental Scaler + Replay RR=0.2, PR=0.15)",prior_years,2020,2017,False,1278749,297,0.8811912345205609,0.24682347602480714,0.24682347602480714,pr_auc,0.17897378713052287,0.13850282588128274,0.22375825995858253,0.1802349908662535,0.021517888813095173,2000,percentile,0.05
mlp_prevyears_monthly_features_incremental_scaler_experience_replay_RR_0.3,MLP Prevyears + Monthly (Incremental Scaler + Replay RR=0.3),prior_years,2020,2017,False,1278749,297,0.8684075352789993,0.2465757984256162,0.2465757984256162,f1_score,0.2465757984256162,0.20828064190511286,0.2806136162534855,0.2455730450488815,0.018864289656441244,2000,percentile,0.05
mlp_prevyears_monthly_features_incremental_scaler_experience_replay_RR_0.3,MLP Prevyears + Monthly (Incremental Scaler + Replay RR=0.3),prior_years,2020,2017,False,1278749,297,0.8684075352789993,0.2465757984256162,0.2465757984256162,pr_auc,0.1888211794043455,0.1453616141501717,0.23251347676714465,0.18866459695467636,0.022146137785879393,2000,percentile,0.05
mlp_prevyears_monthly_features_incremental_scaler_experience_replay_RR_0.3_PR_0.10,"MLP Prevyears + Monthly (Incremental Scaler + Replay RR=0.3, PR=0.10)",prior_years,2020,2017,False,1278749,297,0.8559058633479134,0.2575407319734433,0.2575407319734433,f1_score,0.2575407319734433,0.21334097509509514,0.2972546255352648,0.25669910628814685,0.02134730929636854,2000,percentile,0.05
mlp_prevyears_monthly_features_incremental_scaler_experience_replay_RR_0.3_PR_0.10,"MLP Prevyears + Monthly (Incremental Scaler + Replay RR=0.3, PR=0.10)",prior_years,2020,2017,False,1278749,297,0.8559058633479134,0.2575407319734433,0.2575407319734433,pr_auc,0.1858342264481049,0.1432864720560878,0.23045516624824805,0.18689576742327035,0.022792169807950288,2000,percentile,0.05
mlp_prevyears_monthly_features_incremental_scaler_experience_replay_RR_0.3_PR_0.15,"MLP Prevyears + Monthly (Incremental Scaler + Replay RR=0.3, PR=0.15)",prior_years,2020,2017,False,1278749,297,0.9062272689270648,0.24047959670277266,0.24047959670277266,f1_score,0.24047959670277266,0.20024737144367577,0.27868801838489565,0.23944778655368648,0.019667316971296877,2000,percentile,0.05
mlp_prevyears_monthly_features_incremental_scaler_experience_replay_RR_0.3_PR_0.15,"MLP Prevyears + Monthly (Incremental Scaler + Replay RR=0.3, PR=0.15)",prior_years,2020,2017,False,1278749,297,0.9062272689270648,0.24047959670277266,0.24047959670277266,pr_auc,0.18429266044918924,0.14436935388794706,0.22343873847051895,0.1842137974093478,0.020693990806779302,2000,percentile,0.05
mlp_prevyears_monthly_features_incremental_scaler_experience_replay_RR_0.4,MLP Prevyears + Monthly (Incremental Scaler + Replay RR=0.4),prior_years,2020,2017,False,1278749,297,0.8574824407259446,0.24443013096830665,0.24443013096830665,f1_score,0.24443013096830665,0.2007580904617246,0.2833426532615602,0.24355613586427297,0.02083726668574299,2000,percentile,0.05
mlp_prevyears_monthly_features_incremental_scaler_experience_replay_RR_0.4,MLP Prevyears + Monthly (Incremental Scaler + Replay RR=0.4),prior_years,2020,2017,False,1278749,297,0.8574824407259446,0.24443013096830665,0.24443013096830665,pr_auc,0.1795684383546349,0.1410735989778513,0.22138615466940068,0.18030203298170605,0.020060039665489162,2000,percentile,0.05
mlp_prevyears_monthly_features_incremental_scaler_experience_replay_RR_0.4_PR_0.10,"MLP Prevyears + Monthly (Incremental Scaler + Replay RR=0.4, PR=0.10)",prior_years,2020,2017,False,1278749,297,0.8966838190820061,0.24322727354115561,0.24322727354115561,f1_score,0.24322727354115561,0.20230027460596306,0.28155860859345255,0.2424801306758278,0.020343717870369333,2000,percentile,0.05
mlp_prevyears_monthly_features_incremental_scaler_experience_replay_RR_0.4_PR_0.10,"MLP Prevyears + Monthly (Incremental Scaler + Replay RR=0.4, PR=0.10)",prior_years,2020,2017,False,1278749,297,0.8966838190820061,0.24322727354115561,0.24322727354115561,pr_auc,0.1760297984359287,0.13438560739191444,0.21936959488611296,0.17662215439114348,0.021610712137600272,2000,percentile,0.05
mlp_prevyears_monthly_features_incremental_scaler_experience_replay_RR_0.4_PR_0.15,"MLP Prevyears + Monthly (Incremental Scaler + Replay RR=0.4, PR=0.15)",prior_years,2020,2017,False,1278749,297,0.8814766303362888,0.23530713190789992,0.23530713190789992,f1_score,0.23530713190789992,0.19795394265615107,0.2692558030177507,0.23441063697933062,0.018149998335201378,2000,percentile,0.05
mlp_prevyears_monthly_features_incremental_scaler_experience_replay_RR_0.4_PR_0.15,"MLP Prevyears + Monthly (Incremental Scaler + Replay RR=0.4, PR=0.15)",prior_years,2020,2017,False,1278749,297,0.8814766303362888,0.23530713190789992,0.23530713190789992,pr_auc,0.17064761132965087,0.13104584939027766,0.2131082362979927,0.1711763470438865,0.020922098438417754,2000,percentile,0.05
mlp_prevyears_monthly_features_incremental_scaler_experience_replay_RR_0.5,MLP Prevyears + Monthly (Incremental Scaler + Replay RR=0.5),prior_years,2020,2017,False,1278749,297,0.8556474494131705,0.25249389946315276,0.25249389946315276,f1_score,0.25249389946315276,0.20675853786306186,0.29401092125991907,0.2515297210757995,0.022073898898519472,2000,percentile,0.05
mlp_prevyears_monthly_features_incremental_scaler_experience_replay_RR_0.5,MLP Prevyears + Monthly (Incremental Scaler + Replay RR=0.5),prior_years,2020,2017,False,1278749,297,0.8556474494131705,0.25249389946315276,0.25249389946315276,pr_auc,0.19299127069530914,0.1503520393526967,0.23820502364452725,0.19347762975834146,0.022407826146756273,2000,percentile,0.05
mlp_prevyears_monthly_features_incremental_scaler_experience_replay_RR_0.5_PR_0.10,"MLP Prevyears + Monthly (Incremental Scaler + Replay RR=0.5, PR=0.10)",prior_years,2020,2017,False,1278749,297,0.8331288364353485,0.23844355377421508,0.23844355377421508,f1_score,0.23844355377421508,0.2000361463723943,0.2768547379886851,0.23767787618272884,0.019669598579155317,2000,percentile,0.05
mlp_prevyears_monthly_features_incremental_scaler_experience_replay_RR_0.5_PR_0.10,"MLP Prevyears + Monthly (Incremental Scaler + Replay RR=0.5, PR=0.10)",prior_years,2020,2017,False,1278749,297,0.8331288364353485,0.23844355377421508,0.23844355377421508,pr_auc,0.1746103210065427,0.13408311939847828,0.21780940733370718,0.17543784147480612,0.02144483525635349,2000,percentile,0.05
mlp_prevyears_monthly_features_incremental_scaler_experience_replay_RR_0.5_PR_0.15,"MLP Prevyears + Monthly (Incremental Scaler + Replay RR=0.5, PR=0.15)",prior_years,2020,2017,False,1278749,297,0.8848364099382978,0.24897070394700727,0.24897070394700727,f1_score,0.24897070394700727,0.2086792821244227,0.28588928206170283,0.24795552037707116,0.019440013866221552,2000,percentile,0.05
mlp_prevyears_monthly_features_incremental_scaler_experience_replay_RR_0.5_PR_0.15,"MLP Prevyears + Monthly (Incremental Scaler + Replay RR=0.5, PR=0.15)",prior_years,2020,2017,False,1278749,297,0.8848364099382978,0.24897070394700727,0.24897070394700727,pr_auc,0.17820810221976174,0.1374359988694058,0.21947518084763776,0.17841167474642528,0.02098496111358027,2000,percentile,0.05
mlp_prevyears_monthly_features_incremental_scaler_experience_replay_confidently_correct_memory_RR_0.2,MLP Prevyears + Monthly (Incremental Scaler + Replay Confidently Correct RR=0.2),prior_years,2020,2017,False,1278749,297,0.9210451281499595,0.2509350827376873,0.2509350827376873,f1_score,0.2509350827376873,0.20855712472138763,0.28867653085402467,0.24992497558217122,0.020477168119128662,2000,percentile,0.05
mlp_prevyears_monthly_features_incremental_scaler_experience_replay_confidently_correct_memory_RR_0.2,MLP Prevyears + Monthly (Incremental Scaler + Replay Confidently Correct RR=0.2),prior_years,2020,2017,False,1278749,297,0.9210451281499595,0.2509350827376873,0.2509350827376873,pr_auc,0.18418998163308917,0.14191757006209021,0.22901599019135835,0.18482967803851633,0.022206545398394062,2000,percentile,0.05
mlp_prevyears_monthly_features_incremental_scaler_experience_replay_confidently_correct_memory_RR_0.3,MLP Prevyears + Monthly (Incremental Scaler + Replay Confidently Correct RR=0.3),prior_years,2020,2017,False,1278749,297,0.8706281803548171,0.25203597599333527,0.25203597599333527,f1_score,0.25203597599333527,0.2125543785574165,0.28952554471610215,0.2513517205888628,0.019439115866573136,2000,percentile,0.05
mlp_prevyears_monthly_features_incremental_scaler_experience_replay_confidently_correct_memory_RR_0.3,MLP Prevyears + Monthly (Incremental Scaler + Replay Confidently Correct RR=0.3),prior_years,2020,2017,False,1278749,297,0.8706281803548171,0.25203597599333527,0.25203597599333527,pr_auc,0.18732929866362244,0.14428997172673594,0.23252375380160328,0.18783765495245264,0.022465061593720505,2000,percentile,0.05
mlp_prevyears_monthly_features_incremental_scaler_experience_replay_confidently_correct_memory_RR_0.4,MLP Prevyears + Monthly (Incremental Scaler + Replay Confidently Correct RR=0.4),prior_years,2020,2017,False,1278749,297,0.8816953213595569,0.24876299749013983,0.24876299749013983,f1_score,0.24876299749013983,0.20798060424061027,0.2858655344053617,0.24809426644297478,0.020207284956257624,2000,percentile,0.05
mlp_prevyears_monthly_features_incremental_scaler_experience_replay_confidently_correct_memory_RR_0.4,MLP Prevyears + Monthly (Incremental Scaler + Replay Confidently Correct RR=0.4),prior_years,2020,2017,False,1278749,297,0.8816953213595569,0.24876299749013983,0.24876299749013983,pr_auc,0.18639886786654272,0.1444840713947975,0.2309044145393457,0.18712453731887774,0.02203885804137565,2000,percentile,0.05
mlp_prevyears_monthly_features_incremental_scaler_experience_replay_confidently_correct_memory_RR_0.5,MLP Prevyears + Monthly (Incremental Scaler + Replay Confidently Correct RR=0.5),prior_years,2020,2017,False,1278749,297,0.8495070148407537,0.25213776075234656,0.25213776075234656,f1_score,0.25213776075234656,0.21155840638024692,0.2894251781789667,0.25143434138857695,0.01998577901474623,2000,percentile,0.05
mlp_prevyears_monthly_features_incremental_scaler_experience_replay_confidently_correct_memory_RR_0.5,MLP Prevyears + Monthly (Incremental Scaler + Replay Confidently Correct RR=0.5),prior_years,2020,2017,False,1278749,297,0.8495070148407537,0.25213776075234656,0.25213776075234656,pr_auc,0.18123345774219432,0.14088703997359858,0.22148109431528656,0.18180257031048525,0.02048422568358954,2000,percentile,0.05
mlp_prevyears_monthly_features_incremental_scaler_experience_replay_hard_example_mining_RR_0.2,MLP Prevyears + Monthly (Incremental Scaler + Replay Hard Example Mining RR=0.2),prior_years,2020,2017,False,1278749,297,0.8069362413198489,0.10571696613361788,0.10571696613361788,f1_score,0.10571696613361788,0.08213062887121826,0.1285647337674101,0.10511141691607438,0.011986747175324516,2000,percentile,0.05
mlp_prevyears_monthly_features_incremental_scaler_experience_replay_hard_example_mining_RR_0.2,MLP Prevyears + Monthly (Incremental Scaler + Replay Hard Example Mining RR=0.2),prior_years,2020,2017,False,1278749,297,0.8069362413198489,0.10571696613361788,0.10571696613361788,pr_auc,0.05487556023787128,0.0419836959084835,0.06996360740228884,0.05503698315249838,0.007178461525316515,2000,percentile,0.05
mlp_prevyears_monthly_features_incremental_scaler_experience_replay_hard_example_mining_RR_0.3,MLP Prevyears + Monthly (Incremental Scaler + Replay Hard Example Mining RR=0.3),prior_years,2020,2017,False,1278749,297,0.791783697290781,0.16749965292239344,0.16749965292239344,f1_score,0.16749965292239344,0.13778617696972095,0.19511032026747055,0.16672915021751214,0.014186949207669063,2000,percentile,0.05
mlp_prevyears_monthly_features_incremental_scaler_experience_replay_hard_example_mining_RR_0.3,MLP Prevyears + Monthly (Incremental Scaler + Replay Hard Example Mining RR=0.3),prior_years,2020,2017,False,1278749,297,0.791783697290781,0.16749965292239344,0.16749965292239344,pr_auc,0.10642227463101649,0.08133667802406232,0.13464143838002957,0.1065976047939671,0.013486861834144905,2000,percentile,0.05
mlp_prevyears_monthly_features_incremental_scaler_experience_replay_hard_example_mining_RR_0.4,MLP Prevyears + Monthly (Incremental Scaler + Replay Hard Example Mining RR=0.4),prior_years,2020,2017,False,1278749,297,0.8744166010137857,0.1727859953289709,0.1727859953289709,f1_score,0.1727859953289709,0.1345220360514494,0.21073681502843686,0.1717400802245515,0.01931274395550577,2000,percentile,0.05
mlp_prevyears_monthly_features_incremental_scaler_experience_replay_hard_example_mining_RR_0.4,MLP Prevyears + Monthly (Incremental Scaler + Replay Hard Example Mining RR=0.4),prior_years,2020,2017,False,1278749,297,0.8744166010137857,0.1727859953289709,0.1727859953289709,pr_auc,0.1025102748257826,0.07723941876972323,0.1308907454320946,0.10287078185442061,0.013787371247767249,2000,percentile,0.05
mlp_prevyears_monthly_features_incremental_scaler_experience_replay_hard_example_mining_RR_0.5,MLP Prevyears + Monthly (Incremental Scaler + Replay Hard Example Mining RR=0.5),prior_years,2020,2017,False,1278749,297,0.7815033623213705,0.2073760252023247,0.2073760252023247,f1_score,0.2073760252023247,0.1691785661953318,0.24462896812048107,0.2069369610716167,0.019547399338903395,2000,percentile,0.05
mlp_prevyears_monthly_features_incremental_scaler_experience_replay_hard_example_mining_RR_0.5,MLP Prevyears + Monthly (Incremental Scaler + Replay Hard Example Mining RR=0.5),prior_years,2020,2017,False,1278749,297,0.7815033623213705,0.2073760252023247,0.2073760252023247,pr_auc,0.14021392132396138,0.10633353785817201,0.1787476820970053,0.14126135371939308,0.018590443034466803,2000,percentile,0.05
mlp_prevyears_monthly_features_incremental_scaler_experience_replay_uncertainity_prioritization_RR_0.2,MLP Prevyears + Monthly (Incremental Scaler + Replay Uncertainty Prioritization RR=0.2),prior_years,2020,2017,False,1278749,297,0.8770175705571632,0.23891242170812063,0.23891242170812063,f1_score,0.23891242170812063,0.1994379040907826,0.27595761614379416,0.23792302512783306,0.019644897839889937,2000,percentile,0.05
mlp_prevyears_monthly_features_incremental_scaler_experience_replay_uncertainity_prioritization_RR_0.2,MLP Prevyears + Monthly (Incremental Scaler + Replay Uncertainty Prioritization RR=0.2),prior_years,2020,2017,False,1278749,297,0.8770175705571632,0.23891242170812063,0.23891242170812063,pr_auc,0.15859709804952438,0.1224484240871495,0.19641836269457832,0.15884240383713574,0.018688440679940035,2000,percentile,0.05
mlp_prevyears_monthly_features_incremental_scaler_experience_replay_uncertainity_prioritization_RR_0.3,MLP Prevyears + Monthly (Incremental Scaler + Replay Uncertainty Prioritization RR=0.3),prior_years,2020,2017,False,1278749,297,0.8742649341387232,0.27668259464897177,0.27668259464897177,f1_score,0.27668259464897177,0.23229509475559865,0.3176018676257249,0.27589335421367817,0.022032243350735566,2000,percentile,0.05
mlp_prevyears_monthly_features_incremental_scaler_experience_replay_uncertainity_prioritization_RR_0.3,MLP Prevyears + Monthly (Incremental Scaler + Replay Uncertainty Prioritization RR=0.3),prior_years,2020,2017,False,1278749,297,0.8742649341387232,0.27668259464897177,0.27668259464897177,pr_auc,0.19306753601223522,0.15040422150463112,0.23924658557439596,0.19484701875352523,0.022790328780092402,2000,percentile,0.05
mlp_prevyears_monthly_features_incremental_scaler_experience_replay_uncertainity_prioritization_RR_0.4,MLP Prevyears + Monthly (Incremental Scaler + Replay Uncertainty Prioritization RR=0.4),prior_years,2020,2017,False,1278749,297,0.8666712945817816,0.27069459429294246,0.27069459429294246,f1_score,0.27069459429294246,0.22715432466609167,0.3101435863297635,0.2698419011767464,0.02093660026760563,2000,percentile,0.05
mlp_prevyears_monthly_features_incremental_scaler_experience_replay_uncertainity_prioritization_RR_0.4,MLP Prevyears + Monthly (Incremental Scaler + Replay Uncertainty Prioritization RR=0.4),prior_years,2020,2017,False,1278749,297,0.8666712945817816,0.27069459429294246,0.27069459429294246,pr_auc,0.20610950996740882,0.16308284321417213,0.2485580135224317,0.20659388868255393,0.021537726356818592,2000,percentile,0.05
mlp_prevyears_monthly_features_incremental_scaler_experience_replay_uncertainity_prioritization_RR_0.5,MLP Prevyears + Monthly (Incremental Scaler + Replay Uncertainty Prioritization RR=0.5),prior_years,2020,2017,False,1278749,297,0.8614502320070002,0.2450053378069239,0.2450053378069239,f1_score,0.2450053378069239,0.20518065409362143,0.2814129544386238,0.2439835103491285,0.019449128206551557,2000,percentile,0.05
mlp_prevyears_monthly_features_incremental_scaler_experience_replay_uncertainity_prioritization_RR_0.5,MLP Prevyears + Monthly (Incremental Scaler + Replay Uncertainty Prioritization RR=0.5),prior_years,2020,2017,False,1278749,297,0.8614502320070002,0.2450053378069239,0.2450053378069239,pr_auc,0.1762670427777825,0.1357854539784452,0.21720920064318802,0.17646455895670693,0.02060383876318332,2000,percentile,0.05
mlp_prevyears_monthly_features_incremental_scaler_missclassification_buffer_RR_0.3,MLP Prevyears + Monthly (Incremental Scaler + Misclassification Buffer RR=0.3),prior_years,2020,2017,False,1278749,297,0.8242398434973797,0.09827046987452429,0.09827046987452429,f1_score,0.09827046987452429,0.0724175443876926,0.12500536873476928,0.09772151947033376,0.013487767760702287,2000,percentile,0.05
mlp_prevyears_monthly_features_incremental_scaler_missclassification_buffer_RR_0.3,MLP Prevyears + Monthly (Incremental Scaler + Misclassification Buffer RR=0.3),prior_years,2020,2017,False,1278749,297,0.8242398434973797,0.09827046987452429,0.09827046987452429,pr_auc,0.0509135445221756,0.036863948620395944,0.07007015982812315,0.051496754153265274,0.00858199219007118,2000,percentile,0.05
"mlp_combined_HE=0.1_CC=0.1_UP=0.1_PR=(0.2,10)_RR=0.5","MLP Combined (HE=0.1, CC=0.1, UP=0.1, PR=(0.2,10), RR=0.5)",prior_years,2020,2018,False,1281406,297,0.6337749873177886,0.45886424414031773,0.45886424414031773,f1_score,0.45886424414031773,0.38344910041312824,0.5219894374093855,0.4575558805648063,0.035791560863705434,2000,percentile,0.05
"mlp_combined_HE=0.1_CC=0.1_UP=0.1_PR=(0.2,10)_RR=0.5","MLP Combined (HE=0.1, CC=0.1, UP=0.1, PR=(0.2,10), RR=0.5)",prior_years,2020,2018,False,1281406,297,0.6337749873177886,0.45886424414031773,0.45886424414031773,pr_auc,0.4467152046414604,0.3696002216321876,0.5163141105193856,0.4457894479690671,0.03731814544267932,2000,percentile,0.05
"mlp_combined_HE=0_CC=0.15_UP=0_PR=(0,10)_MC=0.1_RWS=1_RR=0.4","MLP Combined (HE=0, CC=0.15, UP=0, PR=(0,10), MC=0.1, RWS=1, RR=0.4)",prior_years,2020,2018,False,1281406,297,0.8564686734321312,0.4361390450550321,0.4361390450550321,f1_score,0.4361390450550321,0.35178859992700406,0.5068024999744705,0.4352121543909694,0.03890252442689622,2000,percentile,0.05
"mlp_combined_HE=0_CC=0.15_UP=0_PR=(0,10)_MC=0.1_RWS=1_RR=0.4","MLP Combined (HE=0, CC=0.15, UP=0, PR=(0,10), MC=0.1, RWS=1, RR=0.4)",prior_years,2020,2018,False,1281406,297,0.8564686734321312,0.4361390450550321,0.4361390450550321,pr_auc,0.42175134768737066,0.34345418450433424,0.4994360312874893,0.42179068905989964,0.040380878967627945,2000,percentile,0.05
"mlp_combined_HE=0_CC=0.1_UP=0.1_PR=(0,10)_MC=0.1_RWS=1_RR=0.5","MLP Combined (HE=0, CC=0.1, UP=0.1, PR=(0,10), MC=0.1, RWS=1, RR=0.5)",prior_years,2020,2018,False,1281406,297,0.7904452656524873,0.43205968343583023,0.43205968343583023,f1_score,0.43205968343583023,0.3501235333324819,0.4985057944366204,0.4309750765684082,0.037890883457219554,2000,percentile,0.05
"mlp_combined_HE=0_CC=0.1_UP=0.1_PR=(0,10)_MC=0.1_RWS=1_RR=0.5","MLP Combined (HE=0, CC=0.1, UP=0.1, PR=(0,10), MC=0.1, RWS=1, RR=0.5)",prior_years,2020,2018,False,1281406,297,0.7904452656524873,0.43205968343583023,0.43205968343583023,pr_auc,0.40942259708944967,0.3334037369139167,0.48101291727512924,0.409135528777499,0.03796979849604595,2000,percentile,0.05
"mlp_combined_HE=0_CC=0.1_UP=0.2_PR=(0.1,10)_RR=0.5","MLP Combined (HE=0, CC=0.1, UP=0.2, PR=(0.1,10), RR=0.5)",prior_years,2020,2018,False,1281406,297,0.8076958295942578,0.4318583335065367,0.4318583335065367,f1_score,0.4318583335065367,0.348775830536099,0.5019023273043647,0.43076459784899584,0.03888295005994665,2000,percentile,0.05
"mlp_combined_HE=0_CC=0.1_UP=0.2_PR=(0.1,10)_RR=0.5","MLP Combined (HE=0, CC=0.1, UP=0.2, PR=(0.1,10), RR=0.5)",prior_years,2020,2018,False,1281406,297,0.8076958295942578,0.4318583335065367,0.4318583335065367,pr_auc,0.4158168822293647,0.34032046627046825,0.48862338012052753,0.4153725720481038,0.038095750261512594,2000,percentile,0.05
"mlp_combined_HE=0_CC=0.2_UP=0.1_PR=(0.2,10)_RR=0.5","MLP Combined (HE=0, CC=0.2, UP=0.1, PR=(0.2,10), RR=0.5)",prior_years,2020,2018,False,1281406,297,0.755738941086934,0.4400833759389625,0.4400833759389625,f1_score,0.4400833759389625,0.35552303913884964,0.5093385981545012,0.4390659921989578,0.03899906090061562,2000,percentile,0.05
"mlp_combined_HE=0_CC=0.2_UP=0.1_PR=(0.2,10)_RR=0.5","MLP Combined (HE=0, CC=0.2, UP=0.1, PR=(0.2,10), RR=0.5)",prior_years,2020,2018,False,1281406,297,0.755738941086934,0.4400833759389625,0.4400833759389625,pr_auc,0.4220273798186736,0.3421722324294483,0.4990412687524282,0.4221903043227365,0.04069880506476189,2000,percentile,0.05
"mlp_combined_HE=0_CC=0.2_UP=0.2_PR=(0.1,10)_RR=0.5","MLP Combined (HE=0, CC=0.2, UP=0.2, PR=(0.1,10), RR=0.5)",prior_years,2020,2018,False,1281406,297,0.6137505815982318,0.44779655370264115,0.44779655370264115,f1_score,0.44779655370264115,0.3708837472527444,0.5130538063815949,0.4467754455655203,0.036024544365330646,2000,percentile,0.05
"mlp_combined_HE=0_CC=0.2_UP=0.2_PR=(0.1,10)_RR=0.5","MLP Combined (HE=0, CC=0.2, UP=0.2, PR=(0.1,10), RR=0.5)",prior_years,2020,2018,False,1281406,297,0.6137505815982318,0.44779655370264115,0.44779655370264115,pr_auc,0.43656520830696527,0.36014734181699043,0.5074209287068651,0.43584349895335794,0.0373539102837882,2000,percentile,0.05
mlp_prevyears_monthly_features_incremental_scaler,MLP Prevyears + Monthly (Incremental Scaler),prior_years,2020,2018,True,1281406,297,0.9988297710113881,0.2828204963491146,0.2828204963491146,f1_score,0.2828204963491146,0.21950624542994868,0.34422064896709553,0.2806791762058542,0.03233159499336333,2000,percentile,0.05
mlp_prevyears_monthly_features_incremental_scaler,MLP Prevyears + Monthly (Incremental Scaler),prior_years,2020,2018,True,1281406,297,0.9988297710113881,0.2828204963491146,0.2828204963491146,pr_auc,0.2204872570781619,0.15739264874259987,0.28251893923323873,0.2192528144765671,0.03205965702283498,2000,percentile,0.05
mlp_prevyears_monthly_features_incremental_scaler_experience_replay_RR_0.2,MLP Prevyears + Monthly (Incremental Scaler + Replay RR=0.2),prior_years,2020,2018,False,1281406,297,0.9246400492972051,0.4322298325722983,0.4322298325722983,f1_score,0.4322298325722983,0.35116012030333776,0.5011073095409604,0.43164105813614356,0.03741356233476223,2000,percentile,0.05
mlp_prevyears_monthly_features_incremental_scaler_experience_replay_RR_0.2,MLP Prevyears + Monthly (Incremental Scaler + Replay RR=0.2),prior_years,2020,2018,False,1281406,297,0.9246400492972051,0.4322298325722983,0.4322298325722983,pr_auc,0.4099535673719812,0.3358588520862454,0.48419013776725933,0.41004796458257536,0.038057485227018545,2000,percentile,0.05
mlp_prevyears_monthly_features_incremental_scaler_experience_replay_RR_0.2_PR_0.10,"MLP Prevyears + Monthly (Incremental Scaler + Replay RR=0.2, PR=0.10)",prior_years,2020,2018,False,1281406,297,0.9439832298557469,0.4325961946663579,0.4325961946663579,f1_score,0.4325961946663579,0.34740469827603593,0.5038261705419674,0.43195461188370166,0.0395876270484708,2000,percentile,0.05
mlp_prevyears_monthly_features_incremental_scaler_experience_replay_RR_0.2_PR_0.10,"MLP Prevyears + Monthly (Incremental Scaler + Replay RR=0.2, PR=0.10)",prior_years,2020,2018,False,1281406,297,0.9439832298557469,0.4325961946663579,0.4325961946663579,pr_auc,0.4136622684308517,0.3323473297200298,0.49230897805476276,0.41415822305227257,0.041004433713166595,2000,percentile,0.05
mlp_prevyears_monthly_features_incremental_scaler_experience_replay_RR_0.2_PR_0.15,"MLP Prevyears + Monthly (Incremental Scaler + Replay RR=0.2, PR=0.15)",prior_years,2020,2018,False,1281406,297,0.9319674179262228,0.44274549136120206,0.44274549136120206,f1_score,0.44274549136120206,0.36372080445423616,0.5090889557775518,0.441894669911248,0.036410553711967816,2000,percentile,0.05
mlp_prevyears_monthly_features_incremental_scaler_experience_replay_RR_0.2_PR_0.15,"MLP Prevyears + Monthly (Incremental Scaler + Replay RR=0.2, PR=0.15)",prior_years,2020,2018,False,1281406,297,0.9319674179262228,0.44274549136120206,0.44274549136120206,pr_auc,0.43173405088994365,0.35854630825974976,0.5016754461054244,0.4314278234450123,0.03701690448493374,2000,percentile,0.05
mlp_prevyears_monthly_features_incremental_scaler_experience_replay_RR_0.3,MLP Prevyears + Monthly (Incremental Scaler + Replay RR=0.3),prior_years,2020,2018,False,1281406,297,0.9189566055417335,0.4483569916085013,0.4483569916085013,f1_score,0.4483569916085013,0.3623253228523885,0.5180597725990866,0.4475087288368726,0.039326003215972516,2000,percentile,0.05
mlp_prevyears_monthly_features_incremental_scaler_experience_replay_RR_0.3,MLP Prevyears + Monthly (Incremental Scaler + Replay RR=0.3),prior_years,2020,2018,False,1281406,297,0.9189566055417335,0.4483569916085013,0.4483569916085013,pr_auc,0.4343739658629717,0.3602700241621765,0.508445378747566,0.4344608596790716,0.03817482360549556,2000,percentile,0.05
mlp_prevyears_monthly_features_incremental_scaler_experience_replay_RR_0.3_PR_0.10,"MLP Prevyears + Monthly (Incremental Scaler + Replay RR=0.3, PR=0.10)",prior_years,2020,2018,False,1281406,297,0.9555777434949306,0.44332898303383195,0.44332898303383195,f1_score,0.44332898303383195,0.36069449830099537,0.5137380135144775,0.4425202966209929,0.038751771591333785,2000,percentile,0.05
mlp_prevyears_monthly_features_incremental_scaler_experience_replay_RR_0.3_PR_0.10,"MLP Prevyears + Monthly (Incremental Scaler + Replay RR=0.3, PR=0.10)",prior_years,2020,2018,False,1281406,297,0.9555777434949306,0.44332898303383195,0.44332898303383195,pr_auc,0.4231153018294035,0.348897294040758,0.4947075184891126,0.42300602728343617,0.03717645573860988,2000,percentile,0.05
mlp_prevyears_monthly_features_incremental_scaler_experience_replay_RR_0.3_PR_0.15,"MLP Prevyears + Monthly (Incremental Scaler + Replay RR=0.3, PR=0.15)",prior_years,2020,2018,False,1281406,297,0.9407818956198225,0.4452366805307982,0.4452366805307982,f1_score,0.4452366805307982,0.3618607252996913,0.5138997439015046,0.44431012569374,0.03895151411983611,2000,percentile,0.05
mlp_prevyears_monthly_features_incremental_scaler_experience_replay_RR_0.3_PR_0.15,"MLP Prevyears + Monthly (Incremental Scaler + Replay RR=0.3, PR=0.15)",prior_years,2020,2018,False,1281406,297,0.9407818956198225,0.4452366805307982,0.4452366805307982,pr_auc,0.4340909523027675,0.35704977949212785,0.5055870874241224,0.43389131864436387,0.038399534349040844,2000,percentile,0.05
mlp_prevyears_monthly_features_incremental_scaler_experience_replay_RR_0.4,MLP Prevyears + Monthly (Incremental Scaler + Replay RR=0.4),prior_years,2020,2018,False,1281406,297,0.9127367416401375,0.44748048944985064,0.44748048944985064,f1_score,0.44748048944985064,0.37039191752972117,0.5135067208553681,0.4464073573508466,0.0363652205287574,2000,percentile,0.05
mlp_prevyears_monthly_features_incremental_scaler_experience_replay_RR_0.4,MLP Prevyears + Monthly (Incremental Scaler + Replay RR=0.4),prior_years,2020,2018,False,1281406,297,0.9127367416401375,0.44748048944985064,0.44748048944985064,pr_auc,0.4364018500825749,0.36227545756515395,0.5054113682569578,0.4358077961749229,0.03662097570384112,2000,percentile,0.05
mlp_prevyears_monthly_features_incremental_scaler_experience_replay_RR_0.4_PR_0.10,"MLP Prevyears + Monthly (Incremental Scaler + Replay RR=0.4, PR=0.10)",prior_years,2020,2018,False,1281406,297,0.934442302275463,0.44390215102434416,0.44390215102434416,f1_score,0.44390215102434416,0.3604430561326357,0.5137151144665623,0.44306483972312505,0.03871569488830121,2000,percentile,0.05
mlp_prevyears_monthly_features_incremental_scaler_experience_replay_RR_0.4_PR_0.10,"MLP Prevyears + Monthly (Incremental Scaler + Replay RR=0.4, PR=0.10)",prior_years,2020,2018,False,1281406,297,0.934442302275463,0.44390215102434416,0.44390215102434416,pr_auc,0.42307959335071205,0.35119259795455504,0.493787492267826,0.4236275285339595,0.03678194326178804,2000,percentile,0.05
mlp_prevyears_monthly_features_incremental_scaler_experience_replay_RR_0.4_PR_0.15,"MLP Prevyears + Monthly (Incremental Scaler + Replay RR=0.4, PR=0.15)",prior_years,2020,2018,False,1281406,297,0.9477262230305539,0.44741749777021,0.44741749777021,f1_score,0.44741749777021,0.36019477851941717,0.5181530475155559,0.4465436739010871,0.03993183611058563,2000,percentile,0.05
mlp_prevyears_monthly_features_incremental_scaler_experience_replay_RR_0.4_PR_0.15,"MLP Prevyears + Monthly (Incremental Scaler + Replay RR=0.4, PR=0.15)",prior_years,2020,2018,False,1281406,297,0.9477262230305539,0.44741749777021,0.44741749777021,pr_auc,0.44384593655892013,0.36745855092128504,0.5169702407888294,0.44337241517267006,0.03839216901592164,2000,percentile,0.05
mlp_prevyears_monthly_features_incremental_scaler_experience_replay_RR_0.5,MLP Prevyears + Monthly (Incremental Scaler + Replay RR=0.5),prior_years,2020,2018,False,1281406,297,0.9351206800751332,0.4431905921482449,0.4431905921482449,f1_score,0.4431905921482449,0.3582870370460632,0.5126409910256184,0.4423954492162901,0.03903115154192241,2000,percentile,0.05
mlp_prevyears_monthly_features_incremental_scaler_experience_replay_RR_0.5,MLP Prevyears + Monthly (Incremental Scaler + Replay RR=0.5),prior_years,2020,2018,False,1281406,297,0.9351206800751332,0.4431905921482449,0.4431905921482449,pr_auc,0.4271240551029145,0.3490914781003052,0.5035795967056418,0.4273494882492382,0.03942955689177531,2000,percentile,0.05
mlp_prevyears_monthly_features_incremental_scaler_experience_replay_RR_0.5_PR_0.10,"MLP Prevyears + Monthly (Incremental Scaler + Replay RR=0.5, PR=0.10)",prior_years,2020,2018,False,1281406,297,0.9323791828749691,0.4507262220833984,0.4507262220833984,f1_score,0.4507262220833984,0.36871984263153845,0.5181029969839427,0.4498875872234488,0.0382550616761512,2000,percentile,0.05
mlp_prevyears_monthly_features_incremental_scaler_experience_replay_RR_0.5_PR_0.10,"MLP Prevyears + Monthly (Incremental Scaler + Replay RR=0.5, PR=0.10)",prior_years,2020,2018,False,1281406,297,0.9323791828749691,0.4507262220833984,0.4507262220833984,pr_auc,0.438937817555826,0.3650470352327288,0.5102642725986551,0.43873283258678875,0.03742669401214683,2000,percentile,0.05
mlp_prevyears_monthly_features_incremental_scaler_experience_replay_RR_0.5_PR_0.15,"MLP Prevyears + Monthly (Incremental Scaler + Replay RR=0.5, PR=0.15)",prior_years,2020,2018,False,1281406,297,0.9352109035375303,0.4458647188617515,0.4458647188617515,f1_score,0.4458647188617515,0.36511518503816315,0.5143578525977835,0.44497136931183484,0.03776536321011601,2000,percentile,0.05
mlp_prevyears_monthly_features_incremental_scaler_experience_replay_RR_0.5_PR_0.15,"MLP Prevyears + Monthly (Incremental Scaler + Replay RR=0.5, PR=0.15)",prior_years,2020,2018,False,1281406,297,0.9352109035375303,0.4458647188617515,0.4458647188617515,pr_auc,0.4332633149044333,0.35502822337026196,0.5080894998545973,0.4329256281221448,0.039044791271105155,2000,percentile,0.05
mlp_prevyears_monthly_features_incremental_scaler_experience_replay_confidently_correct_memory_RR_0.2,MLP Prevyears + Monthly (Incremental Scaler + Replay Confidently Correct RR=0.2),prior_years,2020,2018,False,1281406,297,0.9407332625385483,0.42932551319648093,0.42932551319648093,f1_score,0.42932551319648093,0.3536642964795373,0.4972869231076014,0.428721752122521,0.03641285204625035,2000,percentile,0.05
mlp_prevyears_monthly_features_incremental_scaler_experience_replay_confidently_correct_memory_RR_0.2,MLP Prevyears + Monthly (Incremental Scaler + Replay Confidently Correct RR=0.2),prior_years,2020,2018,False,1281406,297,0.9407332625385483,0.42932551319648093,0.42932551319648093,pr_auc,0.4117763762066843,0.337905896710778,0.4854621829742321,0.4119719513532597,0.03830461440115784,2000,percentile,0.05
mlp_prevyears_monthly_features_incremental_scaler_experience_replay_confidently_correct_memory_RR_0.3,MLP Prevyears + Monthly (Incremental Scaler + Replay Confidently Correct RR=0.3),prior_years,2020,2018,False,1281406,297,0.9445863356270244,0.43407473137984914,0.43407473137984914,f1_score,0.43407473137984914,0.35051206119024625,0.503558295119129,0.43326172190784595,0.03809047415689924,2000,percentile,0.05
mlp_prevyears_monthly_features_incremental_scaler_experience_replay_confidently_correct_memory_RR_0.3,MLP Prevyears + Monthly (Incremental Scaler + Replay Confidently Correct RR=0.3),prior_years,2020,2018,False,1281406,297,0.9445863356270244,0.43407473137984914,0.43407473137984914,pr_auc,0.4186402943641783,0.3425797056575243,0.49078973153931416,0.41882591070563496,0.03814380116686128,2000,percentile,0.05
mlp_prevyears_monthly_features_incremental_scaler_experience_replay_confidently_correct_memory_RR_0.4,MLP Prevyears + Monthly (Incremental Scaler + Replay Confidently Correct RR=0.4),prior_years,2020,2018,False,1281406,297,0.9257101629798379,0.44085473436581063,0.44085473436581063,f1_score,0.44085473436581063,0.35610495366063444,0.5133876656370042,0.43996694428469607,0.0397000929915628,2000,percentile,0.05
mlp_prevyears_monthly_features_incremental_scaler_experience_replay_confidently_correct_memory_RR_0.4,MLP Prevyears + Monthly (Incremental Scaler + Replay Confidently Correct RR=0.4),prior_years,2020,2018,False,1281406,297,0.9257101629798379,0.44085473436581063,0.44085473436581063,pr_auc,0.4279930181481266,0.35175249241749623,0.5018480756646267,0.42786057769073654,0.03898188340067414,2000,percentile,0.05
mlp_prevyears_monthly_features_incremental_scaler_experience_replay_confidently_correct_memory_RR_0.5,MLP Prevyears + Monthly (Incremental Scaler + Replay Confidently Correct RR=0.5),prior_years,2020,2018,False,1281406,297,0.9535649111107944,0.44790644743554525,0.44790644743554525,f1_score,0.44790644743554525,0.3641478969567441,0.5177932180300946,0.44705000506724524,0.038625863934365415,2000,percentile,0.05
mlp_prevyears_monthly_features_incremental_scaler_experience_replay_confidently_correct_memory_RR_0.5,MLP Prevyears + Monthly (Incremental Scaler + Replay Confidently Correct RR=0.5),prior_years,2020,2018,False,1281406,297,0.9535649111107944,0.44790644743554525,0.44790644743554525,pr_auc,0.43107029539641684,0.3547002982882652,0.5030654109367471,0.4312290474629408,0.038049329166485055,2000,percentile,0.05
mlp_prevyears_monthly_features_incremental_scaler_experience_replay_hard_example_mining_RR_0.2,MLP Prevyears + Monthly (Incremental Scaler + Replay Hard Example Mining RR=0.2),prior_years,2020,2018,False,1281406,297,0.6589233788733674,0.42288044984754286,0.42288044984754286,f1_score,0.42288044984754286,0.3378414486017561,0.49290147614706914,0.42181020515662354,0.03925479878229549,2000,percentile,0.05
mlp_prevyears_monthly_features_incremental_scaler_experience_replay_hard_example_mining_RR_0.2,MLP Prevyears + Monthly (Incremental Scaler + Replay Hard Example Mining RR=0.2),prior_years,2020,2018,False,1281406,297,0.6589233788733674,0.42288044984754286,0.42288044984754286,pr_auc,0.37798201797976294,0.2948490957404307,0.4587633690402797,0.37830067020735003,0.04183878967518054,2000,percentile,0.05
mlp_prevyears_monthly_features_incremental_scaler_experience_replay_hard_example_mining_RR_0.3,MLP Prevyears + Monthly (Incremental Scaler + Replay Hard Example Mining RR=0.3),prior_years,2020,2018,False,1281406,297,0.7792485541164059,0.40457323975549014,0.40457323975549014,f1_score,0.40457323975549014,0.33647362906825196,0.46576253834934517,0.4035854012075317,0.03262735827899236,2000,percentile,0.05
mlp_prevyears_monthly_features_incremental_scaler_experience_replay_hard_example_mining_RR_0.3,MLP Prevyears + Monthly (Incremental Scaler + Replay Hard Example Mining RR=0.3),prior_years,2020,2018,False,1281406,297,0.7792485541164059,0.40457323975549014,0.40457323975549014,pr_auc,0.3707496409177418,0.2990167898159719,0.4389259919036866,0.369837391414227,0.03583932303976291,2000,percentile,0.05
mlp_prevyears_monthly_features_incremental_scaler_experience_replay_hard_example_mining_RR_0.4,MLP Prevyears + Monthly (Incremental Scaler + Replay Hard Example Mining RR=0.4),prior_years,2020,2018,False,1281406,297,0.8467378403696264,0.4130454924488094,0.4130454924488094,f1_score,0.4130454924488094,0.3599691109411348,0.4608986812922304,0.4117317892284946,0.02584379714067185,2000,percentile,0.05
mlp_prevyears_monthly_features_incremental_scaler_experience_replay_hard_example_mining_RR_0.4,MLP Prevyears + Monthly (Incremental Scaler + Replay Hard Example Mining RR=0.4),prior_years,2020,2018,False,1281406,297,0.8467378403696264,0.4130454924488094,0.4130454924488094,pr_auc,0.3800657211388579,0.31308012359961956,0.4442588082048204,0.3797756119094721,0.03304595667373049,2000,percentile,0.05
mlp_prevyears_monthly_features_incremental_scaler_experience_replay_hard_example_mining_RR_0.5,MLP Prevyears + Monthly (Incremental Scaler + Replay Hard Example Mining RR=0.5),prior_years,2020,2018,False,1281406,297,0.8548020785947384,0.39684125581216617,0.39684125581216617,f1_score,0.39684125581216617,0.3204415430534825,0.4629197816326743,0.3956659560259178,0.036773641722567134,2000,percentile,0.05
mlp_prevyears_monthly_features_incremental_scaler_experience_replay_hard_example_mining_RR_0.5,MLP Prevyears + Monthly (Incremental Scaler + Replay Hard Example Mining RR=0.5),prior_years,2020,2018,False,1281406,297,0.8548020785947384,0.39684125581216617,0.39684125581216617,pr_auc,0.37299386698504633,0.2972078442650895,0.4469739987622852,0.3722861753296779,0.03850039644320028,2000,percentile,0.05
mlp_prevyears_monthly_features_incremental_scaler_experience_replay_uncertainity_prioritization_RR_0.2,MLP Prevyears + Monthly (Incremental Scaler + Replay Uncertainty Prioritization RR=0.2),prior_years,2020,2018,False,1281406,297,0.9187972519505191,0.4504026492059908,0.4504026492059908,f1_score,0.4504026492059908,0.3725273240334206,0.5171342435008965,0.44921649996347324,0.036690503636382286,2000,percentile,0.05
mlp_prevyears_monthly_features_incremental_scaler_experience_replay_uncertainity_prioritization_RR_0.2,MLP Prevyears + Monthly (Incremental Scaler + Replay Uncertainty Prioritization RR=0.2),prior_years,2020,2018,False,1281406,297,0.9187972519505191,0.4504026492059908,0.4504026492059908,pr_auc,0.43883414822081845,0.3622701449733739,0.5082201411072705,0.43821843959170775,0.03731943848583928,2000,percentile,0.05
mlp_prevyears_monthly_features_incremental_scaler_experience_replay_uncertainity_prioritization_RR_0.3,MLP Prevyears + Monthly (Incremental Scaler + Replay Uncertainty Prioritization RR=0.3),prior_years,2020,2018,False,1281406,297,0.9626743025869617,0.4427468830397783,0.4427468830397783,f1_score,0.4427468830397783,0.3617892138565281,0.5125000241254076,0.44178791175483284,0.03849293630450058,2000,percentile,0.05
mlp_prevyears_monthly_features_incremental_scaler_experience_replay_uncertainity_prioritization_RR_0.3,MLP Prevyears + Monthly (Incremental Scaler + Replay Uncertainty Prioritization RR=0.3),prior_years,2020,2018,False,1281406,297,0.9626743025869617,0.4427468830397783,0.4427468830397783,pr_auc,0.4287073959580159,0.3493083015070296,0.5036023069370978,0.4282970031036499,0.039354853371427315,2000,percentile,0.05
mlp_prevyears_monthly_features_incremental_scaler_experience_replay_uncertainity_prioritization_RR_0.4,MLP Prevyears + Monthly (Incremental Scaler + Replay Uncertainty Prioritization RR=0.4),prior_years,2020,2018,False,1281406,297,0.938084942763712,0.45517108804306033,0.45517108804306033,f1_score,0.45517108804306033,0.3725078810308943,0.5236110289359726,0.45432295742273054,0.03800925706982876,2000,percentile,0.05
mlp_prevyears_monthly_features_incremental_scaler_experience_replay_uncertainity_prioritization_RR_0.4,MLP Prevyears + Monthly (Incremental Scaler + Replay Uncertainty Prioritization RR=0.4),prior_years,2020,2018,False,1281406,297,0.938084942763712,0.45517108804306033,0.45517108804306033,pr_auc,0.44618989604782955,0.3711168701944815,0.5166247783943585,0.44564979626461154,0.03752371884297379,2000,percentile,0.05
mlp_prevyears_monthly_features_incremental_scaler_experience_replay_uncertainity_prioritization_RR_0.5,MLP Prevyears + Monthly (Incremental Scaler + Replay Uncertainty Prioritization RR=0.5),prior_years,2020,2018,False,1281406,297,0.9316795695922804,0.44661578785075545,0.44661578785075545,f1_score,0.44661578785075545,0.365511537040808,0.5163023084378344,0.4456039047378985,0.038389228406685495,2000,percentile,0.05
mlp_prevyears_monthly_features_incremental_scaler_experience_replay_uncertainity_prioritization_RR_0.5,MLP Prevyears + Monthly (Incremental Scaler + Replay Uncertainty Prioritization RR=0.5),prior_years,2020,2018,False,1281406,297,0.9316795695922804,0.44661578785075545,0.44661578785075545,pr_auc,0.4326973131485396,0.35774843530099804,0.5033880731680004,0.432378350845179,0.03769787209405148,2000,percentile,0.05
mlp_prevyears_monthly_features_incremental_scaler_missclassification_buffer_RR_0.3,MLP Prevyears + Monthly (Incremental Scaler + Misclassification Buffer RR=0.3),prior_years,2020,2018,False,1281406,297,0.7732034576774872,0.4196827807306167,0.4196827807306167,f1_score,0.4196827807306167,0.33726859939402665,0.48899253802513615,0.4190384506101592,0.03898979173616781,2000,percentile,0.05
mlp_prevyears_monthly_features_incremental_scaler_missclassification_buffer_RR_0.3,MLP Prevyears + Monthly (Incremental Scaler + Misclassification Buffer RR=0.3),prior_years,2020,2018,False,1281406,297,0.7732034576774872,0.4196827807306167,0.4196827807306167,pr_auc,0.3912868434352508,0.3035313425790999,0.47372957666537774,0.39212151292312625,0.04299200770401705,2000,percentile,0.05
"mlp_combined_HE=0.1_CC=0.1_UP=0.1_PR=(0.2,10)_RR=0.5","MLP Combined (HE=0.1, CC=0.1, UP=0.1, PR=(0.2,10), RR=0.5)",prior_years,2020,2019,False,1280996,297,0.8741147923356154,0.45676544711914485,0.45676544711914485,f1_score,0.45676544711914485,0.38328709792636106,0.5221739322026595,0.45453880493389964,0.03514538101529266,2000,percentile,0.05
"mlp_combined_HE=0.1_CC=0.1_UP=0.1_PR=(0.2,10)_RR=0.5","MLP Combined (HE=0.1, CC=0.1, UP=0.1, PR=(0.2,10), RR=0.5)",prior_years,2020,2019,False,1280996,297,0.8741147923356154,0.45676544711914485,0.45676544711914485,pr_auc,0.414201190627186,0.3307974235443769,0.48839228508772586,0.4119446086306918,0.039181941076024004,2000,percentile,0.05
"mlp_combined_HE=0_CC=0.15_UP=0_PR=(0,10)_MC=0.1_RWS=1_RR=0.4","MLP Combined (HE=0, CC=0.15, UP=0, PR=(0,10), MC=0.1, RWS=1, RR=0.4)",prior_years,2020,2019,False,1280996,297,0.8679837263821005,0.47370557941748404,0.47370557941748404,f1_score,0.47370557941748404,0.4096911543922243,0.5302772230359631,0.47162689431387367,0.030297344006135065,2000,percentile,0.05
"mlp_combined_HE=0_CC=0.15_UP=0_PR=(0,10)_MC=0.1_RWS=1_RR=0.4","MLP Combined (HE=0, CC=0.15, UP=0, PR=(0,10), MC=0.1, RWS=1, RR=0.4)",prior_years,2020,2019,False,1280996,297,0.8679837263821005,0.47370557941748404,0.47370557941748404,pr_auc,0.42958915069686665,0.35544902502077685,0.4943662704706708,0.42735181649558696,0.03477152030285708,2000,percentile,0.05
"mlp_combined_HE=0_CC=0.1_UP=0.1_PR=(0,10)_MC=0.1_RWS=1_RR=0.5","MLP Combined (HE=0, CC=0.1, UP=0.1, PR=(0,10), MC=0.1, RWS=1, RR=0.5)",prior_years,2020,2019,False,1280996,297,0.8403292829967399,0.4387772552372809,0.4387772552372809,f1_score,0.4387772552372809,0.378950882362319,0.4942446368969296,0.436571759930264,0.02896903214301713,2000,percentile,0.05
"mlp_combined_HE=0_CC=0.1_UP=0.1_PR=(0,10)_MC=0.1_RWS=1_RR=0.5","MLP Combined (HE=0, CC=0.1, UP=0.1, PR=(0,10), MC=0.1, RWS=1, RR=0.5)",prior_years,2020,2019,False,1280996,297,0.8403292829967399,0.4387772552372809,0.4387772552372809,pr_auc,0.39915946696812776,0.32963908086811233,0.46144064317001493,0.39685051671763494,0.033178176182687646,2000,percentile,0.05
"mlp_combined_HE=0_CC=0.1_UP=0.2_PR=(0.1,10)_RR=0.5","MLP Combined (HE=0, CC=0.1, UP=0.2, PR=(0.1,10), RR=0.5)",prior_years,2020,2019,False,1280996,297,0.8586798831481572,0.4698393711551606,0.4698393711551606,f1_score,0.4698393711551606,0.40588887987791633,0.5262497776604217,0.4677059905665421,0.030566197009710885,2000,percentile,0.05
"mlp_combined_HE=0_CC=0.1_UP=0.2_PR=(0.1,10)_RR=0.5","MLP Combined (HE=0, CC=0.1, UP=0.2, PR=(0.1,10), RR=0.5)",prior_years,2020,2019,False,1280996,297,0.8586798831481572,0.4698393711551606,0.4698393711551606,pr_auc,0.42165160068747454,0.34554989450732293,0.4883589499903936,0.41927949727573616,0.03598953786059447,2000,percentile,0.05
"mlp_combined_HE=0_CC=0.2_UP=0.1_PR=(0.2,10)_RR=0.5","MLP Combined (HE=0, CC=0.2, UP=0.1, PR=(0.2,10), RR=0.5)",prior_years,2020,2019,False,1280996,297,0.8604411515119191,0.4466591742827456,0.4466591742827456,f1_score,0.4466591742827456,0.38143920666176184,0.5023595329096404,0.44476274397523186,0.029670312934253856,2000,percentile,0.05
"mlp_combined_HE=0_CC=0.2_UP=0.1_PR=(0.2,10)_RR=0.5","MLP Combined (HE=0, CC=0.2, UP=0.1, PR=(0.2,10), RR=0.5)",prior_years,2020,2019,False,1280996,297,0.8604411515119191,0.4466591742827456,0.4466591742827456,pr_auc,0.41039663344453353,0.3342608379706228,0.4758735513108367,0.4081167044165579,0.03476108694121513,2000,percentile,0.05
"mlp_combined_HE=0_CC=0.2_UP=0.2_PR=(0.1,10)_RR=0.5","MLP Combined (HE=0, CC=0.2, UP=0.2, PR=(0.1,10), RR=0.5)",prior_years,2020,2019,False,1280996,297,0.8440590571576787,0.4725502079371382,0.4725502079371382,f1_score,0.4725502079371382,0.4085087607405133,0.5287904253555562,0.4702856821412847,0.030282108131686598,2000,percentile,0.05
"mlp_combined_HE=0_CC=0.2_UP=0.2_PR=(0.1,10)_RR=0.5","MLP Combined (HE=0, CC=0.2, UP=0.2, PR=(0.1,10), RR=0.5)",prior_years,2020,2019,False,1280996,297,0.8440590571576787,0.4725502079371382,0.4725502079371382,pr_auc,0.4233820195698147,0.3465159477843873,0.48897200997225926,0.42089896722158926,0.03504403081945158,2000,percentile,0.05
mlp_prevyears_monthly_features_incremental_scaler,MLP Prevyears + Monthly (Incremental Scaler),prior_years,2020,2019,True,1280996,297,0.9334558340753187,0.4577979500948241,0.4577979500948241,f1_score,0.4577979500948241,0.3979122151040292,0.5113202125307176,0.4556858519670418,0.028561442153639132,2000,percentile,0.05
mlp_prevyears_monthly_features_incremental_scaler,MLP Prevyears + Monthly (Incremental Scaler),prior_years,2020,2019,True,1280996,297,0.9334558340753187,0.4577979500948241,0.4577979500948241,pr_auc,0.4075245308595012,0.33231007407440283,0.47237528017864805,0.40515393780276443,0.034493170742064885,2000,percentile,0.05
mlp_prevyears_monthly_features_incremental_scaler_experience_replay_RR_0.2,MLP Prevyears + Monthly (Incremental Scaler + Replay RR=0.2),prior_years,2020,2019,False,1280996,297,0.9132457824567439,0.47272042358160854,0.47272042358160854,f1_score,0.47272042358160854,0.40480193658424896,0.5369217517508728,0.4706517820487518,0.03402610921344993,2000,percentile,0.05
mlp_prevyears_monthly_features_incremental_scaler_experience_replay_RR_0.2,MLP Prevyears + Monthly (Incremental Scaler + Replay RR=0.2),prior_years,2020,2019,False,1280996,297,0.9132457824567439,0.47272042358160854,0.47272042358160854,pr_auc,0.4294036225602548,0.35108105880203333,0.5015408755189076,0.4271181315468297,0.03812825634343391,2000,percentile,0.05
mlp_prevyears_monthly_features_incremental_scaler_experience_replay_RR_0.2_PR_0.10,"MLP Prevyears + Monthly (Incremental Scaler + Replay RR=0.2, PR=0.10)",prior_years,2020,2019,False,1280996,297,0.9308133208012818,0.47000401496101263,0.47000401496101263,f1_score,0.47000401496101263,0.3988758282194071,0.5358326251904248,0.467881677207557,0.03513708757825459,2000,percentile,0.05
mlp_prevyears_monthly_features_incremental_scaler_experience_replay_RR_0.2_PR_0.10,"MLP Prevyears + Monthly (Incremental Scaler + Replay RR=0.2, PR=0.10)",prior_years,2020,2019,False,1280996,297,0.9308133208012818,0.47000401496101263,0.47000401496101263,pr_auc,0.43023919362491436,0.3498860507046259,0.5027600534816251,0.4276736501607281,0.03808267929014407,2000,percentile,0.05
mlp_prevyears_monthly_features_incremental_scaler_experience_replay_RR_0.2_PR_0.15,"MLP Prevyears + Monthly (Incremental Scaler + Replay RR=0.2, PR=0.15)",prior_years,2020,2019,False,1280996,297,0.9336547399660557,0.47161697837582045,0.47161697837582045,f1_score,0.47161697837582045,0.4057046080491839,0.5328660918824683,0.46963572926284697,0.032021099021100376,2000,percentile,0.05
mlp_prevyears_monthly_features_incremental_scaler_experience_replay_RR_0.2_PR_0.15,"MLP Prevyears + Monthly (Incremental Scaler + Replay RR=0.2, PR=0.15)",prior_years,2020,2019,False,1280996,297,0.9336547399660557,0.47161697837582045,0.47161697837582045,pr_auc,0.4298810911651807,0.35165324327914255,0.5014778416632082,0.4275570419342471,0.038448068303313966,2000,percentile,0.05
mlp_prevyears_monthly_features_incremental_scaler_experience_replay_RR_0.3,MLP Prevyears + Monthly (Incremental Scaler + Replay RR=0.3),prior_years,2020,2019,False,1280996,297,0.9135394176797075,0.4495448134376202,0.4495448134376202,f1_score,0.4495448134376202,0.39084114682447835,0.5007766660469124,0.4474785165124886,0.027493815580334854,2000,percentile,0.05
mlp_prevyears_monthly_features_incremental_scaler_experience_replay_RR_0.3,MLP Prevyears + Monthly (Incremental Scaler + Replay RR=0.3),prior_years,2020,2019,False,1280996,297,0.9135394176797075,0.4495448134376202,0.4495448134376202,pr_auc,0.4045382115618087,0.33360634940879635,0.4672877086687837,0.4025799355269022,0.03303812787570486,2000,percentile,0.05
mlp_prevyears_monthly_features_incremental_scaler_experience_replay_RR_0.3_PR_0.10,"MLP Prevyears + Monthly (Incremental Scaler + Replay RR=0.3, PR=0.10)",prior_years,2020,2019,False,1280996,297,0.9177506127534143,0.4643957511903992,0.4643957511903992,f1_score,0.4643957511903992,0.3936129569417023,0.5278256140614177,0.4622743331161957,0.03404218440354258,2000,percentile,0.05
mlp_prevyears_monthly_features_incremental_scaler_experience_replay_RR_0.3_PR_0.10,"MLP Prevyears + Monthly (Incremental Scaler + Replay RR=0.3, PR=0.10)",prior_years,2020,2019,False,1280996,297,0.9177506127534143,0.4643957511903992,0.4643957511903992,pr_auc,0.4253440194049037,0.3441009201066025,0.49860714214435836,0.4226752291427117,0.03816299001017829,2000,percentile,0.05
mlp_prevyears_monthly_features_incremental_scaler_experience_replay_RR_0.3_PR_0.15,"MLP Prevyears + Monthly (Incremental Scaler + Replay RR=0.3, PR=0.15)",prior_years,2020,2019,False,1280996,297,0.9203024109919244,0.47591910189390696,0.47591910189390696,f1_score,0.47591910189390696,0.41009187927525875,0.5341677428548546,0.47365054422000125,0.03139868985279168,2000,percentile,0.05
mlp_prevyears_monthly_features_incremental_scaler_experience_replay_RR_0.3_PR_0.15,"MLP Prevyears + Monthly (Incremental Scaler + Replay RR=0.3, PR=0.15)",prior_years,2020,2019,False,1280996,297,0.9203024109919244,0.47591910189390696,0.47591910189390696,pr_auc,0.428719838221569,0.35281910112480747,0.49635374028394413,0.42623470166076777,0.03577669672483701,2000,percentile,0.05
mlp_prevyears_monthly_features_incremental_scaler_experience_replay_RR_0.4,MLP Prevyears + Monthly (Incremental Scaler + Replay RR=0.4),prior_years,2020,2019,False,1280996,297,0.9227953740038707,0.4784242581313982,0.4784242581313982,f1_score,0.4784242581313982,0.41615200298616317,0.5326568169444534,0.4762552811886952,0.029543828025533406,2000,percentile,0.05
mlp_prevyears_monthly_features_incremental_scaler_experience_replay_RR_0.4,MLP Prevyears + Monthly (Incremental Scaler + Replay RR=0.4),prior_years,2020,2019,False,1280996,297,0.9227953740038707,0.4784242581313982,0.4784242581313982,pr_auc,0.4316865434708268,0.35541349624084756,0.4974673615214561,0.42933217757364933,0.03523834920191499,2000,percentile,0.05
mlp_prevyears_monthly_features_incremental_scaler_experience_replay_RR_0.4_PR_0.10,"MLP Prevyears + Monthly (Incremental Scaler + Replay RR=0.4, PR=0.10)",prior_years,2020,2019,False,1280996,297,0.9197512423831409,0.47059805169069024,0.47059805169069024,f1_score,0.47059805169069024,0.4103719963409252,0.5227673301744613,0.4685837981997419,0.028291831958732982,2000,percentile,0.05
mlp_prevyears_monthly_features_incremental_scaler_experience_replay_RR_0.4_PR_0.10,"MLP Prevyears + Monthly (Incremental Scaler + Replay RR=0.4, PR=0.10)",prior_years,2020,2019,False,1280996,297,0.9197512423831409,0.47059805169069024,0.47059805169069024,pr_auc,0.4251768800376691,0.35120838171454455,0.49047392810714696,0.4229131622616474,0.03419831752044126,2000,percentile,0.05
mlp_prevyears_monthly_features_incremental_scaler_experience_replay_RR_0.4_PR_0.15,"MLP Prevyears + Monthly (Incremental Scaler + Replay RR=0.4, PR=0.15)",prior_years,2020,2019,False,1280996,297,0.9189577821815853,0.478972604186469,0.478972604186469,f1_score,0.478972604186469,0.41437839362140155,0.5353309538431049,0.47669042038308485,0.030447069536059843,2000,percentile,0.05
mlp_prevyears_monthly_features_incremental_scaler_experience_replay_RR_0.4_PR_0.15,"MLP Prevyears + Monthly (Incremental Scaler + Replay RR=0.4, PR=0.15)",prior_years,2020,2019,False,1280996,297,0.9189577821815853,0.478972604186469,0.478972604186469,pr_auc,0.4363974199882002,0.3588997148590915,0.5043649474941078,0.43356870458480806,0.03676745911164329,2000,percentile,0.05
mlp_prevyears_monthly_features_incremental_scaler_experience_replay_RR_0.5,MLP Prevyears + Monthly (Incremental Scaler + Replay RR=0.5),prior_years,2020,2019,False,1280996,297,0.9002904177271118,0.46595936600661486,0.46595936600661486,f1_score,0.46595936600661486,0.40416550563487574,0.5188527140457481,0.463783981457649,0.028122151120650907,2000,percentile,0.05
mlp_prevyears_monthly_features_incremental_scaler_experience_replay_RR_0.5,MLP Prevyears + Monthly (Incremental Scaler + Replay RR=0.5),prior_years,2020,2019,False,1280996,297,0.9002904177271118,0.46595936600661486,0.46595936600661486,pr_auc,0.4262623940549677,0.3527142225834285,0.4896840999458316,0.4237080233808655,0.03346539879530138,2000,percentile,0.05
mlp_prevyears_monthly_features_incremental_scaler_experience_replay_RR_0.5_PR_0.10,"MLP Prevyears + Monthly (Incremental Scaler + Replay RR=0.5, PR=0.10)",prior_years,2020,2019,False,1280996,297,0.899573044788412,0.472241893602867,0.472241893602867,f1_score,0.472241893602867,0.4057998996460836,0.5317155275375839,0.47008165907485805,0.03192662742072277,2000,percentile,0.05
mlp_prevyears_monthly_features_incremental_scaler_experience_replay_RR_0.5_PR_0.10,"MLP Prevyears + Monthly (Incremental Scaler + Replay RR=0.5, PR=0.10)",prior_years,2020,2019,False,1280996,297,0.899573044788412,0.472241893602867,0.472241893602867,pr_auc,0.42820999698483125,0.3516954453167036,0.49722181989552616,0.42582187067319843,0.03586929136995322,2000,percentile,0.05
mlp_prevyears_monthly_features_incremental_scaler_experience_replay_RR_0.5_PR_0.15,"MLP Prevyears + Monthly (Incremental Scaler + Replay RR=0.5, PR=0.15)",prior_years,2020,2019,False,1280996,297,0.9222238521852013,0.46519455765760287,0.46519455765760287,f1_score,0.46519455765760287,0.4049164121227183,0.5188215484480903,0.4633114333953218,0.029049646704457924,2000,percentile,0.05
mlp_prevyears_monthly_features_incremental_scaler_experience_replay_RR_0.5_PR_0.15,"MLP Prevyears + Monthly (Incremental Scaler + Replay RR=0.5, PR=0.15)",prior_years,2020,2019,False,1280996,297,0.9222238521852013,0.46519455765760287,0.46519455765760287,pr_auc,0.4260277605823105,0.3514526882165604,0.492449193883013,0.42361895983725517,0.034649992379584785,2000,percentile,0.05
mlp_prevyears_monthly_features_incremental_scaler_experience_replay_confidently_correct_memory_RR_0.2,MLP Prevyears + Monthly (Incremental Scaler + Replay Confidently Correct RR=0.2),prior_years,2020,2019,False,1280996,297,0.9091094220962362,0.46343210680560076,0.46343210680560076,f1_score,0.46343210680560076,0.40000569971533173,0.5173178169555237,0.46127059231177747,0.028872512995143644,2000,percentile,0.05
mlp_prevyears_monthly_features_incremental_scaler_experience_replay_confidently_correct_memory_RR_0.2,MLP Prevyears + Monthly (Incremental Scaler + Replay Confidently Correct RR=0.2),prior_years,2020,2019,False,1280996,297,0.9091094220962362,0.46343210680560076,0.46343210680560076,pr_auc,0.42096603860915244,0.3465428330791537,0.48556297005336213,0.4187268972506821,0.03417532102050516,2000,percentile,0.05
mlp_prevyears_monthly_features_incremental_scaler_experience_replay_confidently_correct_memory_RR_0.3,MLP Prevyears + Monthly (Incremental Scaler + Replay Confidently Correct RR=0.3),prior_years,2020,2019,False,1280996,297,0.9331425050816751,0.46898414357902074,0.46898414357902074,f1_score,0.46898414357902074,0.40338780879112557,0.5277628704075192,0.4668376827059893,0.03119670541122109,2000,percentile,0.05
mlp_prevyears_monthly_features_incremental_scaler_experience_replay_confidently_correct_memory_RR_0.3,MLP Prevyears + Monthly (Incremental Scaler + Replay Confidently Correct RR=0.3),prior_years,2020,2019,False,1280996,297,0.9331425050816751,0.46898414357902074,0.46898414357902074,pr_auc,0.4255061183341233,0.349612867664796,0.49272748835927943,0.42320451223892924,0.03498708944191261,2000,percentile,0.05
mlp_prevyears_monthly_features_incremental_scaler_experience_replay_confidently_correct_memory_RR_0.4,MLP Prevyears + Monthly (Incremental Scaler + Replay Confidently Correct RR=0.4),prior_years,2020,2019,False,1280996,297,0.9072292021109705,0.47871390294730576,0.47871390294730576,f1_score,0.47871390294730576,0.41114253735211476,0.5397236752916386,0.47646113919602767,0.032601492506226466,2000,percentile,0.05
mlp_prevyears_monthly_features_incremental_scaler_experience_replay_confidently_correct_memory_RR_0.4,MLP Prevyears + Monthly (Incremental Scaler + Replay Confidently Correct RR=0.4),prior_years,2020,2019,False,1280996,297,0.9072292021109705,0.47871390294730576,0.47871390294730576,pr_auc,0.44012037985296565,0.3615345908243315,0.5086921881496428,0.4373936687016624,0.037239259438711925,2000,percentile,0.05
mlp_prevyears_monthly_features_incremental_scaler_experience_replay_confidently_correct_memory_RR_0.5,MLP Prevyears + Monthly (Incremental Scaler + Replay Confidently Correct RR=0.5),prior_years,2020,2019,False,1280996,297,0.9121047139114168,0.47417240729496013,0.47417240729496013,f1_score,0.47417240729496013,0.4090274505567659,0.5306306723059514,0.4719114911805492,0.030201073817334632,2000,percentile,0.05
mlp_prevyears_monthly_features_incremental_scaler_experience_replay_confidently_correct_memory_RR_0.5,MLP Prevyears + Monthly (Incremental Scaler + Replay Confidently Correct RR=0.5),prior_years,2020,2019,False,1280996,297,0.9121047139114168,0.47417240729496013,0.47417240729496013,pr_auc,0.4330039883542611,0.3554272603443308,0.501561114271765,0.43057057235929114,0.035883917393014476,2000,percentile,0.05
mlp_prevyears_monthly_features_incremental_scaler_experience_replay_hard_example_mining_RR_0.2,MLP Prevyears + Monthly (Incremental Scaler + Replay Hard Example Mining RR=0.2),prior_years,2020,2019,False,1280996,297,0.9020721918017189,0.459707484944078,0.459707484944078,f1_score,0.459707484944078,0.38837429311715854,0.5266301588782011,0.45763589003179317,0.035626400236084536,2000,percentile,0.05
mlp_prevyears_monthly_features_incremental_scaler_experience_replay_hard_example_mining_RR_0.2,MLP Prevyears + Monthly (Incremental Scaler + Replay Hard Example Mining RR=0.2),prior_years,2020,2019,False,1280996,297,0.9020721918017189,0.459707484944078,0.459707484944078,pr_auc,0.4227171621107865,0.335728490623419,0.5020151320007773,0.4199371024970875,0.041760694226046106,2000,percentile,0.05
mlp_prevyears_monthly_features_incremental_scaler_experience_replay_hard_example_mining_RR_0.3,MLP Prevyears + Monthly (Incremental Scaler + Replay Hard Example Mining RR=0.3),prior_years,2020,2019,False,1280996,297,0.8991456701327344,0.4422448038978996,0.4422448038978996,f1_score,0.4422448038978996,0.38113506412611203,0.4961063166175609,0.440159421541516,0.028594337861128496,2000,percentile,0.05
mlp_prevyears_monthly_features_incremental_scaler_experience_replay_hard_example_mining_RR_0.3,MLP Prevyears + Monthly (Incremental Scaler + Replay Hard Example Mining RR=0.3),prior_years,2020,2019,False,1280996,297,0.8991456701327344,0.4422448038978996,0.4422448038978996,pr_auc,0.40338158838485444,0.33089035516843324,0.46636804976450286,0.4013294900986479,0.033334475200059305,2000,percentile,0.05
mlp_prevyears_monthly_features_incremental_scaler_experience_replay_hard_example_mining_RR_0.4,MLP Prevyears + Monthly (Incremental Scaler + Replay Hard Example Mining RR=0.4),prior_years,2020,2019,False,1280996,297,0.9105624651216216,0.4624516668408402,0.4624516668408402,f1_score,0.4624516668408402,0.40100852045186947,0.5159356065967147,0.46048840957798587,0.029217577586694667,2000,percentile,0.05
mlp_prevyears_monthly_features_incremental_scaler_experience_replay_hard_example_mining_RR_0.4,MLP Prevyears + Monthly (Incremental Scaler + Replay Hard Example Mining RR=0.4),prior_years,2020,2019,False,1280996,297,0.9105624651216216,0.4624516668408402,0.4624516668408402,pr_auc,0.41217411462423487,0.33969812007195527,0.4759326088065404,0.4101684565871178,0.034223037390424565,2000,percentile,0.05
mlp_prevyears_monthly_features_incremental_scaler_experience_replay_hard_example_mining_RR_0.5,MLP Prevyears + Monthly (Incremental Scaler + Replay Hard Example Mining RR=0.5),prior_years,2020,2019,False,1280996,297,0.896762663070359,0.4623239657661805,0.4623239657661805,f1_score,0.4623239657661805,0.39910088695787027,0.518714751083496,0.4603417943142456,0.03022715177707125,2000,percentile,0.05
mlp_prevyears_monthly_features_incremental_scaler_experience_replay_hard_example_mining_RR_0.5,MLP Prevyears + Monthly (Incremental Scaler + Replay Hard Example Mining RR=0.5),prior_years,2020,2019,False,1280996,297,0.896762663070359,0.4623239657661805,0.4623239657661805,pr_auc,0.4179669155516635,0.342599595068626,0.484303722187378,0.4156836083196512,0.03488828611498086,2000,percentile,0.05
mlp_prevyears_monthly_features_incremental_scaler_experience_replay_uncertainity_prioritization_RR_0.2,MLP Prevyears + Monthly (Incremental Scaler + Replay Uncertainty Prioritization RR=0.2),prior_years,2020,2019,False,1280996,297,0.9189599833533744,0.46058171924596747,0.46058171924596747,f1_score,0.46058171924596747,0.396930330406869,0.5158312428786443,0.4584883050379581,0.030145612638816308,2000,percentile,0.05
mlp_prevyears_monthly_features_incremental_scaler_experience_replay_uncertainity_prioritization_RR_0.2,MLP Prevyears + Monthly (Incremental Scaler + Replay Uncertainty Prioritization RR=0.2),prior_years,2020,2019,False,1280996,297,0.9189599833533744,0.46058171924596747,0.46058171924596747,pr_auc,0.4099195956704673,0.33649089765612117,0.47427204413273927,0.40781535559391113,0.034243595876018065,2000,percentile,0.05
mlp_prevyears_monthly_features_incremental_scaler_experience_replay_uncertainity_prioritization_RR_0.3,MLP Prevyears + Monthly (Incremental Scaler + Replay Uncertainty Prioritization RR=0.3),prior_years,2020,2019,False,1280996,297,0.93364267933798,0.4690863051276641,0.4690863051276641,f1_score,0.4690863051276641,0.41069006089279314,0.5202558589369886,0.46688951546359125,0.027569296936161315,2000,percentile,0.05
mlp_prevyears_monthly_features_incremental_scaler_experience_replay_uncertainity_prioritization_RR_0.3,MLP Prevyears + Monthly (Incremental Scaler + Replay Uncertainty Prioritization RR=0.3),prior_years,2020,2019,False,1280996,297,0.93364267933798,0.4690863051276641,0.4690863051276641,pr_auc,0.4237259705706233,0.35108415200692383,0.4864196001628174,0.42144980771459195,0.03368758553426557,2000,percentile,0.05
mlp_prevyears_monthly_features_incremental_scaler_experience_replay_uncertainity_prioritization_RR_0.4,MLP Prevyears + Monthly (Incremental Scaler + Replay Uncertainty Prioritization RR=0.4),prior_years,2020,2019,False,1280996,297,0.9335236494411484,0.47317987036757897,0.47317987036757897,f1_score,0.47317987036757897,0.4114574873853357,0.5265855471140202,0.4710171754173217,0.028923135120082794,2000,percentile,0.05
mlp_prevyears_monthly_features_incremental_scaler_experience_replay_uncertainity_prioritization_RR_0.4,MLP Prevyears + Monthly (Incremental Scaler + Replay Uncertainty Prioritization RR=0.4),prior_years,2020,2019,False,1280996,297,0.9335236494411484,0.47317987036757897,0.47317987036757897,pr_auc,0.4250687531957701,0.3499613932139791,0.4900525583547912,0.422913828043098,0.03488547827821738,2000,percentile,0.05
mlp_prevyears_monthly_features_incremental_scaler_experience_replay_uncertainity_prioritization_RR_0.5,MLP Prevyears + Monthly (Incremental Scaler + Replay Uncertainty Prioritization RR=0.5),prior_years,2020,2019,False,1280996,297,0.9135652793054816,0.47232881209857797,0.47232881209857797,f1_score,0.47232881209857797,0.407969081488762,0.5287239952201908,0.4703291992410169,0.030156230304525744,2000,percentile,0.05
mlp_prevyears_monthly_features_incremental_scaler_experience_replay_uncertainity_prioritization_RR_0.5,MLP Prevyears + Monthly (Incremental Scaler + Replay Uncertainty Prioritization RR=0.5),prior_years,2020,2019,False,1280996,297,0.9135652793054816,0.47232881209857797,0.47232881209857797,pr_auc,0.42790750621732077,0.3537703300166067,0.49396209590809365,0.4254741566518853,0.03532625569391906,2000,percentile,0.05
mlp_prevyears_monthly_features_incremental_scaler_missclassification_buffer_RR_0.3,MLP Prevyears + Monthly (Incremental Scaler + Misclassification Buffer RR=0.3),prior_years,2020,2019,False,1280996,297,0.9025916467468691,0.4622701600917236,0.4622701600917236,f1_score,0.4622701600917236,0.3999466555800356,0.5189327969956689,0.4603057349219147,0.03048655680314408,2000,percentile,0.05
mlp_prevyears_monthly_features_incremental_scaler_missclassification_buffer_RR_0.3,MLP Prevyears + Monthly (Incremental Scaler + Misclassification Buffer RR=0.3),prior_years,2020,2019,False,1280996,297,0.9025916467468691,0.4622701600917236,0.4622701600917236,pr_auc,0.41408229986658107,0.3388736372007164,0.4796735493701402,0.4119316657595851,0.03522588629214961,2000,percentile,0.05
"mlp_combined_HE=0.1_CC=0.1_UP=0.1_PR=(0.2,10)_RR=0.5","MLP Combined (HE=0.1, CC=0.1, UP=0.1, PR=(0.2,10), RR=0.5)",prior_years,2020,2020,False,1281509,297,0.9113169602724666,0.49183394488812143,0.49183394488812143,f1_score,0.49183394488812143,0.39193768258686845,0.5655025588686581,0.4848550586913066,0.044632263445705714,2000,percentile,0.05
"mlp_combined_HE=0.1_CC=0.1_UP=0.1_PR=(0.2,10)_RR=0.5","MLP Combined (HE=0.1, CC=0.1, UP=0.1, PR=(0.2,10), RR=0.5)",prior_years,2020,2020,False,1281509,297,0.9113169602724666,0.49183394488812143,0.49183394488812143,pr_auc,0.4566477696269083,0.34483645847756106,0.5583516194146123,0.45017075836160136,0.055512179428584406,2000,percentile,0.05
"mlp_combined_HE=0_CC=0.15_UP=0_PR=(0,10)_MC=0.1_RWS=1_RR=0.4","MLP Combined (HE=0, CC=0.15, UP=0, PR=(0,10), MC=0.1, RWS=1, RR=0.4)",prior_years,2020,2020,False,1281509,297,0.9068703638869615,0.49423553496390477,0.49423553496390477,f1_score,0.49423553496390477,0.38676404148658516,0.5728123472925382,0.486779270406989,0.04763719650698703,2000,percentile,0.05
"mlp_combined_HE=0_CC=0.15_UP=0_PR=(0,10)_MC=0.1_RWS=1_RR=0.4","MLP Combined (HE=0, CC=0.15, UP=0, PR=(0,10), MC=0.1, RWS=1, RR=0.4)",prior_years,2020,2020,False,1281509,297,0.9068703638869615,0.49423553496390477,0.49423553496390477,pr_auc,0.4662093438829298,0.34562972553334925,0.5704692045934976,0.45807039590878296,0.059449973454979876,2000,percentile,0.05
"mlp_combined_HE=0_CC=0.1_UP=0.1_PR=(0,10)_MC=0.1_RWS=1_RR=0.5","MLP Combined (HE=0, CC=0.1, UP=0.1, PR=(0,10), MC=0.1, RWS=1, RR=0.5)",prior_years,2020,2020,False,1281509,297,0.899013414439018,0.4859652960046661,0.4859652960046661,f1_score,0.4859652960046661,0.39181100428581184,0.5539949505237912,0.47941247197083414,0.04225400322283819,2000,percentile,0.05
"mlp_combined_HE=0_CC=0.1_UP=0.1_PR=(0,10)_MC=0.1_RWS=1_RR=0.5","MLP Combined (HE=0, CC=0.1, UP=0.1, PR=(0,10), MC=0.1, RWS=1, RR=0.5)",prior_years,2020,2020,False,1281509,297,0.899013414439018,0.4859652960046661,0.4859652960046661,pr_auc,0.4568946286740745,0.3420276485177962,0.5554574509294512,0.44945352443268144,0.05527106021435715,2000,percentile,0.05
"mlp_combined_HE=0_CC=0.1_UP=0.2_PR=(0.1,10)_RR=0.5","MLP Combined (HE=0, CC=0.1, UP=0.2, PR=(0.1,10), RR=0.5)",prior_years,2020,2020,False,1281509,297,0.8883313518755642,0.48370184636425806,0.48370184636425806,f1_score,0.48370184636425806,0.38730948928464276,0.5522204612622699,0.47715115277562803,0.04267685123500972,2000,percentile,0.05
"mlp_combined_HE=0_CC=0.1_UP=0.2_PR=(0.1,10)_RR=0.5","MLP Combined (HE=0, CC=0.1, UP=0.2, PR=(0.1,10), RR=0.5)",prior_years,2020,2020,False,1281509,297,0.8883313518755642,0.48370184636425806,0.48370184636425806,pr_auc,0.4525629779445004,0.3373708421442442,0.5496672958525445,0.44534272746247916,0.05480372160689528,2000,percentile,0.05
"mlp_combined_HE=0_CC=0.2_UP=0.1_PR=(0.2,10)_RR=0.5","MLP Combined (HE=0, CC=0.2, UP=0.1, PR=(0.2,10), RR=0.5)",prior_years,2020,2020,False,1281509,297,0.9029021804156102,0.496675791943684,0.496675791943684,f1_score,0.496675791943684,0.39804517182861177,0.5699532570947113,0.48975764747458406,0.04429557653926938,2000,percentile,0.05
"mlp_combined_HE=0_CC=0.2_UP=0.1_PR=(0.2,10)_RR=0.5","MLP Combined (HE=0, CC=0.2, UP=0.1, PR=(0.2,10), RR=0.5)",prior_years,2020,2020,False,1281509,297,0.9029021804156102,0.496675791943684,0.496675791943684,pr_auc,0.4622415331561909,0.3511865897296485,0.561751084277318,0.4557777131589508,0.054823185524341664,2000,percentile,0.05
"mlp_combined_HE=0_CC=0.2_UP=0.2_PR=(0.1,10)_RR=0.5","MLP Combined (HE=0, CC=0.2, UP=0.2, PR=(0.1,10), RR=0.5)",prior_years,2020,2020,False,1281509,297,0.8935733948796984,0.4913581573621335,0.4913581573621335,f1_score,0.4913581573621335,0.38979103646680485,0.565295677761082,0.4843146835954549,0.045170162034349266,2000,percentile,0.05
"mlp_combined_HE=0_CC=0.2_UP=0.2_PR=(0.1,10)_RR=0.5","MLP Combined (HE=0, CC=0.2, UP=0.2, PR=(0.1,10), RR=0.5)",prior_years,2020,2020,False,1281509,297,0.8935733948796984,0.4913581573621335,0.4913581573621335,pr_auc,0.45927046361051954,0.34332264819888864,0.5608347632110554,0.45130179072497734,0.057147351734046045,2000,percentile,0.05
mlp_prevyears_monthly_features_incremental_scaler,MLP Prevyears + Monthly (Incremental Scaler),prior_years,2020,2020,True,1281509,297,0.9460952365387653,0.48656481448352357,0.48656481448352357,f1_score,0.48656481448352357,0.38732783268141274,0.560862813661477,0.47976207060963527,0.04499007184697623,2000,percentile,0.05
mlp_prevyears_monthly_features_incremental_scaler,MLP Prevyears + Monthly (Incremental Scaler),prior_years,2020,2020,True,1281509,297,0.9460952365387653,0.48656481448352357,0.48656481448352357,pr_auc,0.4548145690866518,0.3361156350419259,0.5582427816223573,0.4467246540399415,0.05853245789376606,2000,percentile,0.05
mlp_prevyears_monthly_features_incremental_scaler_experience_replay_RR_0.2,MLP Prevyears + Monthly (Incremental Scaler + Replay RR=0.2),prior_years,2020,2020,False,1281509,297,0.9352356530464144,0.4906683910833288,0.4906683910833288,f1_score,0.4906683910833288,0.3915069521194032,0.560511130079876,0.4840651383332783,0.04369592897656554,2000,percentile,0.05
mlp_prevyears_monthly_features_incremental_scaler_experience_replay_RR_0.2,MLP Prevyears + Monthly (Incremental Scaler + Replay RR=0.2),prior_years,2020,2020,False,1281509,297,0.9352356530464144,0.4906683910833288,0.4906683910833288,pr_auc,0.4579504531456945,0.34432621861472834,0.5563891869208804,0.4504732011177344,0.055381287168488745,2000,percentile,0.05
mlp_prevyears_monthly_features_incremental_scaler_experience_replay_RR_0.2_PR_0.10,"MLP Prevyears + Monthly (Incremental Scaler + Replay RR=0.2, PR=0.10)",prior_years,2020,2020,False,1281509,297,0.9468745467159637,0.49278141621738974,0.49278141621738974,f1_score,0.49278141621738974,0.39388486589994365,0.562218080805607,0.4861067617795618,0.04344078698052316,2000,percentile,0.05
mlp_prevyears_monthly_features_incremental_scaler_experience_replay_RR_0.2_PR_0.10,"MLP Prevyears + Monthly (Incremental Scaler + Replay RR=0.2, PR=0.10)",prior_years,2020,2020,False,1281509,297,0.9468745467159637,0.49278141621738974,0.49278141621738974,pr_auc,0.45713399843253666,0.3484416090406278,0.5547968231001025,0.45106859303476443,0.05308021025627722,2000,percentile,0.05
mlp_prevyears_monthly_features_incremental_scaler_experience_replay_RR_0.2_PR_0.15,"MLP Prevyears + Monthly (Incremental Scaler + Replay RR=0.2, PR=0.15)",prior_years,2020,2020,False,1281509,297,0.959167202656249,0.4852356667090147,0.4852356667090147,f1_score,0.4852356667090147,0.38423741179380655,0.5580600339430389,0.478384315912774,0.0449145725161387,2000,percentile,0.05
mlp_prevyears_monthly_features_incremental_scaler_experience_replay_RR_0.2_PR_0.15,"MLP Prevyears + Monthly (Incremental Scaler + Replay RR=0.2, PR=0.15)",prior_years,2020,2020,False,1281509,297,0.959167202656249,0.4852356667090147,0.4852356667090147,pr_auc,0.45519122526839767,0.3405771139641979,0.5562189138686061,0.44771042008124734,0.056513340258881696,2000,percentile,0.05
mlp_prevyears_monthly_features_incremental_scaler_experience_replay_RR_0.3,MLP Prevyears + Monthly (Incremental Scaler + Replay RR=0.3),prior_years,2020,2020,False,1281509,297,0.9400005750936418,0.4865773631975704,0.4865773631975704,f1_score,0.4865773631975704,0.3945583395921426,0.5517676328410118,0.48046480193191726,0.04100969597765331,2000,percentile,0.05
mlp_prevyears_monthly_features_incremental_scaler_experience_replay_RR_0.3,MLP Prevyears + Monthly (Incremental Scaler + Replay RR=0.3),prior_years,2020,2020,False,1281509,297,0.9400005750936418,0.4865773631975704,0.4865773631975704,pr_auc,0.4567432356933994,0.344563811445485,0.5488475937981095,0.44964659424533215,0.05279687158011998,2000,percentile,0.05
mlp_prevyears_monthly_features_incremental_scaler_experience_replay_RR_0.3_PR_0.10,"MLP Prevyears + Monthly (Incremental Scaler + Replay RR=0.3, PR=0.10)",prior_years,2020,2020,False,1281509,297,0.9303167249158834,0.4840238385869175,0.4840238385869175,f1_score,0.4840238385869175,0.3868381760641447,0.5522365502877906,0.47753708522948635,0.042984519421462,2000,percentile,0.05
mlp_prevyears_monthly_features_incremental_scaler_experience_replay_RR_0.3_PR_0.10,"MLP Prevyears + Monthly (Incremental Scaler + Replay RR=0.3, PR=0.10)",prior_years,2020,2020,False,1281509,297,0.9303167249158834,0.4840238385869175,0.4840238385869175,pr_auc,0.4460640562876572,0.3399051806399907,0.5419818725033604,0.4401370901957407,0.05230489408294266,2000,percentile,0.05
mlp_prevyears_monthly_features_incremental_scaler_experience_replay_RR_0.3_PR_0.15,"MLP Prevyears + Monthly (Incremental Scaler + Replay RR=0.3, PR=0.15)",prior_years,2020,2020,False,1281509,297,0.9359203735651087,0.48485070929144264,0.48485070929144264,f1_score,0.48485070929144264,0.3910834093981643,0.551273822645716,0.47863048968417937,0.04154764785169806,2000,percentile,0.05
mlp_prevyears_monthly_features_incremental_scaler_experience_replay_RR_0.3_PR_0.15,"MLP Prevyears + Monthly (Incremental Scaler + Replay RR=0.3, PR=0.15)",prior_years,2020,2020,False,1281509,297,0.9359203735651087,0.48485070929144264,0.48485070929144264,pr_auc,0.45284806657848564,0.3448708012048158,0.5458490851518899,0.44593731592765185,0.052123322577050005,2000,percentile,0.05
mlp_prevyears_monthly_features_incremental_scaler_experience_replay_RR_0.4,MLP Prevyears + Monthly (Incremental Scaler + Replay RR=0.4),prior_years,2020,2020,False,1281509,297,0.9326214149312744,0.49906443071491613,0.49906443071491613,f1_score,0.49906443071491613,0.4006383169182277,0.5727944369209482,0.4922663540521272,0.043923109986020795,2000,percentile,0.05
mlp_prevyears_monthly_features_incremental_scaler_experience_replay_RR_0.4,MLP Prevyears + Monthly (Incremental Scaler + Replay RR=0.4),prior_years,2020,2020,False,1281509,297,0.9326214149312744,0.49906443071491613,0.49906443071491613,pr_auc,0.46491128763908335,0.34927389877132553,0.566512157017393,0.4567360018888121,0.05714447693090133,2000,percentile,0.05
mlp_prevyears_monthly_features_incremental_scaler_experience_replay_RR_0.4_PR_0.10,"MLP Prevyears + Monthly (Incremental Scaler + Replay RR=0.4, PR=0.10)",prior_years,2020,2020,False,1281509,297,0.9469302406870983,0.4900939985538684,0.4900939985538684,f1_score,0.4900939985538684,0.39353262532765926,0.558686595604591,0.4835752348164095,0.04310263188641015,2000,percentile,0.05
mlp_prevyears_monthly_features_incremental_scaler_experience_replay_RR_0.4_PR_0.10,"MLP Prevyears + Monthly (Incremental Scaler + Replay RR=0.4, PR=0.10)",prior_years,2020,2020,False,1281509,297,0.9469302406870983,0.4900939985538684,0.4900939985538684,pr_auc,0.4594018721937365,0.3519704653666753,0.55703047382923,0.4533485364749449,0.05358678305985155,2000,percentile,0.05
mlp_prevyears_monthly_features_incremental_scaler_experience_replay_RR_0.4_PR_0.15,"MLP Prevyears + Monthly (Incremental Scaler + Replay RR=0.4, PR=0.15)",prior_years,2020,2020,False,1281509,297,0.9345112415506343,0.4910149956624117,0.4910149956624117,f1_score,0.4910149956624117,0.3951241295023664,0.5615249375568818,0.48451003115007335,0.04306973142578162,2000,percentile,0.05
mlp_prevyears_monthly_features_incremental_scaler_experience_replay_RR_0.4_PR_0.15,"MLP Prevyears + Monthly (Incremental Scaler + Replay RR=0.4, PR=0.15)",prior_years,2020,2020,False,1281509,297,0.9345112415506343,0.4910149956624117,0.4910149956624117,pr_auc,0.4494148041308344,0.3352683120768464,0.5492143649330354,0.44209649837163706,0.0555318772115411,2000,percentile,0.05
mlp_prevyears_monthly_features_incremental_scaler_experience_replay_RR_0.5,MLP Prevyears + Monthly (Incremental Scaler + Replay RR=0.5),prior_years,2020,2020,False,1281509,297,0.9203260056762691,0.49638998775966364,0.49638998775966364,f1_score,0.49638998775966364,0.39559237893669374,0.5692719046551711,0.4893466006021133,0.04497604588502595,2000,percentile,0.05
mlp_prevyears_monthly_features_incremental_scaler_experience_replay_RR_0.5,MLP Prevyears + Monthly (Incremental Scaler + Replay RR=0.5),prior_years,2020,2020,False,1281509,297,0.9203260056762691,0.49638998775966364,0.49638998775966364,pr_auc,0.46286755937355,0.3471283962667482,0.5646221900968399,0.4551922543820499,0.056689299603781204,2000,percentile,0.05
mlp_prevyears_monthly_features_incremental_scaler_experience_replay_RR_0.5_PR_0.10,"MLP Prevyears + Monthly (Incremental Scaler + Replay RR=0.5, PR=0.10)",prior_years,2020,2020,False,1281509,297,0.9118981084964608,0.49870545100696795,0.49870545100696795,f1_score,0.49870545100696795,0.404784561642841,0.5702390396751035,0.49213413620841423,0.0426945392214092,2000,percentile,0.05
mlp_prevyears_monthly_features_incremental_scaler_experience_replay_RR_0.5_PR_0.10,"MLP Prevyears + Monthly (Incremental Scaler + Replay RR=0.5, PR=0.10)",prior_years,2020,2020,False,1281509,297,0.9118981084964608,0.49870545100696795,0.49870545100696795,pr_auc,0.46047632881425204,0.35025650671624536,0.5596305057526753,0.45399135606810276,0.054225325431961825,2000,percentile,0.05
mlp_prevyears_monthly_features_incremental_scaler_experience_replay_RR_0.5_PR_0.15,"MLP Prevyears + Monthly (Incremental Scaler + Replay RR=0.5, PR=0.15)",prior_years,2020,2020,False,1281509,297,0.9422944803156974,0.49425917735515257,0.49425917735515257,f1_score,0.49425917735515257,0.3928340960214621,0.5668943242693678,0.487294708186232,0.04490802143479967,2000,percentile,0.05
mlp_prevyears_monthly_features_incremental_scaler_experience_replay_RR_0.5_PR_0.15,"MLP Prevyears + Monthly (Incremental Scaler + Replay RR=0.5, PR=0.15)",prior_years,2020,2020,False,1281509,297,0.9422944803156974,0.49425917735515257,0.49425917735515257,pr_auc,0.45486274194670945,0.34227367947715615,0.558203260116421,0.44885415418902885,0.055622085627510275,2000,percentile,0.05
mlp_prevyears_monthly_features_incremental_scaler_experience_replay_confidently_correct_memory_RR_0.2,MLP Prevyears + Monthly (Incremental Scaler + Replay Confidently Correct RR=0.2),prior_years,2020,2020,False,1281509,297,0.9296490555626591,0.49206607094503113,0.49206607094503113,f1_score,0.49206607094503113,0.39152635203712316,0.5645305579268469,0.48525892568700196,0.044821601513128424,2000,percentile,0.05
mlp_prevyears_monthly_features_incremental_scaler_experience_replay_confidently_correct_memory_RR_0.2,MLP Prevyears + Monthly (Incremental Scaler + Replay Confidently Correct RR=0.2),prior_years,2020,2020,False,1281509,297,0.9296490555626591,0.49206607094503113,0.49206607094503113,pr_auc,0.4595910119714479,0.35003285981113597,0.5592205727550292,0.45317550541660173,0.054473732745884136,2000,percentile,0.05
mlp_prevyears_monthly_features_incremental_scaler_experience_replay_confidently_correct_memory_RR_0.3,MLP Prevyears + Monthly (Incremental Scaler + Replay Confidently Correct RR=0.3),prior_years,2020,2020,False,1281509,297,0.9486031710324537,0.4853240337111305,0.4853240337111305,f1_score,0.4853240337111305,0.38597406652222443,0.5565729619391061,0.47875062608210917,0.04408511036081335,2000,percentile,0.05
mlp_prevyears_monthly_features_incremental_scaler_experience_replay_confidently_correct_memory_RR_0.3,MLP Prevyears + Monthly (Incremental Scaler + Replay Confidently Correct RR=0.3),prior_years,2020,2020,False,1281509,297,0.9486031710324537,0.4853240337111305,0.4853240337111305,pr_auc,0.4551392767747167,0.3440893438988731,0.5527539648075995,0.4480337104530918,0.05453834026595621,2000,percentile,0.05
mlp_prevyears_monthly_features_incremental_scaler_experience_replay_confidently_correct_memory_RR_0.4,MLP Prevyears + Monthly (Incremental Scaler + Replay Confidently Correct RR=0.4),prior_years,2020,2020,False,1281509,297,0.9241868589833812,0.48503553729211124,0.48503553729211124,f1_score,0.48503553729211124,0.39567694988211805,0.5497375085559656,0.4792473669065556,0.04018581871281982,2000,percentile,0.05
mlp_prevyears_monthly_features_incremental_scaler_experience_replay_confidently_correct_memory_RR_0.4,MLP Prevyears + Monthly (Incremental Scaler + Replay Confidently Correct RR=0.4),prior_years,2020,2020,False,1281509,297,0.9241868589833812,0.48503553729211124,0.48503553729211124,pr_auc,0.45765571144954287,0.348667944804073,0.5481000726377747,0.45069645122671637,0.0515045049167666,2000,percentile,0.05
mlp_prevyears_monthly_features_incremental_scaler_experience_replay_confidently_correct_memory_RR_0.5,MLP Prevyears + Monthly (Incremental Scaler + Replay Confidently Correct RR=0.5),prior_years,2020,2020,False,1281509,297,0.9278284361049852,0.49110370487929605,0.49110370487929605,f1_score,0.49110370487929605,0.3965426127018172,0.5602836919630084,0.48469176420058413,0.04228061934819621,2000,percentile,0.05
mlp_prevyears_monthly_features_incremental_scaler_experience_replay_confidently_correct_memory_RR_0.5,MLP Prevyears + Monthly (Incremental Scaler + Replay Confidently Correct RR=0.5),prior_years,2020,2020,False,1281509,297,0.9278284361049852,0.49110370487929605,0.49110370487929605,pr_auc,0.45678620303178136,0.3484780919224498,0.5521602270746029,0.45007266863610135,0.052823259336488786,2000,percentile,0.05
mlp_prevyears_monthly_features_incremental_scaler_experience_replay_hard_example_mining_RR_0.2,MLP Prevyears + Monthly (Incremental Scaler + Replay Hard Example Mining RR=0.2),prior_years,2020,2020,False,1281509,297,0.9173952164320806,0.4843107552477819,0.4843107552477819,f1_score,0.4843107552477819,0.3818614162306276,0.5575909017104564,0.4772877284686979,0.04557967078438048,2000,percentile,0.05
mlp_prevyears_monthly_features_incremental_scaler_experience_replay_hard_example_mining_RR_0.2,MLP Prevyears + Monthly (Incremental Scaler + Replay Hard Example Mining RR=0.2),prior_years,2020,2020,False,1281509,297,0.9173952164320806,0.4843107552477819,0.4843107552477819,pr_auc,0.44561614764913754,0.33135318598258423,0.548029569003786,0.4380908844264779,0.056735164747833564,2000,percentile,0.05
mlp_prevyears_monthly_features_incremental_scaler_experience_replay_hard_example_mining_RR_0.3,MLP Prevyears + Monthly (Incremental Scaler + Replay Hard Example Mining RR=0.3),prior_years,2020,2020,False,1281509,297,0.9202836851724026,0.48972833306039265,0.48972833306039265,f1_score,0.48972833306039265,0.3867048260602353,0.5631144883816208,0.48255899711393846,0.045090547179021195,2000,percentile,0.05
mlp_prevyears_monthly_features_incremental_scaler_experience_replay_hard_example_mining_RR_0.3,MLP Prevyears + Monthly (Incremental Scaler + Replay Hard Example Mining RR=0.3),prior_years,2020,2020,False,1281509,297,0.9202836851724026,0.48972833306039265,0.48972833306039265,pr_auc,0.4502055880042329,0.33624865904170675,0.5510051552888441,0.4435028176640699,0.055597625942869315,2000,percentile,0.05
mlp_prevyears_monthly_features_incremental_scaler_experience_replay_hard_example_mining_RR_0.4,MLP Prevyears + Monthly (Incremental Scaler + Replay Hard Example Mining RR=0.4),prior_years,2020,2020,False,1281509,297,0.9247583770107952,0.4972999338048288,0.4972999338048288,f1_score,0.4972999338048288,0.3950564195453937,0.5740941017291246,0.4899801440255404,0.045805439407525066,2000,percentile,0.05
mlp_prevyears_monthly_features_incremental_scaler_experience_replay_hard_example_mining_RR_0.4,MLP Prevyears + Monthly (Incremental Scaler + Replay Hard Example Mining RR=0.4),prior_years,2020,2020,False,1281509,297,0.9247583770107952,0.4972999338048288,0.4972999338048288,pr_auc,0.46227224669386524,0.34260259955777334,0.5665939946635669,0.4539221143868854,0.05904485466724147,2000,percentile,0.05
mlp_prevyears_monthly_features_incremental_scaler_experience_replay_hard_example_mining_RR_0.5,MLP Prevyears + Monthly (Incremental Scaler + Replay Hard Example Mining RR=0.5),prior_years,2020,2020,False,1281509,297,0.9152687279436201,0.4944374475230898,0.4944374475230898,f1_score,0.4944374475230898,0.3973997376077138,0.567960905937089,0.487762747641253,0.04383905610361007,2000,percentile,0.05
mlp_prevyears_monthly_features_incremental_scaler_experience_replay_hard_example_mining_RR_0.5,MLP Prevyears + Monthly (Incremental Scaler + Replay Hard Example Mining RR=0.5),prior_years,2020,2020,False,1281509,297,0.9152687279436201,0.4944374475230898,0.4944374475230898,pr_auc,0.4635459630590778,0.3467906229085563,0.5638226618164702,0.4559506751614952,0.05621347588051091,2000,percentile,0.05
mlp_prevyears_monthly_features_incremental_scaler_experience_replay_uncertainity_prioritization_RR_0.2,MLP Prevyears + Monthly (Incremental Scaler + Replay Uncertainty Prioritization RR=0.2),prior_years,2020,2020,False,1281509,297,0.9252548430255269,0.4937860391819777,0.4937860391819777,f1_score,0.4937860391819777,0.39092639181044303,0.5695594295863371,0.4866238959423149,0.04610636375238531,2000,percentile,0.05
mlp_prevyears_monthly_features_incremental_scaler_experience_replay_uncertainity_prioritization_RR_0.2,MLP Prevyears + Monthly (Incremental Scaler + Replay Uncertainty Prioritization RR=0.2),prior_years,2020,2020,False,1281509,297,0.9252548430255269,0.4937860391819777,0.4937860391819777,pr_auc,0.45861721082781454,0.34219452434703845,0.5622038329717705,0.4507243901365059,0.05802720797013212,2000,percentile,0.05
mlp_prevyears_monthly_features_incremental_scaler_experience_replay_uncertainity_prioritization_RR_0.3,MLP Prevyears + Monthly (Incremental Scaler + Replay Uncertainty Prioritization RR=0.3),prior_years,2020,2020,False,1281509,297,0.9529319215231862,0.49339608873321655,0.49339608873321655,f1_score,0.49339608873321655,0.39424712489372377,0.5628953958972012,0.48658175381322655,0.04358953100943973,2000,percentile,0.05
mlp_prevyears_monthly_features_incremental_scaler_experience_replay_uncertainity_prioritization_RR_0.3,MLP Prevyears + Monthly (Incremental Scaler + Replay Uncertainty Prioritization RR=0.3),prior_years,2020,2020,False,1281509,297,0.9529319215231862,0.49339608873321655,0.49339608873321655,pr_auc,0.4560140408749903,0.3474371164617996,0.5537353367186316,0.4495739745982983,0.054012520621944775,2000,percentile,0.05
mlp_prevyears_monthly_features_incremental_scaler_experience_replay_uncertainity_prioritization_RR_0.4,MLP Prevyears + Monthly (Incremental Scaler + Replay Uncertainty Prioritization RR=0.4),prior_years,2020,2020,False,1281509,297,0.9367059127482142,0.501026476001699,0.501026476001699,f1_score,0.501026476001699,0.40193632028346116,0.5744142758489091,0.49428759525551286,0.04406865385916918,2000,percentile,0.05
mlp_prevyears_monthly_features_incremental_scaler_experience_replay_uncertainity_prioritization_RR_0.4,MLP Prevyears + Monthly (Incremental Scaler + Replay Uncertainty Prioritization RR=0.4),prior_years,2020,2020,False,1281509,297,0.9367059127482142,0.501026476001699,0.501026476001699,pr_auc,0.46643398543332426,0.35185060055723016,0.5671875010946167,0.4584766529323251,0.05666295501802003,2000,percentile,0.05
mlp_prevyears_monthly_features_incremental_scaler_experience_replay_uncertainity_prioritization_RR_0.5,MLP Prevyears + Monthly (Incremental Scaler + Replay Uncertainty Prioritization RR=0.5),prior_years,2020,2020,False,1281509,297,0.9379724787505704,0.48705322261188744,0.48705322261188744,f1_score,0.48705322261188744,0.39154778963545506,0.5547542045222359,0.48070070981754215,0.04219032072081064,2000,percentile,0.05
mlp_prevyears_monthly_features_incremental_scaler_experience_replay_uncertainity_prioritization_RR_0.5,MLP Prevyears + Monthly (Incremental Scaler + Replay Uncertainty Prioritization RR=0.5),prior_years,2020,2020,False,1281509,297,0.9379724787505704,0.48705322261188744,0.48705322261188744,pr_auc,0.4464476545255892,0.3396966714379417,0.543648004417848,0.44067017618873694,0.05299663719194296,2000,percentile,0.05
mlp_prevyears_monthly_features_incremental_scaler_missclassification_buffer_RR_0.3,MLP Prevyears + Monthly (Incremental Scaler + Misclassification Buffer RR=0.3),prior_years,2020,2020,False,1281509,297,0.9313201748060075,0.48478661148888846,0.48478661148888846,f1_score,0.48478661148888846,0.38222474230492387,0.561112223649971,0.4777322805227274,0.046499006342564334,2000,percentile,0.05
mlp_prevyears_monthly_features_incremental_scaler_missclassification_buffer_RR_0.3,MLP Prevyears + Monthly (Incremental Scaler + Misclassification Buffer RR=0.3),prior_years,2020,2020,False,1281509,297,0.9313201748060075,0.48478661148888846,0.48478661148888846,pr_auc,0.46335017748753515,0.3412047383086886,0.5651811098025226,0.4545816783213453,0.058788828480881905,2000,percentile,0.05
"mlp_combined_HE=0.1_CC=0.1_UP=0.1_PR=(0.2,10)_RR=0.5","MLP Combined (HE=0.1, CC=0.1, UP=0.1, PR=(0.2,10), RR=0.5)",prior_years,2021,2017,False,1278749,297,0.6015373852234696,0.2464475634208003,0.2464475634208003,f1_score,0.2464475634208003,0.20045022594919226,0.28862338087293227,0.24534170282277354,0.022693491161426743,2000,percentile,0.05
"mlp_combined_HE=0.1_CC=0.1_UP=0.1_PR=(0.2,10)_RR=0.5","MLP Combined (HE=0.1, CC=0.1, UP=0.1, PR=(0.2,10), RR=0.5)",prior_years,2021,2017,False,1278749,297,0.6015373852234696,0.2464475634208003,0.2464475634208003,pr_auc,0.18860980507147457,0.1487157612167399,0.2305197956391881,0.18914000742718473,0.021041605692358117,2000,percentile,0.05
"mlp_combined_HE=0_CC=0.15_UP=0_PR=(0,10)_MC=0.1_RWS=1_RR=0.4","MLP Combined (HE=0, CC=0.15, UP=0, PR=(0,10), MC=0.1, RWS=1, RR=0.4)",prior_years,2021,2017,False,1278749,297,0.7414492043621711,0.2076493375853434,0.2076493375853434,f1_score,0.2076493375853434,0.16691912218343855,0.2456025631372396,0.20685028006567774,0.020093633977107467,2000,percentile,0.05
"mlp_combined_HE=0_CC=0.15_UP=0_PR=(0,10)_MC=0.1_RWS=1_RR=0.4","MLP Combined (HE=0, CC=0.15, UP=0, PR=(0,10), MC=0.1, RWS=1, RR=0.4)",prior_years,2021,2017,False,1278749,297,0.7414492043621711,0.2076493375853434,0.2076493375853434,pr_auc,0.14202295042313082,0.10647231745666678,0.18147051177873902,0.14289947549550883,0.018965428083007885,2000,percentile,0.05
"mlp_combined_HE=0_CC=0.1_UP=0.1_PR=(0,10)_MC=0.1_RWS=1_RR=0.5","MLP Combined (HE=0, CC=0.1, UP=0.1, PR=(0,10), MC=0.1, RWS=1, RR=0.5)",prior_years,2021,2017,False,1278749,297,0.7421418682996848,0.17250663980217967,0.17250663980217967,f1_score,0.17250663980217967,0.13347824268950167,0.20997394277908615,0.17159734888260902,0.01937496913966021,2000,percentile,0.05
"mlp_combined_HE=0_CC=0.1_UP=0.1_PR=(0,10)_MC=0.1_RWS=1_RR=0.5","MLP Combined (HE=0, CC=0.1, UP=0.1, PR=(0,10), MC=0.1, RWS=1, RR=0.5)",prior_years,2021,2017,False,1278749,297,0.7421418682996848,0.17250663980217967,0.17250663980217967,pr_auc,0.12558200072298792,0.0969968908352824,0.1586117503389424,0.1261389350708527,0.01580041084148821,2000,percentile,0.05
"mlp_combined_HE=0_CC=0.1_UP=0.2_PR=(0.1,10)_RR=0.5","MLP Combined (HE=0, CC=0.1, UP=0.2, PR=(0.1,10), RR=0.5)",prior_years,2021,2017,False,1278749,297,0.7073578470341128,0.14366509460551286,0.14366509460551286,f1_score,0.14366509460551286,0.11312129136405681,0.1732228140303967,0.14262226786980658,0.015672657801612443,2000,percentile,0.05
"mlp_combined_HE=0_CC=0.1_UP=0.2_PR=(0.1,10)_RR=0.5","MLP Combined (HE=0, CC=0.1, UP=0.2, PR=(0.1,10), RR=0.5)",prior_years,2021,2017,False,1278749,297,0.7073578470341128,0.14366509460551286,0.14366509460551286,pr_auc,0.10544495068258862,0.07966685765706535,0.1349423169289068,0.10564750138472599,0.01411322090939618,2000,percentile,0.05
"mlp_combined_HE=0_CC=0.2_UP=0.1_PR=(0.2,10)_RR=0.5","MLP Combined (HE=0, CC=0.2, UP=0.1, PR=(0.2,10), RR=0.5)",prior_years,2021,2017,False,1278749,297,0.7283875125648975,0.24897862979258328,0.24897862979258328,f1_score,0.24897862979258328,0.20545561215236854,0.2899257846059179,0.2481180695256114,0.02151590457900104,2000,percentile,0.05
"mlp_combined_HE=0_CC=0.2_UP=0.1_PR=(0.2,10)_RR=0.5","MLP Combined (HE=0, CC=0.2, UP=0.1, PR=(0.2,10), RR=0.5)",prior_years,2021,2017,False,1278749,297,0.7283875125648975,0.24897862979258328,0.24897862979258328,pr_auc,0.17842333520998627,0.13662612443705735,0.2220595381590743,0.17900657073304296,0.021368498306792532,2000,percentile,0.05
"mlp_combined_HE=0_CC=0.2_UP=0.2_PR=(0.1,10)_RR=0.5","MLP Combined (HE=0, CC=0.2, UP=0.2, PR=(0.1,10), RR=0.5)",prior_years,2021,2017,False,1278749,297,0.651364684104426,0.24027840231480577,0.24027840231480577,f1_score,0.24027840231480577,0.19600144316047857,0.28213692652778205,0.23928282889309602,0.02212072130562889,2000,percentile,0.05
"mlp_combined_HE=0_CC=0.2_UP=0.2_PR=(0.1,10)_RR=0.5","MLP Combined (HE=0, CC=0.2, UP=0.2, PR=(0.1,10), RR=0.5)",prior_years,2021,2017,False,1278749,297,0.651364684104426,0.24027840231480577,0.24027840231480577,pr_auc,0.1684877744746689,0.13398556739006173,0.2101662508885626,0.17066921624996206,0.019733550634613545,2000,percentile,0.05
mlp_prevyears_monthly_features_incremental_scaler,MLP Prevyears + Monthly (Incremental Scaler),prior_years,2021,2017,True,1278749,297,0.037179130345097115,0.18418478669776542,0.18418478669776542,f1_score,0.18418478669776542,0.15181025675390325,0.21469947188581195,0.18353378829736916,0.01589045099967044,2000,percentile,0.05
mlp_prevyears_monthly_features_incremental_scaler,MLP Prevyears + Monthly (Incremental Scaler),prior_years,2021,2017,True,1278749,297,0.037179130345097115,0.18418478669776542,0.18418478669776542,pr_auc,0.09967510281593887,0.07788836895555955,0.12348979895606566,0.10001594950465616,0.011584556690315552,2000,percentile,0.05
mlp_prevyears_monthly_features_incremental_scaler_experience_replay_RR_0.2,MLP Prevyears + Monthly (Incremental Scaler + Replay RR=0.2),prior_years,2021,2017,False,1278749,297,0.8816592431476776,0.22530914050862363,0.22530914050862363,f1_score,0.22530914050862363,0.18434005177235196,0.26163690861999794,0.2241946380745307,0.020054567943126735,2000,percentile,0.05
mlp_prevyears_monthly_features_incremental_scaler_experience_replay_RR_0.2,MLP Prevyears + Monthly (Incremental Scaler + Replay RR=0.2),prior_years,2021,2017,False,1278749,297,0.8816592431476776,0.22530914050862363,0.22530914050862363,pr_auc,0.148316182542811,0.10956698852430373,0.1884384473369637,0.1489715476433244,0.020396646747110163,2000,percentile,0.05
mlp_prevyears_monthly_features_incremental_scaler_experience_replay_RR_0.2_PR_0.10,"MLP Prevyears + Monthly (Incremental Scaler + Replay RR=0.2, PR=0.10)",prior_years,2021,2017,False,1278749,297,0.9045009526706312,0.24209356370617358,0.24209356370617358,f1_score,0.24209356370617358,0.2025121134863918,0.2787743230667866,0.24122435667238346,0.019189610529609095,2000,percentile,0.05
mlp_prevyears_monthly_features_incremental_scaler_experience_replay_RR_0.2_PR_0.10,"MLP Prevyears + Monthly (Incremental Scaler + Replay RR=0.2, PR=0.10)",prior_years,2021,2017,False,1278749,297,0.9045009526706312,0.24209356370617358,0.24209356370617358,pr_auc,0.18245270970190614,0.1443718922977659,0.22220755897494612,0.18249042534425144,0.02051125130190156,2000,percentile,0.05
mlp_prevyears_monthly_features_incremental_scaler_experience_replay_RR_0.2_PR_0.15,"MLP Prevyears + Monthly (Incremental Scaler + Replay RR=0.2, PR=0.15)",prior_years,2021,2017,False,1278749,297,0.8516214434062555,0.22525466690047666,0.22525466690047666,f1_score,0.22525466690047666,0.1863301958257509,0.2616336370459349,0.22440903997697592,0.019198516413868497,2000,percentile,0.05
mlp_prevyears_monthly_features_incremental_scaler_experience_replay_RR_0.2_PR_0.15,"MLP Prevyears + Monthly (Incremental Scaler + Replay RR=0.2, PR=0.15)",prior_years,2021,2017,False,1278749,297,0.8516214434062555,0.22525466690047666,0.22525466690047666,pr_auc,0.1569984113650021,0.11986773283623876,0.19991877361139218,0.15795682847783457,0.02011882155483448,2000,percentile,0.05
mlp_prevyears_monthly_features_incremental_scaler_experience_replay_RR_0.3,MLP Prevyears + Monthly (Incremental Scaler + Replay RR=0.3),prior_years,2021,2017,False,1278749,297,0.8804477519680062,0.24447669145655723,0.24447669145655723,f1_score,0.24447669145655723,0.20377886267588993,0.28184675177693913,0.24347542226429641,0.020572284468181743,2000,percentile,0.05
mlp_prevyears_monthly_features_incremental_scaler_experience_replay_RR_0.3,MLP Prevyears + Monthly (Incremental Scaler + Replay RR=0.3),prior_years,2021,2017,False,1278749,297,0.8804477519680062,0.24447669145655723,0.24447669145655723,pr_auc,0.174446459640182,0.1309632240856178,0.2205061658432828,0.1751135667051012,0.022823555092623852,2000,percentile,0.05
mlp_prevyears_monthly_features_incremental_scaler_experience_replay_RR_0.3_PR_0.10,"MLP Prevyears + Monthly (Incremental Scaler + Replay RR=0.3, PR=0.10)",prior_years,2021,2017,False,1278749,297,0.8342573189479104,0.22415501811996155,0.22415501811996155,f1_score,0.22415501811996155,0.18131040252414526,0.26464723774420884,0.22336457382834232,0.021204027135062888,2000,percentile,0.05
mlp_prevyears_monthly_features_incremental_scaler_experience_replay_RR_0.3_PR_0.10,"MLP Prevyears + Monthly (Incremental Scaler + Replay RR=0.3, PR=0.10)",prior_years,2021,2017,False,1278749,297,0.8342573189479104,0.22415501811996155,0.22415501811996155,pr_auc,0.15654009712786168,0.1153252056476562,0.20111746103614656,0.15717827465131046,0.021734095578540384,2000,percentile,0.05
mlp_prevyears_monthly_features_incremental_scaler_experience_replay_RR_0.3_PR_0.15,"MLP Prevyears + Monthly (Incremental Scaler + Replay RR=0.3, PR=0.15)",prior_years,2021,2017,False,1278749,297,0.9349827645887206,0.2301710730948678,0.2301710730948678,f1_score,0.2301710730948678,0.18913013222310254,0.2667018054999679,0.2292404289389335,0.01956312193402967,2000,percentile,0.05
mlp_prevyears_monthly_features_incremental_scaler_experience_replay_RR_0.3_PR_0.15,"MLP Prevyears + Monthly (Incremental Scaler + Replay RR=0.3, PR=0.15)",prior_years,2021,2017,False,1278749,297,0.9349827645887206,0.2301710730948678,0.2301710730948678,pr_auc,0.14200953921267176,0.10927799226715558,0.17932883019635887,0.1432378262818798,0.017878953371970468,2000,percentile,0.05
mlp_prevyears_monthly_features_incremental_scaler_experience_replay_RR_0.4,MLP Prevyears + Monthly (Incremental Scaler + Replay RR=0.4),prior_years,2021,2017,False,1278749,297,0.8237378972950593,0.24279702168986728,0.24279702168986728,f1_score,0.24279702168986728,0.20006344666568646,0.2811896024561192,0.24194833166504623,0.021053731577946076,2000,percentile,0.05
mlp_prevyears_monthly_features_incremental_scaler_experience_replay_RR_0.4,MLP Prevyears + Monthly (Incremental Scaler + Replay RR=0.4),prior_years,2021,2017,False,1278749,297,0.8237378972950593,0.24279702168986728,0.24279702168986728,pr_auc,0.1745145817559068,0.1353539509013918,0.2168942684303461,0.1755536527600026,0.021006344925126208,2000,percentile,0.05
mlp_prevyears_monthly_features_incremental_scaler_experience_replay_RR_0.4_PR_0.10,"MLP Prevyears + Monthly (Incremental Scaler + Replay RR=0.4, PR=0.10)",prior_years,2021,2017,False,1278749,297,0.876406244462635,0.24418018744331352,0.24418018744331352,f1_score,0.24418018744331352,0.20448892229828758,0.27995104894821354,0.24334841256256723,0.019329200138500816,2000,percentile,0.05
mlp_prevyears_monthly_features_incremental_scaler_experience_replay_RR_0.4_PR_0.10,"MLP Prevyears + Monthly (Incremental Scaler + Replay RR=0.4, PR=0.10)",prior_years,2021,2017,False,1278749,297,0.876406244462635,0.24418018744331352,0.24418018744331352,pr_auc,0.16028875307692733,0.12535334091098055,0.19810873018132455,0.16103082419294998,0.018380920480151993,2000,percentile,0.05
mlp_prevyears_monthly_features_incremental_scaler_experience_replay_RR_0.4_PR_0.15,"MLP Prevyears + Monthly (Incremental Scaler + Replay RR=0.4, PR=0.15)",prior_years,2021,2017,False,1278749,297,0.8900040794758465,0.23464833529985124,0.23464833529985124,f1_score,0.23464833529985124,0.1943171497957418,0.2702724028325866,0.23357081888750628,0.01958466241650859,2000,percentile,0.05
mlp_prevyears_monthly_features_incremental_scaler_experience_replay_RR_0.4_PR_0.15,"MLP Prevyears + Monthly (Incremental Scaler + Replay RR=0.4, PR=0.15)",prior_years,2021,2017,False,1278749,297,0.8900040794758465,0.23464833529985124,0.23464833529985124,pr_auc,0.14995828598028446,0.11470983613994631,0.18833749358345922,0.1510195357998593,0.01864038777408855,2000,percentile,0.05
mlp_prevyears_monthly_features_incremental_scaler_experience_replay_RR_0.5,MLP Prevyears + Monthly (Incremental Scaler + Replay RR=0.5),prior_years,2021,2017,False,1278749,297,0.87027854434886,0.24889632583309598,0.24889632583309598,f1_score,0.24889632583309598,0.20250155217030427,0.2918289595288193,0.2479129380972282,0.022691976604923492,2000,percentile,0.05
mlp_prevyears_monthly_features_incremental_scaler_experience_replay_RR_0.5,MLP Prevyears + Monthly (Incremental Scaler + Replay RR=0.5),prior_years,2021,2017,False,1278749,297,0.87027854434886,0.24889632583309598,0.24889632583309598,pr_auc,0.18752106285310063,0.13985693140313746,0.2371954057475669,0.1879608020162883,0.02421255937625109,2000,percentile,0.05
mlp_prevyears_monthly_features_incremental_scaler_experience_replay_RR_0.5_PR_0.10,"MLP Prevyears + Monthly (Incremental Scaler + Replay RR=0.5, PR=0.10)",prior_years,2021,2017,False,1278749,297,0.8940923483594545,0.24546946705523734,0.24546946705523734,f1_score,0.24546946705523734,0.20238350477660927,0.2861205282927164,0.2445758662285881,0.021362628491175085,2000,percentile,0.05
mlp_prevyears_monthly_features_incremental_scaler_experience_replay_RR_0.5_PR_0.10,"MLP Prevyears + Monthly (Incremental Scaler + Replay RR=0.5, PR=0.10)",prior_years,2021,2017,False,1278749,297,0.8940923483594545,0.24546946705523734,0.24546946705523734,pr_auc,0.17280022353380065,0.12969920954467676,0.21823877202515324,0.17388935498929922,0.022695738928203636,2000,percentile,0.05
mlp_prevyears_monthly_features_incremental_scaler_experience_replay_RR_0.5_PR_0.15,"MLP Prevyears + Monthly (Incremental Scaler + Replay RR=0.5, PR=0.15)",prior_years,2021,2017,False,1278749,297,0.9084268195267889,0.24294262583597326,0.24294262583597326,f1_score,0.24294262583597326,0.20070582381744836,0.2817240421483494,0.24200147629967161,0.020704726235816807,2000,percentile,0.05
mlp_prevyears_monthly_features_incremental_scaler_experience_replay_RR_0.5_PR_0.15,"MLP Prevyears + Monthly (Incremental Scaler + Replay RR=0.5, PR=0.15)",prior_years,2021,2017,False,1278749,297,0.9084268195267889,0.24294262583597326,0.24294262583597326,pr_auc,0.1586626303697546,0.12381524489057269,0.20025563398135734,0.16006204944274044,0.01958508253514847,2000,percentile,0.05
mlp_prevyears_monthly_features_incremental_scaler_experience_replay_confidently_correct_memory_RR_0.2,MLP Prevyears + Monthly (Incremental Scaler + Replay Confidently Correct RR=0.2),prior_years,2021,2017,False,1278749,297,0.9088928702934177,0.23872868798010594,0.23872868798010594,f1_score,0.23872868798010594,0.19965788456853278,0.27374613673125614,0.23792253174768355,0.01905733743263308,2000,percentile,0.05
mlp_prevyears_monthly_features_incremental_scaler_experience_replay_confidently_correct_memory_RR_0.2,MLP Prevyears + Monthly (Incremental Scaler + Replay Confidently Correct RR=0.2),prior_years,2021,2017,False,1278749,297,0.9088928702934177,0.23872868798010594,0.23872868798010594,pr_auc,0.1619554826823291,0.1267573712444113,0.207593984899322,0.1642182829245928,0.02056666549451108,2000,percentile,0.05
mlp_prevyears_monthly_features_incremental_scaler_experience_replay_confidently_correct_memory_RR_0.3,MLP Prevyears + Monthly (Incremental Scaler + Replay Confidently Correct RR=0.3),prior_years,2021,2017,False,1278749,297,0.8699670653159041,0.2380872707803507,0.2380872707803507,f1_score,0.2380872707803507,0.19778758217365136,0.27698006513786466,0.23707427266542497,0.019911638817807963,2000,percentile,0.05
mlp_prevyears_monthly_features_incremental_scaler_experience_replay_confidently_correct_memory_RR_0.3,MLP Prevyears + Monthly (Incremental Scaler + Replay Confidently Correct RR=0.3),prior_years,2021,2017,False,1278749,297,0.8699670653159041,0.2380872707803507,0.2380872707803507,pr_auc,0.1686711214953067,0.1276280324644427,0.21523449749512624,0.16925133659885389,0.022336154625391316,2000,percentile,0.05
mlp_prevyears_monthly_features_incremental_scaler_experience_replay_confidently_correct_memory_RR_0.4,MLP Prevyears + Monthly (Incremental Scaler + Replay Confidently Correct RR=0.4),prior_years,2021,2017,False,1278749,297,0.9104933762218074,0.24389696391492227,0.24389696391492227,f1_score,0.24389696391492227,0.19961874166220084,0.28610650058841397,0.2430102388155005,0.021635107579184878,2000,percentile,0.05
mlp_prevyears_monthly_features_incremental_scaler_experience_replay_confidently_correct_memory_RR_0.4,MLP Prevyears + Monthly (Incremental Scaler + Replay Confidently Correct RR=0.4),prior_years,2021,2017,False,1278749,297,0.9104933762218074,0.24389696391492227,0.24389696391492227,pr_auc,0.17728193769155454,0.13772411166843873,0.22401460304517432,0.17844099394704052,0.021469819211903524,2000,percentile,0.05
mlp_prevyears_monthly_features_incremental_scaler_experience_replay_confidently_correct_memory_RR_0.5,MLP Prevyears + Monthly (Incremental Scaler + Replay Confidently Correct RR=0.5),prior_years,2021,2017,False,1278749,297,0.8862002172487472,0.2503169647081086,0.2503169647081086,f1_score,0.2503169647081086,0.2056900735583549,0.29122870459289196,0.2492190339191622,0.02209152734675618,2000,percentile,0.05
mlp_prevyears_monthly_features_incremental_scaler_experience_replay_confidently_correct_memory_RR_0.5,MLP Prevyears + Monthly (Incremental Scaler + Replay Confidently Correct RR=0.5),prior_years,2021,2017,False,1278749,297,0.8862002172487472,0.2503169647081086,0.2503169647081086,pr_auc,0.158935932080821,0.1196831403167121,0.2011288939824337,0.1598686580930631,0.02129703672611115,2000,percentile,0.05
mlp_prevyears_monthly_features_incremental_scaler_experience_replay_hard_example_mining_RR_0.2,MLP Prevyears + Monthly (Incremental Scaler + Replay Hard Example Mining RR=0.2),prior_years,2021,2017,False,1278749,297,0.6471672882232281,0.1722342552482506,0.1722342552482506,f1_score,0.1722342552482506,0.1272997496197159,0.21669483833844433,0.1711851365332578,0.023197584436061895,2000,percentile,0.05
mlp_prevyears_monthly_features_incremental_scaler_experience_replay_hard_example_mining_RR_0.2,MLP Prevyears + Monthly (Incremental Scaler + Replay Hard Example Mining RR=0.2),prior_years,2021,2017,False,1278749,297,0.6471672882232281,0.1722342552482506,0.1722342552482506,pr_auc,0.10321576473237537,0.06963560940329828,0.14265591759326696,0.10447606570824121,0.019059909870080622,2000,percentile,0.05
mlp_prevyears_monthly_features_incremental_scaler_experience_replay_hard_example_mining_RR_0.3,MLP Prevyears + Monthly (Incremental Scaler + Replay Hard Example Mining RR=0.3),prior_years,2021,2017,False,1278749,297,0.7650914143116982,0.13695985961833734,0.13695985961833734,f1_score,0.13695985961833734,0.09714106497946055,0.17747529880485965,0.1363214866195767,0.02100574999658056,2000,percentile,0.05
mlp_prevyears_monthly_features_incremental_scaler_experience_replay_hard_example_mining_RR_0.3,MLP Prevyears + Monthly (Incremental Scaler + Replay Hard Example Mining RR=0.3),prior_years,2021,2017,False,1278749,297,0.7650914143116982,0.13695985961833734,0.13695985961833734,pr_auc,0.07015181378179865,0.04881050797617178,0.09763717457067309,0.07169688568103497,0.01242912911734886,2000,percentile,0.05
mlp_prevyears_monthly_features_incremental_scaler_experience_replay_hard_example_mining_RR_0.4,MLP Prevyears + Monthly (Incremental Scaler + Replay Hard Example Mining RR=0.4),prior_years,2021,2017,False,1278749,297,0.8047112581644732,0.12050750644492746,0.12050750644492746,f1_score,0.12050750644492746,0.08940762937717957,0.15085818151067104,0.12001582075532821,0.016079942891893944,2000,percentile,0.05
mlp_prevyears_monthly_features_incremental_scaler_experience_replay_hard_example_mining_RR_0.4,MLP Prevyears + Monthly (Incremental Scaler + Replay Hard Example Mining RR=0.4),prior_years,2021,2017,False,1278749,297,0.8047112581644732,0.12050750644492746,0.12050750644492746,pr_auc,0.0669686613245626,0.048915424796294134,0.08933654603999294,0.06745198478611769,0.010474067143534955,2000,percentile,0.05
mlp_prevyears_monthly_features_incremental_scaler_experience_replay_hard_example_mining_RR_0.5,MLP Prevyears + Monthly (Incremental Scaler + Replay Hard Example Mining RR=0.5),prior_years,2021,2017,False,1278749,297,0.8001687769287564,0.11578657562909532,0.11578657562909532,f1_score,0.11578657562909532,0.09186293145913764,0.13948251210001977,0.11528265580660234,0.012308216983610306,2000,percentile,0.05
mlp_prevyears_monthly_features_incremental_scaler_experience_replay_hard_example_mining_RR_0.5,MLP Prevyears + Monthly (Incremental Scaler + Replay Hard Example Mining RR=0.5),prior_years,2021,2017,False,1278749,297,0.8001687769287564,0.11578657562909532,0.11578657562909532,pr_auc,0.060185813728276846,0.045967141778877195,0.07636142597305141,0.06030672032749187,0.007786175083361228,2000,percentile,0.05
mlp_prevyears_monthly_features_incremental_scaler_experience_replay_uncertainity_prioritization_RR_0.2,MLP Prevyears + Monthly (Incremental Scaler + Replay Uncertainty Prioritization RR=0.2),prior_years,2021,2017,False,1278749,297,0.8504948257169057,0.24925712895546248,0.24925712895546248,f1_score,0.24925712895546248,0.20962095607535236,0.2860800284201017,0.24853650991402515,0.01976293329244331,2000,percentile,0.05
mlp_prevyears_monthly_features_incremental_scaler_experience_replay_uncertainity_prioritization_RR_0.2,MLP Prevyears + Monthly (Incremental Scaler + Replay Uncertainty Prioritization RR=0.2),prior_years,2021,2017,False,1278749,297,0.8504948257169057,0.24925712895546248,0.24925712895546248,pr_auc,0.17905942502042063,0.13974507033020162,0.22213161468707385,0.18043047098461926,0.02067521746159344,2000,percentile,0.05
mlp_prevyears_monthly_features_incremental_scaler_experience_replay_uncertainity_prioritization_RR_0.3,MLP Prevyears + Monthly (Incremental Scaler + Replay Uncertainty Prioritization RR=0.3),prior_years,2021,2017,False,1278749,297,0.9014314851837484,0.2475301179707366,0.2475301179707366,f1_score,0.2475301179707366,0.20599268528214945,0.2855277523626566,0.24657150875863676,0.020362536928184086,2000,percentile,0.05
mlp_prevyears_monthly_features_incremental_scaler_experience_replay_uncertainity_prioritization_RR_0.3,MLP Prevyears + Monthly (Incremental Scaler + Replay Uncertainty Prioritization RR=0.3),prior_years,2021,2017,False,1278749,297,0.9014314851837484,0.2475301179707366,0.2475301179707366,pr_auc,0.17507264076896883,0.13667140634361055,0.21417482871800145,0.17548362777764837,0.01970459908755943,2000,percentile,0.05
mlp_prevyears_monthly_features_incremental_scaler_experience_replay_uncertainity_prioritization_RR_0.4,MLP Prevyears + Monthly (Incremental Scaler + Replay Uncertainty Prioritization RR=0.4),prior_years,2021,2017,False,1278749,297,0.8834190393612122,0.25487876995860437,0.25487876995860437,f1_score,0.25487876995860437,0.21240705971094592,0.29369605948668154,0.25387444984912866,0.020659343660583203,2000,percentile,0.05
mlp_prevyears_monthly_features_incremental_scaler_experience_replay_uncertainity_prioritization_RR_0.4,MLP Prevyears + Monthly (Incremental Scaler + Replay Uncertainty Prioritization RR=0.4),prior_years,2021,2017,False,1278749,297,0.8834190393612122,0.25487876995860437,0.25487876995860437,pr_auc,0.17994248404271013,0.13866388784140093,0.22108055776240007,0.18031699902686535,0.020749833059431528,2000,percentile,0.05
mlp_prevyears_monthly_features_incremental_scaler_experience_replay_uncertainity_prioritization_RR_0.5,MLP Prevyears + Monthly (Incremental Scaler + Replay Uncertainty Prioritization RR=0.5),prior_years,2021,2017,False,1278749,297,0.8837382099996067,0.2639066063628281,0.2639066063628281,f1_score,0.2639066063628281,0.2214840001075972,0.3033762270166673,0.26300502768994977,0.020402743313092702,2000,percentile,0.05
mlp_prevyears_monthly_features_incremental_scaler_experience_replay_uncertainity_prioritization_RR_0.5,MLP Prevyears + Monthly (Incremental Scaler + Replay Uncertainty Prioritization RR=0.5),prior_years,2021,2017,False,1278749,297,0.8837382099996067,0.2639066063628281,0.2639066063628281,pr_auc,0.1993667758325668,0.15957069683268751,0.24016428198461875,0.2001241855986673,0.02042018939992781,2000,percentile,0.05
mlp_prevyears_monthly_features_incremental_scaler_missclassification_buffer_RR_0.3,MLP Prevyears + Monthly (Incremental Scaler + Misclassification Buffer RR=0.3),prior_years,2021,2017,False,1278749,297,0.8859627261277636,0.1477913077271844,0.1477913077271844,f1_score,0.1477913077271844,0.11553829469435348,0.17978629002475177,0.14686164181701553,0.016612650761031585,2000,percentile,0.05
mlp_prevyears_monthly_features_incremental_scaler_missclassification_buffer_RR_0.3,MLP Prevyears + Monthly (Incremental Scaler + Misclassification Buffer RR=0.3),prior_years,2021,2017,False,1278749,297,0.8859627261277636,0.1477913077271844,0.1477913077271844,pr_auc,0.07662849631119556,0.05679791146203853,0.09851691997721132,0.07644824690846386,0.01077432960549141,2000,percentile,0.05
"mlp_combined_HE=0.1_CC=0.1_UP=0.1_PR=(0.2,10)_RR=0.5","MLP Combined (HE=0.1, CC=0.1, UP=0.1, PR=(0.2,10), RR=0.5)",prior_years,2021,2018,False,1281406,297,0.6043913569715937,0.4499712649372783,0.4499712649372783,f1_score,0.4499712649372783,0.3661543165423223,0.5190650811033831,0.4487429823582237,0.039404344820447836,2000,percentile,0.05
"mlp_combined_HE=0.1_CC=0.1_UP=0.1_PR=(0.2,10)_RR=0.5","MLP Combined (HE=0.1, CC=0.1, UP=0.1, PR=(0.2,10), RR=0.5)",prior_years,2021,2018,False,1281406,297,0.6043913569715937,0.4499712649372783,0.4499712649372783,pr_auc,0.4392619173418005,0.36068567739793334,0.5098572593945184,0.43869791770544314,0.03840329942044311,2000,percentile,0.05
"mlp_combined_HE=0_CC=0.15_UP=0_PR=(0,10)_MC=0.1_RWS=1_RR=0.4","MLP Combined (HE=0, CC=0.15, UP=0, PR=(0,10), MC=0.1, RWS=1, RR=0.4)",prior_years,2021,2018,False,1281406,297,0.8366451856595071,0.4395017430837292,0.4395017430837292,f1_score,0.4395017430837292,0.354484772933523,0.5089564670658742,0.43854406428249354,0.03925773446345625,2000,percentile,0.05
"mlp_combined_HE=0_CC=0.15_UP=0_PR=(0,10)_MC=0.1_RWS=1_RR=0.4","MLP Combined (HE=0, CC=0.15, UP=0, PR=(0,10), MC=0.1, RWS=1, RR=0.4)",prior_years,2021,2018,False,1281406,297,0.8366451856595071,0.4395017430837292,0.4395017430837292,pr_auc,0.41776092151874644,0.33305922665062454,0.49642691073505874,0.4179374454159424,0.04202154536150016,2000,percentile,0.05
"mlp_combined_HE=0_CC=0.1_UP=0.1_PR=(0,10)_MC=0.1_RWS=1_RR=0.5","MLP Combined (HE=0, CC=0.1, UP=0.1, PR=(0,10), MC=0.1, RWS=1, RR=0.5)",prior_years,2021,2018,False,1281406,297,0.8400197492798663,0.3855610884972209,0.3855610884972209,f1_score,0.3855610884972209,0.30585181359026736,0.45944550737920015,0.38470360334704345,0.03897318375290345,2000,percentile,0.05
"mlp_combined_HE=0_CC=0.1_UP=0.1_PR=(0,10)_MC=0.1_RWS=1_RR=0.5","MLP Combined (HE=0, CC=0.1, UP=0.1, PR=(0,10), MC=0.1, RWS=1, RR=0.5)",prior_years,2021,2018,False,1281406,297,0.8400197492798663,0.3855610884972209,0.3855610884972209,pr_auc,0.3718844804855224,0.29268064458658727,0.45104180058808324,0.3719429992259538,0.04040998495022679,2000,percentile,0.05
"mlp_combined_HE=0_CC=0.1_UP=0.2_PR=(0.1,10)_RR=0.5","MLP Combined (HE=0, CC=0.1, UP=0.2, PR=(0.1,10), RR=0.5)",prior_years,2021,2018,False,1281406,297,0.7875157466745042,0.39975056998655417,0.39975056998655417,f1_score,0.39975056998655417,0.32299541024001366,0.4708385313042375,0.3987101622816107,0.03759571331776657,2000,percentile,0.05
"mlp_combined_HE=0_CC=0.1_UP=0.2_PR=(0.1,10)_RR=0.5","MLP Combined (HE=0, CC=0.1, UP=0.2, PR=(0.1,10), RR=0.5)",prior_years,2021,2018,False,1281406,297,0.7875157466745042,0.39975056998655417,0.39975056998655417,pr_auc,0.3891853266951997,0.3113775301111341,0.46222099780390796,0.38838156636889276,0.038552412952540624,2000,percentile,0.05
"mlp_combined_HE=0_CC=0.2_UP=0.1_PR=(0.2,10)_RR=0.5","MLP Combined (HE=0, CC=0.2, UP=0.1, PR=(0.2,10), RR=0.5)",prior_years,2021,2018,False,1281406,297,0.7110958414382602,0.44097273397199704,0.44097273397199704,f1_score,0.44097273397199704,0.3604546778155885,0.511769131262149,0.43990071848454687,0.038623167786498276,2000,percentile,0.05
"mlp_combined_HE=0_CC=0.2_UP=0.1_PR=(0.2,10)_RR=0.5","MLP Combined (HE=0, CC=0.2, UP=0.1, PR=(0.2,10), RR=0.5)",prior_years,2021,2018,False,1281406,297,0.7110958414382602,0.44097273397199704,0.44097273397199704,pr_auc,0.4373487532139806,0.3597847566633909,0.5095837673871613,0.43685570347111596,0.03860419077023545,2000,percentile,0.05
"mlp_combined_HE=0_CC=0.2_UP=0.2_PR=(0.1,10)_RR=0.5","MLP Combined (HE=0, CC=0.2, UP=0.2, PR=(0.1,10), RR=0.5)",prior_years,2021,2018,False,1281406,297,0.7739185436859682,0.4496606561985462,0.4496606561985462,f1_score,0.4496606561985462,0.3624691929238928,0.5200815426211796,0.4485044315386119,0.03981464556801405,2000,percentile,0.05
"mlp_combined_HE=0_CC=0.2_UP=0.2_PR=(0.1,10)_RR=0.5","MLP Combined (HE=0, CC=0.2, UP=0.2, PR=(0.1,10), RR=0.5)",prior_years,2021,2018,False,1281406,297,0.7739185436859682,0.4496606561985462,0.4496606561985462,pr_auc,0.4390395844302468,0.36343102705246916,0.5090685615036187,0.4384677770892091,0.03721041031233832,2000,percentile,0.05
mlp_prevyears_monthly_features_incremental_scaler,MLP Prevyears + Monthly (Incremental Scaler),prior_years,2021,2018,True,1281406,297,0.9698751524113707,0.0703466732635414,0.0703466732635414,f1_score,0.0703466732635414,0.04718057857104408,0.09810750758626129,0.06950015951932502,0.01314080420602651,2000,percentile,0.05
mlp_prevyears_monthly_features_incremental_scaler,MLP Prevyears + Monthly (Incremental Scaler),prior_years,2021,2018,True,1281406,297,0.9698751524113707,0.0703466732635414,0.0703466732635414,pr_auc,0.03692696602427486,0.025546298812877802,0.05281588113407946,0.03708118803785773,0.006945060505526914,2000,percentile,0.05
mlp_prevyears_monthly_features_incremental_scaler_experience_replay_RR_0.2,MLP Prevyears + Monthly (Incremental Scaler + Replay RR=0.2),prior_years,2021,2018,False,1281406,297,0.9630300358739167,0.42042521040149433,0.42042521040149433,f1_score,0.42042521040149433,0.3419561372715221,0.4891724733959682,0.4195879721363027,0.03755349071042786,2000,percentile,0.05
mlp_prevyears_monthly_features_incremental_scaler_experience_replay_RR_0.2,MLP Prevyears + Monthly (Incremental Scaler + Replay RR=0.2),prior_years,2021,2018,False,1281406,297,0.9630300358739167,0.42042521040149433,0.42042521040149433,pr_auc,0.4165638411088783,0.3426700168292662,0.48787262654739305,0.41614110958630285,0.0365866807359747,2000,percentile,0.05
mlp_prevyears_monthly_features_incremental_scaler_experience_replay_RR_0.2_PR_0.10,"MLP Prevyears + Monthly (Incremental Scaler + Replay RR=0.2, PR=0.10)",prior_years,2021,2018,False,1281406,297,0.9548825045667461,0.44969079225671293,0.44969079225671293,f1_score,0.44969079225671293,0.3671192999346774,0.5193445364283241,0.4487992021031238,0.039150409989545006,2000,percentile,0.05
mlp_prevyears_monthly_features_incremental_scaler_experience_replay_RR_0.2_PR_0.10,"MLP Prevyears + Monthly (Incremental Scaler + Replay RR=0.2, PR=0.10)",prior_years,2021,2018,False,1281406,297,0.9548825045667461,0.44969079225671293,0.44969079225671293,pr_auc,0.4409139479182581,0.3642420473970391,0.5110688306028489,0.44037001626232164,0.037540561971835786,2000,percentile,0.05
mlp_prevyears_monthly_features_incremental_scaler_experience_replay_RR_0.2_PR_0.15,"MLP Prevyears + Monthly (Incremental Scaler + Replay RR=0.2, PR=0.15)",prior_years,2021,2018,False,1281406,297,0.9462727097058377,0.42860846845768763,0.42860846845768763,f1_score,0.42860846845768763,0.3474872012018348,0.49901857535310173,0.4278275093112693,0.038593636199505434,2000,percentile,0.05
mlp_prevyears_monthly_features_incremental_scaler_experience_replay_RR_0.2_PR_0.15,"MLP Prevyears + Monthly (Incremental Scaler + Replay RR=0.2, PR=0.15)",prior_years,2021,2018,False,1281406,297,0.9462727097058377,0.42860846845768763,0.42860846845768763,pr_auc,0.4123665735960974,0.3337716421286345,0.48782605775665017,0.4124801241310621,0.0397722442820985,2000,percentile,0.05
mlp_prevyears_monthly_features_incremental_scaler_experience_replay_RR_0.3,MLP Prevyears + Monthly (Incremental Scaler + Replay RR=0.3),prior_years,2021,2018,False,1281406,297,0.9123761855780151,0.44047404920358935,0.44047404920358935,f1_score,0.44047404920358935,0.3568850235010004,0.5127725670151229,0.43951864761802856,0.039678067805848316,2000,percentile,0.05
mlp_prevyears_monthly_features_incremental_scaler_experience_replay_RR_0.3,MLP Prevyears + Monthly (Incremental Scaler + Replay RR=0.3),prior_years,2021,2018,False,1281406,297,0.9123761855780151,0.44047404920358935,0.44047404920358935,pr_auc,0.4278771306479516,0.3471469657589393,0.5043410962028424,0.4275451520338796,0.03966432491845122,2000,percentile,0.05
mlp_prevyears_monthly_features_incremental_scaler_experience_replay_RR_0.3_PR_0.10,"MLP Prevyears + Monthly (Incremental Scaler + Replay RR=0.3, PR=0.10)",prior_years,2021,2018,False,1281406,297,0.926229411932321,0.44413217167864455,0.44413217167864455,f1_score,0.44413217167864455,0.36284820410299096,0.5132421446084379,0.44311000268128664,0.03808501015527443,2000,percentile,0.05
mlp_prevyears_monthly_features_incremental_scaler_experience_replay_RR_0.3_PR_0.10,"MLP Prevyears + Monthly (Incremental Scaler + Replay RR=0.3, PR=0.10)",prior_years,2021,2018,False,1281406,297,0.926229411932321,0.44413217167864455,0.44413217167864455,pr_auc,0.4379749083063004,0.3642403391968311,0.5057803621248353,0.43716626612631365,0.036248651271753224,2000,percentile,0.05
mlp_prevyears_monthly_features_incremental_scaler_experience_replay_RR_0.3_PR_0.15,"MLP Prevyears + Monthly (Incremental Scaler + Replay RR=0.3, PR=0.15)",prior_years,2021,2018,False,1281406,297,0.9392614379919538,0.4315642997951374,0.4315642997951374,f1_score,0.4315642997951374,0.34939208225647655,0.5005918665394903,0.4307236397088268,0.03853054556035651,2000,percentile,0.05
mlp_prevyears_monthly_features_incremental_scaler_experience_replay_RR_0.3_PR_0.15,"MLP Prevyears + Monthly (Incremental Scaler + Replay RR=0.3, PR=0.15)",prior_years,2021,2018,False,1281406,297,0.9392614379919538,0.4315642997951374,0.4315642997951374,pr_auc,0.415933311680072,0.3361233245097717,0.4928643595999088,0.41620579641404365,0.04045580046349432,2000,percentile,0.05
mlp_prevyears_monthly_features_incremental_scaler_experience_replay_RR_0.4,MLP Prevyears + Monthly (Incremental Scaler + Replay RR=0.4),prior_years,2021,2018,False,1281406,297,0.9230495170467797,0.42835249042145596,0.42835249042145596,f1_score,0.42835249042145596,0.35290570896581164,0.4948192708566464,0.4271561511566068,0.036290344640126385,2000,percentile,0.05
mlp_prevyears_monthly_features_incremental_scaler_experience_replay_RR_0.4,MLP Prevyears + Monthly (Incremental Scaler + Replay RR=0.4),prior_years,2021,2018,False,1281406,297,0.9230495170467797,0.42835249042145596,0.42835249042145596,pr_auc,0.42116795011571173,0.347122676664983,0.4924717072400446,0.4204583668706698,0.03679196796445745,2000,percentile,0.05
mlp_prevyears_monthly_features_incremental_scaler_experience_replay_RR_0.4_PR_0.10,"MLP Prevyears + Monthly (Incremental Scaler + Replay RR=0.4, PR=0.10)",prior_years,2021,2018,False,1281406,297,0.9489011129443085,0.44176382781296647,0.44176382781296647,f1_score,0.44176382781296647,0.3564564236764296,0.5117161211188085,0.44090425260771793,0.040106350582638714,2000,percentile,0.05
mlp_prevyears_monthly_features_incremental_scaler_experience_replay_RR_0.4_PR_0.10,"MLP Prevyears + Monthly (Incremental Scaler + Replay RR=0.4, PR=0.10)",prior_years,2021,2018,False,1281406,297,0.9489011129443085,0.44176382781296647,0.44176382781296647,pr_auc,0.4275539278186032,0.347558436830549,0.5049475323586367,0.42822829570891374,0.040199565951087125,2000,percentile,0.05
mlp_prevyears_monthly_features_incremental_scaler_experience_replay_RR_0.4_PR_0.15,"MLP Prevyears + Monthly (Incremental Scaler + Replay RR=0.4, PR=0.15)",prior_years,2021,2018,False,1281406,297,0.9570387253162806,0.446503622463275,0.446503622463275,f1_score,0.446503622463275,0.364217642905587,0.515837620175251,0.4455475600672192,0.038618517721745634,2000,percentile,0.05
mlp_prevyears_monthly_features_incremental_scaler_experience_replay_RR_0.4_PR_0.15,"MLP Prevyears + Monthly (Incremental Scaler + Replay RR=0.4, PR=0.15)",prior_years,2021,2018,False,1281406,297,0.9570387253162806,0.446503622463275,0.446503622463275,pr_auc,0.43936184930711564,0.36295250689431996,0.5130391064221616,0.43885013769833203,0.03819286408890815,2000,percentile,0.05
mlp_prevyears_monthly_features_incremental_scaler_experience_replay_RR_0.5,MLP Prevyears + Monthly (Incremental Scaler + Replay RR=0.5),prior_years,2021,2018,False,1281406,297,0.9495503601227769,0.4366094559585492,0.4366094559585492,f1_score,0.4366094559585492,0.35235490029972527,0.5079701877525699,0.43584116024267133,0.039345762247542236,2000,percentile,0.05
mlp_prevyears_monthly_features_incremental_scaler_experience_replay_RR_0.5,MLP Prevyears + Monthly (Incremental Scaler + Replay RR=0.5),prior_years,2021,2018,False,1281406,297,0.9495503601227769,0.4366094559585492,0.4366094559585492,pr_auc,0.42739895119309607,0.3488972949890639,0.5043518928975714,0.4275325233172612,0.039880795139789954,2000,percentile,0.05
mlp_prevyears_monthly_features_incremental_scaler_experience_replay_RR_0.5_PR_0.10,"MLP Prevyears + Monthly (Incremental Scaler + Replay RR=0.5, PR=0.10)",prior_years,2021,2018,False,1281406,297,0.9478319147596617,0.446809346161398,0.446809346161398,f1_score,0.446809346161398,0.36414220678173004,0.5155478571016564,0.4459911657710784,0.038505961378989796,2000,percentile,0.05
mlp_prevyears_monthly_features_incremental_scaler_experience_replay_RR_0.5_PR_0.10,"MLP Prevyears + Monthly (Incremental Scaler + Replay RR=0.5, PR=0.10)",prior_years,2021,2018,False,1281406,297,0.9478319147596617,0.446809346161398,0.446809346161398,pr_auc,0.4402468411142725,0.36603963447101406,0.5121145629355809,0.44012485055370654,0.03785176868817875,2000,percentile,0.05
mlp_prevyears_monthly_features_incremental_scaler_experience_replay_RR_0.5_PR_0.15,"MLP Prevyears + Monthly (Incremental Scaler + Replay RR=0.5, PR=0.15)",prior_years,2021,2018,False,1281406,297,0.9449835650696642,0.441067258737511,0.441067258737511,f1_score,0.441067258737511,0.35808448014029554,0.510893477326595,0.44020261942751265,0.039196947449259015,2000,percentile,0.05
mlp_prevyears_monthly_features_incremental_scaler_experience_replay_RR_0.5_PR_0.15,"MLP Prevyears + Monthly (Incremental Scaler + Replay RR=0.5, PR=0.15)",prior_years,2021,2018,False,1281406,297,0.9449835650696642,0.441067258737511,0.441067258737511,pr_auc,0.4319322142037838,0.3503370532870836,0.5094338073376476,0.43212831718688083,0.04078512650374364,2000,percentile,0.05
mlp_prevyears_monthly_features_incremental_scaler_experience_replay_confidently_correct_memory_RR_0.2,MLP Prevyears + Monthly (Incremental Scaler + Replay Confidently Correct RR=0.2),prior_years,2021,2018,False,1281406,297,0.938505881685163,0.4276789455639785,0.4276789455639785,f1_score,0.4276789455639785,0.35554694136041726,0.49160413410259163,0.4268062162680281,0.0346817898642901,2000,percentile,0.05
mlp_prevyears_monthly_features_incremental_scaler_experience_replay_confidently_correct_memory_RR_0.2,MLP Prevyears + Monthly (Incremental Scaler + Replay Confidently Correct RR=0.2),prior_years,2021,2018,False,1281406,297,0.938505881685163,0.4276789455639785,0.4276789455639785,pr_auc,0.42217887005213994,0.35005477737114143,0.4916835097983446,0.4218056269719423,0.03673745262998777,2000,percentile,0.05
mlp_prevyears_monthly_features_incremental_scaler_experience_replay_confidently_correct_memory_RR_0.3,MLP Prevyears + Monthly (Incremental Scaler + Replay Confidently Correct RR=0.3),prior_years,2021,2018,False,1281406,297,0.9466141750745997,0.435338079034716,0.435338079034716,f1_score,0.435338079034716,0.3521835096893818,0.5067022811177122,0.434641984584708,0.03960836469802338,2000,percentile,0.05
mlp_prevyears_monthly_features_incremental_scaler_experience_replay_confidently_correct_memory_RR_0.3,MLP Prevyears + Monthly (Incremental Scaler + Replay Confidently Correct RR=0.3),prior_years,2021,2018,False,1281406,297,0.9466141750745997,0.435338079034716,0.435338079034716,pr_auc,0.4281807668586543,0.35287338971684884,0.4998100763386583,0.428143027675775,0.038419054496971375,2000,percentile,0.05
mlp_prevyears_monthly_features_incremental_scaler_experience_replay_confidently_correct_memory_RR_0.4,MLP Prevyears + Monthly (Incremental Scaler + Replay Confidently Correct RR=0.4),prior_years,2021,2018,False,1281406,297,0.9641831104711197,0.4355714735516373,0.4355714735516373,f1_score,0.4355714735516373,0.35370304669098074,0.50719190894465,0.4347196132377087,0.03902938299516239,2000,percentile,0.05
mlp_prevyears_monthly_features_incremental_scaler_experience_replay_confidently_correct_memory_RR_0.4,MLP Prevyears + Monthly (Incremental Scaler + Replay Confidently Correct RR=0.4),prior_years,2021,2018,False,1281406,297,0.9641831104711197,0.4355714735516373,0.4355714735516373,pr_auc,0.42977220186823917,0.35417813256144215,0.5024259804548423,0.4292558719746985,0.03851229672998423,2000,percentile,0.05
mlp_prevyears_monthly_features_incremental_scaler_experience_replay_confidently_correct_memory_RR_0.5,MLP Prevyears + Monthly (Incremental Scaler + Replay Confidently Correct RR=0.5),prior_years,2021,2018,False,1281406,297,0.9547573657526094,0.44809415431301386,0.44809415431301386,f1_score,0.44809415431301386,0.36436216032226715,0.5183719401552555,0.4471377135687107,0.03933145543820851,2000,percentile,0.05
mlp_prevyears_monthly_features_incremental_scaler_experience_replay_confidently_correct_memory_RR_0.5,MLP Prevyears + Monthly (Incremental Scaler + Replay Confidently Correct RR=0.5),prior_years,2021,2018,False,1281406,297,0.9547573657526094,0.44809415431301386,0.44809415431301386,pr_auc,0.4433506725694054,0.36737518337715197,0.513200059508884,0.44293257621754745,0.03732095153438961,2000,percentile,0.05
mlp_prevyears_monthly_features_incremental_scaler_experience_replay_hard_example_mining_RR_0.2,MLP Prevyears + Monthly (Incremental Scaler + Replay Hard Example Mining RR=0.2),prior_years,2021,2018,False,1281406,297,0.8297457294051265,0.20270956425406203,0.2027072250366387,f1_score,0.2027072250366387,0.1524255319942538,0.26475994947353476,0.200395455103739,0.03015165921716527,2000,percentile,0.05
mlp_prevyears_monthly_features_incremental_scaler_experience_replay_hard_example_mining_RR_0.2,MLP Prevyears + Monthly (Incremental Scaler + Replay Hard Example Mining RR=0.2),prior_years,2021,2018,False,1281406,297,0.8297457294051265,0.20270956425406203,0.2027072250366387,pr_auc,0.1273643683464866,0.08601102414537765,0.18289825924927783,0.12681462287651424,0.02518497385368941,2000,percentile,0.05
mlp_prevyears_monthly_features_incremental_scaler_experience_replay_hard_example_mining_RR_0.3,MLP Prevyears + Monthly (Incremental Scaler + Replay Hard Example Mining RR=0.3),prior_years,2021,2018,False,1281406,297,0.8165253007694523,0.2694843124165554,0.2694843124165554,f1_score,0.2694843124165554,0.21915139236659614,0.3148402336974836,0.2676744059179315,0.024724612477861035,2000,percentile,0.05
mlp_prevyears_monthly_features_incremental_scaler_experience_replay_hard_example_mining_RR_0.3,MLP Prevyears + Monthly (Incremental Scaler + Replay Hard Example Mining RR=0.3),prior_years,2021,2018,False,1281406,297,0.8165253007694523,0.2694843124165554,0.2694843124165554,pr_auc,0.184567391282656,0.1414993631973007,0.2321158446310129,0.18527744476760524,0.02381308403909154,2000,percentile,0.05
mlp_prevyears_monthly_features_incremental_scaler_experience_replay_hard_example_mining_RR_0.4,MLP Prevyears + Monthly (Incremental Scaler + Replay Hard Example Mining RR=0.4),prior_years,2021,2018,False,1281406,297,0.840500204454574,0.3258342338802109,0.3258342338802109,f1_score,0.3258342338802109,0.26804906092675196,0.37817319729621407,0.3235684898706745,0.02856145863087857,2000,percentile,0.05
mlp_prevyears_monthly_features_incremental_scaler_experience_replay_hard_example_mining_RR_0.4,MLP Prevyears + Monthly (Incremental Scaler + Replay Hard Example Mining RR=0.4),prior_years,2021,2018,False,1281406,297,0.840500204454574,0.3258342338802109,0.3258342338802109,pr_auc,0.2774008920020552,0.20887860734730496,0.3416756414133881,0.27624057492283577,0.0340263115041414,2000,percentile,0.05
mlp_prevyears_monthly_features_incremental_scaler_experience_replay_hard_example_mining_RR_0.5,MLP Prevyears + Monthly (Incremental Scaler + Replay Hard Example Mining RR=0.5),prior_years,2021,2018,False,1281406,297,0.8411787257221917,0.32275515482965045,0.32275515482965045,f1_score,0.32275515482965045,0.2749611329223633,0.3641379760543736,0.32128288741217426,0.023002804354205975,2000,percentile,0.05
mlp_prevyears_monthly_features_incremental_scaler_experience_replay_hard_example_mining_RR_0.5,MLP Prevyears + Monthly (Incremental Scaler + Replay Hard Example Mining RR=0.5),prior_years,2021,2018,False,1281406,297,0.8411787257221917,0.32275515482965045,0.32275515482965045,pr_auc,0.2523108307290441,0.19755197265226215,0.3093528869596866,0.2532076260924097,0.02874914756677372,2000,percentile,0.05
mlp_prevyears_monthly_features_incremental_scaler_experience_replay_uncertainity_prioritization_RR_0.2,MLP Prevyears + Monthly (Incremental Scaler + Replay Uncertainty Prioritization RR=0.2),prior_years,2021,2018,False,1281406,297,0.9439763926025879,0.4554319239328343,0.4554319239328343,f1_score,0.4554319239328343,0.36651717429766234,0.5262053317634853,0.4543005962529843,0.04060033633777495,2000,percentile,0.05
mlp_prevyears_monthly_features_incremental_scaler_experience_replay_uncertainity_prioritization_RR_0.2,MLP Prevyears + Monthly (Incremental Scaler + Replay Uncertainty Prioritization RR=0.2),prior_years,2021,2018,False,1281406,297,0.9439763926025879,0.4554319239328343,0.4554319239328343,pr_auc,0.4441401489996691,0.36258717829419485,0.52081434772814,0.44399625432855744,0.04081439258795466,2000,percentile,0.05
mlp_prevyears_monthly_features_incremental_scaler_experience_replay_uncertainity_prioritization_RR_0.3,MLP Prevyears + Monthly (Incremental Scaler + Replay Uncertainty Prioritization RR=0.3),prior_years,2021,2018,False,1281406,297,0.9380754348506221,0.4633834157099817,0.4633834157099817,f1_score,0.4633834157099817,0.3833674967653897,0.5291538614879956,0.46227313526384994,0.037059417707297364,2000,percentile,0.05
mlp_prevyears_monthly_features_incremental_scaler_experience_replay_uncertainity_prioritization_RR_0.3,MLP Prevyears + Monthly (Incremental Scaler + Replay Uncertainty Prioritization RR=0.3),prior_years,2021,2018,False,1281406,297,0.9380754348506221,0.4633834157099817,0.4633834157099817,pr_auc,0.4518572523549992,0.37874549116144973,0.5218592874774849,0.4514109645032966,0.036954531762364976,2000,percentile,0.05
mlp_prevyears_monthly_features_incremental_scaler_experience_replay_uncertainity_prioritization_RR_0.4,MLP Prevyears + Monthly (Incremental Scaler + Replay Uncertainty Prioritization RR=0.4),prior_years,2021,2018,False,1281406,297,0.921072521780359,0.4519296005108353,0.4519296005108353,f1_score,0.4519296005108353,0.36262892002958536,0.5227258406083205,0.45090081488821804,0.04035102027323031,2000,percentile,0.05
mlp_prevyears_monthly_features_incremental_scaler_experience_replay_uncertainity_prioritization_RR_0.4,MLP Prevyears + Monthly (Incremental Scaler + Replay Uncertainty Prioritization RR=0.4),prior_years,2021,2018,False,1281406,297,0.921072521780359,0.4519296005108353,0.4519296005108353,pr_auc,0.43940450252245516,0.3601018885546026,0.5144231845202829,0.43921125835625024,0.03975686659160358,2000,percentile,0.05
mlp_prevyears_monthly_features_incremental_scaler_experience_replay_uncertainity_prioritization_RR_0.5,MLP Prevyears + Monthly (Incremental Scaler + Replay Uncertainty Prioritization RR=0.5),prior_years,2021,2018,False,1281406,297,0.9259814939090592,0.4515029376967655,0.4515029376967655,f1_score,0.4515029376967655,0.3674632834096548,0.5217569939539961,0.45039957487652577,0.03949400843555614,2000,percentile,0.05
mlp_prevyears_monthly_features_incremental_scaler_experience_replay_uncertainity_prioritization_RR_0.5,MLP Prevyears + Monthly (Incremental Scaler + Replay Uncertainty Prioritization RR=0.5),prior_years,2021,2018,False,1281406,297,0.9259814939090592,0.4515029376967655,0.4515029376967655,pr_auc,0.44834898382774685,0.3717576015580659,0.5209101764074154,0.4478645495278997,0.03813305111172677,2000,percentile,0.05
mlp_prevyears_monthly_features_incremental_scaler_missclassification_buffer_RR_0.3,MLP Prevyears + Monthly (Incremental Scaler + Misclassification Buffer RR=0.3),prior_years,2021,2018,False,1281406,297,0.9208465711686514,0.35449779479071314,0.35449779479071314,f1_score,0.35449779479071314,0.27745402365427013,0.4218683431921765,0.3522846817546035,0.03656456172439139,2000,percentile,0.05
mlp_prevyears_monthly_features_incremental_scaler_missclassification_buffer_RR_0.3,MLP Prevyears + Monthly (Incremental Scaler + Misclassification Buffer RR=0.3),prior_years,2021,2018,False,1281406,297,0.9208465711686514,0.35449779479071314,0.35449779479071314,pr_auc,0.32977808790952584,0.2530225322667249,0.3969615696726881,0.3278715432150535,0.036846769518462656,2000,percentile,0.05
"mlp_combined_HE=0.1_CC=0.1_UP=0.1_PR=(0.2,10)_RR=0.5","MLP Combined (HE=0.1, CC=0.1, UP=0.1, PR=(0.2,10), RR=0.5)",prior_years,2021,2019,False,1280996,297,0.8228055406859615,0.45922979569698064,0.45922979569698064,f1_score,0.45922979569698064,0.392154355326367,0.5188389888061749,0.4569331003085042,0.03126563187786217,2000,percentile,0.05
"mlp_combined_HE=0.1_CC=0.1_UP=0.1_PR=(0.2,10)_RR=0.5","MLP Combined (HE=0.1, CC=0.1, UP=0.1, PR=(0.2,10), RR=0.5)",prior_years,2021,2019,False,1280996,297,0.8228055406859615,0.45922979569698064,0.45922979569698064,pr_auc,0.41636654916019783,0.33804677042065673,0.48760410989719616,0.4143714673422454,0.03698714741232593,2000,percentile,0.05
"mlp_combined_HE=0_CC=0.15_UP=0_PR=(0,10)_MC=0.1_RWS=1_RR=0.4","MLP Combined (HE=0, CC=0.15, UP=0, PR=(0,10), MC=0.1, RWS=1, RR=0.4)",prior_years,2021,2019,False,1280996,297,0.8743322032149712,0.4598834789846026,0.4598834789846026,f1_score,0.4598834789846026,0.3997730308386237,0.5110608076330181,0.4577671201707174,0.02764291477030186,2000,percentile,0.05
"mlp_combined_HE=0_CC=0.15_UP=0_PR=(0,10)_MC=0.1_RWS=1_RR=0.4","MLP Combined (HE=0, CC=0.15, UP=0, PR=(0,10), MC=0.1, RWS=1, RR=0.4)",prior_years,2021,2019,False,1280996,297,0.8743322032149712,0.4598834789846026,0.4598834789846026,pr_auc,0.4143022032139269,0.33853574420890475,0.4797070110710901,0.4121698333676926,0.03470985423099491,2000,percentile,0.05
"mlp_combined_HE=0_CC=0.1_UP=0.1_PR=(0,10)_MC=0.1_RWS=1_RR=0.5","MLP Combined (HE=0, CC=0.1, UP=0.1, PR=(0,10), MC=0.1, RWS=1, RR=0.5)",prior_years,2021,2019,False,1280996,297,0.8649152648938552,0.46360251636923866,0.46360251636923866,f1_score,0.46360251636923866,0.40091424885964255,0.5179171113006058,0.46154479334555,0.029168674488237248,2000,percentile,0.05
"mlp_combined_HE=0_CC=0.1_UP=0.1_PR=(0,10)_MC=0.1_RWS=1_RR=0.5","MLP Combined (HE=0, CC=0.1, UP=0.1, PR=(0,10), MC=0.1, RWS=1, RR=0.5)",prior_years,2021,2019,False,1280996,297,0.8649152648938552,0.46360251636923866,0.46360251636923866,pr_auc,0.41019919579492137,0.3341472628461554,0.4771969947781726,0.40832559573438765,0.035846363472555716,2000,percentile,0.05
"mlp_combined_HE=0_CC=0.1_UP=0.2_PR=(0.1,10)_RR=0.5","MLP Combined (HE=0, CC=0.1, UP=0.2, PR=(0.1,10), RR=0.5)",prior_years,2021,2019,False,1280996,297,0.8434939496009828,0.46877277208624457,0.46877277208624457,f1_score,0.46877277208624457,0.4042651601884465,0.5249446374734432,0.4666535173713183,0.030239476165127264,2000,percentile,0.05
"mlp_combined_HE=0_CC=0.1_UP=0.2_PR=(0.1,10)_RR=0.5","MLP Combined (HE=0, CC=0.1, UP=0.2, PR=(0.1,10), RR=0.5)",prior_years,2021,2019,False,1280996,297,0.8434939496009828,0.46877277208624457,0.46877277208624457,pr_auc,0.4191585426095639,0.33940278236561006,0.4875776464037952,0.41707833998195554,0.036774781026757505,2000,percentile,0.05
"mlp_combined_HE=0_CC=0.2_UP=0.1_PR=(0.2,10)_RR=0.5","MLP Combined (HE=0, CC=0.2, UP=0.1, PR=(0.2,10), RR=0.5)",prior_years,2021,2019,False,1280996,297,0.879962874937207,0.45763331684126746,0.45763331684126746,f1_score,0.45763331684126746,0.3981333949608657,0.5080657285709138,0.4555426531263264,0.027287602100816974,2000,percentile,0.05
"mlp_combined_HE=0_CC=0.2_UP=0.1_PR=(0.2,10)_RR=0.5","MLP Combined (HE=0, CC=0.2, UP=0.1, PR=(0.2,10), RR=0.5)",prior_years,2021,2019,False,1280996,297,0.879962874937207,0.45763331684126746,0.45763331684126746,pr_auc,0.41585334503108445,0.3442259074859255,0.47900378690504336,0.4138762053192977,0.03380383461181854,2000,percentile,0.05
"mlp_combined_HE=0_CC=0.2_UP=0.2_PR=(0.1,10)_RR=0.5","MLP Combined (HE=0, CC=0.2, UP=0.2, PR=(0.1,10), RR=0.5)",prior_years,2021,2019,False,1280996,297,0.8914584703786989,0.4650232005805643,0.4650232005805643,f1_score,0.4650232005805643,0.4051026348250894,0.5171955701229463,0.4627487173625379,0.028102313469795175,2000,percentile,0.05
"mlp_combined_HE=0_CC=0.2_UP=0.2_PR=(0.1,10)_RR=0.5","MLP Combined (HE=0, CC=0.2, UP=0.2, PR=(0.1,10), RR=0.5)",prior_years,2021,2019,False,1280996,297,0.8914584703786989,0.4650232005805643,0.4650232005805643,pr_auc,0.42205392249055573,0.34405397914278407,0.4875708650470236,0.4198057603813205,0.035508859534879575,2000,percentile,0.05
mlp_prevyears_monthly_features_incremental_scaler,MLP Prevyears + Monthly (Incremental Scaler),prior_years,2021,2019,True,1280996,297,0.8943064176166288,0.4470536207849641,0.4470536207849641,f1_score,0.4470536207849641,0.3844005487268755,0.4996134297482653,0.44477542296668887,0.02846945286720021,2000,percentile,0.05
mlp_prevyears_monthly_features_incremental_scaler,MLP Prevyears + Monthly (Incremental Scaler),prior_years,2021,2019,True,1280996,297,0.8943064176166288,0.4470536207849641,0.4470536207849641,pr_auc,0.39948070985795614,0.32555511367153295,0.4619394751373429,0.397377832455264,0.03374214253067547,2000,percentile,0.05
mlp_prevyears_monthly_features_incremental_scaler_experience_replay_RR_0.2,MLP Prevyears + Monthly (Incremental Scaler + Replay RR=0.2),prior_years,2021,2019,False,1280996,297,0.9123867494787693,0.45664525960596497,0.45664525960596497,f1_score,0.45664525960596497,0.39499119583641357,0.5076516845358087,0.45451416272519907,0.027944591596343358,2000,percentile,0.05
mlp_prevyears_monthly_features_incremental_scaler_experience_replay_RR_0.2,MLP Prevyears + Monthly (Incremental Scaler + Replay RR=0.2),prior_years,2021,2019,False,1280996,297,0.9123867494787693,0.45664525960596497,0.45664525960596497,pr_auc,0.40831481689169613,0.3349428505050903,0.4720078270998618,0.4062403552914144,0.0339658498131727,2000,percentile,0.05
mlp_prevyears_monthly_features_incremental_scaler_experience_replay_RR_0.2_PR_0.10,"MLP Prevyears + Monthly (Incremental Scaler + Replay RR=0.2, PR=0.10)",prior_years,2021,2019,False,1280996,297,0.9277515412812044,0.4621180954030704,0.4621180954030704,f1_score,0.4621180954030704,0.39860947345986997,0.5170449606302742,0.46003339854602043,0.030032523192400087,2000,percentile,0.05
mlp_prevyears_monthly_features_incremental_scaler_experience_replay_RR_0.2_PR_0.10,"MLP Prevyears + Monthly (Incremental Scaler + Replay RR=0.2, PR=0.10)",prior_years,2021,2019,False,1280996,297,0.9277515412812044,0.4621180954030704,0.4621180954030704,pr_auc,0.412662890204686,0.33761431264063707,0.47902357372274007,0.4107060026933907,0.035468379958745154,2000,percentile,0.05
mlp_prevyears_monthly_features_incremental_scaler_experience_replay_RR_0.2_PR_0.15,"MLP Prevyears + Monthly (Incremental Scaler + Replay RR=0.2, PR=0.15)",prior_years,2021,2019,False,1280996,297,0.9367330765606642,0.4795265861747556,0.4795265861747556,f1_score,0.4795265861747556,0.40940883981753307,0.5425456529780196,0.47714332758743044,0.03332186896010456,2000,percentile,0.05
mlp_prevyears_monthly_features_incremental_scaler_experience_replay_RR_0.2_PR_0.15,"MLP Prevyears + Monthly (Incremental Scaler + Replay RR=0.2, PR=0.15)",prior_years,2021,2019,False,1280996,297,0.9367330765606642,0.4795265861747556,0.4795265861747556,pr_auc,0.42726053795873453,0.3422845957107342,0.5022830507720972,0.42496619756228854,0.04033164205207495,2000,percentile,0.05
mlp_prevyears_monthly_features_incremental_scaler_experience_replay_RR_0.3,MLP Prevyears + Monthly (Incremental Scaler + Replay RR=0.3),prior_years,2021,2019,False,1280996,297,0.9349249137198613,0.46887627796056264,0.46887627796056264,f1_score,0.46887627796056264,0.40861726416457167,0.519633778986444,0.46656782664593344,0.027636157467121083,2000,percentile,0.05
mlp_prevyears_monthly_features_incremental_scaler_experience_replay_RR_0.3,MLP Prevyears + Monthly (Incremental Scaler + Replay RR=0.3),prior_years,2021,2019,False,1280996,297,0.9349249137198613,0.46887627796056264,0.46887627796056264,pr_auc,0.4208135741246103,0.345357509492566,0.48442024828870095,0.4187115801501227,0.03454811526728371,2000,percentile,0.05
mlp_prevyears_monthly_features_incremental_scaler_experience_replay_RR_0.3_PR_0.10,"MLP Prevyears + Monthly (Incremental Scaler + Replay RR=0.3, PR=0.10)",prior_years,2021,2019,False,1280996,297,0.9279023915093556,0.4674587228094697,0.4674587228094697,f1_score,0.4674587228094697,0.4033075744728129,0.5239074136349313,0.4653958666810028,0.029949313972222447,2000,percentile,0.05
mlp_prevyears_monthly_features_incremental_scaler_experience_replay_RR_0.3_PR_0.10,"MLP Prevyears + Monthly (Incremental Scaler + Replay RR=0.3, PR=0.10)",prior_years,2021,2019,False,1280996,297,0.9279023915093556,0.4674587228094697,0.4674587228094697,pr_auc,0.41109819926133156,0.33380221926415315,0.47892037640299134,0.4089977095423702,0.03634104100992488,2000,percentile,0.05
mlp_prevyears_monthly_features_incremental_scaler_experience_replay_RR_0.3_PR_0.15,"MLP Prevyears + Monthly (Incremental Scaler + Replay RR=0.3, PR=0.15)",prior_years,2021,2019,False,1280996,297,0.9456074034139136,0.46260697544402873,0.46260697544402873,f1_score,0.46260697544402873,0.39921430879858383,0.5149010936354123,0.46046196161703595,0.028711308927849732,2000,percentile,0.05
mlp_prevyears_monthly_features_incremental_scaler_experience_replay_RR_0.3_PR_0.15,"MLP Prevyears + Monthly (Incremental Scaler + Replay RR=0.3, PR=0.15)",prior_years,2021,2019,False,1280996,297,0.9456074034139136,0.46260697544402873,0.46260697544402873,pr_auc,0.4120026383749653,0.33649161184169446,0.47747529051678517,0.40990633034305174,0.03511315607175816,2000,percentile,0.05
mlp_prevyears_monthly_features_incremental_scaler_experience_replay_RR_0.4,MLP Prevyears + Monthly (Incremental Scaler + Replay RR=0.4),prior_years,2021,2019,False,1280996,297,0.9245571508575344,0.47445114492349294,0.47445114492349294,f1_score,0.47445114492349294,0.41024950933500337,0.5291730928030861,0.4722127467152639,0.029906220961418338,2000,percentile,0.05
mlp_prevyears_monthly_features_incremental_scaler_experience_replay_RR_0.4,MLP Prevyears + Monthly (Incremental Scaler + Replay RR=0.4),prior_years,2021,2019,False,1280996,297,0.9245571508575344,0.47445114492349294,0.47445114492349294,pr_auc,0.4209554525072661,0.3430002475230118,0.48660032022632993,0.4188939280806774,0.0361623071699396,2000,percentile,0.05
mlp_prevyears_monthly_features_incremental_scaler_experience_replay_RR_0.4_PR_0.10,"MLP Prevyears + Monthly (Incremental Scaler + Replay RR=0.4, PR=0.10)",prior_years,2021,2019,False,1280996,297,0.9226641970331956,0.47325920602037796,0.47325920602037796,f1_score,0.47325920602037796,0.40965780824137393,0.5296140013022028,0.4711561188373495,0.02982479383700041,2000,percentile,0.05
mlp_prevyears_monthly_features_incremental_scaler_experience_replay_RR_0.4_PR_0.10,"MLP Prevyears + Monthly (Incremental Scaler + Replay RR=0.4, PR=0.10)",prior_years,2021,2019,False,1280996,297,0.9226641970331956,0.47325920602037796,0.47325920602037796,pr_auc,0.4233249322131453,0.34714888068703664,0.4901097499312873,0.4211565478751841,0.03559592114010075,2000,percentile,0.05
mlp_prevyears_monthly_features_incremental_scaler_experience_replay_RR_0.4_PR_0.15,"MLP Prevyears + Monthly (Incremental Scaler + Replay RR=0.4, PR=0.15)",prior_years,2021,2019,False,1280996,297,0.9342620885352283,0.476115962868199,0.476115962868199,f1_score,0.476115962868199,0.4126907787081788,0.5305553788731185,0.4740132828586727,0.029503318615893684,2000,percentile,0.05
mlp_prevyears_monthly_features_incremental_scaler_experience_replay_RR_0.4_PR_0.15,"MLP Prevyears + Monthly (Incremental Scaler + Replay RR=0.4, PR=0.15)",prior_years,2021,2019,False,1280996,297,0.9342620885352283,0.476115962868199,0.476115962868199,pr_auc,0.4314088648114404,0.35353168084648384,0.49591899870409,0.4291993219515754,0.035728595351992194,2000,percentile,0.05
mlp_prevyears_monthly_features_incremental_scaler_experience_replay_RR_0.5,MLP Prevyears + Monthly (Incremental Scaler + Replay RR=0.5),prior_years,2021,2019,False,1280996,297,0.915744525270895,0.469324045955531,0.469324045955531,f1_score,0.469324045955531,0.4055686822726636,0.5232243031584457,0.4672042883908784,0.029237000032861397,2000,percentile,0.05
mlp_prevyears_monthly_features_incremental_scaler_experience_replay_RR_0.5,MLP Prevyears + Monthly (Incremental Scaler + Replay RR=0.5),prior_years,2021,2019,False,1280996,297,0.915744525270895,0.469324045955531,0.469324045955531,pr_auc,0.4202305366341898,0.3442381961742832,0.48539410129396815,0.4180738744194841,0.03538671422665889,2000,percentile,0.05
mlp_prevyears_monthly_features_incremental_scaler_experience_replay_RR_0.5_PR_0.10,"MLP Prevyears + Monthly (Incremental Scaler + Replay RR=0.5, PR=0.10)",prior_years,2021,2019,False,1280996,297,0.9291973481801811,0.4748867932366748,0.4748867932366748,f1_score,0.4748867932366748,0.4099971668316405,0.5328702357386413,0.47274615535437114,0.031049131820976857,2000,percentile,0.05
mlp_prevyears_monthly_features_incremental_scaler_experience_replay_RR_0.5_PR_0.10,"MLP Prevyears + Monthly (Incremental Scaler + Replay RR=0.5, PR=0.10)",prior_years,2021,2019,False,1280996,297,0.9291973481801811,0.4748867932366748,0.4748867932366748,pr_auc,0.4258537611140312,0.34702321230412403,0.49287233213779064,0.4234967901429816,0.0365925158335263,2000,percentile,0.05
mlp_prevyears_monthly_features_incremental_scaler_experience_replay_RR_0.5_PR_0.15,"MLP Prevyears + Monthly (Incremental Scaler + Replay RR=0.5, PR=0.15)",prior_years,2021,2019,False,1280996,297,0.9297515423318333,0.47017139442061,0.47017139442061,f1_score,0.47017139442061,0.4097223983788935,0.5217045584860924,0.4680284848656722,0.028563929856425915,2000,percentile,0.05
mlp_prevyears_monthly_features_incremental_scaler_experience_replay_RR_0.5_PR_0.15,"MLP Prevyears + Monthly (Incremental Scaler + Replay RR=0.5, PR=0.15)",prior_years,2021,2019,False,1280996,297,0.9297515423318333,0.47017139442061,0.47017139442061,pr_auc,0.424974134982122,0.3497130949240026,0.4895668521682033,0.42258284697000215,0.03482089388600444,2000,percentile,0.05
mlp_prevyears_monthly_features_incremental_scaler_experience_replay_confidently_correct_memory_RR_0.2,MLP Prevyears + Monthly (Incremental Scaler + Replay Confidently Correct RR=0.2),prior_years,2021,2019,False,1280996,297,0.9384020998278713,0.4716255348575874,0.4716255348575874,f1_score,0.4716255348575874,0.40995362087949533,0.5230368259979592,0.4694807799930189,0.028615968889679436,2000,percentile,0.05
mlp_prevyears_monthly_features_incremental_scaler_experience_replay_confidently_correct_memory_RR_0.2,MLP Prevyears + Monthly (Incremental Scaler + Replay Confidently Correct RR=0.2),prior_years,2021,2019,False,1280996,297,0.9384020998278713,0.4716255348575874,0.4716255348575874,pr_auc,0.42163350360557017,0.3449286724770359,0.4856843201734392,0.4195686578077273,0.03501773115565714,2000,percentile,0.05
mlp_prevyears_monthly_features_incremental_scaler_experience_replay_confidently_correct_memory_RR_0.3,MLP Prevyears + Monthly (Incremental Scaler + Replay Confidently Correct RR=0.3),prior_years,2021,2019,False,1280996,297,0.9177504990791177,0.46303637551731647,0.46303637551731647,f1_score,0.46303637551731647,0.3988368081260314,0.5166220407760693,0.46091329527740604,0.029352699437816054,2000,percentile,0.05
mlp_prevyears_monthly_features_incremental_scaler_experience_replay_confidently_correct_memory_RR_0.3,MLP Prevyears + Monthly (Incremental Scaler + Replay Confidently Correct RR=0.3),prior_years,2021,2019,False,1280996,297,0.9177504990791177,0.46303637551731647,0.46303637551731647,pr_auc,0.4167929509571433,0.34144077105147286,0.48338641766203266,0.41469382730712473,0.03510144645969083,2000,percentile,0.05
mlp_prevyears_monthly_features_incremental_scaler_experience_replay_confidently_correct_memory_RR_0.4,MLP Prevyears + Monthly (Incremental Scaler + Replay Confidently Correct RR=0.4),prior_years,2021,2019,False,1280996,297,0.9340319410861004,0.4798336274262667,0.4798336274262667,f1_score,0.4798336274262667,0.4149482953684063,0.5364954285782659,0.47764224527522436,0.030611839764684606,2000,percentile,0.05
mlp_prevyears_monthly_features_incremental_scaler_experience_replay_confidently_correct_memory_RR_0.4,MLP Prevyears + Monthly (Incremental Scaler + Replay Confidently Correct RR=0.4),prior_years,2021,2019,False,1280996,297,0.9340319410861004,0.4798336274262667,0.4798336274262667,pr_auc,0.426650388122456,0.3492962120829421,0.4946943603349046,0.4243417699786362,0.03639224982387101,2000,percentile,0.05
mlp_prevyears_monthly_features_incremental_scaler_experience_replay_confidently_correct_memory_RR_0.5,MLP Prevyears + Monthly (Incremental Scaler + Replay Confidently Correct RR=0.5),prior_years,2021,2019,False,1280996,297,0.9276626625007297,0.4708544107916587,0.4708544107916587,f1_score,0.4708544107916587,0.41096435468323067,0.5223614421902756,0.4686872293314863,0.028023051061159928,2000,percentile,0.05
mlp_prevyears_monthly_features_incremental_scaler_experience_replay_confidently_correct_memory_RR_0.5,MLP Prevyears + Monthly (Incremental Scaler + Replay Confidently Correct RR=0.5),prior_years,2021,2019,False,1280996,297,0.9276626625007297,0.4708544107916587,0.4708544107916587,pr_auc,0.42189876262553766,0.3446228868989696,0.4876890049021203,0.419551748509865,0.03511010258024636,2000,percentile,0.05
mlp_prevyears_monthly_features_incremental_scaler_experience_replay_hard_example_mining_RR_0.2,MLP Prevyears + Monthly (Incremental Scaler + Replay Hard Example Mining RR=0.2),prior_years,2021,2019,False,1280996,297,0.8886333176098854,0.4161677917887318,0.4161677917887318,f1_score,0.4161677917887318,0.35298604341973944,0.47145913838420345,0.41404248608569494,0.029902401847281282,2000,percentile,0.05
mlp_prevyears_monthly_features_incremental_scaler_experience_replay_hard_example_mining_RR_0.2,MLP Prevyears + Monthly (Incremental Scaler + Replay Hard Example Mining RR=0.2),prior_years,2021,2019,False,1280996,297,0.8886333176098854,0.4161677917887318,0.4161677917887318,pr_auc,0.37338963358727156,0.30126774885772195,0.4393471147745674,0.3714974145333521,0.034740627685524716,2000,percentile,0.05
mlp_prevyears_monthly_features_incremental_scaler_experience_replay_hard_example_mining_RR_0.3,MLP Prevyears + Monthly (Incremental Scaler + Replay Hard Example Mining RR=0.3),prior_years,2021,2019,False,1280996,297,0.9079628987382968,0.4232699390467165,0.4232699390467165,f1_score,0.4232699390467165,0.36343526365943607,0.47556711406813873,0.42118386356138565,0.02828381612242256,2000,percentile,0.05
mlp_prevyears_monthly_features_incremental_scaler_experience_replay_hard_example_mining_RR_0.3,MLP Prevyears + Monthly (Incremental Scaler + Replay Hard Example Mining RR=0.3),prior_years,2021,2019,False,1280996,297,0.9079628987382968,0.4232699390467165,0.4232699390467165,pr_auc,0.37314195808081957,0.30011207887408164,0.4389507503000026,0.3713371993553782,0.03485730568631917,2000,percentile,0.05
mlp_prevyears_monthly_features_incremental_scaler_experience_replay_hard_example_mining_RR_0.4,MLP Prevyears + Monthly (Incremental Scaler + Replay Hard Example Mining RR=0.4),prior_years,2021,2019,False,1280996,297,0.8995386327975948,0.45861794048568166,0.45861794048568166,f1_score,0.45861794048568166,0.39163802967897476,0.5158883915025886,0.45639246295670616,0.03080139949484905,2000,percentile,0.05
mlp_prevyears_monthly_features_incremental_scaler_experience_replay_hard_example_mining_RR_0.4,MLP Prevyears + Monthly (Incremental Scaler + Replay Hard Example Mining RR=0.4),prior_years,2021,2019,False,1280996,297,0.8995386327975948,0.45861794048568166,0.45861794048568166,pr_auc,0.4067699590917597,0.3285967275911162,0.4752451796719854,0.4047556116780454,0.03637864840677864,2000,percentile,0.05
mlp_prevyears_monthly_features_incremental_scaler_experience_replay_hard_example_mining_RR_0.5,MLP Prevyears + Monthly (Incremental Scaler + Replay Hard Example Mining RR=0.5),prior_years,2021,2019,False,1280996,297,0.89339732290957,0.446941059700547,0.446941059700547,f1_score,0.446941059700547,0.384823397172446,0.4994860334881554,0.44499757208211227,0.028663997547175853,2000,percentile,0.05
mlp_prevyears_monthly_features_incremental_scaler_experience_replay_hard_example_mining_RR_0.5,MLP Prevyears + Monthly (Incremental Scaler + Replay Hard Example Mining RR=0.5),prior_years,2021,2019,False,1280996,297,0.89339732290957,0.446941059700547,0.446941059700547,pr_auc,0.3982003512496995,0.32467453757453185,0.4625112392959348,0.39644664017192355,0.034215208174076944,2000,percentile,0.05
mlp_prevyears_monthly_features_incremental_scaler_experience_replay_uncertainity_prioritization_RR_0.2,MLP Prevyears + Monthly (Incremental Scaler + Replay Uncertainty Prioritization RR=0.2),prior_years,2021,2019,False,1280996,297,0.9231818877195184,0.46225054358356116,0.46225054358356116,f1_score,0.46225054358356116,0.40365871651960816,0.5127421700704152,0.45994970376543903,0.027173025863093916,2000,percentile,0.05
mlp_prevyears_monthly_features_incremental_scaler_experience_replay_uncertainity_prioritization_RR_0.2,MLP Prevyears + Monthly (Incremental Scaler + Replay Uncertainty Prioritization RR=0.2),prior_years,2021,2019,False,1280996,297,0.9231818877195184,0.46225054358356116,0.46225054358356116,pr_auc,0.41423730680086307,0.34262059970212255,0.47768551184696845,0.41214363267171006,0.03379662589810945,2000,percentile,0.05
mlp_prevyears_monthly_features_incremental_scaler_experience_replay_uncertainity_prioritization_RR_0.3,MLP Prevyears + Monthly (Incremental Scaler + Replay Uncertainty Prioritization RR=0.3),prior_years,2021,2019,False,1280996,297,0.922673944433545,0.46740140190862256,0.46740140190862256,f1_score,0.46740140190862256,0.40799000101457417,0.5174618181400535,0.4651865691378169,0.027565154268141243,2000,percentile,0.05
mlp_prevyears_monthly_features_incremental_scaler_experience_replay_uncertainity_prioritization_RR_0.3,MLP Prevyears + Monthly (Incremental Scaler + Replay Uncertainty Prioritization RR=0.3),prior_years,2021,2019,False,1280996,297,0.922673944433545,0.46740140190862256,0.46740140190862256,pr_auc,0.4197958961969851,0.34671074792972234,0.4825482515821733,0.4176266533878668,0.03414213166932168,2000,percentile,0.05
mlp_prevyears_monthly_features_incremental_scaler_experience_replay_uncertainity_prioritization_RR_0.4,MLP Prevyears + Monthly (Incremental Scaler + Replay Uncertainty Prioritization RR=0.4),prior_years,2021,2019,False,1280996,297,0.9244176796115681,0.4697379144683224,0.4697379144683224,f1_score,0.4697379144683224,0.41170412058006683,0.5190465309281025,0.4675442908125111,0.026802914808017456,2000,percentile,0.05
mlp_prevyears_monthly_features_incremental_scaler_experience_replay_uncertainity_prioritization_RR_0.4,MLP Prevyears + Monthly (Incremental Scaler + Replay Uncertainty Prioritization RR=0.4),prior_years,2021,2019,False,1280996,297,0.9244176796115681,0.4697379144683224,0.4697379144683224,pr_auc,0.4251073268928599,0.3533113534474511,0.4871995707362116,0.42301505331693273,0.033546995349932066,2000,percentile,0.05
mlp_prevyears_monthly_features_incremental_scaler_experience_replay_uncertainity_prioritization_RR_0.5,MLP Prevyears + Monthly (Incremental Scaler + Replay Uncertainty Prioritization RR=0.5),prior_years,2021,2019,False,1280996,297,0.908705118441174,0.4701964975746115,0.4701964975746115,f1_score,0.4701964975746115,0.40996329300564527,0.5209993450616907,0.4682776666266634,0.028077375066006955,2000,percentile,0.05
mlp_prevyears_monthly_features_incremental_scaler_experience_replay_uncertainity_prioritization_RR_0.5,MLP Prevyears + Monthly (Incremental Scaler + Replay Uncertainty Prioritization RR=0.5),prior_years,2021,2019,False,1280996,297,0.908705118441174,0.4701964975746115,0.4701964975746115,pr_auc,0.4192563055309666,0.3444444640092301,0.48358631135947483,0.4172702020797354,0.0340266991312432,2000,percentile,0.05
mlp_prevyears_monthly_features_incremental_scaler_missclassification_buffer_RR_0.3,MLP Prevyears + Monthly (Incremental Scaler + Misclassification Buffer RR=0.3),prior_years,2021,2019,False,1280996,297,0.869842957563569,0.4582381315054582,0.4582381315054582,f1_score,0.4582381315054582,0.39784242943029136,0.5093241535026545,0.45619488443408696,0.027759131669011235,2000,percentile,0.05
mlp_prevyears_monthly_features_incremental_scaler_missclassification_buffer_RR_0.3,MLP Prevyears + Monthly (Incremental Scaler + Misclassification Buffer RR=0.3),prior_years,2021,2019,False,1280996,297,0.869842957563569,0.4582381315054582,0.4582381315054582,pr_auc,0.4069060061237739,0.3325737072482138,0.47272333276332623,0.40485382882257936,0.0346604143510925,2000,percentile,0.05
"mlp_combined_HE=0.1_CC=0.1_UP=0.1_PR=(0.2,10)_RR=0.5","MLP Combined (HE=0.1, CC=0.1, UP=0.1, PR=(0.2,10), RR=0.5)",prior_years,2021,2020,False,1281509,297,0.8184985911226261,0.49544007725045597,0.49544007725045597,f1_score,0.49544007725045597,0.39668445128131563,0.5700250016647098,0.48851163009125637,0.04493332652482894,2000,percentile,0.05
"mlp_combined_HE=0.1_CC=0.1_UP=0.1_PR=(0.2,10)_RR=0.5","MLP Combined (HE=0.1, CC=0.1, UP=0.1, PR=(0.2,10), RR=0.5)",prior_years,2021,2020,False,1281509,297,0.8184985911226261,0.49544007725045597,0.49544007725045597,pr_auc,0.4677261322058893,0.35277243531757385,0.569480440430262,0.4595816622112061,0.05681033878466867,2000,percentile,0.05
"mlp_combined_HE=0_CC=0.15_UP=0_PR=(0,10)_MC=0.1_RWS=1_RR=0.4","MLP Combined (HE=0, CC=0.15, UP=0, PR=(0,10), MC=0.1, RWS=1, RR=0.4)",prior_years,2021,2020,False,1281509,297,0.8874679588402383,0.49894002838271106,0.49894002838271106,f1_score,0.49894002838271106,0.40122062593351354,0.5716026240619626,0.4919854574787281,0.04365816719207257,2000,percentile,0.05
"mlp_combined_HE=0_CC=0.15_UP=0_PR=(0,10)_MC=0.1_RWS=1_RR=0.4","MLP Combined (HE=0, CC=0.15, UP=0, PR=(0,10), MC=0.1, RWS=1, RR=0.4)",prior_years,2021,2020,False,1281509,297,0.8874679588402383,0.49894002838271106,0.49894002838271106,pr_auc,0.467211519704441,0.35091329688256667,0.5710297910469361,0.4593588874403966,0.05731027574840379,2000,percentile,0.05
"mlp_combined_HE=0_CC=0.1_UP=0.1_PR=(0,10)_MC=0.1_RWS=1_RR=0.5","MLP Combined (HE=0, CC=0.1, UP=0.1, PR=(0,10), MC=0.1, RWS=1, RR=0.5)",prior_years,2021,2020,False,1281509,297,0.8981750940981954,0.48495121859343804,0.48495121859343804,f1_score,0.48495121859343804,0.3823280520492052,0.5599491265626371,0.47767045376976974,0.0455745014236115,2000,percentile,0.05
"mlp_combined_HE=0_CC=0.1_UP=0.1_PR=(0,10)_MC=0.1_RWS=1_RR=0.5","MLP Combined (HE=0, CC=0.1, UP=0.1, PR=(0,10), MC=0.1, RWS=1, RR=0.5)",prior_years,2021,2020,False,1281509,297,0.8981750940981954,0.48495121859343804,0.48495121859343804,pr_auc,0.46170173482478116,0.34638606271765293,0.5628740809481928,0.45366422812897556,0.057066147810334325,2000,percentile,0.05
"mlp_combined_HE=0_CC=0.1_UP=0.2_PR=(0.1,10)_RR=0.5","MLP Combined (HE=0, CC=0.1, UP=0.2, PR=(0.1,10), RR=0.5)",prior_years,2021,2020,False,1281509,297,0.8776935375657408,0.4874045150406581,0.4874045150406581,f1_score,0.4874045150406581,0.38941445169120675,0.5608674203709842,0.4805104610685668,0.04432236903328377,2000,percentile,0.05
"mlp_combined_HE=0_CC=0.1_UP=0.2_PR=(0.1,10)_RR=0.5","MLP Combined (HE=0, CC=0.1, UP=0.2, PR=(0.1,10), RR=0.5)",prior_years,2021,2020,False,1281509,297,0.8776935375657408,0.4874045150406581,0.4874045150406581,pr_auc,0.4616748775303079,0.3488184674912661,0.5612315027800845,0.4536933027672381,0.05581903044126718,2000,percentile,0.05
"mlp_combined_HE=0_CC=0.2_UP=0.1_PR=(0.2,10)_RR=0.5","MLP Combined (HE=0, CC=0.2, UP=0.1, PR=(0.2,10), RR=0.5)",prior_years,2021,2020,False,1281509,297,0.8942800874836246,0.509926232237038,0.509926232237038,f1_score,0.509926232237038,0.41472695152010275,0.5841984974529297,0.5029488566678625,0.04462077315024194,2000,percentile,0.05
"mlp_combined_HE=0_CC=0.2_UP=0.1_PR=(0.2,10)_RR=0.5","MLP Combined (HE=0, CC=0.2, UP=0.1, PR=(0.2,10), RR=0.5)",prior_years,2021,2020,False,1281509,297,0.8942800874836246,0.509926232237038,0.509926232237038,pr_auc,0.48219267915638686,0.3635894475469047,0.5877943191569239,0.47338637528427135,0.059283785893163556,2000,percentile,0.05
"mlp_combined_HE=0_CC=0.2_UP=0.2_PR=(0.1,10)_RR=0.5","MLP Combined (HE=0, CC=0.2, UP=0.2, PR=(0.1,10), RR=0.5)",prior_years,2021,2020,False,1281509,297,0.8965390973081288,0.49129755459467317,0.49129755459467317,f1_score,0.49129755459467317,0.39247575698163173,0.5634467807767057,0.48444805097962695,0.04406691867420762,2000,percentile,0.05
"mlp_combined_HE=0_CC=0.2_UP=0.2_PR=(0.1,10)_RR=0.5","MLP Combined (HE=0, CC=0.2, UP=0.2, PR=(0.1,10), RR=0.5)",prior_years,2021,2020,False,1281509,297,0.8965390973081288,0.49129755459467317,0.49129755459467317,pr_auc,0.46606569100763634,0.35300163175848887,0.5628370739725602,0.4579819322950445,0.05540563575365181,2000,percentile,0.05
mlp_prevyears_monthly_features_incremental_scaler,MLP Prevyears + Monthly (Incremental Scaler),prior_years,2021,2020,True,1281509,297,0.8998181724559148,0.5069930686608229,0.5069930686608229,f1_score,0.5069930686608229,0.414526048058591,0.5768672024014531,0.5004448756956092,0.041464156173091724,2000,percentile,0.05
mlp_prevyears_monthly_features_incremental_scaler,MLP Prevyears + Monthly (Incremental Scaler),prior_years,2021,2020,True,1281509,297,0.8998181724559148,0.5069930686608229,0.5069930686608229,pr_auc,0.4734110496085765,0.36176919307680255,0.5711105417792871,0.46678087095205956,0.05403626794691326,2000,percentile,0.05
mlp_prevyears_monthly_features_incremental_scaler_experience_replay_RR_0.2,MLP Prevyears + Monthly (Incremental Scaler + Replay RR=0.2),prior_years,2021,2020,False,1281509,297,0.9047048775105526,0.504738492837162,0.504738492837162,f1_score,0.504738492837162,0.4175711863259559,0.5732319851260135,0.4987117665455025,0.040119381046554894,2000,percentile,0.05
mlp_prevyears_monthly_features_incremental_scaler_experience_replay_RR_0.2,MLP Prevyears + Monthly (Incremental Scaler + Replay RR=0.2),prior_years,2021,2020,False,1281509,297,0.9047048775105526,0.504738492837162,0.504738492837162,pr_auc,0.471885284267551,0.36114939804011054,0.5684107461941604,0.464845244608097,0.0535370841199617,2000,percentile,0.05
mlp_prevyears_monthly_features_incremental_scaler_experience_replay_RR_0.2_PR_0.10,"MLP Prevyears + Monthly (Incremental Scaler + Replay RR=0.2, PR=0.10)",prior_years,2021,2020,False,1281509,297,0.9390150061817574,0.5000715512306811,0.5000715512306811,f1_score,0.5000715512306811,0.40829756844220744,0.5712218897689683,0.49359134070172206,0.042010347191127215,2000,percentile,0.05
mlp_prevyears_monthly_features_incremental_scaler_experience_replay_RR_0.2_PR_0.10,"MLP Prevyears + Monthly (Incremental Scaler + Replay RR=0.2, PR=0.10)",prior_years,2021,2020,False,1281509,297,0.9390150061817574,0.5000715512306811,0.5000715512306811,pr_auc,0.46712275729846126,0.3552910963843569,0.5676268859805389,0.4604648520409893,0.054617065026119176,2000,percentile,0.05
mlp_prevyears_monthly_features_incremental_scaler_experience_replay_RR_0.2_PR_0.15,"MLP Prevyears + Monthly (Incremental Scaler + Replay RR=0.2, PR=0.15)",prior_years,2021,2020,False,1281509,297,0.9364781463652417,0.4963632511828261,0.4963632511828261,f1_score,0.4963632511828261,0.4020639650431782,0.5680608840506638,0.48995580799391053,0.04265968396684731,2000,percentile,0.05
mlp_prevyears_monthly_features_incremental_scaler_experience_replay_RR_0.2_PR_0.15,"MLP Prevyears + Monthly (Incremental Scaler + Replay RR=0.2, PR=0.15)",prior_years,2021,2020,False,1281509,297,0.9364781463652417,0.4963632511828261,0.4963632511828261,pr_auc,0.46718837136755387,0.35617928454881326,0.5656351956340165,0.4594723212191458,0.05507344853196273,2000,percentile,0.05
mlp_prevyears_monthly_features_incremental_scaler_experience_replay_RR_0.3,MLP Prevyears + Monthly (Incremental Scaler + Replay RR=0.3),prior_years,2021,2020,False,1281509,297,0.9353972993338182,0.5013937660645115,0.5013937660645115,f1_score,0.5013937660645115,0.40913132091689014,0.5692976189781331,0.4949606633824794,0.04122623313662807,2000,percentile,0.05
mlp_prevyears_monthly_features_incremental_scaler_experience_replay_RR_0.3,MLP Prevyears + Monthly (Incremental Scaler + Replay RR=0.3),prior_years,2021,2020,False,1281509,297,0.9353972993338182,0.5013937660645115,0.5013937660645115,pr_auc,0.4712816586032748,0.3639965431393736,0.5639481359015386,0.4642899031417389,0.051830357720909305,2000,percentile,0.05
mlp_prevyears_monthly_features_incremental_scaler_experience_replay_RR_0.3_PR_0.10,"MLP Prevyears + Monthly (Incremental Scaler + Replay RR=0.3, PR=0.10)",prior_years,2021,2020,False,1281509,297,0.9185924393935075,0.4994595348512849,0.4994595348512849,f1_score,0.4994595348512849,0.4070180200461688,0.5706599359942462,0.4929834577724813,0.04216849849113432,2000,percentile,0.05
mlp_prevyears_monthly_features_incremental_scaler_experience_replay_RR_0.3_PR_0.10,"MLP Prevyears + Monthly (Incremental Scaler + Replay RR=0.3, PR=0.10)",prior_years,2021,2020,False,1281509,297,0.9185924393935075,0.4994595348512849,0.4994595348512849,pr_auc,0.4699291690047937,0.3591135715837289,0.5682467844126959,0.4628024460047581,0.054548660075884034,2000,percentile,0.05
mlp_prevyears_monthly_features_incremental_scaler_experience_replay_RR_0.3_PR_0.15,"MLP Prevyears + Monthly (Incremental Scaler + Replay RR=0.3, PR=0.15)",prior_years,2021,2020,False,1281509,297,0.9484230203649108,0.500044036567966,0.500044036567966,f1_score,0.500044036567966,0.4078241227980781,0.571513527978216,0.4936875021973716,0.04180651786354708,2000,percentile,0.05
mlp_prevyears_monthly_features_incremental_scaler_experience_replay_RR_0.3_PR_0.15,"MLP Prevyears + Monthly (Incremental Scaler + Replay RR=0.3, PR=0.15)",prior_years,2021,2020,False,1281509,297,0.9484230203649108,0.500044036567966,0.500044036567966,pr_auc,0.4712647275795275,0.3578653415396286,0.5727404785631043,0.46327884697571114,0.05614351842162179,2000,percentile,0.05
mlp_prevyears_monthly_features_incremental_scaler_experience_replay_RR_0.4,MLP Prevyears + Monthly (Incremental Scaler + Replay RR=0.4),prior_years,2021,2020,False,1281509,297,0.9275940506481716,0.5083959385428005,0.5083959385428005,f1_score,0.5083959385428005,0.40758658129785996,0.586471048409841,0.5010721101772528,0.04580491050185164,2000,percentile,0.05
mlp_prevyears_monthly_features_incremental_scaler_experience_replay_RR_0.4,MLP Prevyears + Monthly (Incremental Scaler + Replay RR=0.4),prior_years,2021,2020,False,1281509,297,0.9275940506481716,0.5083959385428005,0.5083959385428005,pr_auc,0.47921630243630986,0.35916492971323066,0.5868941967707578,0.47086560353611134,0.06009782788725682,2000,percentile,0.05
mlp_prevyears_monthly_features_incremental_scaler_experience_replay_RR_0.4_PR_0.10,"MLP Prevyears + Monthly (Incremental Scaler + Replay RR=0.4, PR=0.10)",prior_years,2021,2020,False,1281509,297,0.9374665321234907,0.49938900203665987,0.49938900203665987,f1_score,0.49938900203665987,0.41368337993107024,0.5639320411064958,0.4936438316300949,0.03890466489324422,2000,percentile,0.05
mlp_prevyears_monthly_features_incremental_scaler_experience_replay_RR_0.4_PR_0.10,"MLP Prevyears + Monthly (Incremental Scaler + Replay RR=0.4, PR=0.10)",prior_years,2021,2020,False,1281509,297,0.9374665321234907,0.49938900203665987,0.49938900203665987,pr_auc,0.46528349053085943,0.35865115491532445,0.5592068832732832,0.45904063679507845,0.05165418637599086,2000,percentile,0.05
mlp_prevyears_monthly_features_incremental_scaler_experience_replay_RR_0.4_PR_0.15,"MLP Prevyears + Monthly (Incremental Scaler + Replay RR=0.4, PR=0.15)",prior_years,2021,2020,False,1281509,297,0.9395955913239077,0.4950664035415222,0.4950664035415222,f1_score,0.4950664035415222,0.40365946257688073,0.5639555191199135,0.48887150030906523,0.04151216769403136,2000,percentile,0.05
mlp_prevyears_monthly_features_incremental_scaler_experience_replay_RR_0.4_PR_0.15,"MLP Prevyears + Monthly (Incremental Scaler + Replay RR=0.4, PR=0.15)",prior_years,2021,2020,False,1281509,297,0.9395955913239077,0.4950664035415222,0.4950664035415222,pr_auc,0.47052148982667846,0.35810900884560215,0.5649875023315455,0.4622269022354728,0.054372814181318466,2000,percentile,0.05
mlp_prevyears_monthly_features_incremental_scaler_experience_replay_RR_0.5,MLP Prevyears + Monthly (Incremental Scaler + Replay RR=0.5),prior_years,2021,2020,False,1281509,297,0.9230389514684679,0.5027792973230514,0.5027792973230514,f1_score,0.5027792973230514,0.40340443985444296,0.5779348104461002,0.495680522801854,0.04481489603624605,2000,percentile,0.05
mlp_prevyears_monthly_features_incremental_scaler_experience_replay_RR_0.5,MLP Prevyears + Monthly (Incremental Scaler + Replay RR=0.5),prior_years,2021,2020,False,1281509,297,0.9230389514684679,0.5027792973230514,0.5027792973230514,pr_auc,0.472880668629697,0.3555851345755696,0.5740984614394774,0.46429848779664384,0.0577364246581014,2000,percentile,0.05
mlp_prevyears_monthly_features_incremental_scaler_experience_replay_RR_0.5_PR_0.10,"MLP Prevyears + Monthly (Incremental Scaler + Replay RR=0.5, PR=0.10)",prior_years,2021,2020,False,1281509,297,0.9437074626186205,0.49636674503098954,0.49636674503098954,f1_score,0.49636674503098954,0.402543791435845,0.5663935218935808,0.4897464964017526,0.04222811005113509,2000,percentile,0.05
mlp_prevyears_monthly_features_incremental_scaler_experience_replay_RR_0.5_PR_0.10,"MLP Prevyears + Monthly (Incremental Scaler + Replay RR=0.5, PR=0.10)",prior_years,2021,2020,False,1281509,297,0.9437074626186205,0.49636674503098954,0.49636674503098954,pr_auc,0.46855188743107196,0.3571792592102134,0.5671051021298723,0.46167229590544584,0.05425240275881038,2000,percentile,0.05
mlp_prevyears_monthly_features_incremental_scaler_experience_replay_RR_0.5_PR_0.15,"MLP Prevyears + Monthly (Incremental Scaler + Replay RR=0.5, PR=0.15)",prior_years,2021,2020,False,1281509,297,0.9329364068848127,0.5014024634575516,0.5014024634575516,f1_score,0.5014024634575516,0.40794168927376867,0.5732803395889562,0.49503272278315363,0.042533288258905025,2000,percentile,0.05
mlp_prevyears_monthly_features_incremental_scaler_experience_replay_RR_0.5_PR_0.15,"MLP Prevyears + Monthly (Incremental Scaler + Replay RR=0.5, PR=0.15)",prior_years,2021,2020,False,1281509,297,0.9329364068848127,0.5014024634575516,0.5014024634575516,pr_auc,0.4681597317315545,0.35564348330872997,0.5701884976916323,0.46139597134194255,0.055246344390720535,2000,percentile,0.05
mlp_prevyears_monthly_features_incremental_scaler_experience_replay_confidently_correct_memory_RR_0.2,MLP Prevyears + Monthly (Incremental Scaler + Replay Confidently Correct RR=0.2),prior_years,2021,2020,False,1281509,297,0.932882436019972,0.5022101908645444,0.5022101908645444,f1_score,0.5022101908645444,0.4090063201350989,0.5751655895671912,0.4955710086126919,0.043035335685432004,2000,percentile,0.05
mlp_prevyears_monthly_features_incremental_scaler_experience_replay_confidently_correct_memory_RR_0.2,MLP Prevyears + Monthly (Incremental Scaler + Replay Confidently Correct RR=0.2),prior_years,2021,2020,False,1281509,297,0.932882436019972,0.5022101908645444,0.5022101908645444,pr_auc,0.47480355296177434,0.35812374250354956,0.5781575585357385,0.4666847307025853,0.05755355790299998,2000,percentile,0.05
mlp_prevyears_monthly_features_incremental_scaler_experience_replay_confidently_correct_memory_RR_0.3,MLP Prevyears + Monthly (Incremental Scaler + Replay Confidently Correct RR=0.3),prior_years,2021,2020,False,1281509,297,0.9216514637905907,0.5001054852320675,0.5001054852320675,f1_score,0.5001054852320675,0.4124801797296282,0.5664179615732725,0.494118988723848,0.039582382887367734,2000,percentile,0.05
mlp_prevyears_monthly_features_incremental_scaler_experience_replay_confidently_correct_memory_RR_0.3,MLP Prevyears + Monthly (Incremental Scaler + Replay Confidently Correct RR=0.3),prior_years,2021,2020,False,1281509,297,0.9216514637905907,0.5001054852320675,0.5001054852320675,pr_auc,0.4656610324677408,0.3592660020755627,0.5599366070900827,0.45990684986242436,0.05179852802507668,2000,percentile,0.05
mlp_prevyears_monthly_features_incremental_scaler_experience_replay_confidently_correct_memory_RR_0.4,MLP Prevyears + Monthly (Incremental Scaler + Replay Confidently Correct RR=0.4),prior_years,2021,2020,False,1281509,297,0.9446632900365728,0.4980376766091052,0.4980376766091052,f1_score,0.4980376766091052,0.40364720588335856,0.5698758026227903,0.4913929442325334,0.04313937852004849,2000,percentile,0.05
mlp_prevyears_monthly_features_incremental_scaler_experience_replay_confidently_correct_memory_RR_0.4,MLP Prevyears + Monthly (Incremental Scaler + Replay Confidently Correct RR=0.4),prior_years,2021,2020,False,1281509,297,0.9446632900365728,0.4980376766091052,0.4980376766091052,pr_auc,0.4677324907398559,0.3498108439899818,0.5701535401951702,0.45950569943782654,0.05728698113702018,2000,percentile,0.05
mlp_prevyears_monthly_features_incremental_scaler_experience_replay_confidently_correct_memory_RR_0.5,MLP Prevyears + Monthly (Incremental Scaler + Replay Confidently Correct RR=0.5),prior_years,2021,2020,False,1281509,297,0.9392256437773515,0.4999018050025888,0.4999018050025888,f1_score,0.4999018050025888,0.4025322500905319,0.5713161141399469,0.49316214231598754,0.04324592864215952,2000,percentile,0.05
mlp_prevyears_monthly_features_incremental_scaler_experience_replay_confidently_correct_memory_RR_0.5,MLP Prevyears + Monthly (Incremental Scaler + Replay Confidently Correct RR=0.5),prior_years,2021,2020,False,1281509,297,0.9392256437773515,0.4999018050025888,0.4999018050025888,pr_auc,0.46897134525658357,0.3587211794087505,0.570730953479821,0.4626494618113394,0.05461111186666397,2000,percentile,0.05
mlp_prevyears_monthly_features_incremental_scaler_experience_replay_hard_example_mining_RR_0.2,MLP Prevyears + Monthly (Incremental Scaler + Replay Hard Example Mining RR=0.2),prior_years,2021,2020,False,1281509,297,0.9042853762709998,0.4789088153574135,0.4789088153574135,f1_score,0.4789088153574135,0.38740568665635516,0.547836422149909,0.4727447689353756,0.04147385837967543,2000,percentile,0.05
mlp_prevyears_monthly_features_incremental_scaler_experience_replay_hard_example_mining_RR_0.2,MLP Prevyears + Monthly (Incremental Scaler + Replay Hard Example Mining RR=0.2),prior_years,2021,2020,False,1281509,297,0.9042853762709998,0.4789088153574135,0.4789088153574135,pr_auc,0.45326606441221906,0.3397633439453443,0.5482737400710992,0.44543948000423267,0.05409103460027844,2000,percentile,0.05
mlp_prevyears_monthly_features_incremental_scaler_experience_replay_hard_example_mining_RR_0.3,MLP Prevyears + Monthly (Incremental Scaler + Replay Hard Example Mining RR=0.3),prior_years,2021,2020,False,1281509,297,0.9085702182342846,0.48574925686308795,0.48574925686308795,f1_score,0.48574925686308795,0.3910979492762863,0.5602871357890118,0.4790613328727893,0.043881878500443235,2000,percentile,0.05
mlp_prevyears_monthly_features_incremental_scaler_experience_replay_hard_example_mining_RR_0.3,MLP Prevyears + Monthly (Incremental Scaler + Replay Hard Example Mining RR=0.3),prior_years,2021,2020,False,1281509,297,0.9085702182342846,0.48574925686308795,0.48574925686308795,pr_auc,0.4637894587013289,0.3465838256071634,0.564226608025442,0.4550857562583304,0.05733928033420898,2000,percentile,0.05
mlp_prevyears_monthly_features_incremental_scaler_experience_replay_hard_example_mining_RR_0.4,MLP Prevyears + Monthly (Incremental Scaler + Replay Hard Example Mining RR=0.4),prior_years,2021,2020,False,1281509,297,0.8951783948414466,0.492620950778292,0.492620950778292,f1_score,0.492620950778292,0.4056128281415649,0.5618154138760157,0.48677644811571197,0.040111348605158706,2000,percentile,0.05
mlp_prevyears_monthly_features_incremental_scaler_experience_replay_hard_example_mining_RR_0.4,MLP Prevyears + Monthly (Incremental Scaler + Replay Hard Example Mining RR=0.4),prior_years,2021,2020,False,1281509,297,0.8951783948414466,0.492620950778292,0.492620950778292,pr_auc,0.46642016108918266,0.35078049498033564,0.5628297256523087,0.4574271007747699,0.05559817021451225,2000,percentile,0.05
mlp_prevyears_monthly_features_incremental_scaler_experience_replay_hard_example_mining_RR_0.5,MLP Prevyears + Monthly (Incremental Scaler + Replay Hard Example Mining RR=0.5),prior_years,2021,2020,False,1281509,297,0.909646613833446,0.4990907967445227,0.4990907967445227,f1_score,0.4990907967445227,0.40187499595608234,0.5753658669265131,0.4920621329248006,0.044699538656948014,2000,percentile,0.05
mlp_prevyears_monthly_features_incremental_scaler_experience_replay_hard_example_mining_RR_0.5,MLP Prevyears + Monthly (Incremental Scaler + Replay Hard Example Mining RR=0.5),prior_years,2021,2020,False,1281509,297,0.909646613833446,0.4990907967445227,0.4990907967445227,pr_auc,0.4635941958808635,0.3463901607252354,0.5674604337139135,0.45490832286605415,0.0585914323330083,2000,percentile,0.05
mlp_prevyears_monthly_features_incremental_scaler_experience_replay_uncertainity_prioritization_RR_0.2,MLP Prevyears + Monthly (Incremental Scaler + Replay Uncertainty Prioritization RR=0.2),prior_years,2021,2020,False,1281509,297,0.9152052422544557,0.5038256001357198,0.5038256001357198,f1_score,0.5038256001357198,0.4142257400049227,0.5724120634363332,0.49756878687808553,0.04073836649600645,2000,percentile,0.05
mlp_prevyears_monthly_features_incremental_scaler_experience_replay_uncertainity_prioritization_RR_0.2,MLP Prevyears + Monthly (Incremental Scaler + Replay Uncertainty Prioritization RR=0.2),prior_years,2021,2020,False,1281509,297,0.9152052422544557,0.5038256001357198,0.5038256001357198,pr_auc,0.472454020403733,0.360589983402166,0.5654565527218225,0.4650090844992512,0.05323441986477432,2000,percentile,0.05
mlp_prevyears_monthly_features_incremental_scaler_experience_replay_uncertainity_prioritization_RR_0.3,MLP Prevyears + Monthly (Incremental Scaler + Replay Uncertainty Prioritization RR=0.3),prior_years,2021,2020,False,1281509,297,0.9357322200320035,0.5012343454365258,0.5012343454365258,f1_score,0.5012343454365258,0.4006178249337114,0.5723439723399151,0.49424495798184864,0.044206843316782735,2000,percentile,0.05
mlp_prevyears_monthly_features_incremental_scaler_experience_replay_uncertainity_prioritization_RR_0.3,MLP Prevyears + Monthly (Incremental Scaler + Replay Uncertainty Prioritization RR=0.3),prior_years,2021,2020,False,1281509,297,0.9357322200320035,0.5012343454365258,0.5012343454365258,pr_auc,0.47261020151761446,0.3579564310562773,0.5703119323157568,0.46499079948059613,0.0552056158324276,2000,percentile,0.05
mlp_prevyears_monthly_features_incremental_scaler_experience_replay_uncertainity_prioritization_RR_0.4,MLP Prevyears + Monthly (Incremental Scaler + Replay Uncertainty Prioritization RR=0.4),prior_years,2021,2020,False,1281509,297,0.9341626862940804,0.5013059469447949,0.5013059469447949,f1_score,0.5013059469447949,0.4023586096006811,0.5753233890122383,0.49443632695210626,0.04423407123045224,2000,percentile,0.05
mlp_prevyears_monthly_features_incremental_scaler_experience_replay_uncertainity_prioritization_RR_0.4,MLP Prevyears + Monthly (Incremental Scaler + Replay Uncertainty Prioritization RR=0.4),prior_years,2021,2020,False,1281509,297,0.9341626862940804,0.5013059469447949,0.5013059469447949,pr_auc,0.4773201976228643,0.3599793368334228,0.5742018513214227,0.4681076016991076,0.056714579388593686,2000,percentile,0.05
mlp_prevyears_monthly_features_incremental_scaler_experience_replay_uncertainity_prioritization_RR_0.5,MLP Prevyears + Monthly (Incremental Scaler + Replay Uncertainty Prioritization RR=0.5),prior_years,2021,2020,False,1281509,297,0.9177320403132099,0.5000957237586369,0.5000957237586369,f1_score,0.5000957237586369,0.397806884967223,0.5774849695676887,0.4928982868369697,0.046064452384225595,2000,percentile,0.05
mlp_prevyears_monthly_features_incremental_scaler_experience_replay_uncertainity_prioritization_RR_0.5,MLP Prevyears + Monthly (Incremental Scaler + Replay Uncertainty Prioritization RR=0.5),prior_years,2021,2020,False,1281509,297,0.9177320403132099,0.5000957237586369,0.5000957237586369,pr_auc,0.4670842483508031,0.3500063377481611,0.5706773484804111,0.45955306122127765,0.057588357306952165,2000,percentile,0.05
mlp_prevyears_monthly_features_incremental_scaler_missclassification_buffer_RR_0.3,MLP Prevyears + Monthly (Incremental Scaler + Misclassification Buffer RR=0.3),prior_years,2021,2020,False,1281509,297,0.8954143471110564,0.4798579306477241,0.4798579306477241,f1_score,0.4798579306477241,0.3900420453903967,0.5427163706681438,0.47376964656314813,0.03992466691351476,2000,percentile,0.05
mlp_prevyears_monthly_features_incremental_scaler_missclassification_buffer_RR_0.3,MLP Prevyears + Monthly (Incremental Scaler + Misclassification Buffer RR=0.3),prior_years,2021,2020,False,1281509,297,0.8954143471110564,0.4798579306477241,0.4798579306477241,pr_auc,0.4523414582962806,0.34331596616359683,0.5397002879839213,0.44551898656041705,0.05058043931140177,2000,percentile,0.05
"mlp_combined_HE=0.1_CC=0.1_UP=0.1_PR=(0.2,10)_RR=0.5","MLP Combined (HE=0.1, CC=0.1, UP=0.1, PR=(0.2,10), RR=0.5)",prior_years,2021,2021,False,1281346,297,0.8761769711044464,0.4598762886597938,0.4598762886597938,f1_score,0.4598762886597938,0.3838112101264466,0.5200721278841256,0.45725216710415784,0.03446815540030627,2000,percentile,0.05
"mlp_combined_HE=0.1_CC=0.1_UP=0.1_PR=(0.2,10)_RR=0.5","MLP Combined (HE=0.1, CC=0.1, UP=0.1, PR=(0.2,10), RR=0.5)",prior_years,2021,2021,False,1281346,297,0.8761769711044464,0.4598762886597938,0.4598762886597938,pr_auc,0.43181544617765233,0.3516244524768656,0.4996777071555906,0.4302437071933879,0.03748011397987446,2000,percentile,0.05
"mlp_combined_HE=0_CC=0.15_UP=0_PR=(0,10)_MC=0.1_RWS=1_RR=0.4","MLP Combined (HE=0, CC=0.15, UP=0, PR=(0,10), MC=0.1, RWS=1, RR=0.4)",prior_years,2021,2021,False,1281346,297,0.9331921888747716,0.4595730741933723,0.4595730741933723,f1_score,0.4595730741933723,0.3887969302322396,0.5148859231570281,0.4564451930362259,0.03181203956428507,2000,percentile,0.05
"mlp_combined_HE=0_CC=0.15_UP=0_PR=(0,10)_MC=0.1_RWS=1_RR=0.4","MLP Combined (HE=0, CC=0.15, UP=0, PR=(0,10), MC=0.1, RWS=1, RR=0.4)",prior_years,2021,2021,False,1281346,297,0.9331921888747716,0.4595730741933723,0.4595730741933723,pr_auc,0.4410121382885084,0.36563894115743556,0.504039011955638,0.4387750285595164,0.034826738244892845,2000,percentile,0.05
"mlp_combined_HE=0_CC=0.1_UP=0.1_PR=(0,10)_MC=0.1_RWS=1_RR=0.5","MLP Combined (HE=0, CC=0.1, UP=0.1, PR=(0,10), MC=0.1, RWS=1, RR=0.5)",prior_years,2021,2021,False,1281346,297,0.9257088356338017,0.4641455293576243,0.4641455293576243,f1_score,0.4641455293576243,0.39172915680226184,0.5200344881782093,0.46152892851553823,0.032356155001926415,2000,percentile,0.05
"mlp_combined_HE=0_CC=0.1_UP=0.1_PR=(0,10)_MC=0.1_RWS=1_RR=0.5","MLP Combined (HE=0, CC=0.1, UP=0.1, PR=(0,10), MC=0.1, RWS=1, RR=0.5)",prior_years,2021,2021,False,1281346,297,0.9257088356338017,0.4641455293576243,0.4641455293576243,pr_auc,0.44567630868577995,0.36997339454416706,0.5096613176306397,0.443865894005838,0.03540567780405359,2000,percentile,0.05
"mlp_combined_HE=0_CC=0.1_UP=0.2_PR=(0.1,10)_RR=0.5","MLP Combined (HE=0, CC=0.1, UP=0.2, PR=(0.1,10), RR=0.5)",prior_years,2021,2021,False,1281346,297,0.9251728481621612,0.44660946581787986,0.44660946581787986,f1_score,0.44660946581787986,0.36499938004765653,0.510560415619096,0.443797504762724,0.03695774580965117,2000,percentile,0.05
"mlp_combined_HE=0_CC=0.1_UP=0.2_PR=(0.1,10)_RR=0.5","MLP Combined (HE=0, CC=0.1, UP=0.2, PR=(0.1,10), RR=0.5)",prior_years,2021,2021,False,1281346,297,0.9251728481621612,0.44660946581787986,0.44660946581787986,pr_auc,0.4261175670279474,0.3497315930740767,0.4921900901160408,0.4244426978907925,0.03600380289258909,2000,percentile,0.05
"mlp_combined_HE=0_CC=0.2_UP=0.1_PR=(0.2,10)_RR=0.5","MLP Combined (HE=0, CC=0.2, UP=0.1, PR=(0.2,10), RR=0.5)",prior_years,2021,2021,False,1281346,297,0.9238456392997344,0.47028369168999945,0.47028369168999945,f1_score,0.47028369168999945,0.4025636650176798,0.5219003729382953,0.4674630431437543,0.030333896683112583,2000,percentile,0.05
"mlp_combined_HE=0_CC=0.2_UP=0.1_PR=(0.2,10)_RR=0.5","MLP Combined (HE=0, CC=0.2, UP=0.1, PR=(0.2,10), RR=0.5)",prior_years,2021,2021,False,1281346,297,0.9238456392997344,0.47028369168999945,0.47028369168999945,pr_auc,0.4470775596807339,0.37327385966155874,0.5092614357610261,0.4450330538777514,0.03476107168138598,2000,percentile,0.05
"mlp_combined_HE=0_CC=0.2_UP=0.2_PR=(0.1,10)_RR=0.5","MLP Combined (HE=0, CC=0.2, UP=0.2, PR=(0.1,10), RR=0.5)",prior_years,2021,2021,False,1281346,297,0.9487291766391536,0.4632160034980324,0.4632160034980324,f1_score,0.4632160034980324,0.38948586257619827,0.5207211627255395,0.4604450643362824,0.03338016842256347,2000,percentile,0.05
"mlp_combined_HE=0_CC=0.2_UP=0.2_PR=(0.1,10)_RR=0.5","MLP Combined (HE=0, CC=0.2, UP=0.2, PR=(0.1,10), RR=0.5)",prior_years,2021,2021,False,1281346,297,0.9487291766391536,0.4632160034980324,0.4632160034980324,pr_auc,0.43456299623597555,0.35453585778050395,0.4995154627234715,0.43288748564848567,0.03668234477370365,2000,percentile,0.05
mlp_prevyears_monthly_features_incremental_scaler,MLP Prevyears + Monthly (Incremental Scaler),prior_years,2021,2021,True,1281346,297,0.9175288391514824,0.46958254667505767,0.46958254667505767,f1_score,0.46958254667505767,0.40086986335321667,0.5237137126848647,0.46666170786219,0.03127279687574759,2000,percentile,0.05
mlp_prevyears_monthly_features_incremental_scaler,MLP Prevyears + Monthly (Incremental Scaler),prior_years,2021,2021,True,1281346,297,0.9175288391514824,0.46958254667505767,0.46958254667505767,pr_auc,0.4395936408650665,0.3662791015945982,0.5025337565879907,0.4376927166830077,0.034505423387466864,2000,percentile,0.05
mlp_prevyears_monthly_features_incremental_scaler_experience_replay_RR_0.2,MLP Prevyears + Monthly (Incremental Scaler + Replay RR=0.2),prior_years,2021,2021,False,1281346,297,0.92670856081663,0.4677229893758647,0.4677229893758647,f1_score,0.4677229893758647,0.3991085946458297,0.51988716619148,0.46463350012456944,0.030497436148518076,2000,percentile,0.05
mlp_prevyears_monthly_features_incremental_scaler_experience_replay_RR_0.2,MLP Prevyears + Monthly (Incremental Scaler + Replay RR=0.2),prior_years,2021,2021,False,1281346,297,0.92670856081663,0.4677229893758647,0.4677229893758647,pr_auc,0.43797271041659663,0.3669346441871715,0.49752757550051074,0.4360372229323012,0.03286748036845896,2000,percentile,0.05
mlp_prevyears_monthly_features_incremental_scaler_experience_replay_RR_0.2_PR_0.10,"MLP Prevyears + Monthly (Incremental Scaler + Replay RR=0.2, PR=0.10)",prior_years,2021,2021,False,1281346,297,0.9434513714047986,0.4756573541495481,0.4756573541495481,f1_score,0.4756573541495481,0.4052275831180314,0.5287408971484733,0.47278976579968984,0.03100474023608852,2000,percentile,0.05
mlp_prevyears_monthly_features_incremental_scaler_experience_replay_RR_0.2_PR_0.10,"MLP Prevyears + Monthly (Incremental Scaler + Replay RR=0.2, PR=0.10)",prior_years,2021,2021,False,1281346,297,0.9434513714047986,0.4756573541495481,0.4756573541495481,pr_auc,0.443754989681545,0.37369220422699984,0.503637363714926,0.4421119417198221,0.03288738773763856,2000,percentile,0.05
mlp_prevyears_monthly_features_incremental_scaler_experience_replay_RR_0.2_PR_0.15,"MLP Prevyears + Monthly (Incremental Scaler + Replay RR=0.2, PR=0.15)",prior_years,2021,2021,False,1281346,297,0.9498186972484621,0.4760598306381407,0.4760598306381407,f1_score,0.4760598306381407,0.40447418506969823,0.5287110600644443,0.47285466683791083,0.03159685842129317,2000,percentile,0.05
mlp_prevyears_monthly_features_incremental_scaler_experience_replay_RR_0.2_PR_0.15,"MLP Prevyears + Monthly (Incremental Scaler + Replay RR=0.2, PR=0.15)",prior_years,2021,2021,False,1281346,297,0.9498186972484621,0.4760598306381407,0.4760598306381407,pr_auc,0.43936732522581556,0.3674875395949875,0.49955055571151114,0.43704847330931773,0.03364477145978005,2000,percentile,0.05
mlp_prevyears_monthly_features_incremental_scaler_experience_replay_RR_0.3,MLP Prevyears + Monthly (Incremental Scaler + Replay RR=0.3),prior_years,2021,2021,False,1281346,297,0.9434518833308743,0.4761259735861835,0.4761259735861835,f1_score,0.4761259735861835,0.411540755737714,0.5272183975925792,0.47356521463939827,0.029072071196002604,2000,percentile,0.05
mlp_prevyears_monthly_features_incremental_scaler_experience_replay_RR_0.3,MLP Prevyears + Monthly (Incremental Scaler + Replay RR=0.3),prior_years,2021,2021,False,1281346,297,0.9434518833308743,0.4761259735861835,0.4761259735861835,pr_auc,0.44577786951559006,0.3747602036237525,0.5072896843995428,0.4439651525080042,0.03342199805317745,2000,percentile,0.05
mlp_prevyears_monthly_features_incremental_scaler_experience_replay_RR_0.3_PR_0.10,"MLP Prevyears + Monthly (Incremental Scaler + Replay RR=0.3, PR=0.10)",prior_years,2021,2021,False,1281346,297,0.9438510531738351,0.4773901464713715,0.4773901464713715,f1_score,0.4773901464713715,0.41088047204673245,0.5266825738710774,0.4743605624428007,0.02906695596311173,2000,percentile,0.05
mlp_prevyears_monthly_features_incremental_scaler_experience_replay_RR_0.3_PR_0.10,"MLP Prevyears + Monthly (Incremental Scaler + Replay RR=0.3, PR=0.10)",prior_years,2021,2021,False,1281346,297,0.9438510531738351,0.4773901464713715,0.4773901464713715,pr_auc,0.45233007775765804,0.38167516324045553,0.511888436904553,0.45012957324950187,0.032908733571426214,2000,percentile,0.05
mlp_prevyears_monthly_features_incremental_scaler_experience_replay_RR_0.3_PR_0.15,"MLP Prevyears + Monthly (Incremental Scaler + Replay RR=0.3, PR=0.15)",prior_years,2021,2021,False,1281346,297,0.9587825760657906,0.4766006923341173,0.4766006923341173,f1_score,0.4766006923341173,0.41130383891403194,0.526982414600321,0.4737039868153823,0.029220588414920957,2000,percentile,0.05
mlp_prevyears_monthly_features_incremental_scaler_experience_replay_RR_0.3_PR_0.15,"MLP Prevyears + Monthly (Incremental Scaler + Replay RR=0.3, PR=0.15)",prior_years,2021,2021,False,1281346,297,0.9587825760657906,0.4766006923341173,0.4766006923341173,pr_auc,0.44834254113400673,0.3775060947418581,0.5074214026283806,0.44627534391627227,0.03253069483163772,2000,percentile,0.05
mlp_prevyears_monthly_features_incremental_scaler_experience_replay_RR_0.4,MLP Prevyears + Monthly (Incremental Scaler + Replay RR=0.4),prior_years,2021,2021,False,1281346,297,0.9447227246358143,0.470737175260451,0.470737175260451,f1_score,0.470737175260451,0.4042718050063454,0.5245827178306164,0.4682021897926412,0.03058473405875842,2000,percentile,0.05
mlp_prevyears_monthly_features_incremental_scaler_experience_replay_RR_0.4,MLP Prevyears + Monthly (Incremental Scaler + Replay RR=0.4),prior_years,2021,2021,False,1281346,297,0.9447227246358143,0.470737175260451,0.470737175260451,pr_auc,0.44364427124051575,0.36943648023071224,0.5071732667029667,0.4417638928482902,0.03499622198871381,2000,percentile,0.05
mlp_prevyears_monthly_features_incremental_scaler_experience_replay_RR_0.4_PR_0.10,"MLP Prevyears + Monthly (Incremental Scaler + Replay RR=0.4, PR=0.10)",prior_years,2021,2021,False,1281346,297,0.949629098366521,0.4604463004045413,0.4604463004045413,f1_score,0.4604463004045413,0.3906654459874427,0.5161890847787144,0.4577981586343979,0.03214992369467595,2000,percentile,0.05
mlp_prevyears_monthly_features_incremental_scaler_experience_replay_RR_0.4_PR_0.10,"MLP Prevyears + Monthly (Incremental Scaler + Replay RR=0.4, PR=0.10)",prior_years,2021,2021,False,1281346,297,0.949629098366521,0.4604463004045413,0.4604463004045413,pr_auc,0.4349155293082321,0.3632930073907254,0.49694895560072766,0.4333494951266989,0.03377430285491696,2000,percentile,0.05
mlp_prevyears_monthly_features_incremental_scaler_experience_replay_RR_0.4_PR_0.15,"MLP Prevyears + Monthly (Incremental Scaler + Replay RR=0.4, PR=0.15)",prior_years,2021,2021,False,1281346,297,0.9583770610358148,0.4681568069926019,0.4681568069926019,f1_score,0.4681568069926019,0.39577746431273125,0.522360533244723,0.4653388031025449,0.03167072280176853,2000,percentile,0.05
mlp_prevyears_monthly_features_incremental_scaler_experience_replay_RR_0.4_PR_0.15,"MLP Prevyears + Monthly (Incremental Scaler + Replay RR=0.4, PR=0.15)",prior_years,2021,2021,False,1281346,297,0.9583770610358148,0.4681568069926019,0.4681568069926019,pr_auc,0.43651599853048084,0.36427904913030723,0.49799583434087097,0.4346905360645609,0.034243607591485835,2000,percentile,0.05
mlp_prevyears_monthly_features_incremental_scaler_experience_replay_RR_0.5,MLP Prevyears + Monthly (Incremental Scaler + Replay RR=0.5),prior_years,2021,2021,False,1281346,297,0.9375416378656767,0.4762589558562954,0.4762589558562954,f1_score,0.4762589558562954,0.4095037638329225,0.5273200610839014,0.4734578734035062,0.029521736207805727,2000,percentile,0.05
mlp_prevyears_monthly_features_incremental_scaler_experience_replay_RR_0.5,MLP Prevyears + Monthly (Incremental Scaler + Replay RR=0.5),prior_years,2021,2021,False,1281346,297,0.9375416378656767,0.4762589558562954,0.4762589558562954,pr_auc,0.44642481643062326,0.3700515677330457,0.508809588724222,0.4441413085751623,0.03512940748971072,2000,percentile,0.05
mlp_prevyears_monthly_features_incremental_scaler_experience_replay_RR_0.5_PR_0.10,"MLP Prevyears + Monthly (Incremental Scaler + Replay RR=0.5, PR=0.10)",prior_years,2021,2021,False,1281346,297,0.9620043499337708,0.46384451544195954,0.46384451544195954,f1_score,0.46384451544195954,0.39299943020457156,0.5176052623487228,0.4610975768751701,0.031352084344601835,2000,percentile,0.05
mlp_prevyears_monthly_features_incremental_scaler_experience_replay_RR_0.5_PR_0.10,"MLP Prevyears + Monthly (Incremental Scaler + Replay RR=0.5, PR=0.10)",prior_years,2021,2021,False,1281346,297,0.9620043499337708,0.46384451544195954,0.46384451544195954,pr_auc,0.44430354159545477,0.37215449306185094,0.504056370420453,0.4423343013402826,0.033556381969873005,2000,percentile,0.05
mlp_prevyears_monthly_features_incremental_scaler_experience_replay_RR_0.5_PR_0.15,"MLP Prevyears + Monthly (Incremental Scaler + Replay RR=0.5, PR=0.15)",prior_years,2021,2021,False,1281346,297,0.9526011302980621,0.4740215748605972,0.4740215748605972,f1_score,0.4740215748605972,0.40875152087214456,0.5246442764101765,0.4713089589004895,0.029502794148218374,2000,percentile,0.05
mlp_prevyears_monthly_features_incremental_scaler_experience_replay_RR_0.5_PR_0.15,"MLP Prevyears + Monthly (Incremental Scaler + Replay RR=0.5, PR=0.15)",prior_years,2021,2021,False,1281346,297,0.9526011302980621,0.4740215748605972,0.4740215748605972,pr_auc,0.4413367674490066,0.3717297034774399,0.5001129906229468,0.43962241885695563,0.032538760119318326,2000,percentile,0.05
mlp_prevyears_monthly_features_incremental_scaler_experience_replay_confidently_correct_memory_RR_0.2,MLP Prevyears + Monthly (Incremental Scaler + Replay Confidently Correct RR=0.2),prior_years,2021,2021,False,1281346,297,0.9603258477662937,0.4649332695273037,0.4649332695273037,f1_score,0.4649332695273037,0.39267793396648476,0.5194294816027514,0.4620455311466402,0.03199998928544978,2000,percentile,0.05
mlp_prevyears_monthly_features_incremental_scaler_experience_replay_confidently_correct_memory_RR_0.2,MLP Prevyears + Monthly (Incremental Scaler + Replay Confidently Correct RR=0.2),prior_years,2021,2021,False,1281346,297,0.9603258477662937,0.4649332695273037,0.4649332695273037,pr_auc,0.4380591697918004,0.3655250592979689,0.4989458060263831,0.43630095249486883,0.03386532327494504,2000,percentile,0.05
mlp_prevyears_monthly_features_incremental_scaler_experience_replay_confidently_correct_memory_RR_0.3,MLP Prevyears + Monthly (Incremental Scaler + Replay Confidently Correct RR=0.3),prior_years,2021,2021,False,1281346,297,0.9407432261916685,0.4694882146112775,0.4694882146112775,f1_score,0.4694882146112775,0.3987793439089152,0.5237892962039921,0.46652025446574386,0.031547154051084235,2000,percentile,0.05
mlp_prevyears_monthly_features_incremental_scaler_experience_replay_confidently_correct_memory_RR_0.3,MLP Prevyears + Monthly (Incremental Scaler + Replay Confidently Correct RR=0.3),prior_years,2021,2021,False,1281346,297,0.9407432261916685,0.4694882146112775,0.4694882146112775,pr_auc,0.4418663238348185,0.3691799070773783,0.5025457148943361,0.4398161414291758,0.034020986416888076,2000,percentile,0.05
mlp_prevyears_monthly_features_incremental_scaler_experience_replay_confidently_correct_memory_RR_0.4,MLP Prevyears + Monthly (Incremental Scaler + Replay Confidently Correct RR=0.4),prior_years,2021,2021,False,1281346,297,0.9544071704261958,0.4728041113400986,0.4728041113400986,f1_score,0.4728041113400986,0.4087424803778436,0.5256157475968496,0.47028725530918236,0.029330137609853448,2000,percentile,0.05
mlp_prevyears_monthly_features_incremental_scaler_experience_replay_confidently_correct_memory_RR_0.4,MLP Prevyears + Monthly (Incremental Scaler + Replay Confidently Correct RR=0.4),prior_years,2021,2021,False,1281346,297,0.9544071704261958,0.4728041113400986,0.4728041113400986,pr_auc,0.43746989440107464,0.36419739531913986,0.5010667826066011,0.4358230357775835,0.034541802196592614,2000,percentile,0.05
mlp_prevyears_monthly_features_incremental_scaler_experience_replay_confidently_correct_memory_RR_0.5,MLP Prevyears + Monthly (Incremental Scaler + Replay Confidently Correct RR=0.5),prior_years,2021,2021,False,1281346,297,0.9513189771889552,0.48076823523321427,0.48076823523321427,f1_score,0.48076823523321427,0.41670338317723626,0.5298361513119533,0.4778563289153243,0.028434121976058362,2000,percentile,0.05
mlp_prevyears_monthly_features_incremental_scaler_experience_replay_confidently_correct_memory_RR_0.5,MLP Prevyears + Monthly (Incremental Scaler + Replay Confidently Correct RR=0.5),prior_years,2021,2021,False,1281346,297,0.9513189771889552,0.48076823523321427,0.48076823523321427,pr_auc,0.45346375668413647,0.3808322088969152,0.5131902732861214,0.45139639689097866,0.0335410043698384,2000,percentile,0.05
mlp_prevyears_monthly_features_incremental_scaler_experience_replay_hard_example_mining_RR_0.2,MLP Prevyears + Monthly (Incremental Scaler + Replay Hard Example Mining RR=0.2),prior_years,2021,2021,False,1281346,297,0.9092903219469568,0.45745559686080134,0.45745559686080134,f1_score,0.45745559686080134,0.38106698293674435,0.5153129256351971,0.45449819199124397,0.03404594223308759,2000,percentile,0.05
mlp_prevyears_monthly_features_incremental_scaler_experience_replay_hard_example_mining_RR_0.2,MLP Prevyears + Monthly (Incremental Scaler + Replay Hard Example Mining RR=0.2),prior_years,2021,2021,False,1281346,297,0.9092903219469568,0.45745559686080134,0.45745559686080134,pr_auc,0.42166286715428525,0.34475706843661413,0.4855157022408988,0.42018803112408587,0.036231454721069915,2000,percentile,0.05
mlp_prevyears_monthly_features_incremental_scaler_experience_replay_hard_example_mining_RR_0.3,MLP Prevyears + Monthly (Incremental Scaler + Replay Hard Example Mining RR=0.3),prior_years,2021,2021,False,1281346,297,0.930665132212484,0.4525411163888965,0.4525411163888965,f1_score,0.4525411163888965,0.3758831340777612,0.5105987146450579,0.4494596903735866,0.0345625491336768,2000,percentile,0.05
mlp_prevyears_monthly_features_incremental_scaler_experience_replay_hard_example_mining_RR_0.3,MLP Prevyears + Monthly (Incremental Scaler + Replay Hard Example Mining RR=0.3),prior_years,2021,2021,False,1281346,297,0.930665132212484,0.4525411163888965,0.4525411163888965,pr_auc,0.43194666451919184,0.3542928054954416,0.4962443728573072,0.42973705676285123,0.035782343151012246,2000,percentile,0.05
mlp_prevyears_monthly_features_incremental_scaler_experience_replay_hard_example_mining_RR_0.4,MLP Prevyears + Monthly (Incremental Scaler + Replay Hard Example Mining RR=0.4),prior_years,2021,2021,False,1281346,297,0.9252054027668108,0.4574093209336831,0.4574093209336831,f1_score,0.4574093209336831,0.3786686743313138,0.5187241159785749,0.45460230934214324,0.03529888222068108,2000,percentile,0.05
mlp_prevyears_monthly_features_incremental_scaler_experience_replay_hard_example_mining_RR_0.4,MLP Prevyears + Monthly (Incremental Scaler + Replay Hard Example Mining RR=0.4),prior_years,2021,2021,False,1281346,297,0.9252054027668108,0.4574093209336831,0.4574093209336831,pr_auc,0.42517936864538874,0.3403851663816279,0.49693598059633454,0.42340163210325366,0.03941225264966557,2000,percentile,0.05
mlp_prevyears_monthly_features_incremental_scaler_experience_replay_hard_example_mining_RR_0.5,MLP Prevyears + Monthly (Incremental Scaler + Replay Hard Example Mining RR=0.5),prior_years,2021,2021,False,1281346,297,0.9254935092043354,0.4688578173234066,0.4688578173234066,f1_score,0.4688578173234066,0.39936175530031515,0.5202157476103177,0.4658878431521284,0.030444366793885402,2000,percentile,0.05
mlp_prevyears_monthly_features_incremental_scaler_experience_replay_hard_example_mining_RR_0.5,MLP Prevyears + Monthly (Incremental Scaler + Replay Hard Example Mining RR=0.5),prior_years,2021,2021,False,1281346,297,0.9254935092043354,0.4688578173234066,0.4688578173234066,pr_auc,0.4261967288105413,0.3503291439377881,0.4881728255317807,0.42429344931169,0.03562731889797285,2000,percentile,0.05
mlp_prevyears_monthly_features_incremental_scaler_experience_replay_uncertainity_prioritization_RR_0.2,MLP Prevyears + Monthly (Incremental Scaler + Replay Uncertainty Prioritization RR=0.2),prior_years,2021,2021,False,1281346,297,0.9371032410917672,0.49006993006993005,0.49006993006993005,f1_score,0.49006993006993005,0.42794113448850746,0.537308969019562,0.4874046912843579,0.02762152498955815,2000,percentile,0.05
mlp_prevyears_monthly_features_incremental_scaler_experience_replay_uncertainity_prioritization_RR_0.2,MLP Prevyears + Monthly (Incremental Scaler + Replay Uncertainty Prioritization RR=0.2),prior_years,2021,2021,False,1281346,297,0.9371032410917672,0.49006993006993005,0.49006993006993005,pr_auc,0.45459015965069594,0.38397878328333584,0.5137939321853068,0.4525428693916083,0.032746133386535564,2000,percentile,0.05
mlp_prevyears_monthly_features_incremental_scaler_experience_replay_uncertainity_prioritization_RR_0.3,MLP Prevyears + Monthly (Incremental Scaler + Replay Uncertainty Prioritization RR=0.3),prior_years,2021,2021,False,1281346,297,0.946970984245379,0.4773447401774398,0.4773447401774398,f1_score,0.4773447401774398,0.408012964254165,0.5297825666396571,0.4747370607276466,0.03063988330796117,2000,percentile,0.05
mlp_prevyears_monthly_features_incremental_scaler_experience_replay_uncertainity_prioritization_RR_0.3,MLP Prevyears + Monthly (Incremental Scaler + Replay Uncertainty Prioritization RR=0.3),prior_years,2021,2021,False,1281346,297,0.946970984245379,0.4773447401774398,0.4773447401774398,pr_auc,0.45049386974318645,0.37811913089532095,0.5119182613797659,0.4486130999643017,0.03343024924097297,2000,percentile,0.05
mlp_prevyears_monthly_features_incremental_scaler_experience_replay_uncertainity_prioritization_RR_0.4,MLP Prevyears + Monthly (Incremental Scaler + Replay Uncertainty Prioritization RR=0.4),prior_years,2021,2021,False,1281346,297,0.9466763634229517,0.4777086308916548,0.4777086308916548,f1_score,0.4777086308916548,0.41041356822087915,0.5290687843107741,0.47511390651448154,0.02993990470473795,2000,percentile,0.05
mlp_prevyears_monthly_features_incremental_scaler_experience_replay_uncertainity_prioritization_RR_0.4,MLP Prevyears + Monthly (Incremental Scaler + Replay Uncertainty Prioritization RR=0.4),prior_years,2021,2021,False,1281346,297,0.9466763634229517,0.4777086308916548,0.4777086308916548,pr_auc,0.43961886674507844,0.36024116551687396,0.5019770123147967,0.43779782450523136,0.03624068003481896,2000,percentile,0.05
mlp_prevyears_monthly_features_incremental_scaler_experience_replay_uncertainity_prioritization_RR_0.5,MLP Prevyears + Monthly (Incremental Scaler + Replay Uncertainty Prioritization RR=0.5),prior_years,2021,2021,False,1281346,297,0.9407887750034106,0.48531124627928046,0.48531124627928046,f1_score,0.48531124627928046,0.42691576345275806,0.5309216311011493,0.48274716498207887,0.026646673342514852,2000,percentile,0.05
mlp_prevyears_monthly_features_incremental_scaler_experience_replay_uncertainity_prioritization_RR_0.5,MLP Prevyears + Monthly (Incremental Scaler + Replay Uncertainty Prioritization RR=0.5),prior_years,2021,2021,False,1281346,297,0.9407887750034106,0.48531124627928046,0.48531124627928046,pr_auc,0.4521610486586661,0.38395419239926365,0.5112466266896545,0.45023012870432333,0.03217245613012638,2000,percentile,0.05
mlp_prevyears_monthly_features_incremental_scaler_missclassification_buffer_RR_0.3,MLP Prevyears + Monthly (Incremental Scaler + Misclassification Buffer RR=0.3),prior_years,2021,2021,False,1281346,297,0.9203063197948591,0.4621081081081081,0.4621081081081081,f1_score,0.4621081081081081,0.3915376793615446,0.5164330920425664,0.4593908148412167,0.03167852216800241,2000,percentile,0.05
mlp_prevyears_monthly_features_incremental_scaler_missclassification_buffer_RR_0.3,MLP Prevyears + Monthly (Incremental Scaler + Misclassification Buffer RR=0.3),prior_years,2021,2021,False,1281346,297,0.9203063197948591,0.4621081081081081,0.4621081081081081,pr_auc,0.4320110302570544,0.3576585468514812,0.4931527352218286,0.43027150284526805,0.034329125280147206,2000,percentile,0.05
"mlp_combined_HE=0.1_CC=0.1_UP=0.1_PR=(0.2,10)_RR=0.5","MLP Combined (HE=0.1, CC=0.1, UP=0.1, PR=(0.2,10), RR=0.5)",prior_years,2022,2017,False,1278749,297,0.6199727928054783,0.20010704489195155,0.20010704489195155,f1_score,0.20010704489195155,0.1628242007004927,0.23330173463869558,0.1991667356743446,0.01811819701976891,2000,percentile,0.05
"mlp_combined_HE=0.1_CC=0.1_UP=0.1_PR=(0.2,10)_RR=0.5","MLP Combined (HE=0.1, CC=0.1, UP=0.1, PR=(0.2,10), RR=0.5)",prior_years,2022,2017,False,1278749,297,0.6199727928054783,0.20010704489195155,0.20010704489195155,pr_auc,0.1494480432835962,0.11350806381457684,0.1842786629679023,0.14935408404348394,0.018228865749096376,2000,percentile,0.05
"mlp_combined_HE=0_CC=0.15_UP=0_PR=(0,10)_MC=0.1_RWS=1_RR=0.4","MLP Combined (HE=0, CC=0.15, UP=0, PR=(0,10), MC=0.1, RWS=1, RR=0.4)",prior_years,2022,2017,False,1278749,297,0.6554134124909472,0.21105461916984095,0.21105461916984095,f1_score,0.21105461916984095,0.16136722315127314,0.25589546241756167,0.21024972197715663,0.024617364034492148,2000,percentile,0.05
"mlp_combined_HE=0_CC=0.15_UP=0_PR=(0,10)_MC=0.1_RWS=1_RR=0.4","MLP Combined (HE=0, CC=0.15, UP=0, PR=(0,10), MC=0.1, RWS=1, RR=0.4)",prior_years,2022,2017,False,1278749,297,0.6554134124909472,0.21105461916984095,0.21105461916984095,pr_auc,0.14881216368957975,0.10543205608908819,0.19669129934102902,0.1497377554593366,0.023719818962420057,2000,percentile,0.05
"mlp_combined_HE=0_CC=0.1_UP=0.1_PR=(0,10)_MC=0.1_RWS=1_RR=0.5","MLP Combined (HE=0, CC=0.1, UP=0.1, PR=(0,10), MC=0.1, RWS=1, RR=0.5)",prior_years,2022,2017,False,1278749,297,0.8212307347357833,0.1882789796577333,0.1882789796577333,f1_score,0.1882789796577333,0.1425956739242151,0.23343117809110606,0.18786222489858814,0.023478742683706706,2000,percentile,0.05
"mlp_combined_HE=0_CC=0.1_UP=0.1_PR=(0,10)_MC=0.1_RWS=1_RR=0.5","MLP Combined (HE=0, CC=0.1, UP=0.1, PR=(0,10), MC=0.1, RWS=1, RR=0.5)",prior_years,2022,2017,False,1278749,297,0.8212307347357833,0.1882789796577333,0.1882789796577333,pr_auc,0.12827490241961942,0.09425144335630367,0.16708273908571683,0.12952687865275178,0.017902804076304995,2000,percentile,0.05
"mlp_combined_HE=0_CC=0.1_UP=0.2_PR=(0.1,10)_RR=0.5","MLP Combined (HE=0, CC=0.1, UP=0.2, PR=(0.1,10), RR=0.5)",prior_years,2022,2017,False,1278749,297,0.8296108604270167,0.21587020125897685,0.21587020125897685,f1_score,0.21587020125897685,0.1635612382486916,0.2652108863480866,0.21558429617769198,0.02617397533893223,2000,percentile,0.05
"mlp_combined_HE=0_CC=0.1_UP=0.2_PR=(0.1,10)_RR=0.5","MLP Combined (HE=0, CC=0.1, UP=0.2, PR=(0.1,10), RR=0.5)",prior_years,2022,2017,False,1278749,297,0.8296108604270167,0.21587020125897685,0.21587020125897685,pr_auc,0.16255932650310384,0.11715776684344886,0.21464318317447736,0.16344610901807563,0.024426935218049804,2000,percentile,0.05
"mlp_combined_HE=0_CC=0.2_UP=0.1_PR=(0.2,10)_RR=0.5","MLP Combined (HE=0, CC=0.2, UP=0.1, PR=(0.2,10), RR=0.5)",prior_years,2022,2017,False,1278749,297,0.7205541659269246,0.22776081583483915,0.22776081583483915,f1_score,0.22776081583483915,0.1847709813656791,0.26913647338203084,0.22694626010338925,0.021488182235741112,2000,percentile,0.05
"mlp_combined_HE=0_CC=0.2_UP=0.1_PR=(0.2,10)_RR=0.5","MLP Combined (HE=0, CC=0.2, UP=0.1, PR=(0.2,10), RR=0.5)",prior_years,2022,2017,False,1278749,297,0.7205541659269246,0.22776081583483915,0.22776081583483915,pr_auc,0.170481219324223,0.13314433077506008,0.20916009684463047,0.1711329112747226,0.01917001527686954,2000,percentile,0.05
"mlp_combined_HE=0_CC=0.2_UP=0.2_PR=(0.1,10)_RR=0.5","MLP Combined (HE=0, CC=0.2, UP=0.2, PR=(0.1,10), RR=0.5)",prior_years,2022,2017,False,1278749,297,0.5678818591286634,0.2333047785764833,0.2333047785764833,f1_score,0.2333047785764833,0.19534823918884703,0.27135350910628087,0.2325724337508605,0.01951913085398996,2000,percentile,0.05
"mlp_combined_HE=0_CC=0.2_UP=0.2_PR=(0.1,10)_RR=0.5","MLP Combined (HE=0, CC=0.2, UP=0.2, PR=(0.1,10), RR=0.5)",prior_years,2022,2017,False,1278749,297,0.5678818591286634,0.2333047785764833,0.2333047785764833,pr_auc,0.15953775709946932,0.12642053209536605,0.20002583719402528,0.16096104096506608,0.018546042056083213,2000,percentile,0.05
mlp_prevyears_monthly_features_incremental_scaler,MLP Prevyears + Monthly (Incremental Scaler),prior_years,2022,2017,True,1278749,297,0.0003504097399265695,0.15056119653981884,0.15056119653981884,f1_score,0.15056119653981884,0.11659417188022858,0.18262249951937634,0.14968972216811677,0.017223506901985878,2000,percentile,0.05
mlp_prevyears_monthly_features_incremental_scaler,MLP Prevyears + Monthly (Incremental Scaler),prior_years,2022,2017,True,1278749,297,0.0003504097399265695,0.15056119653981884,0.15056119653981884,pr_auc,0.07896067025629736,0.06023540343322063,0.10037071350544184,0.07902696836166456,0.010326829928945536,2000,percentile,0.05
mlp_prevyears_monthly_features_incremental_scaler_experience_replay_RR_0.2,MLP Prevyears + Monthly (Incremental Scaler + Replay RR=0.2),prior_years,2022,2017,False,1278749,297,0.884488921587944,0.24220802132747873,0.24220802132747873,f1_score,0.24220802132747873,0.19795288531963534,0.2817741254881559,0.2409065738357034,0.021583683207897452,2000,percentile,0.05
mlp_prevyears_monthly_features_incremental_scaler_experience_replay_RR_0.2,MLP Prevyears + Monthly (Incremental Scaler + Replay RR=0.2),prior_years,2022,2017,False,1278749,297,0.884488921587944,0.24220802132747873,0.24220802132747873,pr_auc,0.16961234394167252,0.13064224889530204,0.20713692250438215,0.16989180015301455,0.01935319099455205,2000,percentile,0.05
mlp_prevyears_monthly_features_incremental_scaler_experience_replay_RR_0.2_PR_0.10,"MLP Prevyears + Monthly (Incremental Scaler + Replay RR=0.2, PR=0.10)",prior_years,2022,2017,False,1278749,297,0.906395218886407,0.2292432035268185,0.2292432035268185,f1_score,0.2292432035268185,0.1880093681890232,0.2685917044579865,0.22834675813246605,0.020471385484688204,2000,percentile,0.05
mlp_prevyears_monthly_features_incremental_scaler_experience_replay_RR_0.2_PR_0.10,"MLP Prevyears + Monthly (Incremental Scaler + Replay RR=0.2, PR=0.10)",prior_years,2022,2017,False,1278749,297,0.906395218886407,0.2292432035268185,0.2292432035268185,pr_auc,0.17014700465025165,0.129731754978412,0.2113386148006709,0.17089029774830689,0.020412935853935475,2000,percentile,0.05
mlp_prevyears_monthly_features_incremental_scaler_experience_replay_RR_0.2_PR_0.15,"MLP Prevyears + Monthly (Incremental Scaler + Replay RR=0.2, PR=0.15)",prior_years,2022,2017,False,1278749,297,0.9062237276001623,0.2312939902544667,0.2312939902544667,f1_score,0.2312939902544667,0.19083853107668908,0.267722247316358,0.23045151882011058,0.01947724972411665,2000,percentile,0.05
mlp_prevyears_monthly_features_incremental_scaler_experience_replay_RR_0.2_PR_0.15,"MLP Prevyears + Monthly (Incremental Scaler + Replay RR=0.2, PR=0.15)",prior_years,2022,2017,False,1278749,297,0.9062237276001623,0.2312939902544667,0.2312939902544667,pr_auc,0.15459886324857428,0.11794620803775956,0.19294589687593383,0.15516377152517014,0.018858364162506063,2000,percentile,0.05
mlp_prevyears_monthly_features_incremental_scaler_experience_replay_RR_0.3,MLP Prevyears + Monthly (Incremental Scaler + Replay RR=0.3),prior_years,2022,2017,False,1278749,297,0.8814681642220993,0.22545562403190192,0.22545562403190192,f1_score,0.22545562403190192,0.18538601285235137,0.26177749638105924,0.22463092031556983,0.019566049314404272,2000,percentile,0.05
mlp_prevyears_monthly_features_incremental_scaler_experience_replay_RR_0.3,MLP Prevyears + Monthly (Incremental Scaler + Replay RR=0.3),prior_years,2022,2017,False,1278749,297,0.8814681642220993,0.22545562403190192,0.22545562403190192,pr_auc,0.1577975268372078,0.11681123252552614,0.20354549769448696,0.15867368927273118,0.021943063102840433,2000,percentile,0.05
mlp_prevyears_monthly_features_incremental_scaler_experience_replay_RR_0.3_PR_0.10,"MLP Prevyears + Monthly (Incremental Scaler + Replay RR=0.3, PR=0.10)",prior_years,2022,2017,False,1278749,297,0.842727575559033,0.24519619324085834,0.24519619324085834,f1_score,0.24519619324085834,0.20625389754611037,0.2809788867174323,0.24409599820026084,0.01921554782330719,2000,percentile,0.05
mlp_prevyears_monthly_features_incremental_scaler_experience_replay_RR_0.3_PR_0.10,"MLP Prevyears + Monthly (Incremental Scaler + Replay RR=0.3, PR=0.10)",prior_years,2022,2017,False,1278749,297,0.842727575559033,0.24519619324085834,0.24519619324085834,pr_auc,0.18339091309334207,0.14005944290808792,0.2259287751649286,0.1835374793998347,0.022004183065129843,2000,percentile,0.05
mlp_prevyears_monthly_features_incremental_scaler_experience_replay_RR_0.3_PR_0.15,"MLP Prevyears + Monthly (Incremental Scaler + Replay RR=0.3, PR=0.15)",prior_years,2022,2017,False,1278749,297,0.9211472866322872,0.2277631913271788,0.2277631913271788,f1_score,0.2277631913271788,0.1859805467151328,0.2640839768430756,0.2267919436335366,0.019933834323920572,2000,percentile,0.05
mlp_prevyears_monthly_features_incremental_scaler_experience_replay_RR_0.3_PR_0.15,"MLP Prevyears + Monthly (Incremental Scaler + Replay RR=0.3, PR=0.15)",prior_years,2022,2017,False,1278749,297,0.9211472866322872,0.2277631913271788,0.2277631913271788,pr_auc,0.1532769373118749,0.11428062317123283,0.19449704455028125,0.15413422887369443,0.020546844536103972,2000,percentile,0.05
mlp_prevyears_monthly_features_incremental_scaler_experience_replay_RR_0.4,MLP Prevyears + Monthly (Incremental Scaler + Replay RR=0.4),prior_years,2022,2017,False,1278749,297,0.9109498430279392,0.21697563044515525,0.21697563044515525,f1_score,0.21697563044515525,0.17516651887524107,0.255371409636262,0.21559438353319893,0.020326830478515592,2000,percentile,0.05
mlp_prevyears_monthly_features_incremental_scaler_experience_replay_RR_0.4,MLP Prevyears + Monthly (Incremental Scaler + Replay RR=0.4),prior_years,2022,2017,False,1278749,297,0.9109498430279392,0.21697563044515525,0.21697563044515525,pr_auc,0.14720124839929466,0.10994536901062273,0.1857453213398272,0.14732902579992246,0.019292777367316622,2000,percentile,0.05
mlp_prevyears_monthly_features_incremental_scaler_experience_replay_RR_0.4_PR_0.10,"MLP Prevyears + Monthly (Incremental Scaler + Replay RR=0.4, PR=0.10)",prior_years,2022,2017,False,1278749,297,0.8754740470446292,0.2571175035125342,0.2571175035125342,f1_score,0.2571175035125342,0.21693845200454848,0.29299671804766136,0.2563382355841185,0.019352265569284145,2000,percentile,0.05
mlp_prevyears_monthly_features_incremental_scaler_experience_replay_RR_0.4_PR_0.10,"MLP Prevyears + Monthly (Incremental Scaler + Replay RR=0.4, PR=0.10)",prior_years,2022,2017,False,1278749,297,0.8754740470446292,0.2571175035125342,0.2571175035125342,pr_auc,0.18255759527851234,0.14242573076392356,0.22402791762428056,0.18306201951264625,0.020483561933586653,2000,percentile,0.05
mlp_prevyears_monthly_features_incremental_scaler_experience_replay_RR_0.4_PR_0.15,"MLP Prevyears + Monthly (Incremental Scaler + Replay RR=0.4, PR=0.15)",prior_years,2022,2017,False,1278749,297,0.8775851265326249,0.25353216811873075,0.25353216811873075,f1_score,0.25353216811873075,0.20960355802497774,0.29319966157830335,0.25266645931599435,0.021044404052600857,2000,percentile,0.05
mlp_prevyears_monthly_features_incremental_scaler_experience_replay_RR_0.4_PR_0.15,"MLP Prevyears + Monthly (Incremental Scaler + Replay RR=0.4, PR=0.15)",prior_years,2022,2017,False,1278749,297,0.8775851265326249,0.25353216811873075,0.25353216811873075,pr_auc,0.19252663635761189,0.14756089690213117,0.2383764353326224,0.19286633821759455,0.023028610022583728,2000,percentile,0.05
mlp_prevyears_monthly_features_incremental_scaler_experience_replay_RR_0.5,MLP Prevyears + Monthly (Incremental Scaler + Replay RR=0.5),prior_years,2022,2017,False,1278749,297,0.8839737574032119,0.2565712644778405,0.2565712644778405,f1_score,0.2565712644778405,0.21329896666753,0.29460863393826864,0.25563086508601507,0.020866696596851354,2000,percentile,0.05
mlp_prevyears_monthly_features_incremental_scaler_experience_replay_RR_0.5,MLP Prevyears + Monthly (Incremental Scaler + Replay RR=0.5),prior_years,2022,2017,False,1278749,297,0.8839737574032119,0.2565712644778405,0.2565712644778405,pr_auc,0.18893033840971665,0.1473310388319304,0.23106278656632426,0.1894443530336954,0.02129252899313995,2000,percentile,0.05
mlp_prevyears_monthly_features_incremental_scaler_experience_replay_RR_0.5_PR_0.10,"MLP Prevyears + Monthly (Incremental Scaler + Replay RR=0.5, PR=0.10)",prior_years,2022,2017,False,1278749,297,0.8877348525281833,0.2650679758308157,0.2650679758308157,f1_score,0.2650679758308157,0.22330723458591425,0.30265588773431595,0.26404643512159476,0.020194612793527827,2000,percentile,0.05
mlp_prevyears_monthly_features_incremental_scaler_experience_replay_RR_0.5_PR_0.10,"MLP Prevyears + Monthly (Incremental Scaler + Replay RR=0.5, PR=0.10)",prior_years,2022,2017,False,1278749,297,0.8877348525281833,0.2650679758308157,0.2650679758308157,pr_auc,0.191253538007956,0.15196880521050854,0.2346934678900609,0.19240033709097826,0.020894244417059515,2000,percentile,0.05
mlp_prevyears_monthly_features_incremental_scaler_experience_replay_RR_0.5_PR_0.15,"MLP Prevyears + Monthly (Incremental Scaler + Replay RR=0.5, PR=0.15)",prior_years,2022,2017,False,1278749,297,0.8673069977699712,0.23003158631385826,0.23003158631385826,f1_score,0.23003158631385826,0.18841429818111688,0.2688888144530752,0.22900282393155497,0.020591150171933272,2000,percentile,0.05
mlp_prevyears_monthly_features_incremental_scaler_experience_replay_RR_0.5_PR_0.15,"MLP Prevyears + Monthly (Incremental Scaler + Replay RR=0.5, PR=0.15)",prior_years,2022,2017,False,1278749,297,0.8673069977699712,0.23003158631385826,0.23003158631385826,pr_auc,0.16154854046321118,0.1219837266160551,0.20166733375829296,0.1620594617143659,0.020019243690027378,2000,percentile,0.05
mlp_prevyears_monthly_features_incremental_scaler_experience_replay_confidently_correct_memory_RR_0.2,MLP Prevyears + Monthly (Incremental Scaler + Replay Confidently Correct RR=0.2),prior_years,2022,2017,False,1278749,297,0.8627383180764671,0.2481808479674008,0.2481808479674008,f1_score,0.2481808479674008,0.20690216467770625,0.2862336798632866,0.24741206549557584,0.0203238911759266,2000,percentile,0.05
mlp_prevyears_monthly_features_incremental_scaler_experience_replay_confidently_correct_memory_RR_0.2,MLP Prevyears + Monthly (Incremental Scaler + Replay Confidently Correct RR=0.2),prior_years,2022,2017,False,1278749,297,0.8627383180764671,0.2481808479674008,0.2481808479674008,pr_auc,0.19430455999158444,0.15230111932106816,0.23991764044906647,0.19435350205537175,0.022040083449571493,2000,percentile,0.05
mlp_prevyears_monthly_features_incremental_scaler_experience_replay_confidently_correct_memory_RR_0.3,MLP Prevyears + Monthly (Incremental Scaler + Replay Confidently Correct RR=0.3),prior_years,2022,2017,False,1278749,297,0.8912499847087657,0.23138262441716623,0.23138262441716623,f1_score,0.23138262441716623,0.18657320457665136,0.2746246986190848,0.2307006820204606,0.02227882752361191,2000,percentile,0.05
mlp_prevyears_monthly_features_incremental_scaler_experience_replay_confidently_correct_memory_RR_0.3,MLP Prevyears + Monthly (Incremental Scaler + Replay Confidently Correct RR=0.3),prior_years,2022,2017,False,1278749,297,0.8912499847087657,0.23138262441716623,0.23138262441716623,pr_auc,0.1573190467334387,0.11651564373461873,0.20143540888686956,0.1580341364180322,0.021552148313547015,2000,percentile,0.05
mlp_prevyears_monthly_features_incremental_scaler_experience_replay_confidently_correct_memory_RR_0.4,MLP Prevyears + Monthly (Incremental Scaler + Replay Confidently Correct RR=0.4),prior_years,2022,2017,False,1278749,297,0.8889404294047655,0.24952168367346939,0.24952168367346939,f1_score,0.24952168367346939,0.2079830424839254,0.28794117056093155,0.2482488803030824,0.020024058086568992,2000,percentile,0.05
mlp_prevyears_monthly_features_incremental_scaler_experience_replay_confidently_correct_memory_RR_0.4,MLP Prevyears + Monthly (Incremental Scaler + Replay Confidently Correct RR=0.4),prior_years,2022,2017,False,1278749,297,0.8889404294047655,0.24952168367346939,0.24952168367346939,pr_auc,0.19052631457086752,0.14710448457292022,0.23331696679580247,0.19031096746259063,0.02130355587542617,2000,percentile,0.05
mlp_prevyears_monthly_features_incremental_scaler_experience_replay_confidently_correct_memory_RR_0.5,MLP Prevyears + Monthly (Incremental Scaler + Replay Confidently Correct RR=0.5),prior_years,2022,2017,False,1278749,297,0.8728516616051369,0.24733576282872058,0.24733576282872058,f1_score,0.24733576282872058,0.20380933186229852,0.28777297077701036,0.246527044263711,0.021717840952678306,2000,percentile,0.05
mlp_prevyears_monthly_features_incremental_scaler_experience_replay_confidently_correct_memory_RR_0.5,MLP Prevyears + Monthly (Incremental Scaler + Replay Confidently Correct RR=0.5),prior_years,2022,2017,False,1278749,297,0.8728516616051369,0.24733576282872058,0.24733576282872058,pr_auc,0.16673179490434012,0.1256275861837091,0.210235685185567,0.16747878832050508,0.022076153548734136,2000,percentile,0.05
mlp_prevyears_monthly_features_incremental_scaler_experience_replay_hard_example_mining_RR_0.2,MLP Prevyears + Monthly (Incremental Scaler + Replay Hard Example Mining RR=0.2),prior_years,2022,2017,False,1278749,297,0.8747818396947427,0.10392611784672884,0.10392611784672884,f1_score,0.10392611784672884,0.07939239478067173,0.12986889472177693,0.10345047808754014,0.012858226977702454,2000,percentile,0.05
mlp_prevyears_monthly_features_incremental_scaler_experience_replay_hard_example_mining_RR_0.2,MLP Prevyears + Monthly (Incremental Scaler + Replay Hard Example Mining RR=0.2),prior_years,2022,2017,False,1278749,297,0.8747818396947427,0.10392611784672884,0.10392611784672884,pr_auc,0.050158940657435466,0.0386447102309858,0.06407212621753389,0.05040270358786557,0.006578577602194136,2000,percentile,0.05
mlp_prevyears_monthly_features_incremental_scaler_experience_replay_hard_example_mining_RR_0.3,MLP Prevyears + Monthly (Incremental Scaler + Replay Hard Example Mining RR=0.3),prior_years,2022,2017,False,1278749,297,0.8886647643349138,0.15530175035480165,0.15530175035480165,f1_score,0.15530175035480165,0.12648622330705908,0.18578730648123234,0.154719465231696,0.015325190844019421,2000,percentile,0.05
mlp_prevyears_monthly_features_incremental_scaler_experience_replay_hard_example_mining_RR_0.3,MLP Prevyears + Monthly (Incremental Scaler + Replay Hard Example Mining RR=0.3),prior_years,2022,2017,False,1278749,297,0.8886647643349138,0.15530175035480165,0.15530175035480165,pr_auc,0.08583451500984997,0.06497344214960883,0.11168783988054753,0.0865809439136565,0.012028141455768289,2000,percentile,0.05
mlp_prevyears_monthly_features_incremental_scaler_experience_replay_hard_example_mining_RR_0.4,MLP Prevyears + Monthly (Incremental Scaler + Replay Hard Example Mining RR=0.4),prior_years,2022,2017,False,1278749,297,0.644445584059822,0.17920225057771527,0.17920225057771527,f1_score,0.17920225057771527,0.14000900517209885,0.21498642007834592,0.1782913485189195,0.01903933258133086,2000,percentile,0.05
mlp_prevyears_monthly_features_incremental_scaler_experience_replay_hard_example_mining_RR_0.4,MLP Prevyears + Monthly (Incremental Scaler + Replay Hard Example Mining RR=0.4),prior_years,2022,2017,False,1278749,297,0.644445584059822,0.17920225057771527,0.17920225057771527,pr_auc,0.10063050457759243,0.07471634602337679,0.13196832025539754,0.10150800712344067,0.014628415349982597,2000,percentile,0.05
mlp_prevyears_monthly_features_incremental_scaler_experience_replay_hard_example_mining_RR_0.5,MLP Prevyears + Monthly (Incremental Scaler + Replay Hard Example Mining RR=0.5),prior_years,2022,2017,False,1278749,297,0.7888204212170895,0.19555523197611985,0.19555523197611985,f1_score,0.19555523197611985,0.15856593191553056,0.23544358258793613,0.19514390061230766,0.01966153574246418,2000,percentile,0.05
mlp_prevyears_monthly_features_incremental_scaler_experience_replay_hard_example_mining_RR_0.5,MLP Prevyears + Monthly (Incremental Scaler + Replay Hard Example Mining RR=0.5),prior_years,2022,2017,False,1278749,297,0.7888204212170895,0.19555523197611985,0.19555523197611985,pr_auc,0.12565377119871127,0.0930409481717047,0.1665988990998587,0.12701740304861023,0.018541422637974075,2000,percentile,0.05
mlp_prevyears_monthly_features_incremental_scaler_experience_replay_uncertainity_prioritization_RR_0.2,MLP Prevyears + Monthly (Incremental Scaler + Replay Uncertainty Prioritization RR=0.2),prior_years,2022,2017,False,1278749,297,0.79520346687526,0.24149731393503737,0.24149731393503737,f1_score,0.24149731393503737,0.20214386374295742,0.27671962303490355,0.24062726375051557,0.01885050981507472,2000,percentile,0.05
mlp_prevyears_monthly_features_incremental_scaler_experience_replay_uncertainity_prioritization_RR_0.2,MLP Prevyears + Monthly (Incremental Scaler + Replay Uncertainty Prioritization RR=0.2),prior_years,2022,2017,False,1278749,297,0.79520346687526,0.24149731393503737,0.24149731393503737,pr_auc,0.17255140851457657,0.13652379309768356,0.20768181796395188,0.1730653628582917,0.0180903981183126,2000,percentile,0.05
mlp_prevyears_monthly_features_incremental_scaler_experience_replay_uncertainity_prioritization_RR_0.3,MLP Prevyears + Monthly (Incremental Scaler + Replay Uncertainty Prioritization RR=0.3),prior_years,2022,2017,False,1278749,297,0.8636544473457344,0.2535936850851683,0.2535936850851683,f1_score,0.2535936850851683,0.2137701491094442,0.28890622223968915,0.25265030543560274,0.01896025983920081,2000,percentile,0.05
mlp_prevyears_monthly_features_incremental_scaler_experience_replay_uncertainity_prioritization_RR_0.3,MLP Prevyears + Monthly (Incremental Scaler + Replay Uncertainty Prioritization RR=0.3),prior_years,2022,2017,False,1278749,297,0.8636544473457344,0.2535936850851683,0.2535936850851683,pr_auc,0.18891758248347693,0.15048237502759032,0.22758849880014279,0.18981443155499228,0.019662205776840667,2000,percentile,0.05
mlp_prevyears_monthly_features_incremental_scaler_experience_replay_uncertainity_prioritization_RR_0.4,MLP Prevyears + Monthly (Incremental Scaler + Replay Uncertainty Prioritization RR=0.4),prior_years,2022,2017,False,1278749,297,0.9056228916819525,0.2608998097264562,0.2608998097264562,f1_score,0.2608998097264562,0.2139222570023791,0.30426024027593007,0.26000582334130445,0.022842784551567262,2000,percentile,0.05
mlp_prevyears_monthly_features_incremental_scaler_experience_replay_uncertainity_prioritization_RR_0.4,MLP Prevyears + Monthly (Incremental Scaler + Replay Uncertainty Prioritization RR=0.4),prior_years,2022,2017,False,1278749,297,0.9056228916819525,0.2608998097264562,0.2608998097264562,pr_auc,0.18450040661795025,0.14486666384411087,0.22701579044632558,0.1857404591313904,0.02076020558789884,2000,percentile,0.05
mlp_prevyears_monthly_features_incremental_scaler_experience_replay_uncertainity_prioritization_RR_0.5,MLP Prevyears + Monthly (Incremental Scaler + Replay Uncertainty Prioritization RR=0.5),prior_years,2022,2017,False,1278749,297,0.8779636248238757,0.26157865568838573,0.26157865568838573,f1_score,0.26157865568838573,0.22137915737038502,0.29893300387018823,0.2607312563217,0.01944553710207216,2000,percentile,0.05
mlp_prevyears_monthly_features_incremental_scaler_experience_replay_uncertainity_prioritization_RR_0.5,MLP Prevyears + Monthly (Incremental Scaler + Replay Uncertainty Prioritization RR=0.5),prior_years,2022,2017,False,1278749,297,0.8779636248238757,0.26157865568838573,0.26157865568838573,pr_auc,0.18873399711406205,0.15491555551539882,0.22731627037186578,0.19033596617194082,0.018529578637001397,2000,percentile,0.05
mlp_prevyears_monthly_features_incremental_scaler_missclassification_buffer_RR_0.3,MLP Prevyears + Monthly (Incremental Scaler + Misclassification Buffer RR=0.3),prior_years,2022,2017,False,1278749,297,0.8022495376264578,0.08591640939736686,0.08591640939736686,f1_score,0.08591640939736686,0.06725751896627181,0.10530719441784503,0.08567182365956545,0.009808694110453866,2000,percentile,0.05
mlp_prevyears_monthly_features_incremental_scaler_missclassification_buffer_RR_0.3,MLP Prevyears + Monthly (Incremental Scaler + Misclassification Buffer RR=0.3),prior_years,2022,2017,False,1278749,297,0.8022495376264578,0.08591640939736686,0.08591640939736686,pr_auc,0.04450844557993628,0.03403892776868834,0.05813339679840645,0.044723424260855314,0.00628868779050061,2000,percentile,0.05
"mlp_combined_HE=0.1_CC=0.1_UP=0.1_PR=(0.2,10)_RR=0.5","MLP Combined (HE=0.1, CC=0.1, UP=0.1, PR=(0.2,10), RR=0.5)",prior_years,2022,2018,False,1281406,297,0.6295766192123222,0.4423466706703701,0.4423466706703701,f1_score,0.4423466706703701,0.37601765264454273,0.5027787298603198,0.44078683885240943,0.031914531830189954,2000,percentile,0.05
"mlp_combined_HE=0.1_CC=0.1_UP=0.1_PR=(0.2,10)_RR=0.5","MLP Combined (HE=0.1, CC=0.1, UP=0.1, PR=(0.2,10), RR=0.5)",prior_years,2022,2018,False,1281406,297,0.6295766192123222,0.4423466706703701,0.4423466706703701,pr_auc,0.4340677877272681,0.3592174603308852,0.5024570354161169,0.432590234149717,0.03581554771024496,2000,percentile,0.05
"mlp_combined_HE=0_CC=0.15_UP=0_PR=(0,10)_MC=0.1_RWS=1_RR=0.4","MLP Combined (HE=0, CC=0.15, UP=0, PR=(0,10), MC=0.1, RWS=1, RR=0.4)",prior_years,2022,2018,False,1281406,297,0.82472919092239,0.4197804260110725,0.4197804260110725,f1_score,0.4197804260110725,0.34016652023686383,0.4861116624764358,0.4186421213070213,0.03716461955299575,2000,percentile,0.05
"mlp_combined_HE=0_CC=0.15_UP=0_PR=(0,10)_MC=0.1_RWS=1_RR=0.4","MLP Combined (HE=0, CC=0.15, UP=0, PR=(0,10), MC=0.1, RWS=1, RR=0.4)",prior_years,2022,2018,False,1281406,297,0.82472919092239,0.4197804260110725,0.4197804260110725,pr_auc,0.41105578426194433,0.3355112392110828,0.4807360785998863,0.4102216908239019,0.03736747265635207,2000,percentile,0.05
"mlp_combined_HE=0_CC=0.1_UP=0.1_PR=(0,10)_MC=0.1_RWS=1_RR=0.5","MLP Combined (HE=0, CC=0.1, UP=0.1, PR=(0,10), MC=0.1, RWS=1, RR=0.5)",prior_years,2022,2018,False,1281406,297,0.7577225418574893,0.4256788947117675,0.4256788947117675,f1_score,0.4256788947117675,0.34965853802641195,0.49128788066120394,0.42453339967940146,0.03649164393539843,2000,percentile,0.05
"mlp_combined_HE=0_CC=0.1_UP=0.1_PR=(0,10)_MC=0.1_RWS=1_RR=0.5","MLP Combined (HE=0, CC=0.1, UP=0.1, PR=(0,10), MC=0.1, RWS=1, RR=0.5)",prior_years,2022,2018,False,1281406,297,0.7577225418574893,0.4256788947117675,0.4256788947117675,pr_auc,0.40581539576766007,0.33308213548365717,0.47419817699762146,0.4051155901735285,0.03685332305070722,2000,percentile,0.05
"mlp_combined_HE=0_CC=0.1_UP=0.2_PR=(0.1,10)_RR=0.5","MLP Combined (HE=0, CC=0.1, UP=0.2, PR=(0.1,10), RR=0.5)",prior_years,2022,2018,False,1281406,297,0.7648868545039109,0.42975039443343177,0.42975039443343177,f1_score,0.42975039443343177,0.3452418048570479,0.5002822733394766,0.42888879377981537,0.03969874965611618,2000,percentile,0.05
"mlp_combined_HE=0_CC=0.1_UP=0.2_PR=(0.1,10)_RR=0.5","MLP Combined (HE=0, CC=0.1, UP=0.2, PR=(0.1,10), RR=0.5)",prior_years,2022,2018,False,1281406,297,0.7648868545039109,0.42975039443343177,0.42975039443343177,pr_auc,0.3990813580529579,0.31522944330644403,0.48112138084381245,0.39939581012472036,0.04287153480693047,2000,percentile,0.05
"mlp_combined_HE=0_CC=0.2_UP=0.1_PR=(0.2,10)_RR=0.5","MLP Combined (HE=0, CC=0.2, UP=0.1, PR=(0.2,10), RR=0.5)",prior_years,2022,2018,False,1281406,297,0.7889772596743457,0.439075286415712,0.439075286415712,f1_score,0.439075286415712,0.3551693177058623,0.508510509662694,0.4380336862202988,0.039101726486281366,2000,percentile,0.05
"mlp_combined_HE=0_CC=0.2_UP=0.1_PR=(0.2,10)_RR=0.5","MLP Combined (HE=0, CC=0.2, UP=0.1, PR=(0.2,10), RR=0.5)",prior_years,2022,2018,False,1281406,297,0.7889772596743457,0.439075286415712,0.439075286415712,pr_auc,0.43405304866225686,0.3612410934497064,0.503178543857833,0.43323939207100126,0.036716250968688316,2000,percentile,0.05
"mlp_combined_HE=0_CC=0.2_UP=0.2_PR=(0.1,10)_RR=0.5","MLP Combined (HE=0, CC=0.2, UP=0.2, PR=(0.1,10), RR=0.5)",prior_years,2022,2018,False,1281406,297,0.6835973644633763,0.44065210407966593,0.44065210407966593,f1_score,0.44065210407966593,0.3526465684878692,0.5136328005696286,0.43949888753893374,0.04092566691044319,2000,percentile,0.05
"mlp_combined_HE=0_CC=0.2_UP=0.2_PR=(0.1,10)_RR=0.5","MLP Combined (HE=0, CC=0.2, UP=0.2, PR=(0.1,10), RR=0.5)",prior_years,2022,2018,False,1281406,297,0.6835973644633763,0.44065210407966593,0.44065210407966593,pr_auc,0.4253221919474308,0.3437571878403685,0.5008241219473442,0.4248047472478919,0.03981336669328592,2000,percentile,0.05
mlp_prevyears_monthly_features_incremental_scaler,MLP Prevyears + Monthly (Incremental Scaler),prior_years,2022,2018,True,1281406,297,0.9969132815834396,0.18125486863536577,0.18125486863536577,f1_score,0.18125486863536577,0.11861403521962263,0.24519843645545614,0.17745783063321524,0.03315443894383073,2000,percentile,0.05
mlp_prevyears_monthly_features_incremental_scaler,MLP Prevyears + Monthly (Incremental Scaler),prior_years,2022,2018,True,1281406,297,0.9969132815834396,0.18125486863536577,0.18125486863536577,pr_auc,0.10820359439935656,0.07017628240296536,0.15703247331726206,0.1075729745336858,0.022462562386655966,2000,percentile,0.05
mlp_prevyears_monthly_features_incremental_scaler_experience_replay_RR_0.2,MLP Prevyears + Monthly (Incremental Scaler + Replay RR=0.2),prior_years,2022,2018,False,1281406,297,0.9300397632852888,0.4265722347416062,0.4265722347416062,f1_score,0.4265722347416062,0.34514591952251344,0.49770257786122196,0.4259951880837091,0.03883944830822931,2000,percentile,0.05
mlp_prevyears_monthly_features_incremental_scaler_experience_replay_RR_0.2,MLP Prevyears + Monthly (Incremental Scaler + Replay RR=0.2),prior_years,2022,2018,False,1281406,297,0.9300397632852888,0.4265722347416062,0.4265722347416062,pr_auc,0.4144388226395536,0.3345886975037567,0.49215708363119604,0.4144810344425203,0.04064802912126323,2000,percentile,0.05
mlp_prevyears_monthly_features_incremental_scaler_experience_replay_RR_0.2_PR_0.10,"MLP Prevyears + Monthly (Incremental Scaler + Replay RR=0.2, PR=0.10)",prior_years,2022,2018,False,1281406,297,0.9638135692565202,0.43934193395668125,0.43934193395668125,f1_score,0.43934193395668125,0.35513577659526985,0.510822043341449,0.4385123635880359,0.03950323905003277,2000,percentile,0.05
mlp_prevyears_monthly_features_incremental_scaler_experience_replay_RR_0.2_PR_0.10,"MLP Prevyears + Monthly (Incremental Scaler + Replay RR=0.2, PR=0.10)",prior_years,2022,2018,False,1281406,297,0.9638135692565202,0.43934193395668125,0.43934193395668125,pr_auc,0.4305586424820576,0.35062078109189504,0.5054170326553898,0.43060354173134785,0.039843951328936845,2000,percentile,0.05
mlp_prevyears_monthly_features_incremental_scaler_experience_replay_RR_0.2_PR_0.15,"MLP Prevyears + Monthly (Incremental Scaler + Replay RR=0.2, PR=0.15)",prior_years,2022,2018,False,1281406,297,0.9451954629923917,0.4382766367775414,0.4382766367775414,f1_score,0.4382766367775414,0.3548636706389201,0.5092177179874432,0.4375127971712375,0.039357566781767425,2000,percentile,0.05
mlp_prevyears_monthly_features_incremental_scaler_experience_replay_RR_0.2_PR_0.15,"MLP Prevyears + Monthly (Incremental Scaler + Replay RR=0.2, PR=0.15)",prior_years,2022,2018,False,1281406,297,0.9451954629923917,0.4382766367775414,0.4382766367775414,pr_auc,0.42776203289982934,0.34923378492513285,0.50385758448938,0.4279087306516936,0.040033014252449026,2000,percentile,0.05
mlp_prevyears_monthly_features_incremental_scaler_experience_replay_RR_0.3,MLP Prevyears + Monthly (Incremental Scaler + Replay RR=0.3),prior_years,2022,2018,False,1281406,297,0.9469759052801595,0.43587011159143463,0.43587011159143463,f1_score,0.43587011159143463,0.3506420100919569,0.5060208372412061,0.43513555571988083,0.03938829978965735,2000,percentile,0.05
mlp_prevyears_monthly_features_incremental_scaler_experience_replay_RR_0.3,MLP Prevyears + Monthly (Incremental Scaler + Replay RR=0.3),prior_years,2022,2018,False,1281406,297,0.9469759052801595,0.43587011159143463,0.43587011159143463,pr_auc,0.41904424973733745,0.3365114197886734,0.4996844426324233,0.41951548030457525,0.04173536312155544,2000,percentile,0.05
mlp_prevyears_monthly_features_incremental_scaler_experience_replay_RR_0.3_PR_0.10,"MLP Prevyears + Monthly (Incremental Scaler + Replay RR=0.3, PR=0.10)",prior_years,2022,2018,False,1281406,297,0.9389572286228006,0.4355591637913538,0.4355591637913538,f1_score,0.4355591637913538,0.3534308442593931,0.5056931584084142,0.43483891077799885,0.038586725854578466,2000,percentile,0.05
mlp_prevyears_monthly_features_incremental_scaler_experience_replay_RR_0.3_PR_0.10,"MLP Prevyears + Monthly (Incremental Scaler + Replay RR=0.3, PR=0.10)",prior_years,2022,2018,False,1281406,297,0.9389572286228006,0.4355591637913538,0.4355591637913538,pr_auc,0.43330861880054755,0.36066144413571927,0.5048356216111253,0.4329989844686993,0.03680381930381263,2000,percentile,0.05
mlp_prevyears_monthly_features_incremental_scaler_experience_replay_RR_0.3_PR_0.15,"MLP Prevyears + Monthly (Incremental Scaler + Replay RR=0.3, PR=0.15)",prior_years,2022,2018,False,1281406,297,0.9457985818631109,0.42894131185270423,0.42894131185270423,f1_score,0.42894131185270423,0.345355229385682,0.5002396867634467,0.4283324387012093,0.03916641800265956,2000,percentile,0.05
mlp_prevyears_monthly_features_incremental_scaler_experience_replay_RR_0.3_PR_0.15,"MLP Prevyears + Monthly (Incremental Scaler + Replay RR=0.3, PR=0.15)",prior_years,2022,2018,False,1281406,297,0.9457985818631109,0.42894131185270423,0.42894131185270423,pr_auc,0.4171431902043472,0.34021505922927303,0.4945956366090627,0.4173286430611565,0.03935030884890014,2000,percentile,0.05
mlp_prevyears_monthly_features_incremental_scaler_experience_replay_RR_0.4,MLP Prevyears + Monthly (Incremental Scaler + Replay RR=0.4),prior_years,2022,2018,False,1281406,297,0.9342817010505422,0.4373664635593891,0.4373664635593891,f1_score,0.4373664635593891,0.3541327942729966,0.506895162915845,0.43660089077303604,0.038671890627819436,2000,percentile,0.05
mlp_prevyears_monthly_features_incremental_scaler_experience_replay_RR_0.4,MLP Prevyears + Monthly (Incremental Scaler + Replay RR=0.4),prior_years,2022,2018,False,1281406,297,0.9342817010505422,0.4373664635593891,0.4373664635593891,pr_auc,0.43089921044236823,0.35602017557804433,0.5029469437401716,0.43063114718217005,0.03779340483462963,2000,percentile,0.05
mlp_prevyears_monthly_features_incremental_scaler_experience_replay_RR_0.4_PR_0.10,"MLP Prevyears + Monthly (Incremental Scaler + Replay RR=0.4, PR=0.10)",prior_years,2022,2018,False,1281406,297,0.9308081377340843,0.43680566123877645,0.43680566123877645,f1_score,0.43680566123877645,0.3576627941558207,0.5062130747104482,0.43603400316204055,0.03792680052705853,2000,percentile,0.05
mlp_prevyears_monthly_features_incremental_scaler_experience_replay_RR_0.4_PR_0.10,"MLP Prevyears + Monthly (Incremental Scaler + Replay RR=0.4, PR=0.10)",prior_years,2022,2018,False,1281406,297,0.9308081377340843,0.43680566123877645,0.43680566123877645,pr_auc,0.4271093175882064,0.35377606535435746,0.49706970014506646,0.4270450756035902,0.03698882590994907,2000,percentile,0.05
mlp_prevyears_monthly_features_incremental_scaler_experience_replay_RR_0.4_PR_0.15,"MLP Prevyears + Monthly (Incremental Scaler + Replay RR=0.4, PR=0.15)",prior_years,2022,2018,False,1281406,297,0.91702890893058,0.4473766274265222,0.4473766274265222,f1_score,0.4473766274265222,0.3639220004270677,0.5170283090798893,0.4466177045052043,0.03855118126038086,2000,percentile,0.05
mlp_prevyears_monthly_features_incremental_scaler_experience_replay_RR_0.4_PR_0.15,"MLP Prevyears + Monthly (Incremental Scaler + Replay RR=0.4, PR=0.15)",prior_years,2022,2018,False,1281406,297,0.91702890893058,0.4473766274265222,0.4473766274265222,pr_auc,0.44150813387689336,0.3640392047418822,0.5147788114123143,0.4411383602995519,0.03866610955316416,2000,percentile,0.05
mlp_prevyears_monthly_features_incremental_scaler_experience_replay_RR_0.5,MLP Prevyears + Monthly (Incremental Scaler + Replay RR=0.5),prior_years,2022,2018,False,1281406,297,0.9265920588664788,0.43928528017503343,0.43928528017503343,f1_score,0.43928528017503343,0.3540879078311737,0.5095757114145836,0.43848880557435543,0.03951484515149296,2000,percentile,0.05
mlp_prevyears_monthly_features_incremental_scaler_experience_replay_RR_0.5,MLP Prevyears + Monthly (Incremental Scaler + Replay RR=0.5),prior_years,2022,2018,False,1281406,297,0.9265920588664788,0.43928528017503343,0.43928528017503343,pr_auc,0.4293029186707301,0.3530609095509964,0.5030163398543559,0.42932317245351675,0.03847970207666666,2000,percentile,0.05
mlp_prevyears_monthly_features_incremental_scaler_experience_replay_RR_0.5_PR_0.10,"MLP Prevyears + Monthly (Incremental Scaler + Replay RR=0.5, PR=0.10)",prior_years,2022,2018,False,1281406,297,0.9434795429643941,0.44395821013207176,0.44395821013207176,f1_score,0.44395821013207176,0.3592108330581311,0.5135110726522556,0.44331751754348175,0.03913660749546216,2000,percentile,0.05
mlp_prevyears_monthly_features_incremental_scaler_experience_replay_RR_0.5_PR_0.10,"MLP Prevyears + Monthly (Incremental Scaler + Replay RR=0.5, PR=0.10)",prior_years,2022,2018,False,1281406,297,0.9434795429643941,0.44395821013207176,0.44395821013207176,pr_auc,0.4335418900396622,0.35513078975308143,0.5094446520268152,0.43360154727298184,0.03997401577579901,2000,percentile,0.05
mlp_prevyears_monthly_features_incremental_scaler_experience_replay_RR_0.5_PR_0.15,"MLP Prevyears + Monthly (Incremental Scaler + Replay RR=0.5, PR=0.15)",prior_years,2022,2018,False,1281406,297,0.9401526372121733,0.4321440480160053,0.4321440480160053,f1_score,0.4321440480160053,0.3483718422870682,0.5038346471542378,0.43137592018606896,0.03924229276975615,2000,percentile,0.05
mlp_prevyears_monthly_features_incremental_scaler_experience_replay_RR_0.5_PR_0.15,"MLP Prevyears + Monthly (Incremental Scaler + Replay RR=0.5, PR=0.15)",prior_years,2022,2018,False,1281406,297,0.9401526372121733,0.4321440480160053,0.4321440480160053,pr_auc,0.4236066147153154,0.3440125653947808,0.4991647703912433,0.42352958841056515,0.040011313468438274,2000,percentile,0.05
mlp_prevyears_monthly_features_incremental_scaler_experience_replay_confidently_correct_memory_RR_0.2,MLP Prevyears + Monthly (Incremental Scaler + Replay Confidently Correct RR=0.2),prior_years,2022,2018,False,1281406,297,0.9258639999985623,0.4305029745808545,0.4305029745808545,f1_score,0.4305029745808545,0.3488641419111355,0.5002930845881479,0.4297450003921127,0.03847867725525075,2000,percentile,0.05
mlp_prevyears_monthly_features_incremental_scaler_experience_replay_confidently_correct_memory_RR_0.2,MLP Prevyears + Monthly (Incremental Scaler + Replay Confidently Correct RR=0.2),prior_years,2022,2018,False,1281406,297,0.9258639999985623,0.4305029745808545,0.4305029745808545,pr_auc,0.4208766339789817,0.34387590767539994,0.4945240910681826,0.42099970752509014,0.03898915498869486,2000,percentile,0.05
mlp_prevyears_monthly_features_incremental_scaler_experience_replay_confidently_correct_memory_RR_0.3,MLP Prevyears + Monthly (Incremental Scaler + Replay Confidently Correct RR=0.3),prior_years,2022,2018,False,1281406,297,0.9231597240848355,0.43500816993464053,0.43500816993464053,f1_score,0.43500816993464053,0.3516682194422921,0.5051583497718233,0.4340662947381065,0.03921243398424441,2000,percentile,0.05
mlp_prevyears_monthly_features_incremental_scaler_experience_replay_confidently_correct_memory_RR_0.3,MLP Prevyears + Monthly (Incremental Scaler + Replay Confidently Correct RR=0.3),prior_years,2022,2018,False,1281406,297,0.9231597240848355,0.43500816993464053,0.43500816993464053,pr_auc,0.42983961506678336,0.3530724488941648,0.5034698359626918,0.4296167582310079,0.03869405467879831,2000,percentile,0.05
mlp_prevyears_monthly_features_incremental_scaler_experience_replay_confidently_correct_memory_RR_0.4,MLP Prevyears + Monthly (Incremental Scaler + Replay Confidently Correct RR=0.4),prior_years,2022,2018,False,1281406,297,0.9373606649106869,0.4233975619347228,0.4233975619347228,f1_score,0.4233975619347228,0.34450059918453263,0.4910861337630201,0.42240556271874274,0.037612089365384016,2000,percentile,0.05
mlp_prevyears_monthly_features_incremental_scaler_experience_replay_confidently_correct_memory_RR_0.4,MLP Prevyears + Monthly (Incremental Scaler + Replay Confidently Correct RR=0.4),prior_years,2022,2018,False,1281406,297,0.9373606649106869,0.4233975619347228,0.4233975619347228,pr_auc,0.4194967954537225,0.34424084909008423,0.490129644937386,0.41897950856282395,0.0374105898007649,2000,percentile,0.05
mlp_prevyears_monthly_features_incremental_scaler_experience_replay_confidently_correct_memory_RR_0.5,MLP Prevyears + Monthly (Incremental Scaler + Replay Confidently Correct RR=0.5),prior_years,2022,2018,False,1281406,297,0.9371078977399282,0.4410816984133458,0.4410816984133458,f1_score,0.4410816984133458,0.35608611127973044,0.5110612264077032,0.4403842924527571,0.03932625562897896,2000,percentile,0.05
mlp_prevyears_monthly_features_incremental_scaler_experience_replay_confidently_correct_memory_RR_0.5,MLP Prevyears + Monthly (Incremental Scaler + Replay Confidently Correct RR=0.5),prior_years,2022,2018,False,1281406,297,0.9371078977399282,0.4410816984133458,0.4410816984133458,pr_auc,0.4347544130883474,0.35784905998266026,0.5092735724117835,0.4347788230648491,0.039156562254687256,2000,percentile,0.05
mlp_prevyears_monthly_features_incremental_scaler_experience_replay_hard_example_mining_RR_0.2,MLP Prevyears + Monthly (Incremental Scaler + Replay Hard Example Mining RR=0.2),prior_years,2022,2018,False,1281406,297,0.6436624493226956,0.3787480941893952,0.3787480941893952,f1_score,0.3787480941893952,0.2940220655718231,0.451180250267946,0.3778055301936777,0.03955779446925319,2000,percentile,0.05
mlp_prevyears_monthly_features_incremental_scaler_experience_replay_hard_example_mining_RR_0.2,MLP Prevyears + Monthly (Incremental Scaler + Replay Hard Example Mining RR=0.2),prior_years,2022,2018,False,1281406,297,0.6436624493226956,0.3787480941893952,0.3787480941893952,pr_auc,0.3275637392139143,0.24222434356573497,0.4102751818102598,0.32797600459930165,0.042624164825936145,2000,percentile,0.05
mlp_prevyears_monthly_features_incremental_scaler_experience_replay_hard_example_mining_RR_0.3,MLP Prevyears + Monthly (Incremental Scaler + Replay Hard Example Mining RR=0.3),prior_years,2022,2018,False,1281406,297,0.6135526690105525,0.3800736497545008,0.3800736497545008,f1_score,0.3800736497545008,0.3035925367761176,0.447422199681875,0.3793789570807114,0.03630675590685161,2000,percentile,0.05
mlp_prevyears_monthly_features_incremental_scaler_experience_replay_hard_example_mining_RR_0.3,MLP Prevyears + Monthly (Incremental Scaler + Replay Hard Example Mining RR=0.3),prior_years,2022,2018,False,1281406,297,0.6135526690105525,0.3800736497545008,0.3800736497545008,pr_auc,0.3373369900182366,0.2650500895363955,0.41038955658134796,0.3370410530444813,0.0369819099986883,2000,percentile,0.05
mlp_prevyears_monthly_features_incremental_scaler_experience_replay_hard_example_mining_RR_0.4,MLP Prevyears + Monthly (Incremental Scaler + Replay Hard Example Mining RR=0.4),prior_years,2022,2018,False,1281406,297,0.8237235110648721,0.3568838003129,0.3568838003129,f1_score,0.3568838003129,0.29339330839570615,0.41411381487750176,0.35634010243689157,0.031098981850451266,2000,percentile,0.05
mlp_prevyears_monthly_features_incremental_scaler_experience_replay_hard_example_mining_RR_0.4,MLP Prevyears + Monthly (Incremental Scaler + Replay Hard Example Mining RR=0.4),prior_years,2022,2018,False,1281406,297,0.8237235110648721,0.3568838003129,0.3568838003129,pr_auc,0.3229432297432447,0.25009567529931903,0.3996110627863873,0.32369876822690674,0.03801936807900544,2000,percentile,0.05
mlp_prevyears_monthly_features_incremental_scaler_experience_replay_hard_example_mining_RR_0.5,MLP Prevyears + Monthly (Incremental Scaler + Replay Hard Example Mining RR=0.5),prior_years,2022,2018,False,1281406,297,0.8124457412172705,0.3705432852496957,0.3705432852496957,f1_score,0.3705432852496957,0.28388628727671783,0.44696115241305723,0.36890059327610136,0.04147800882056673,2000,percentile,0.05
mlp_prevyears_monthly_features_incremental_scaler_experience_replay_hard_example_mining_RR_0.5,MLP Prevyears + Monthly (Incremental Scaler + Replay Hard Example Mining RR=0.5),prior_years,2022,2018,False,1281406,297,0.8124457412172705,0.3705432852496957,0.3705432852496957,pr_auc,0.32537493300672576,0.244846974685293,0.40447672109492444,0.3245601344554716,0.041355507422275825,2000,percentile,0.05
mlp_prevyears_monthly_features_incremental_scaler_experience_replay_uncertainity_prioritization_RR_0.2,MLP Prevyears + Monthly (Incremental Scaler + Replay Uncertainty Prioritization RR=0.2),prior_years,2022,2018,False,1281406,297,0.9446996842290759,0.4457064793130367,0.4457064793130367,f1_score,0.4457064793130367,0.3632191153190265,0.5150142524200945,0.4445383131592604,0.03866853711672251,2000,percentile,0.05
mlp_prevyears_monthly_features_incremental_scaler_experience_replay_uncertainity_prioritization_RR_0.2,MLP Prevyears + Monthly (Incremental Scaler + Replay Uncertainty Prioritization RR=0.2),prior_years,2022,2018,False,1281406,297,0.9446996842290759,0.4457064793130367,0.4457064793130367,pr_auc,0.43800143095345145,0.3592494253040074,0.51059527622726,0.43734938928547323,0.038922674303629064,2000,percentile,0.05
mlp_prevyears_monthly_features_incremental_scaler_experience_replay_uncertainity_prioritization_RR_0.3,MLP Prevyears + Monthly (Incremental Scaler + Replay Uncertainty Prioritization RR=0.3),prior_years,2022,2018,False,1281406,297,0.9077068350950397,0.45142213998206826,0.45142213998206826,f1_score,0.45142213998206826,0.3670405885921659,0.520877495661501,0.4503871948970427,0.03904659532329712,2000,percentile,0.05
mlp_prevyears_monthly_features_incremental_scaler_experience_replay_uncertainity_prioritization_RR_0.3,MLP Prevyears + Monthly (Incremental Scaler + Replay Uncertainty Prioritization RR=0.3),prior_years,2022,2018,False,1281406,297,0.9077068350950397,0.45142213998206826,0.45142213998206826,pr_auc,0.4366748659868627,0.359516638933424,0.5097530515234638,0.43631998169166863,0.03845887308036063,2000,percentile,0.05
mlp_prevyears_monthly_features_incremental_scaler_experience_replay_uncertainity_prioritization_RR_0.4,MLP Prevyears + Monthly (Incremental Scaler + Replay Uncertainty Prioritization RR=0.4),prior_years,2022,2018,False,1281406,297,0.9339647902811464,0.4455884066980069,0.4455884066980069,f1_score,0.4455884066980069,0.3578850069874981,0.5179724281016754,0.4446309532356975,0.040345384860994774,2000,percentile,0.05
mlp_prevyears_monthly_features_incremental_scaler_experience_replay_uncertainity_prioritization_RR_0.4,MLP Prevyears + Monthly (Incremental Scaler + Replay Uncertainty Prioritization RR=0.4),prior_years,2022,2018,False,1281406,297,0.9339647902811464,0.4455884066980069,0.4455884066980069,pr_auc,0.4290314097016968,0.34710444216280184,0.5068579063655881,0.42926491803411965,0.040514192417842584,2000,percentile,0.05
mlp_prevyears_monthly_features_incremental_scaler_experience_replay_uncertainity_prioritization_RR_0.5,MLP Prevyears + Monthly (Incremental Scaler + Replay Uncertainty Prioritization RR=0.5),prior_years,2022,2018,False,1281406,297,0.9307621001556106,0.4519176782637316,0.4519176782637316,f1_score,0.4519176782637316,0.3683523185908422,0.5211580976161803,0.4508601911744451,0.03867155738606349,2000,percentile,0.05
mlp_prevyears_monthly_features_incremental_scaler_experience_replay_uncertainity_prioritization_RR_0.5,MLP Prevyears + Monthly (Incremental Scaler + Replay Uncertainty Prioritization RR=0.5),prior_years,2022,2018,False,1281406,297,0.9307621001556106,0.4519176782637316,0.4519176782637316,pr_auc,0.44388766701137156,0.36557188243441896,0.5165521806925598,0.4433394424702513,0.038359825183365344,2000,percentile,0.05
mlp_prevyears_monthly_features_incremental_scaler_missclassification_buffer_RR_0.3,MLP Prevyears + Monthly (Incremental Scaler + Misclassification Buffer RR=0.3),prior_years,2022,2018,False,1281406,297,0.7368593421561594,0.4251233662998369,0.4251233662998369,f1_score,0.4251233662998369,0.33841824705645257,0.49601584269078314,0.42430819318215096,0.04000590309485145,2000,percentile,0.05
mlp_prevyears_monthly_features_incremental_scaler_missclassification_buffer_RR_0.3,MLP Prevyears + Monthly (Incremental Scaler + Misclassification Buffer RR=0.3),prior_years,2022,2018,False,1281406,297,0.7368593421561594,0.4251233662998369,0.4251233662998369,pr_auc,0.39090511463178795,0.3030309911459765,0.4725822563336639,0.39131246994055086,0.04353335790540597,2000,percentile,0.05
"mlp_combined_HE=0.1_CC=0.1_UP=0.1_PR=(0.2,10)_RR=0.5","MLP Combined (HE=0.1, CC=0.1, UP=0.1, PR=(0.2,10), RR=0.5)",prior_years,2022,2019,False,1280996,297,0.7674513410098412,0.42129096165120183,0.42129096165120183,f1_score,0.42129096165120183,0.3497411317814434,0.48852665551039914,0.4191435515626335,0.03561017948592635,2000,percentile,0.05
"mlp_combined_HE=0.1_CC=0.1_UP=0.1_PR=(0.2,10)_RR=0.5","MLP Combined (HE=0.1, CC=0.1, UP=0.1, PR=(0.2,10), RR=0.5)",prior_years,2022,2019,False,1280996,297,0.7674513410098412,0.42129096165120183,0.42129096165120183,pr_auc,0.38952180130318553,0.305737047485567,0.46945038666323907,0.3870589560008901,0.041461926830488126,2000,percentile,0.05
"mlp_combined_HE=0_CC=0.15_UP=0_PR=(0,10)_MC=0.1_RWS=1_RR=0.4","MLP Combined (HE=0, CC=0.15, UP=0, PR=(0,10), MC=0.1, RWS=1, RR=0.4)",prior_years,2022,2019,False,1280996,297,0.8451629749469005,0.4656236181010339,0.4656236181010339,f1_score,0.4656236181010339,0.3948466242018273,0.5295758393342939,0.4634721902645515,0.0340442130927958,2000,percentile,0.05
"mlp_combined_HE=0_CC=0.15_UP=0_PR=(0,10)_MC=0.1_RWS=1_RR=0.4","MLP Combined (HE=0, CC=0.15, UP=0, PR=(0,10), MC=0.1, RWS=1, RR=0.4)",prior_years,2022,2019,False,1280996,297,0.8451629749469005,0.4656236181010339,0.4656236181010339,pr_auc,0.41911503239009534,0.33966811552588566,0.4948213470770005,0.4169729095092288,0.038681070713764594,2000,percentile,0.05
"mlp_combined_HE=0_CC=0.1_UP=0.1_PR=(0,10)_MC=0.1_RWS=1_RR=0.5","MLP Combined (HE=0, CC=0.1, UP=0.1, PR=(0,10), MC=0.1, RWS=1, RR=0.5)",prior_years,2022,2019,False,1280996,297,0.8256402622684156,0.4493665610935156,0.4493665610935156,f1_score,0.4493665610935156,0.38006191417828117,0.5159018476700046,0.447231868451643,0.034650769670102034,2000,percentile,0.05
"mlp_combined_HE=0_CC=0.1_UP=0.1_PR=(0,10)_MC=0.1_RWS=1_RR=0.5","MLP Combined (HE=0, CC=0.1, UP=0.1, PR=(0,10), MC=0.1, RWS=1, RR=0.5)",prior_years,2022,2019,False,1280996,297,0.8256402622684156,0.4493665610935156,0.4493665610935156,pr_auc,0.4084878604253976,0.3288738607138726,0.48819713189979,0.40642332814372595,0.0399632016124123,2000,percentile,0.05
"mlp_combined_HE=0_CC=0.1_UP=0.2_PR=(0.1,10)_RR=0.5","MLP Combined (HE=0, CC=0.1, UP=0.2, PR=(0.1,10), RR=0.5)",prior_years,2022,2019,False,1280996,297,0.8169974593794441,0.45487563985471846,0.45487563985471846,f1_score,0.45487563985471846,0.38401744286338496,0.5222834174979711,0.4527750320173711,0.03521452938629516,2000,percentile,0.05
"mlp_combined_HE=0_CC=0.1_UP=0.2_PR=(0.1,10)_RR=0.5","MLP Combined (HE=0, CC=0.1, UP=0.2, PR=(0.1,10), RR=0.5)",prior_years,2022,2019,False,1280996,297,0.8169974593794441,0.45487563985471846,0.45487563985471846,pr_auc,0.4172905745590244,0.33444124863278407,0.49818487193714095,0.4148137962456119,0.04141826127030809,2000,percentile,0.05
"mlp_combined_HE=0_CC=0.2_UP=0.1_PR=(0.2,10)_RR=0.5","MLP Combined (HE=0, CC=0.2, UP=0.1, PR=(0.2,10), RR=0.5)",prior_years,2022,2019,False,1280996,297,0.8312655291411372,0.4496898042738078,0.4496898042738078,f1_score,0.4496898042738078,0.377766723534431,0.5200386110214721,0.44778359352257907,0.036116780289932524,2000,percentile,0.05
"mlp_combined_HE=0_CC=0.2_UP=0.1_PR=(0.2,10)_RR=0.5","MLP Combined (HE=0, CC=0.2, UP=0.1, PR=(0.2,10), RR=0.5)",prior_years,2022,2019,False,1280996,297,0.8312655291411372,0.4496898042738078,0.4496898042738078,pr_auc,0.4183844098448966,0.33593816115035385,0.4991452590075617,0.4159369756897845,0.0414622950091194,2000,percentile,0.05
"mlp_combined_HE=0_CC=0.2_UP=0.2_PR=(0.1,10)_RR=0.5","MLP Combined (HE=0, CC=0.2, UP=0.2, PR=(0.1,10), RR=0.5)",prior_years,2022,2019,False,1280996,297,0.7978297533273934,0.4618657589618126,0.4618657589618126,f1_score,0.4618657589618126,0.3901456551455401,0.529362664495143,0.459702983054302,0.035020155354665496,2000,percentile,0.05
"mlp_combined_HE=0_CC=0.2_UP=0.2_PR=(0.1,10)_RR=0.5","MLP Combined (HE=0, CC=0.2, UP=0.2, PR=(0.1,10), RR=0.5)",prior_years,2022,2019,False,1280996,297,0.7978297533273934,0.4618657589618126,0.4618657589618126,pr_auc,0.423435093639073,0.34093604178020054,0.5027204066130775,0.4208143319509226,0.04103660378227032,2000,percentile,0.05
mlp_prevyears_monthly_features_incremental_scaler,MLP Prevyears + Monthly (Incremental Scaler),prior_years,2022,2019,True,1280996,297,0.9357304615551557,0.4481091348644448,0.4481091348644448,f1_score,0.4481091348644448,0.38045977866343367,0.5105119781388173,0.4460741209979955,0.03359484110365162,2000,percentile,0.05
mlp_prevyears_monthly_features_incremental_scaler,MLP Prevyears + Monthly (Incremental Scaler),prior_years,2022,2019,True,1280996,297,0.9357304615551557,0.4481091348644448,0.4481091348644448,pr_auc,0.3890611498726652,0.3112724349930412,0.4634952411969172,0.38743346247332855,0.038384852029325865,2000,percentile,0.05
mlp_prevyears_monthly_features_incremental_scaler_experience_replay_RR_0.2,MLP Prevyears + Monthly (Incremental Scaler + Replay RR=0.2),prior_years,2022,2019,False,1280996,297,0.9124235395604697,0.45248849853617734,0.45248849853617734,f1_score,0.45248849853617734,0.3848600861456255,0.5133781050525988,0.45043184792879754,0.033031807090281806,2000,percentile,0.05
mlp_prevyears_monthly_features_incremental_scaler_experience_replay_RR_0.2,MLP Prevyears + Monthly (Incremental Scaler + Replay RR=0.2),prior_years,2022,2019,False,1280996,297,0.9124235395604697,0.45248849853617734,0.45248849853617734,pr_auc,0.40680248695477245,0.3296776186514067,0.4779866345125818,0.4048657172705344,0.037709076835260355,2000,percentile,0.05
mlp_prevyears_monthly_features_incremental_scaler_experience_replay_RR_0.2_PR_0.10,"MLP Prevyears + Monthly (Incremental Scaler + Replay RR=0.2, PR=0.10)",prior_years,2022,2019,False,1280996,297,0.9040016923522948,0.4543415971097546,0.4543415971097546,f1_score,0.4543415971097546,0.3877226099035006,0.5143630815503145,0.45234210393960883,0.03266601449103091,2000,percentile,0.05
mlp_prevyears_monthly_features_incremental_scaler_experience_replay_RR_0.2_PR_0.10,"MLP Prevyears + Monthly (Incremental Scaler + Replay RR=0.2, PR=0.10)",prior_years,2022,2019,False,1280996,297,0.9040016923522948,0.4543415971097546,0.4543415971097546,pr_auc,0.4085126589014036,0.32877328464765554,0.48135943591919095,0.4064828755902649,0.03825125147474423,2000,percentile,0.05
mlp_prevyears_monthly_features_incremental_scaler_experience_replay_RR_0.2_PR_0.15,"MLP Prevyears + Monthly (Incremental Scaler + Replay RR=0.2, PR=0.15)",prior_years,2022,2019,False,1280996,297,0.8942229209098663,0.4612307820507479,0.4612307820507479,f1_score,0.4612307820507479,0.39186245254535773,0.5268162178871246,0.4591684119023868,0.03423249565738043,2000,percentile,0.05
mlp_prevyears_monthly_features_incremental_scaler_experience_replay_RR_0.2_PR_0.15,"MLP Prevyears + Monthly (Incremental Scaler + Replay RR=0.2, PR=0.15)",prior_years,2022,2019,False,1280996,297,0.8942229209098663,0.4612307820507479,0.4612307820507479,pr_auc,0.4180610817017362,0.3377960517159577,0.49525627956722174,0.41604570031777505,0.0396244324186696,2000,percentile,0.05
mlp_prevyears_monthly_features_incremental_scaler_experience_replay_RR_0.3,MLP Prevyears + Monthly (Incremental Scaler + Replay RR=0.3),prior_years,2022,2019,False,1280996,297,0.9225680203079335,0.45927295132470736,0.45927295132470736,f1_score,0.45927295132470736,0.38929714323584824,0.5233352279564691,0.4571847994088558,0.033922663617990685,2000,percentile,0.05
mlp_prevyears_monthly_features_incremental_scaler_experience_replay_RR_0.3,MLP Prevyears + Monthly (Incremental Scaler + Replay RR=0.3),prior_years,2022,2019,False,1280996,297,0.9225680203079335,0.45927295132470736,0.45927295132470736,pr_auc,0.41441580043004334,0.3318459277263849,0.4920143252745279,0.41233310537800993,0.04022018063716554,2000,percentile,0.05
mlp_prevyears_monthly_features_incremental_scaler_experience_replay_RR_0.3_PR_0.10,"MLP Prevyears + Monthly (Incremental Scaler + Replay RR=0.3, PR=0.10)",prior_years,2022,2019,False,1280996,297,0.8958126239780436,0.4649778951117816,0.4649778951117816,f1_score,0.4649778951117816,0.3971745834767006,0.5254882639080647,0.4628655774513126,0.032293754393246214,2000,percentile,0.05
mlp_prevyears_monthly_features_incremental_scaler_experience_replay_RR_0.3_PR_0.10,"MLP Prevyears + Monthly (Incremental Scaler + Replay RR=0.3, PR=0.10)",prior_years,2022,2019,False,1280996,297,0.8958126239780436,0.4649778951117816,0.4649778951117816,pr_auc,0.420646715472949,0.3429855469896308,0.49359275601194386,0.4183656330165896,0.03735106144953637,2000,percentile,0.05
mlp_prevyears_monthly_features_incremental_scaler_experience_replay_RR_0.3_PR_0.15,"MLP Prevyears + Monthly (Incremental Scaler + Replay RR=0.3, PR=0.15)",prior_years,2022,2019,False,1280996,297,0.8900196123693545,0.4600862889667605,0.4600862889667605,f1_score,0.4600862889667605,0.3922783434254968,0.5205167773831598,0.45797974728786556,0.032883597282894785,2000,percentile,0.05
mlp_prevyears_monthly_features_incremental_scaler_experience_replay_RR_0.3_PR_0.15,"MLP Prevyears + Monthly (Incremental Scaler + Replay RR=0.3, PR=0.15)",prior_years,2022,2019,False,1280996,297,0.8900196123693545,0.4600862889667605,0.4600862889667605,pr_auc,0.42023860188390194,0.3413539808417089,0.4934230373271492,0.4180439917276394,0.03788398693351653,2000,percentile,0.05
mlp_prevyears_monthly_features_incremental_scaler_experience_replay_RR_0.4,MLP Prevyears + Monthly (Incremental Scaler + Replay RR=0.4),prior_years,2022,2019,False,1280996,297,0.9223390240907818,0.46512688671421465,0.46512688671421465,f1_score,0.46512688671421465,0.3948425975746774,0.5300681663300889,0.4629222033792343,0.03416502249771755,2000,percentile,0.05
mlp_prevyears_monthly_features_incremental_scaler_experience_replay_RR_0.4,MLP Prevyears + Monthly (Incremental Scaler + Replay RR=0.4),prior_years,2022,2019,False,1280996,297,0.9223390240907818,0.46512688671421465,0.46512688671421465,pr_auc,0.4263189707298508,0.34205452538977626,0.506518584584658,0.42393864285740585,0.04141997542872437,2000,percentile,0.05
mlp_prevyears_monthly_features_incremental_scaler_experience_replay_RR_0.4_PR_0.10,"MLP Prevyears + Monthly (Incremental Scaler + Replay RR=0.4, PR=0.10)",prior_years,2022,2019,False,1280996,297,0.9039540407661915,0.4596291429405753,0.4596291429405753,f1_score,0.4596291429405753,0.3922829611609999,0.5191543156260422,0.45769046782960066,0.03266319863844659,2000,percentile,0.05
mlp_prevyears_monthly_features_incremental_scaler_experience_replay_RR_0.4_PR_0.10,"MLP Prevyears + Monthly (Incremental Scaler + Replay RR=0.4, PR=0.10)",prior_years,2022,2019,False,1280996,297,0.9039540407661915,0.4596291429405753,0.4596291429405753,pr_auc,0.41582003554200814,0.33904141639637364,0.48797160603753165,0.4139190938337505,0.037660618131684934,2000,percentile,0.05
mlp_prevyears_monthly_features_incremental_scaler_experience_replay_RR_0.4_PR_0.15,"MLP Prevyears + Monthly (Incremental Scaler + Replay RR=0.4, PR=0.15)",prior_years,2022,2019,False,1280996,297,0.8680881131476353,0.4561884972752578,0.4561884972752578,f1_score,0.4561884972752578,0.38700536912639893,0.5189961751871714,0.454353609592867,0.03385584033961491,2000,percentile,0.05
mlp_prevyears_monthly_features_incremental_scaler_experience_replay_RR_0.4_PR_0.15,"MLP Prevyears + Monthly (Incremental Scaler + Replay RR=0.4, PR=0.15)",prior_years,2022,2019,False,1280996,297,0.8680881131476353,0.4561884972752578,0.4561884972752578,pr_auc,0.41815071072857907,0.33952601909153146,0.4943434241200621,0.4164150125599137,0.03906273567306416,2000,percentile,0.05
mlp_prevyears_monthly_features_incremental_scaler_experience_replay_RR_0.5,MLP Prevyears + Monthly (Incremental Scaler + Replay RR=0.5),prior_years,2022,2019,False,1280996,297,0.9224240375258547,0.4560188048991711,0.4560188048991711,f1_score,0.4560188048991711,0.3899353306009405,0.5146641216510646,0.454044867247588,0.03185727169213999,2000,percentile,0.05
mlp_prevyears_monthly_features_incremental_scaler_experience_replay_RR_0.5,MLP Prevyears + Monthly (Incremental Scaler + Replay RR=0.5),prior_years,2022,2019,False,1280996,297,0.9224240375258547,0.4560188048991711,0.4560188048991711,pr_auc,0.41740574285072923,0.34166245703447257,0.4870441909096556,0.4153999475915927,0.03641284670376046,2000,percentile,0.05
mlp_prevyears_monthly_features_incremental_scaler_experience_replay_RR_0.5_PR_0.10,"MLP Prevyears + Monthly (Incremental Scaler + Replay RR=0.5, PR=0.10)",prior_years,2022,2019,False,1280996,297,0.9153412187468133,0.4760385372423081,0.4760385372423081,f1_score,0.4760385372423081,0.4094787564450796,0.5371570519206771,0.4739460228992721,0.032224787149722794,2000,percentile,0.05
mlp_prevyears_monthly_features_incremental_scaler_experience_replay_RR_0.5_PR_0.10,"MLP Prevyears + Monthly (Incremental Scaler + Replay RR=0.5, PR=0.10)",prior_years,2022,2019,False,1280996,297,0.9153412187468133,0.4760385372423081,0.4760385372423081,pr_auc,0.42487404709512466,0.3466749012921228,0.4967841298847017,0.4228021120584717,0.037827172492985776,2000,percentile,0.05
mlp_prevyears_monthly_features_incremental_scaler_experience_replay_RR_0.5_PR_0.15,"MLP Prevyears + Monthly (Incremental Scaler + Replay RR=0.5, PR=0.15)",prior_years,2022,2019,False,1280996,297,0.894353069973019,0.46808152265453934,0.46808152265453934,f1_score,0.46808152265453934,0.4018708909710246,0.528738478366805,0.4659375672021494,0.03225843843604491,2000,percentile,0.05
mlp_prevyears_monthly_features_incremental_scaler_experience_replay_RR_0.5_PR_0.15,"MLP Prevyears + Monthly (Incremental Scaler + Replay RR=0.5, PR=0.15)",prior_years,2022,2019,False,1280996,297,0.894353069973019,0.46808152265453934,0.46808152265453934,pr_auc,0.4216729144604902,0.34159667406539246,0.4966183431998407,0.4195340437683555,0.03872825653341418,2000,percentile,0.05
mlp_prevyears_monthly_features_incremental_scaler_experience_replay_confidently_correct_memory_RR_0.2,MLP Prevyears + Monthly (Incremental Scaler + Replay Confidently Correct RR=0.2),prior_years,2022,2019,False,1280996,297,0.8871810739409688,0.46327825070939743,0.46327825070939743,f1_score,0.46327825070939743,0.3913931693947949,0.5283924241034904,0.4611668532009391,0.03489181543300464,2000,percentile,0.05
mlp_prevyears_monthly_features_incremental_scaler_experience_replay_confidently_correct_memory_RR_0.2,MLP Prevyears + Monthly (Incremental Scaler + Replay Confidently Correct RR=0.2),prior_years,2022,2019,False,1280996,297,0.8871810739409688,0.46327825070939743,0.46327825070939743,pr_auc,0.4171870775473188,0.336414399633424,0.49424459500631174,0.41522908413368387,0.03978670521043857,2000,percentile,0.05
mlp_prevyears_monthly_features_incremental_scaler_experience_replay_confidently_correct_memory_RR_0.3,MLP Prevyears + Monthly (Incremental Scaler + Replay Confidently Correct RR=0.3),prior_years,2022,2019,False,1280996,297,0.9226389545990541,0.4623790601243953,0.4623790601243953,f1_score,0.4623790601243953,0.3934203427330892,0.5230585512624788,0.4601908638868302,0.032961178487657596,2000,percentile,0.05
mlp_prevyears_monthly_features_incremental_scaler_experience_replay_confidently_correct_memory_RR_0.3,MLP Prevyears + Monthly (Incremental Scaler + Replay Confidently Correct RR=0.3),prior_years,2022,2019,False,1280996,297,0.9226389545990541,0.4623790601243953,0.4623790601243953,pr_auc,0.4181879654815782,0.33879077351737413,0.4886749491362381,0.4161862854696447,0.03712068871252689,2000,percentile,0.05
mlp_prevyears_monthly_features_incremental_scaler_experience_replay_confidently_correct_memory_RR_0.4,MLP Prevyears + Monthly (Incremental Scaler + Replay Confidently Correct RR=0.4),prior_years,2022,2019,False,1280996,297,0.9067598578579443,0.462903459856133,0.462903459856133,f1_score,0.462903459856133,0.39400594474359507,0.5282196217576316,0.46082646000598737,0.03406075288343363,2000,percentile,0.05
mlp_prevyears_monthly_features_incremental_scaler_experience_replay_confidently_correct_memory_RR_0.4,MLP Prevyears + Monthly (Incremental Scaler + Replay Confidently Correct RR=0.4),prior_years,2022,2019,False,1280996,297,0.9067598578579443,0.462903459856133,0.462903459856133,pr_auc,0.4246673942149107,0.34277782536051665,0.5018283717881772,0.4224862549757339,0.039657813264087106,2000,percentile,0.05
mlp_prevyears_monthly_features_incremental_scaler_experience_replay_confidently_correct_memory_RR_0.5,MLP Prevyears + Monthly (Incremental Scaler + Replay Confidently Correct RR=0.5),prior_years,2022,2019,False,1280996,297,0.9067518303745112,0.45608292416803053,0.45608292416803053,f1_score,0.45608292416803053,0.3878313810841962,0.5182027259335099,0.454104086090254,0.03334294340759488,2000,percentile,0.05
mlp_prevyears_monthly_features_incremental_scaler_experience_replay_confidently_correct_memory_RR_0.5,MLP Prevyears + Monthly (Incremental Scaler + Replay Confidently Correct RR=0.5),prior_years,2022,2019,False,1280996,297,0.9067518303745112,0.45608292416803053,0.45608292416803053,pr_auc,0.4145403595810398,0.3363589669531142,0.4852919930632014,0.4125157344319358,0.03748049343952736,2000,percentile,0.05
mlp_prevyears_monthly_features_incremental_scaler_experience_replay_hard_example_mining_RR_0.2,MLP Prevyears + Monthly (Incremental Scaler + Replay Hard Example Mining RR=0.2),prior_years,2022,2019,False,1280996,297,0.8260644052463381,0.4080422532445858,0.4080422532445858,f1_score,0.4080422532445858,0.33862683879670813,0.47774536074263174,0.40627360000109625,0.03563778156705039,2000,percentile,0.05
mlp_prevyears_monthly_features_incremental_scaler_experience_replay_hard_example_mining_RR_0.2,MLP Prevyears + Monthly (Incremental Scaler + Replay Hard Example Mining RR=0.2),prior_years,2022,2019,False,1280996,297,0.8260644052463381,0.4080422532445858,0.4080422532445858,pr_auc,0.3650302827021792,0.2791884110550321,0.4534865589816933,0.3629974739465765,0.045118389190423616,2000,percentile,0.05
mlp_prevyears_monthly_features_incremental_scaler_experience_replay_hard_example_mining_RR_0.3,MLP Prevyears + Monthly (Incremental Scaler + Replay Hard Example Mining RR=0.3),prior_years,2022,2019,False,1280996,297,0.8494912294826666,0.3826538965291421,0.3826538965291421,f1_score,0.3826538965291421,0.312260056188234,0.45594328484009117,0.3805876538381188,0.03711032727127852,2000,percentile,0.05
mlp_prevyears_monthly_features_incremental_scaler_experience_replay_hard_example_mining_RR_0.3,MLP Prevyears + Monthly (Incremental Scaler + Replay Hard Example Mining RR=0.3),prior_years,2022,2019,False,1280996,297,0.8494912294826666,0.3826538965291421,0.3826538965291421,pr_auc,0.33925559754884593,0.2528803534421639,0.4315645378361078,0.3372460014426622,0.04546122128113631,2000,percentile,0.05
mlp_prevyears_monthly_features_incremental_scaler_experience_replay_hard_example_mining_RR_0.4,MLP Prevyears + Monthly (Incremental Scaler + Replay Hard Example Mining RR=0.4),prior_years,2022,2019,False,1280996,297,0.835515927730546,0.4120955594958913,0.4120955594958913,f1_score,0.4120955594958913,0.34247359332377775,0.4794319072730105,0.4101359186317782,0.034899424493870075,2000,percentile,0.05
mlp_prevyears_monthly_features_incremental_scaler_experience_replay_hard_example_mining_RR_0.4,MLP Prevyears + Monthly (Incremental Scaler + Replay Hard Example Mining RR=0.4),prior_years,2022,2019,False,1280996,297,0.835515927730546,0.4120955594958913,0.4120955594958913,pr_auc,0.37315097253247703,0.28813004964981836,0.45953444782454206,0.3709609058117036,0.04404017353330681,2000,percentile,0.05
mlp_prevyears_monthly_features_incremental_scaler_experience_replay_hard_example_mining_RR_0.5,MLP Prevyears + Monthly (Incremental Scaler + Replay Hard Example Mining RR=0.5),prior_years,2022,2019,False,1280996,297,0.8662469106917541,0.4385422375322947,0.4385422375322947,f1_score,0.4385422375322947,0.36979151228949914,0.50270753008394,0.4365779383789759,0.03426042138229022,2000,percentile,0.05
mlp_prevyears_monthly_features_incremental_scaler_experience_replay_hard_example_mining_RR_0.5,MLP Prevyears + Monthly (Incremental Scaler + Replay Hard Example Mining RR=0.5),prior_years,2022,2019,False,1280996,297,0.8662469106917541,0.4385422375322947,0.4385422375322947,pr_auc,0.3997726808686808,0.3144693381531208,0.48257657458216136,0.3974737862228461,0.04250245402519853,2000,percentile,0.05
mlp_prevyears_monthly_features_incremental_scaler_experience_replay_uncertainity_prioritization_RR_0.2,MLP Prevyears + Monthly (Incremental Scaler + Replay Uncertainty Prioritization RR=0.2),prior_years,2022,2019,False,1280996,297,0.9293397567398586,0.47295437705091564,0.47295437705091564,f1_score,0.47295437705091564,0.41022098243917365,0.5283058716933433,0.47084170200103553,0.02974860831615632,2000,percentile,0.05
mlp_prevyears_monthly_features_incremental_scaler_experience_replay_uncertainity_prioritization_RR_0.2,MLP Prevyears + Monthly (Incremental Scaler + Replay Uncertainty Prioritization RR=0.2),prior_years,2022,2019,False,1280996,297,0.9293397567398586,0.47295437705091564,0.47295437705091564,pr_auc,0.423142244902009,0.34841394069777193,0.49113246631134394,0.4211157118786598,0.035852382836895076,2000,percentile,0.05
mlp_prevyears_monthly_features_incremental_scaler_experience_replay_uncertainity_prioritization_RR_0.3,MLP Prevyears + Monthly (Incremental Scaler + Replay Uncertainty Prioritization RR=0.3),prior_years,2022,2019,False,1280996,297,0.9329541005217654,0.4623690331391503,0.4623690331391503,f1_score,0.4623690331391503,0.3951815341419558,0.5247957430303655,0.46016618209076376,0.03280699267850374,2000,percentile,0.05
mlp_prevyears_monthly_features_incremental_scaler_experience_replay_uncertainity_prioritization_RR_0.3,MLP Prevyears + Monthly (Incremental Scaler + Replay Uncertainty Prioritization RR=0.3),prior_years,2022,2019,False,1280996,297,0.9329541005217654,0.4623690331391503,0.4623690331391503,pr_auc,0.42173416159001864,0.3397854601901951,0.4964228489814343,0.4193642657702249,0.03898358192689681,2000,percentile,0.05
mlp_prevyears_monthly_features_incremental_scaler_experience_replay_uncertainity_prioritization_RR_0.4,MLP Prevyears + Monthly (Incremental Scaler + Replay Uncertainty Prioritization RR=0.4),prior_years,2022,2019,False,1280996,297,0.9463419559366255,0.4738837134596852,0.4738837134596852,f1_score,0.4738837134596852,0.40701467991286844,0.5342574125360776,0.4716334199687427,0.03210137154554928,2000,percentile,0.05
mlp_prevyears_monthly_features_incremental_scaler_experience_replay_uncertainity_prioritization_RR_0.4,MLP Prevyears + Monthly (Incremental Scaler + Replay Uncertainty Prioritization RR=0.4),prior_years,2022,2019,False,1280996,297,0.9463419559366255,0.4738837134596852,0.4738837134596852,pr_auc,0.42573912034674904,0.34540141217456666,0.49923672806504465,0.4236416519683294,0.038544918967808824,2000,percentile,0.05
mlp_prevyears_monthly_features_incremental_scaler_experience_replay_uncertainity_prioritization_RR_0.5,MLP Prevyears + Monthly (Incremental Scaler + Replay Uncertainty Prioritization RR=0.5),prior_years,2022,2019,False,1280996,297,0.9234198165689591,0.4700430044674544,0.4700430044674544,f1_score,0.4700430044674544,0.40259406925479085,0.5322981112352487,0.4679187071970607,0.03286603587405619,2000,percentile,0.05
mlp_prevyears_monthly_features_incremental_scaler_experience_replay_uncertainity_prioritization_RR_0.5,MLP Prevyears + Monthly (Incremental Scaler + Replay Uncertainty Prioritization RR=0.5),prior_years,2022,2019,False,1280996,297,0.9234198165689591,0.4700430044674544,0.4700430044674544,pr_auc,0.4291718846713657,0.34794156893038836,0.5035247389703504,0.4267484707895687,0.03920505308065473,2000,percentile,0.05
mlp_prevyears_monthly_features_incremental_scaler_missclassification_buffer_RR_0.3,MLP Prevyears + Monthly (Incremental Scaler + Misclassification Buffer RR=0.3),prior_years,2022,2019,False,1280996,297,0.8929784500282406,0.43794929189445136,0.43794929189445136,f1_score,0.43794929189445136,0.36894477231418615,0.5037536819304909,0.43606551503795976,0.03433075724196104,2000,percentile,0.05
mlp_prevyears_monthly_features_incremental_scaler_missclassification_buffer_RR_0.3,MLP Prevyears + Monthly (Incremental Scaler + Misclassification Buffer RR=0.3),prior_years,2022,2019,False,1280996,297,0.8929784500282406,0.43794929189445136,0.43794929189445136,pr_auc,0.3893542639663291,0.3121588199700454,0.46457920937863706,0.38742768321425475,0.03837689146568494,2000,percentile,0.05
"mlp_combined_HE=0.1_CC=0.1_UP=0.1_PR=(0.2,10)_RR=0.5","MLP Combined (HE=0.1, CC=0.1, UP=0.1, PR=(0.2,10), RR=0.5)",prior_years,2022,2020,False,1281509,297,0.8071959118498755,0.45266133712766554,0.45266133712766554,f1_score,0.45266133712766554,0.3618608532187589,0.5189112053391292,0.4467481623266813,0.04101123875617312,2000,percentile,0.05
"mlp_combined_HE=0.1_CC=0.1_UP=0.1_PR=(0.2,10)_RR=0.5","MLP Combined (HE=0.1, CC=0.1, UP=0.1, PR=(0.2,10), RR=0.5)",prior_years,2022,2020,False,1281509,297,0.8071959118498755,0.45266133712766554,0.45266133712766554,pr_auc,0.41532520397959827,0.30725515718980206,0.5081597030395255,0.40870168191956635,0.052612825431596295,2000,percentile,0.05
"mlp_combined_HE=0_CC=0.15_UP=0_PR=(0,10)_MC=0.1_RWS=1_RR=0.4","MLP Combined (HE=0, CC=0.15, UP=0, PR=(0,10), MC=0.1, RWS=1, RR=0.4)",prior_years,2022,2020,False,1281509,297,0.8782427923576339,0.49298706991014685,0.49298706991014685,f1_score,0.49298706991014685,0.39284620726261055,0.5649315135500392,0.48609860671068256,0.044175654772010596,2000,percentile,0.05
"mlp_combined_HE=0_CC=0.15_UP=0_PR=(0,10)_MC=0.1_RWS=1_RR=0.4","MLP Combined (HE=0, CC=0.15, UP=0, PR=(0,10), MC=0.1, RWS=1, RR=0.4)",prior_years,2022,2020,False,1281509,297,0.8782427923576339,0.49298706991014685,0.49298706991014685,pr_auc,0.4580562940435563,0.34822448546192364,0.5567235385729145,0.45082615518100294,0.055157335711053766,2000,percentile,0.05
"mlp_combined_HE=0_CC=0.1_UP=0.1_PR=(0,10)_MC=0.1_RWS=1_RR=0.5","MLP Combined (HE=0, CC=0.1, UP=0.1, PR=(0,10), MC=0.1, RWS=1, RR=0.5)",prior_years,2022,2020,False,1281509,297,0.8655601885892044,0.48268956752801634,0.48268956752801634,f1_score,0.48268956752801634,0.3843709622778986,0.5529673563952012,0.47582281865036385,0.04414653114078688,2000,percentile,0.05
"mlp_combined_HE=0_CC=0.1_UP=0.1_PR=(0,10)_MC=0.1_RWS=1_RR=0.5","MLP Combined (HE=0, CC=0.1, UP=0.1, PR=(0,10), MC=0.1, RWS=1, RR=0.5)",prior_years,2022,2020,False,1281509,297,0.8655601885892044,0.48268956752801634,0.48268956752801634,pr_auc,0.452596332761847,0.33980092497499903,0.5520117321081459,0.4451531811692733,0.05510940135585577,2000,percentile,0.05
"mlp_combined_HE=0_CC=0.1_UP=0.2_PR=(0.1,10)_RR=0.5","MLP Combined (HE=0, CC=0.1, UP=0.2, PR=(0.1,10), RR=0.5)",prior_years,2022,2020,False,1281509,297,0.8421106632626132,0.4764024107556792,0.4764024107556792,f1_score,0.4764024107556792,0.37874140005929413,0.5465986057751182,0.46974645901427603,0.043739565777800464,2000,percentile,0.05
"mlp_combined_HE=0_CC=0.1_UP=0.2_PR=(0.1,10)_RR=0.5","MLP Combined (HE=0, CC=0.1, UP=0.2, PR=(0.1,10), RR=0.5)",prior_years,2022,2020,False,1281509,297,0.8421106632626132,0.4764024107556792,0.4764024107556792,pr_auc,0.4422381044572642,0.3315751914189994,0.5416217792153726,0.4357749037628789,0.054795756220468284,2000,percentile,0.05
"mlp_combined_HE=0_CC=0.2_UP=0.1_PR=(0.2,10)_RR=0.5","MLP Combined (HE=0, CC=0.2, UP=0.1, PR=(0.2,10), RR=0.5)",prior_years,2022,2020,False,1281509,297,0.8620295772719604,0.4686850187908964,0.4686850187908964,f1_score,0.4686850187908964,0.3775492901233436,0.5314557852352169,0.46283826185549687,0.04011571771698696,2000,percentile,0.05
"mlp_combined_HE=0_CC=0.2_UP=0.1_PR=(0.2,10)_RR=0.5","MLP Combined (HE=0, CC=0.2, UP=0.1, PR=(0.2,10), RR=0.5)",prior_years,2022,2020,False,1281509,297,0.8620295772719604,0.4686850187908964,0.4686850187908964,pr_auc,0.43900478186118025,0.3342235989163032,0.5244898210880239,0.432305933964797,0.04913752594694091,2000,percentile,0.05
"mlp_combined_HE=0_CC=0.2_UP=0.2_PR=(0.1,10)_RR=0.5","MLP Combined (HE=0, CC=0.2, UP=0.2, PR=(0.1,10), RR=0.5)",prior_years,2022,2020,False,1281509,297,0.836378494458234,0.4726844016809599,0.4726844016809599,f1_score,0.4726844016809599,0.3761597559409801,0.5428466205626246,0.4661507738349712,0.043410811773105226,2000,percentile,0.05
"mlp_combined_HE=0_CC=0.2_UP=0.2_PR=(0.1,10)_RR=0.5","MLP Combined (HE=0, CC=0.2, UP=0.2, PR=(0.1,10), RR=0.5)",prior_years,2022,2020,False,1281509,297,0.836378494458234,0.4726844016809599,0.4726844016809599,pr_auc,0.44221509534654435,0.3303588558313431,0.5383648673587527,0.43517601448949095,0.05403600620504713,2000,percentile,0.05
mlp_prevyears_monthly_features_incremental_scaler,MLP Prevyears + Monthly (Incremental Scaler),prior_years,2022,2020,True,1281509,297,0.9494731349589427,0.49188160203053266,0.49188160203053266,f1_score,0.49188160203053266,0.39093039783586103,0.5663626123037167,0.4848668405126339,0.04474175100119719,2000,percentile,0.05
mlp_prevyears_monthly_features_incremental_scaler,MLP Prevyears + Monthly (Incremental Scaler),prior_years,2022,2020,True,1281509,297,0.9494731349589427,0.49188160203053266,0.49188160203053266,pr_auc,0.4590921111523921,0.3473929493888845,0.5557435211783255,0.45153692619157515,0.0542740717593882,2000,percentile,0.05
mlp_prevyears_monthly_features_incremental_scaler_experience_replay_RR_0.2,MLP Prevyears + Monthly (Incremental Scaler + Replay RR=0.2),prior_years,2022,2020,False,1281509,297,0.934992964395627,0.49475883301568685,0.49475883301568685,f1_score,0.49475883301568685,0.3930934125430139,0.5706191078760686,0.48769412173726495,0.045291019437193596,2000,percentile,0.05
mlp_prevyears_monthly_features_incremental_scaler_experience_replay_RR_0.2,MLP Prevyears + Monthly (Incremental Scaler + Replay RR=0.2),prior_years,2022,2020,False,1281509,297,0.934992964395627,0.49475883301568685,0.49475883301568685,pr_auc,0.4695036090714436,0.35375894008407505,0.5666102972196246,0.4610581204540941,0.055633256469896426,2000,percentile,0.05
mlp_prevyears_monthly_features_incremental_scaler_experience_replay_RR_0.2_PR_0.10,"MLP Prevyears + Monthly (Incremental Scaler + Replay RR=0.2, PR=0.10)",prior_years,2022,2020,False,1281509,297,0.925866059967001,0.4912847115157891,0.4912847115157891,f1_score,0.4912847115157891,0.39369087404245484,0.5663550229111107,0.48440112168830796,0.04501413537051292,2000,percentile,0.05
mlp_prevyears_monthly_features_incremental_scaler_experience_replay_RR_0.2_PR_0.10,"MLP Prevyears + Monthly (Incremental Scaler + Replay RR=0.2, PR=0.10)",prior_years,2022,2020,False,1281509,297,0.925866059967001,0.4912847115157891,0.4912847115157891,pr_auc,0.461053260669893,0.34920473264629864,0.5613500687285362,0.45356181273228535,0.05559816240575662,2000,percentile,0.05
mlp_prevyears_monthly_features_incremental_scaler_experience_replay_RR_0.2_PR_0.15,"MLP Prevyears + Monthly (Incremental Scaler + Replay RR=0.2, PR=0.15)",prior_years,2022,2020,False,1281509,297,0.9175419460987913,0.5025350269857711,0.5025350269857711,f1_score,0.5025350269857711,0.39781296946459016,0.5811055633298294,0.4953008967360443,0.04653324400360798,2000,percentile,0.05
mlp_prevyears_monthly_features_incremental_scaler_experience_replay_RR_0.2_PR_0.15,"MLP Prevyears + Monthly (Incremental Scaler + Replay RR=0.2, PR=0.15)",prior_years,2022,2020,False,1281509,297,0.9175419460987913,0.5025350269857711,0.5025350269857711,pr_auc,0.4705165039791015,0.3547360702518396,0.5697923306932395,0.4620041187724669,0.056780125801271196,2000,percentile,0.05
mlp_prevyears_monthly_features_incremental_scaler_experience_replay_RR_0.3,MLP Prevyears + Monthly (Incremental Scaler + Replay RR=0.3),prior_years,2022,2020,False,1281509,297,0.943946894188972,0.48584914391485423,0.48584914391485423,f1_score,0.48584914391485423,0.38905240321650114,0.5568139066988852,0.47898792174993154,0.044158722055178866,2000,percentile,0.05
mlp_prevyears_monthly_features_incremental_scaler_experience_replay_RR_0.3,MLP Prevyears + Monthly (Incremental Scaler + Replay RR=0.3),prior_years,2022,2020,False,1281509,297,0.943946894188972,0.48584914391485423,0.48584914391485423,pr_auc,0.46016410554898207,0.3496742299044041,0.5543891997284477,0.45290459314773496,0.05312106376437743,2000,percentile,0.05
mlp_prevyears_monthly_features_incremental_scaler_experience_replay_RR_0.3_PR_0.10,"MLP Prevyears + Monthly (Incremental Scaler + Replay RR=0.3, PR=0.10)",prior_years,2022,2020,False,1281509,297,0.9111125951575337,0.490921875845158,0.490921875845158,f1_score,0.490921875845158,0.40266249278322286,0.5567680705579497,0.48516946354451873,0.03959951764475345,2000,percentile,0.05
mlp_prevyears_monthly_features_incremental_scaler_experience_replay_RR_0.3_PR_0.10,"MLP Prevyears + Monthly (Incremental Scaler + Replay RR=0.3, PR=0.10)",prior_years,2022,2020,False,1281509,297,0.9111125951575337,0.490921875845158,0.490921875845158,pr_auc,0.45949409035831207,0.3560951084561908,0.5476350333034309,0.4531372089202344,0.04964527035883034,2000,percentile,0.05
mlp_prevyears_monthly_features_incremental_scaler_experience_replay_RR_0.3_PR_0.15,"MLP Prevyears + Monthly (Incremental Scaler + Replay RR=0.3, PR=0.15)",prior_years,2022,2020,False,1281509,297,0.9130493564774711,0.49982210204226857,0.49982210204226857,f1_score,0.49982210204226857,0.40243202902828296,0.5751015389503394,0.49307518106423437,0.04420915427720861,2000,percentile,0.05
mlp_prevyears_monthly_features_incremental_scaler_experience_replay_RR_0.3_PR_0.15,"MLP Prevyears + Monthly (Incremental Scaler + Replay RR=0.3, PR=0.15)",prior_years,2022,2020,False,1281509,297,0.9130493564774711,0.49982210204226857,0.49982210204226857,pr_auc,0.46805749221733495,0.3575863208052257,0.5671377237407677,0.4604700284480304,0.054751035341215816,2000,percentile,0.05
mlp_prevyears_monthly_features_incremental_scaler_experience_replay_RR_0.4,MLP Prevyears + Monthly (Incremental Scaler + Replay RR=0.4),prior_years,2022,2020,False,1281509,297,0.941634260649565,0.4889316301349978,0.4889316301349978,f1_score,0.4889316301349978,0.3933444145002832,0.5573659996365263,0.4824616584349212,0.042877514367898294,2000,percentile,0.05
mlp_prevyears_monthly_features_incremental_scaler_experience_replay_RR_0.4,MLP Prevyears + Monthly (Incremental Scaler + Replay RR=0.4),prior_years,2022,2020,False,1281509,297,0.941634260649565,0.4889316301349978,0.4889316301349978,pr_auc,0.4618206836688064,0.35019546106889493,0.5548715759359976,0.45401600673952963,0.05347922594927633,2000,percentile,0.05
mlp_prevyears_monthly_features_incremental_scaler_experience_replay_RR_0.4_PR_0.10,"MLP Prevyears + Monthly (Incremental Scaler + Replay RR=0.4, PR=0.10)",prior_years,2022,2020,False,1281509,297,0.9220263263110666,0.4979429757092262,0.4979429757092262,f1_score,0.4979429757092262,0.39986526122277627,0.5691011404042291,0.49130386422918115,0.043826372618362246,2000,percentile,0.05
mlp_prevyears_monthly_features_incremental_scaler_experience_replay_RR_0.4_PR_0.10,"MLP Prevyears + Monthly (Incremental Scaler + Replay RR=0.4, PR=0.10)",prior_years,2022,2020,False,1281509,297,0.9220263263110666,0.4979429757092262,0.4979429757092262,pr_auc,0.46415441921378364,0.3515259128717217,0.56270207657529,0.4566196386476354,0.055394900733148476,2000,percentile,0.05
mlp_prevyears_monthly_features_incremental_scaler_experience_replay_RR_0.4_PR_0.15,"MLP Prevyears + Monthly (Incremental Scaler + Replay RR=0.4, PR=0.15)",prior_years,2022,2020,False,1281509,297,0.9087406394267151,0.49291261608646064,0.49291261608646064,f1_score,0.49291261608646064,0.3931498612946359,0.5687611339251416,0.4859673300942094,0.04508595197168725,2000,percentile,0.05
mlp_prevyears_monthly_features_incremental_scaler_experience_replay_RR_0.4_PR_0.15,"MLP Prevyears + Monthly (Incremental Scaler + Replay RR=0.4, PR=0.15)",prior_years,2022,2020,False,1281509,297,0.9087406394267151,0.49291261608646064,0.49291261608646064,pr_auc,0.46577788193335096,0.35050595260718054,0.5668240502184761,0.4576085339770115,0.05661401842355797,2000,percentile,0.05
mlp_prevyears_monthly_features_incremental_scaler_experience_replay_RR_0.5,MLP Prevyears + Monthly (Incremental Scaler + Replay RR=0.5),prior_years,2022,2020,False,1281509,297,0.9410019477129491,0.4970403424096166,0.4970403424096166,f1_score,0.4970403424096166,0.3978684282574531,0.5702244086275092,0.49022082752398216,0.044093684817018475,2000,percentile,0.05
mlp_prevyears_monthly_features_incremental_scaler_experience_replay_RR_0.5,MLP Prevyears + Monthly (Incremental Scaler + Replay RR=0.5),prior_years,2022,2020,False,1281509,297,0.9410019477129491,0.4970403424096166,0.4970403424096166,pr_auc,0.468588857194482,0.3522289712482416,0.5665665255119775,0.45991997229275805,0.055991103040181366,2000,percentile,0.05
mlp_prevyears_monthly_features_incremental_scaler_experience_replay_RR_0.5_PR_0.10,"MLP Prevyears + Monthly (Incremental Scaler + Replay RR=0.5, PR=0.10)",prior_years,2022,2020,False,1281509,297,0.9365821079758923,0.49620561679499253,0.49620561679499253,f1_score,0.49620561679499253,0.39965310657651865,0.5679189081563127,0.4894530044738207,0.04347164572177142,2000,percentile,0.05
mlp_prevyears_monthly_features_incremental_scaler_experience_replay_RR_0.5_PR_0.10,"MLP Prevyears + Monthly (Incremental Scaler + Replay RR=0.5, PR=0.10)",prior_years,2022,2020,False,1281509,297,0.9365821079758923,0.49620561679499253,0.49620561679499253,pr_auc,0.47051515207838307,0.35781786721495984,0.5687082830514134,0.4627087927493176,0.05474253009555577,2000,percentile,0.05
mlp_prevyears_monthly_features_incremental_scaler_experience_replay_RR_0.5_PR_0.15,"MLP Prevyears + Monthly (Incremental Scaler + Replay RR=0.5, PR=0.15)",prior_years,2022,2020,False,1281509,297,0.9194337675685326,0.4936936269516419,0.4936936269516419,f1_score,0.4936936269516419,0.3956130776553112,0.565599316186071,0.48683020130379656,0.04405568140865584,2000,percentile,0.05
mlp_prevyears_monthly_features_incremental_scaler_experience_replay_RR_0.5_PR_0.15,"MLP Prevyears + Monthly (Incremental Scaler + Replay RR=0.5, PR=0.15)",prior_years,2022,2020,False,1281509,297,0.9194337675685326,0.4936936269516419,0.4936936269516419,pr_auc,0.4677470774109785,0.35590402776288577,0.5659925401546383,0.460226542807959,0.05477588030560241,2000,percentile,0.05
mlp_prevyears_monthly_features_incremental_scaler_experience_replay_confidently_correct_memory_RR_0.2,MLP Prevyears + Monthly (Incremental Scaler + Replay Confidently Correct RR=0.2),prior_years,2022,2020,False,1281509,297,0.9098412397394247,0.5003889501962842,0.5003889501962842,f1_score,0.5003889501962842,0.4017892175980794,0.5779336653256104,0.4935312576610048,0.04535108197861733,2000,percentile,0.05
mlp_prevyears_monthly_features_incremental_scaler_experience_replay_confidently_correct_memory_RR_0.2,MLP Prevyears + Monthly (Incremental Scaler + Replay Confidently Correct RR=0.2),prior_years,2022,2020,False,1281509,297,0.9098412397394247,0.5003889501962842,0.5003889501962842,pr_auc,0.47206227795973527,0.35510158275481557,0.5747356953617494,0.46361680278937556,0.057655901615561944,2000,percentile,0.05
mlp_prevyears_monthly_features_incremental_scaler_experience_replay_confidently_correct_memory_RR_0.3,MLP Prevyears + Monthly (Incremental Scaler + Replay Confidently Correct RR=0.3),prior_years,2022,2020,False,1281509,297,0.9336338046375549,0.5006920223661628,0.5006920223661628,f1_score,0.5006920223661628,0.4022127207411041,0.5743365980889801,0.4938161302496394,0.04405473057273131,2000,percentile,0.05
mlp_prevyears_monthly_features_incremental_scaler_experience_replay_confidently_correct_memory_RR_0.3,MLP Prevyears + Monthly (Incremental Scaler + Replay Confidently Correct RR=0.3),prior_years,2022,2020,False,1281509,297,0.9336338046375549,0.5006920223661628,0.5006920223661628,pr_auc,0.4738563120563264,0.36320147303189715,0.570650305668294,0.4662992311206191,0.05391742619254466,2000,percentile,0.05
mlp_prevyears_monthly_features_incremental_scaler_experience_replay_confidently_correct_memory_RR_0.4,MLP Prevyears + Monthly (Incremental Scaler + Replay Confidently Correct RR=0.4),prior_years,2022,2020,False,1281509,297,0.927368743693591,0.4911356013416387,0.4911356013416387,f1_score,0.4911356013416387,0.400935550341174,0.5590950842995029,0.4849389184320391,0.041138043443251865,2000,percentile,0.05
mlp_prevyears_monthly_features_incremental_scaler_experience_replay_confidently_correct_memory_RR_0.4,MLP Prevyears + Monthly (Incremental Scaler + Replay Confidently Correct RR=0.4),prior_years,2022,2020,False,1281509,297,0.927368743693591,0.4911356013416387,0.4911356013416387,pr_auc,0.4634415967942574,0.35328401533023646,0.557243760699058,0.4552745240684376,0.05353055029802901,2000,percentile,0.05
mlp_prevyears_monthly_features_incremental_scaler_experience_replay_confidently_correct_memory_RR_0.5,MLP Prevyears + Monthly (Incremental Scaler + Replay Confidently Correct RR=0.5),prior_years,2022,2020,False,1281509,297,0.9242491006680686,0.4994183933115231,0.4994183933115231,f1_score,0.4994183933115231,0.405638970889397,0.5707108376368931,0.4927453497678597,0.042611897456211675,2000,percentile,0.05
mlp_prevyears_monthly_features_incremental_scaler_experience_replay_confidently_correct_memory_RR_0.5,MLP Prevyears + Monthly (Incremental Scaler + Replay Confidently Correct RR=0.5),prior_years,2022,2020,False,1281509,297,0.9242491006680686,0.4994183933115231,0.4994183933115231,pr_auc,0.4648914530748287,0.3532208244212099,0.5608282832288177,0.45702176590059873,0.05451673333597164,2000,percentile,0.05
mlp_prevyears_monthly_features_incremental_scaler_experience_replay_hard_example_mining_RR_0.2,MLP Prevyears + Monthly (Incremental Scaler + Replay Hard Example Mining RR=0.2),prior_years,2022,2020,False,1281509,297,0.8605140130375196,0.4389136904761905,0.4389136904761905,f1_score,0.4389136904761905,0.34335496059590653,0.5088680821851587,0.43226824506560807,0.04330964516661338,2000,percentile,0.05
mlp_prevyears_monthly_features_incremental_scaler_experience_replay_hard_example_mining_RR_0.2,MLP Prevyears + Monthly (Incremental Scaler + Replay Hard Example Mining RR=0.2),prior_years,2022,2020,False,1281509,297,0.8605140130375196,0.4389136904761905,0.4389136904761905,pr_auc,0.4117058135359036,0.3043826738363915,0.5056108456553313,0.40450425020789954,0.052504515662035976,2000,percentile,0.05
mlp_prevyears_monthly_features_incremental_scaler_experience_replay_hard_example_mining_RR_0.3,MLP Prevyears + Monthly (Incremental Scaler + Replay Hard Example Mining RR=0.3),prior_years,2022,2020,False,1281509,297,0.8867208345196492,0.3810984720202403,0.3810984720202403,f1_score,0.3810984720202403,0.30590253677159646,0.43325602054815593,0.37653365308036807,0.032982569078922615,2000,percentile,0.05
mlp_prevyears_monthly_features_incremental_scaler_experience_replay_hard_example_mining_RR_0.3,MLP Prevyears + Monthly (Incremental Scaler + Replay Hard Example Mining RR=0.3),prior_years,2022,2020,False,1281509,297,0.8867208345196492,0.3810984720202403,0.3810984720202403,pr_auc,0.35359136472822406,0.2654173934595616,0.4289536652190321,0.3494934156984512,0.042693404896411845,2000,percentile,0.05
mlp_prevyears_monthly_features_incremental_scaler_experience_replay_hard_example_mining_RR_0.4,MLP Prevyears + Monthly (Incremental Scaler + Replay Hard Example Mining RR=0.4),prior_years,2022,2020,False,1281509,297,0.8714377935070854,0.4545670398714179,0.4545670398714179,f1_score,0.4545670398714179,0.35440744318881234,0.5285707315656957,0.44708107199646835,0.04534209752495329,2000,percentile,0.05
mlp_prevyears_monthly_features_incremental_scaler_experience_replay_hard_example_mining_RR_0.4,MLP Prevyears + Monthly (Incremental Scaler + Replay Hard Example Mining RR=0.4),prior_years,2022,2020,False,1281509,297,0.8714377935070854,0.4545670398714179,0.4545670398714179,pr_auc,0.4157967838323503,0.31067452384130334,0.5156284497101539,0.4099588138646844,0.05281184729063164,2000,percentile,0.05
mlp_prevyears_monthly_features_incremental_scaler_experience_replay_hard_example_mining_RR_0.5,MLP Prevyears + Monthly (Incremental Scaler + Replay Hard Example Mining RR=0.5),prior_years,2022,2020,False,1281509,297,0.8980655464051477,0.4692273135669362,0.4692273135669362,f1_score,0.4692273135669362,0.3738907907226562,0.54036550985336,0.4627092432458879,0.04276785541190333,2000,percentile,0.05
mlp_prevyears_monthly_features_incremental_scaler_experience_replay_hard_example_mining_RR_0.5,MLP Prevyears + Monthly (Incremental Scaler + Replay Hard Example Mining RR=0.5),prior_years,2022,2020,False,1281509,297,0.8980655464051477,0.4692273135669362,0.4692273135669362,pr_auc,0.43842058959505453,0.3296206484817314,0.5345913098232983,0.4307025912017794,0.05397376989520183,2000,percentile,0.05
mlp_prevyears_monthly_features_incremental_scaler_experience_replay_uncertainity_prioritization_RR_0.2,MLP Prevyears + Monthly (Incremental Scaler + Replay Uncertainty Prioritization RR=0.2),prior_years,2022,2020,False,1281509,297,0.9403824576643834,0.493736722584426,0.493736722584426,f1_score,0.493736722584426,0.3970251244510754,0.5653597248319284,0.4872080839468133,0.042950010190224694,2000,percentile,0.05
mlp_prevyears_monthly_features_incremental_scaler_experience_replay_uncertainity_prioritization_RR_0.2,MLP Prevyears + Monthly (Incremental Scaler + Replay Uncertainty Prioritization RR=0.2),prior_years,2022,2020,False,1281509,297,0.9403824576643834,0.493736722584426,0.493736722584426,pr_auc,0.4627298507785525,0.34884731905653704,0.5577296548568456,0.45453970784117914,0.054364465860057304,2000,percentile,0.05
mlp_prevyears_monthly_features_incremental_scaler_experience_replay_uncertainity_prioritization_RR_0.3,MLP Prevyears + Monthly (Incremental Scaler + Replay Uncertainty Prioritization RR=0.3),prior_years,2022,2020,False,1281509,297,0.9428791492441803,0.49130410828083965,0.49130410828083965,f1_score,0.49130410828083965,0.38964157367620744,0.5674380046008691,0.4841705256253625,0.0458096855094157,2000,percentile,0.05
mlp_prevyears_monthly_features_incremental_scaler_experience_replay_uncertainity_prioritization_RR_0.3,MLP Prevyears + Monthly (Incremental Scaler + Replay Uncertainty Prioritization RR=0.3),prior_years,2022,2020,False,1281509,297,0.9428791492441803,0.49130410828083965,0.49130410828083965,pr_auc,0.46313619650807747,0.34528695370414664,0.5636423420661504,0.4550130981415922,0.057155407080394606,2000,percentile,0.05
mlp_prevyears_monthly_features_incremental_scaler_experience_replay_uncertainity_prioritization_RR_0.4,MLP Prevyears + Monthly (Incremental Scaler + Replay Uncertainty Prioritization RR=0.4),prior_years,2022,2020,False,1281509,297,0.9500000844165137,0.5020068033332733,0.5020068033332733,f1_score,0.5020068033332733,0.4005058281577045,0.5798212012600337,0.49484438655472057,0.04574016718531575,2000,percentile,0.05
mlp_prevyears_monthly_features_incremental_scaler_experience_replay_uncertainity_prioritization_RR_0.4,MLP Prevyears + Monthly (Incremental Scaler + Replay Uncertainty Prioritization RR=0.4),prior_years,2022,2020,False,1281509,297,0.9500000844165137,0.5020068033332733,0.5020068033332733,pr_auc,0.47716949567116623,0.35810000020672633,0.5755192777559329,0.46823414113459383,0.057108596675384385,2000,percentile,0.05
mlp_prevyears_monthly_features_incremental_scaler_experience_replay_uncertainity_prioritization_RR_0.5,MLP Prevyears + Monthly (Incremental Scaler + Replay Uncertainty Prioritization RR=0.5),prior_years,2022,2020,False,1281509,297,0.9420972061807038,0.48819428828423655,0.48819428828423655,f1_score,0.48819428828423655,0.38836174443856647,0.5615781742429726,0.4814444488631688,0.04434362229552583,2000,percentile,0.05
mlp_prevyears_monthly_features_incremental_scaler_experience_replay_uncertainity_prioritization_RR_0.5,MLP Prevyears + Monthly (Incremental Scaler + Replay Uncertainty Prioritization RR=0.5),prior_years,2022,2020,False,1281509,297,0.9420972061807038,0.48819428828423655,0.48819428828423655,pr_auc,0.45529850746290096,0.34130357309140447,0.5535372771298301,0.4476776505228342,0.05539974324822669,2000,percentile,0.05
mlp_prevyears_monthly_features_incremental_scaler_missclassification_buffer_RR_0.3,MLP Prevyears + Monthly (Incremental Scaler + Misclassification Buffer RR=0.3),prior_years,2022,2020,False,1281509,297,0.9179981676535935,0.4578390752407439,0.4578390752407439,f1_score,0.4578390752407439,0.3657174319349056,0.5236842276321223,0.45159205728782886,0.04173644745272103,2000,percentile,0.05
mlp_prevyears_monthly_features_incremental_scaler_missclassification_buffer_RR_0.3,MLP Prevyears + Monthly (Incremental Scaler + Misclassification Buffer RR=0.3),prior_years,2022,2020,False,1281509,297,0.9179981676535935,0.4578390752407439,0.4578390752407439,pr_auc,0.43131252127366676,0.3238693739716931,0.5241501551108744,0.42471846427315246,0.051627101733786894,2000,percentile,0.05
"mlp_combined_HE=0.1_CC=0.1_UP=0.1_PR=(0.2,10)_RR=0.5","MLP Combined (HE=0.1, CC=0.1, UP=0.1, PR=(0.2,10), RR=0.5)",prior_years,2022,2021,False,1281346,297,0.8494830466864501,0.42389397252139177,0.42389397252139177,f1_score,0.42389397252139177,0.3668437104395511,0.4662226678103853,0.42208338500521675,0.025403624136462667,2000,percentile,0.05
"mlp_combined_HE=0.1_CC=0.1_UP=0.1_PR=(0.2,10)_RR=0.5","MLP Combined (HE=0.1, CC=0.1, UP=0.1, PR=(0.2,10), RR=0.5)",prior_years,2022,2021,False,1281346,297,0.8494830466864501,0.42389397252139177,0.42389397252139177,pr_auc,0.38826996219884835,0.32074823751675136,0.4448257457763055,0.38722286847671256,0.032108639658866026,2000,percentile,0.05
"mlp_combined_HE=0_CC=0.15_UP=0_PR=(0,10)_MC=0.1_RWS=1_RR=0.4","MLP Combined (HE=0, CC=0.15, UP=0, PR=(0,10), MC=0.1, RWS=1, RR=0.4)",prior_years,2022,2021,False,1281346,297,0.8984529806234172,0.46060323865694036,0.46060323865694036,f1_score,0.46060323865694036,0.39697708046850927,0.511424721093925,0.45862068883493234,0.029387974523644063,2000,percentile,0.05
"mlp_combined_HE=0_CC=0.15_UP=0_PR=(0,10)_MC=0.1_RWS=1_RR=0.4","MLP Combined (HE=0, CC=0.15, UP=0, PR=(0,10), MC=0.1, RWS=1, RR=0.4)",prior_years,2022,2021,False,1281346,297,0.8984529806234172,0.46060323865694036,0.46060323865694036,pr_auc,0.42776030948614246,0.3573961833178529,0.48713365380550155,0.4265445687970523,0.03312121457050535,2000,percentile,0.05
"mlp_combined_HE=0_CC=0.1_UP=0.1_PR=(0,10)_MC=0.1_RWS=1_RR=0.5","MLP Combined (HE=0, CC=0.1, UP=0.1, PR=(0,10), MC=0.1, RWS=1, RR=0.5)",prior_years,2022,2021,False,1281346,297,0.8843372532449436,0.4598841126532812,0.4598841126532812,f1_score,0.4598841126532812,0.4008929397225299,0.506042422442636,0.4578854874161035,0.026644258178826877,2000,percentile,0.05
"mlp_combined_HE=0_CC=0.1_UP=0.1_PR=(0,10)_MC=0.1_RWS=1_RR=0.5","MLP Combined (HE=0, CC=0.1, UP=0.1, PR=(0,10), MC=0.1, RWS=1, RR=0.5)",prior_years,2022,2021,False,1281346,297,0.8843372532449436,0.4598841126532812,0.4598841126532812,pr_auc,0.42716186671590034,0.359798951575753,0.4835556024899853,0.4257463905047266,0.03156473131594109,2000,percentile,0.05
"mlp_combined_HE=0_CC=0.1_UP=0.2_PR=(0.1,10)_RR=0.5","MLP Combined (HE=0, CC=0.1, UP=0.2, PR=(0.1,10), RR=0.5)",prior_years,2022,2021,False,1281346,297,0.8789769345906304,0.45451731802706735,0.45451731802706735,f1_score,0.45451731802706735,0.3956502663257662,0.5015784760725718,0.4522509459596071,0.02672812082680357,2000,percentile,0.05
"mlp_combined_HE=0_CC=0.1_UP=0.2_PR=(0.1,10)_RR=0.5","MLP Combined (HE=0, CC=0.1, UP=0.2, PR=(0.1,10), RR=0.5)",prior_years,2022,2021,False,1281346,297,0.8789769345906304,0.45451731802706735,0.45451731802706735,pr_auc,0.42891167828637466,0.36359804955929326,0.4844096795717783,0.42717543159041244,0.03096278264548852,2000,percentile,0.05
"mlp_combined_HE=0_CC=0.2_UP=0.1_PR=(0.2,10)_RR=0.5","MLP Combined (HE=0, CC=0.2, UP=0.1, PR=(0.2,10), RR=0.5)",prior_years,2022,2021,False,1281346,297,0.8904650847389923,0.4461685562081683,0.4461685562081683,f1_score,0.4461685562081683,0.3834808168158811,0.49529106255192723,0.4440266075697154,0.02821111631173128,2000,percentile,0.05
"mlp_combined_HE=0_CC=0.2_UP=0.1_PR=(0.2,10)_RR=0.5","MLP Combined (HE=0, CC=0.2, UP=0.1, PR=(0.2,10), RR=0.5)",prior_years,2022,2021,False,1281346,297,0.8904650847389923,0.4461685562081683,0.4461685562081683,pr_auc,0.42171732338621903,0.3536846630709435,0.4772022441288688,0.42029964022542515,0.03156827482809039,2000,percentile,0.05
"mlp_combined_HE=0_CC=0.2_UP=0.2_PR=(0.1,10)_RR=0.5","MLP Combined (HE=0, CC=0.2, UP=0.2, PR=(0.1,10), RR=0.5)",prior_years,2022,2021,False,1281346,297,0.8594137559625382,0.45457968052492875,0.45457968052492875,f1_score,0.45457968052492875,0.38960979853934524,0.5027121974016729,0.4522301760015432,0.028692734454825015,2000,percentile,0.05
"mlp_combined_HE=0_CC=0.2_UP=0.2_PR=(0.1,10)_RR=0.5","MLP Combined (HE=0, CC=0.2, UP=0.2, PR=(0.1,10), RR=0.5)",prior_years,2022,2021,False,1281346,297,0.8594137559625382,0.45457968052492875,0.45457968052492875,pr_auc,0.42393342265271966,0.35802025758776135,0.47800398145982204,0.42245449534834484,0.03102641644834869,2000,percentile,0.05
mlp_prevyears_monthly_features_incremental_scaler,MLP Prevyears + Monthly (Incremental Scaler),prior_years,2022,2021,True,1281346,297,0.9561937526528612,0.4459655127023825,0.4459655127023825,f1_score,0.4459655127023825,0.38054835560210554,0.4998676865917491,0.44383715377265676,0.03059467409251409,2000,percentile,0.05
mlp_prevyears_monthly_features_incremental_scaler,MLP Prevyears + Monthly (Incremental Scaler),prior_years,2022,2021,True,1281346,297,0.9561937526528612,0.4459655127023825,0.4459655127023825,pr_auc,0.40653127969255926,0.3359477841787141,0.46663171017940747,0.4052181980346892,0.03322566305633614,2000,percentile,0.05
mlp_prevyears_monthly_features_incremental_scaler_experience_replay_RR_0.2,MLP Prevyears + Monthly (Incremental Scaler + Replay RR=0.2),prior_years,2022,2021,False,1281346,297,0.9449523702233675,0.45918314120285847,0.45918314120285847,f1_score,0.45918314120285847,0.39200409801364233,0.5123725001619494,0.45656514766511547,0.03065732204504736,2000,percentile,0.05
mlp_prevyears_monthly_features_incremental_scaler_experience_replay_RR_0.2,MLP Prevyears + Monthly (Incremental Scaler + Replay RR=0.2),prior_years,2022,2021,False,1281346,297,0.9449523702233675,0.45918314120285847,0.45918314120285847,pr_auc,0.42724100650728525,0.35686752852867554,0.4858100209582649,0.4257284258586737,0.03270381610865826,2000,percentile,0.05
mlp_prevyears_monthly_features_incremental_scaler_experience_replay_RR_0.2_PR_0.10,"MLP Prevyears + Monthly (Incremental Scaler + Replay RR=0.2, PR=0.10)",prior_years,2022,2021,False,1281346,297,0.9429598330996904,0.4690793193851848,0.4690793193851848,f1_score,0.4690793193851848,0.4070877359629622,0.5182859202288006,0.4667135314377204,0.027737105605278155,2000,percentile,0.05
mlp_prevyears_monthly_features_incremental_scaler_experience_replay_RR_0.2_PR_0.10,"MLP Prevyears + Monthly (Incremental Scaler + Replay RR=0.2, PR=0.10)",prior_years,2022,2021,False,1281346,297,0.9429598330996904,0.4690793193851848,0.4690793193851848,pr_auc,0.43739824556816015,0.36766958563671004,0.495331078393862,0.4359915201873802,0.03192666480882389,2000,percentile,0.05
mlp_prevyears_monthly_features_incremental_scaler_experience_replay_RR_0.2_PR_0.15,"MLP Prevyears + Monthly (Incremental Scaler + Replay RR=0.2, PR=0.15)",prior_years,2022,2021,False,1281346,297,0.9354138214287555,0.4732330668910391,0.4732330668910391,f1_score,0.4732330668910391,0.40898195180583513,0.523305799500744,0.47077871557890316,0.028859701261303095,2000,percentile,0.05
mlp_prevyears_monthly_features_incremental_scaler_experience_replay_RR_0.2_PR_0.15,"MLP Prevyears + Monthly (Incremental Scaler + Replay RR=0.2, PR=0.15)",prior_years,2022,2021,False,1281346,297,0.9354138214287555,0.4732330668910391,0.4732330668910391,pr_auc,0.4380702685543265,0.3686248317641254,0.49778423862087207,0.43643724841731973,0.0329787185683361,2000,percentile,0.05
mlp_prevyears_monthly_features_incremental_scaler_experience_replay_RR_0.3,MLP Prevyears + Monthly (Incremental Scaler + Replay RR=0.3),prior_years,2022,2021,False,1281346,297,0.953319435563493,0.47153024911032027,0.47153024911032027,f1_score,0.47153024911032027,0.4078811240453765,0.5202312798409964,0.4694780256301074,0.028534196901387022,2000,percentile,0.05
mlp_prevyears_monthly_features_incremental_scaler_experience_replay_RR_0.3,MLP Prevyears + Monthly (Incremental Scaler + Replay RR=0.3),prior_years,2022,2021,False,1281346,297,0.953319435563493,0.47153024911032027,0.47153024911032027,pr_auc,0.44218886616974556,0.37079085512804477,0.5015753235502698,0.4406288678496442,0.03293381906335463,2000,percentile,0.05
mlp_prevyears_monthly_features_incremental_scaler_experience_replay_RR_0.3_PR_0.10,"MLP Prevyears + Monthly (Incremental Scaler + Replay RR=0.3, PR=0.10)",prior_years,2022,2021,False,1281346,297,0.9388307321155472,0.4586804712987678,0.4586804712987678,f1_score,0.4586804712987678,0.3953113782813932,0.5094493594281977,0.45605275047601673,0.029292454163513764,2000,percentile,0.05
mlp_prevyears_monthly_features_incremental_scaler_experience_replay_RR_0.3_PR_0.10,"MLP Prevyears + Monthly (Incremental Scaler + Replay RR=0.3, PR=0.10)",prior_years,2022,2021,False,1281346,297,0.9388307321155472,0.4586804712987678,0.4586804712987678,pr_auc,0.4293932279619037,0.36068363127564207,0.4869393967203452,0.42770724088980183,0.03182446831514783,2000,percentile,0.05
mlp_prevyears_monthly_features_incremental_scaler_experience_replay_RR_0.3_PR_0.15,"MLP Prevyears + Monthly (Incremental Scaler + Replay RR=0.3, PR=0.15)",prior_years,2022,2021,False,1281346,297,0.924705512143742,0.47626853438640937,0.47626853438640937,f1_score,0.47626853438640937,0.41218595937095576,0.523853156448102,0.4736951221038006,0.027926491526879132,2000,percentile,0.05
mlp_prevyears_monthly_features_incremental_scaler_experience_replay_RR_0.3_PR_0.15,"MLP Prevyears + Monthly (Incremental Scaler + Replay RR=0.3, PR=0.15)",prior_years,2022,2021,False,1281346,297,0.924705512143742,0.47626853438640937,0.47626853438640937,pr_auc,0.44166412851577763,0.37008874365089656,0.5016151644278218,0.4399975514439778,0.03331726559186369,2000,percentile,0.05
mlp_prevyears_monthly_features_incremental_scaler_experience_replay_RR_0.4,MLP Prevyears + Monthly (Incremental Scaler + Replay RR=0.4),prior_years,2022,2021,False,1281346,297,0.9568019415873803,0.46324285827332434,0.46324285827332434,f1_score,0.46324285827332434,0.4013441854159424,0.5133894293776871,0.46077483476907105,0.028501054751487998,2000,percentile,0.05
mlp_prevyears_monthly_features_incremental_scaler_experience_replay_RR_0.4,MLP Prevyears + Monthly (Incremental Scaler + Replay RR=0.4),prior_years,2022,2021,False,1281346,297,0.9568019415873803,0.46324285827332434,0.46324285827332434,pr_auc,0.4387952515822194,0.3723793228248865,0.49532302586763916,0.43736899936041274,0.031491699481540195,2000,percentile,0.05
mlp_prevyears_monthly_features_incremental_scaler_experience_replay_RR_0.4_PR_0.10,"MLP Prevyears + Monthly (Incremental Scaler + Replay RR=0.4, PR=0.10)",prior_years,2022,2021,False,1281346,297,0.9373456616150826,0.4697180076241448,0.4697180076241448,f1_score,0.4697180076241448,0.4091093573643962,0.5189550384821171,0.4673835495482386,0.028078612631414326,2000,percentile,0.05
mlp_prevyears_monthly_features_incremental_scaler_experience_replay_RR_0.4_PR_0.10,"MLP Prevyears + Monthly (Incremental Scaler + Replay RR=0.4, PR=0.10)",prior_years,2022,2021,False,1281346,297,0.9373456616150826,0.4697180076241448,0.4697180076241448,pr_auc,0.43983217427966464,0.37092661063383986,0.5000597035242497,0.43803119145386576,0.03313035290169961,2000,percentile,0.05
mlp_prevyears_monthly_features_incremental_scaler_experience_replay_RR_0.4_PR_0.15,"MLP Prevyears + Monthly (Incremental Scaler + Replay RR=0.4, PR=0.15)",prior_years,2022,2021,False,1281346,297,0.9235455935123892,0.46482245656936166,0.46482245656936166,f1_score,0.46482245656936166,0.3975867296798167,0.5169564526814256,0.46217803868419766,0.029806292236158733,2000,percentile,0.05
mlp_prevyears_monthly_features_incremental_scaler_experience_replay_RR_0.4_PR_0.15,"MLP Prevyears + Monthly (Incremental Scaler + Replay RR=0.4, PR=0.15)",prior_years,2022,2021,False,1281346,297,0.9235455935123892,0.46482245656936166,0.46482245656936166,pr_auc,0.4355719065458786,0.3641951519726194,0.49706004137178844,0.43387313702891056,0.03357237049191566,2000,percentile,0.05
mlp_prevyears_monthly_features_incremental_scaler_experience_replay_RR_0.5,MLP Prevyears + Monthly (Incremental Scaler + Replay RR=0.5),prior_years,2022,2021,False,1281346,297,0.953099544898899,0.4593634076110924,0.4593634076110924,f1_score,0.4593634076110924,0.3899596357864972,0.5121243609717119,0.45686232419465717,0.030914729614166764,2000,percentile,0.05
mlp_prevyears_monthly_features_incremental_scaler_experience_replay_RR_0.5,MLP Prevyears + Monthly (Incremental Scaler + Replay RR=0.5),prior_years,2022,2021,False,1281346,297,0.953099544898899,0.4593634076110924,0.4593634076110924,pr_auc,0.43086321583461595,0.35857060576756883,0.49113933042973884,0.4293807201348678,0.03362282303835724,2000,percentile,0.05
mlp_prevyears_monthly_features_incremental_scaler_experience_replay_RR_0.5_PR_0.10,"MLP Prevyears + Monthly (Incremental Scaler + Replay RR=0.5, PR=0.10)",prior_years,2022,2021,False,1281346,297,0.9389086290866983,0.47581686364087794,0.47581686364087794,f1_score,0.47581686364087794,0.4128177199979233,0.5235960616670484,0.4733634037605757,0.02798706846590966,2000,percentile,0.05
mlp_prevyears_monthly_features_incremental_scaler_experience_replay_RR_0.5_PR_0.10,"MLP Prevyears + Monthly (Incremental Scaler + Replay RR=0.5, PR=0.10)",prior_years,2022,2021,False,1281346,297,0.9389086290866983,0.47581686364087794,0.47581686364087794,pr_auc,0.44146031567383986,0.3708874228102156,0.5005493720157691,0.43972882578023803,0.03286573887809357,2000,percentile,0.05
mlp_prevyears_monthly_features_incremental_scaler_experience_replay_RR_0.5_PR_0.15,"MLP Prevyears + Monthly (Incremental Scaler + Replay RR=0.5, PR=0.15)",prior_years,2022,2021,False,1281346,297,0.9410234569114087,0.4690977663275876,0.4690977663275876,f1_score,0.4690977663275876,0.4053409287118676,0.5186442835312965,0.4665769796055289,0.028472802260598853,2000,percentile,0.05
mlp_prevyears_monthly_features_incremental_scaler_experience_replay_RR_0.5_PR_0.15,"MLP Prevyears + Monthly (Incremental Scaler + Replay RR=0.5, PR=0.15)",prior_years,2022,2021,False,1281346,297,0.9410234569114087,0.4690977663275876,0.4690977663275876,pr_auc,0.43773670258383257,0.37144214483025834,0.494563496476839,0.4362908693752244,0.03140150734598113,2000,percentile,0.05
mlp_prevyears_monthly_features_incremental_scaler_experience_replay_confidently_correct_memory_RR_0.2,MLP Prevyears + Monthly (Incremental Scaler + Replay Confidently Correct RR=0.2),prior_years,2022,2021,False,1281346,297,0.9342672283065231,0.45500719776190346,0.45500719776190346,f1_score,0.45500719776190346,0.38296973922185845,0.5129756236389837,0.4524095654893072,0.03395892916962455,2000,percentile,0.05
mlp_prevyears_monthly_features_incremental_scaler_experience_replay_confidently_correct_memory_RR_0.2,MLP Prevyears + Monthly (Incremental Scaler + Replay Confidently Correct RR=0.2),prior_years,2022,2021,False,1281346,297,0.9342672283065231,0.45500719776190346,0.45500719776190346,pr_auc,0.42436516843886796,0.35147705426529857,0.48786537220169973,0.423145095353014,0.03460608545674167,2000,percentile,0.05
mlp_prevyears_monthly_features_incremental_scaler_experience_replay_confidently_correct_memory_RR_0.3,MLP Prevyears + Monthly (Incremental Scaler + Replay Confidently Correct RR=0.3),prior_years,2022,2021,False,1281346,297,0.9460490966866291,0.4673255721021925,0.4673255721021925,f1_score,0.4673255721021925,0.3999603280104992,0.5183309265746634,0.46449263499234145,0.02989945801581961,2000,percentile,0.05
mlp_prevyears_monthly_features_incremental_scaler_experience_replay_confidently_correct_memory_RR_0.3,MLP Prevyears + Monthly (Incremental Scaler + Replay Confidently Correct RR=0.3),prior_years,2022,2021,False,1281346,297,0.9460490966866291,0.4673255721021925,0.4673255721021925,pr_auc,0.43490743302034485,0.36624176912516404,0.49232572774121514,0.43324227572706814,0.03209549899266576,2000,percentile,0.05
mlp_prevyears_monthly_features_incremental_scaler_experience_replay_confidently_correct_memory_RR_0.4,MLP Prevyears + Monthly (Incremental Scaler + Replay Confidently Correct RR=0.4),prior_years,2022,2021,False,1281346,297,0.9451174725929438,0.4643139737300206,0.4643139737300206,f1_score,0.4643139737300206,0.4023976338776583,0.5153590669520746,0.46198811976084553,0.02871047647848022,2000,percentile,0.05
mlp_prevyears_monthly_features_incremental_scaler_experience_replay_confidently_correct_memory_RR_0.4,MLP Prevyears + Monthly (Incremental Scaler + Replay Confidently Correct RR=0.4),prior_years,2022,2021,False,1281346,297,0.9451174725929438,0.4643139737300206,0.4643139737300206,pr_auc,0.4310681316254972,0.36178418463418666,0.4919443706188928,0.42982759288707734,0.03318727624867302,2000,percentile,0.05
mlp_prevyears_monthly_features_incremental_scaler_experience_replay_confidently_correct_memory_RR_0.5,MLP Prevyears + Monthly (Incremental Scaler + Replay Confidently Correct RR=0.5),prior_years,2022,2021,False,1281346,297,0.948970738836126,0.46062524732884846,0.46062524732884846,f1_score,0.46062524732884846,0.3956063823957085,0.5140845049722224,0.45840441522235503,0.030351437199270918,2000,percentile,0.05
mlp_prevyears_monthly_features_incremental_scaler_experience_replay_confidently_correct_memory_RR_0.5,MLP Prevyears + Monthly (Incremental Scaler + Replay Confidently Correct RR=0.5),prior_years,2022,2021,False,1281346,297,0.948970738836126,0.46062524732884846,0.46062524732884846,pr_auc,0.4284282380118437,0.3563965605158702,0.4897861172458728,0.42728238682377434,0.03427117435722137,2000,percentile,0.05
mlp_prevyears_monthly_features_incremental_scaler_experience_replay_hard_example_mining_RR_0.2,MLP Prevyears + Monthly (Incremental Scaler + Replay Hard Example Mining RR=0.2),prior_years,2022,2021,False,1281346,297,0.8692703242399477,0.4043516318619482,0.4043516318619482,f1_score,0.4043516318619482,0.34422165673141536,0.4599777501741167,0.4032275092055873,0.029518530448273798,2000,percentile,0.05
mlp_prevyears_monthly_features_incremental_scaler_experience_replay_hard_example_mining_RR_0.2,MLP Prevyears + Monthly (Incremental Scaler + Replay Hard Example Mining RR=0.2),prior_years,2022,2021,False,1281346,297,0.8692703242399477,0.4043516318619482,0.4043516318619482,pr_auc,0.34556272009306715,0.2790840164981881,0.4103765767595028,0.3457580225834708,0.03392942231860695,2000,percentile,0.05
mlp_prevyears_monthly_features_incremental_scaler_experience_replay_hard_example_mining_RR_0.3,MLP Prevyears + Monthly (Incremental Scaler + Replay Hard Example Mining RR=0.3),prior_years,2022,2021,False,1281346,297,0.8939829130458783,0.36577782462057334,0.36577782462057334,f1_score,0.36577782462057334,0.31514539771350036,0.40682079966957213,0.364820531261104,0.023095574732327633,2000,percentile,0.05
mlp_prevyears_monthly_features_incremental_scaler_experience_replay_hard_example_mining_RR_0.3,MLP Prevyears + Monthly (Incremental Scaler + Replay Hard Example Mining RR=0.3),prior_years,2022,2021,False,1281346,297,0.8939829130458783,0.36577782462057334,0.36577782462057334,pr_auc,0.31933873984723204,0.2515816710345479,0.37890787726197367,0.3198434396573241,0.03273409294768438,2000,percentile,0.05
mlp_prevyears_monthly_features_incremental_scaler_experience_replay_hard_example_mining_RR_0.4,MLP Prevyears + Monthly (Incremental Scaler + Replay Hard Example Mining RR=0.4),prior_years,2022,2021,False,1281346,297,0.8733771946284725,0.40409131337088644,0.40409131337088644,f1_score,0.40409131337088644,0.3527012689501068,0.44696621525822305,0.4028312118694018,0.02438894232363884,2000,percentile,0.05
mlp_prevyears_monthly_features_incremental_scaler_experience_replay_hard_example_mining_RR_0.4,MLP Prevyears + Monthly (Incremental Scaler + Replay Hard Example Mining RR=0.4),prior_years,2022,2021,False,1281346,297,0.8733771946284725,0.40409131337088644,0.40409131337088644,pr_auc,0.36230752132019545,0.30139953317762763,0.41765340265712814,0.361642988964109,0.02991551734099227,2000,percentile,0.05
mlp_prevyears_monthly_features_incremental_scaler_experience_replay_hard_example_mining_RR_0.5,MLP Prevyears + Monthly (Incremental Scaler + Replay Hard Example Mining RR=0.5),prior_years,2022,2021,False,1281346,297,0.8980538254461023,0.4319113732824977,0.4319113732824977,f1_score,0.4319113732824977,0.36420527082722903,0.48720239335040944,0.4300832839019257,0.031180214498638524,2000,percentile,0.05
mlp_prevyears_monthly_features_incremental_scaler_experience_replay_hard_example_mining_RR_0.5,MLP Prevyears + Monthly (Incremental Scaler + Replay Hard Example Mining RR=0.5),prior_years,2022,2021,False,1281346,297,0.8980538254461023,0.4319113732824977,0.4319113732824977,pr_auc,0.38646907260851887,0.3109044734680881,0.45278292359007477,0.385625147257332,0.03583439694323634,2000,percentile,0.05
mlp_prevyears_monthly_features_incremental_scaler_experience_replay_uncertainity_prioritization_RR_0.2,MLP Prevyears + Monthly (Incremental Scaler + Replay Uncertainty Prioritization RR=0.2),prior_years,2022,2021,False,1281346,297,0.9514453899310367,0.4713025661527698,0.4713025661527698,f1_score,0.4713025661527698,0.40755763647796905,0.5202663102801599,0.4690563463146417,0.028652554104352593,2000,percentile,0.05
mlp_prevyears_monthly_features_incremental_scaler_experience_replay_uncertainity_prioritization_RR_0.2,MLP Prevyears + Monthly (Incremental Scaler + Replay Uncertainty Prioritization RR=0.2),prior_years,2022,2021,False,1281346,297,0.9514453899310367,0.4713025661527698,0.4713025661527698,pr_auc,0.4315499620157579,0.3625548807385922,0.49034453174295645,0.4302245077244028,0.03333216625007455,2000,percentile,0.05
mlp_prevyears_monthly_features_incremental_scaler_experience_replay_uncertainity_prioritization_RR_0.3,MLP Prevyears + Monthly (Incremental Scaler + Replay Uncertainty Prioritization RR=0.3),prior_years,2022,2021,False,1281346,297,0.9602016490110152,0.4657282229965157,0.4657282229965157,f1_score,0.4657282229965157,0.39685921584084766,0.5208760734144545,0.4632586933389471,0.03166525416660525,2000,percentile,0.05
mlp_prevyears_monthly_features_incremental_scaler_experience_replay_uncertainity_prioritization_RR_0.3,MLP Prevyears + Monthly (Incremental Scaler + Replay Uncertainty Prioritization RR=0.3),prior_years,2022,2021,False,1281346,297,0.9602016490110152,0.4657282229965157,0.4657282229965157,pr_auc,0.44311903316713075,0.3745830063799103,0.5022652125457611,0.4413615398767382,0.032132678244350905,2000,percentile,0.05
mlp_prevyears_monthly_features_incremental_scaler_experience_replay_uncertainity_prioritization_RR_0.4,MLP Prevyears + Monthly (Incremental Scaler + Replay Uncertainty Prioritization RR=0.4),prior_years,2022,2021,False,1281346,297,0.9597613730676811,0.4838456275498568,0.4838456275498568,f1_score,0.4838456275498568,0.42332878261537615,0.5308488826614014,0.4813289287749781,0.026915082839812823,2000,percentile,0.05
mlp_prevyears_monthly_features_incremental_scaler_experience_replay_uncertainity_prioritization_RR_0.4,MLP Prevyears + Monthly (Incremental Scaler + Replay Uncertainty Prioritization RR=0.4),prior_years,2022,2021,False,1281346,297,0.9597613730676811,0.4838456275498568,0.4838456275498568,pr_auc,0.44833672818877723,0.37833906797845135,0.507774261452803,0.44632625010323673,0.03279325281477426,2000,percentile,0.05
mlp_prevyears_monthly_features_incremental_scaler_experience_replay_uncertainity_prioritization_RR_0.5,MLP Prevyears + Monthly (Incremental Scaler + Replay Uncertainty Prioritization RR=0.5),prior_years,2022,2021,False,1281346,297,0.95702788010552,0.47464218201458275,0.47464218201458275,f1_score,0.47464218201458275,0.41217014881096825,0.5234614077850772,0.47205036125820915,0.027939368160981658,2000,percentile,0.05
mlp_prevyears_monthly_features_incremental_scaler_experience_replay_uncertainity_prioritization_RR_0.5,MLP Prevyears + Monthly (Incremental Scaler + Replay Uncertainty Prioritization RR=0.5),prior_years,2022,2021,False,1281346,297,0.95702788010552,0.47464218201458275,0.47464218201458275,pr_auc,0.43660451269630196,0.3653888586570578,0.49504012143394627,0.434676971892995,0.033442805918649794,2000,percentile,0.05
mlp_prevyears_monthly_features_incremental_scaler_missclassification_buffer_RR_0.3,MLP Prevyears + Monthly (Incremental Scaler + Misclassification Buffer RR=0.3),prior_years,2022,2021,False,1281346,297,0.9283863553363019,0.44378923823806016,0.44378923823806016,f1_score,0.44378923823806016,0.3826537130181054,0.49187145442236796,0.44197915883885946,0.02824101219251477,2000,percentile,0.05
mlp_prevyears_monthly_features_incremental_scaler_missclassification_buffer_RR_0.3,MLP Prevyears + Monthly (Incremental Scaler + Misclassification Buffer RR=0.3),prior_years,2022,2021,False,1281346,297,0.9283863553363019,0.44378923823806016,0.44378923823806016,pr_auc,0.40215931531215626,0.33433938897538823,0.4609370587361177,0.40118379346089617,0.03313746457628473,2000,percentile,0.05
"mlp_combined_HE=0.1_CC=0.1_UP=0.1_PR=(0.2,10)_RR=0.5","MLP Combined (HE=0.1, CC=0.1, UP=0.1, PR=(0.2,10), RR=0.5)",prior_years,2022,2022,False,1282431,297,0.8117805015738833,0.453724551465883,0.453724551465883,f1_score,0.453724551465883,0.32738692427855126,0.5733067709315006,0.44376042440687363,0.06652237375504037,2000,percentile,0.05
"mlp_combined_HE=0.1_CC=0.1_UP=0.1_PR=(0.2,10)_RR=0.5","MLP Combined (HE=0.1, CC=0.1, UP=0.1, PR=(0.2,10), RR=0.5)",prior_years,2022,2022,False,1282431,297,0.8117805015738833,0.453724551465883,0.453724551465883,pr_auc,0.43925914268474614,0.30218623365952396,0.5719307605761563,0.4303276194164498,0.07292557578496571,2000,percentile,0.05
"mlp_combined_HE=0_CC=0.15_UP=0_PR=(0,10)_MC=0.1_RWS=1_RR=0.4","MLP Combined (HE=0, CC=0.15, UP=0, PR=(0,10), MC=0.1, RWS=1, RR=0.4)",prior_years,2022,2022,False,1282431,297,0.8273101512811031,0.46509420101490717,0.46509420101490717,f1_score,0.46509420101490717,0.3400217763318676,0.5860827855227031,0.45603755235566995,0.06700137182967088,2000,percentile,0.05
"mlp_combined_HE=0_CC=0.15_UP=0_PR=(0,10)_MC=0.1_RWS=1_RR=0.4","MLP Combined (HE=0, CC=0.15, UP=0, PR=(0,10), MC=0.1, RWS=1, RR=0.4)",prior_years,2022,2022,False,1282431,297,0.8273101512811031,0.46509420101490717,0.46509420101490717,pr_auc,0.45084658516683995,0.31994265979304753,0.5789672952227307,0.4435510401165833,0.06942048340535761,2000,percentile,0.05
"mlp_combined_HE=0_CC=0.1_UP=0.1_PR=(0,10)_MC=0.1_RWS=1_RR=0.5","MLP Combined (HE=0, CC=0.1, UP=0.1, PR=(0,10), MC=0.1, RWS=1, RR=0.5)",prior_years,2022,2022,False,1282431,297,0.8499906288659069,0.4872978081048575,0.4872978081048575,f1_score,0.4872978081048575,0.3447345832084113,0.6166282815739081,0.47489555316047155,0.0759060577010066,2000,percentile,0.05
"mlp_combined_HE=0_CC=0.1_UP=0.1_PR=(0,10)_MC=0.1_RWS=1_RR=0.5","MLP Combined (HE=0, CC=0.1, UP=0.1, PR=(0,10), MC=0.1, RWS=1, RR=0.5)",prior_years,2022,2022,False,1282431,297,0.8499906288659069,0.4872978081048575,0.4872978081048575,pr_auc,0.467721226117804,0.3163758920706689,0.6090079367148146,0.4561154008191721,0.08068734660086034,2000,percentile,0.05
"mlp_combined_HE=0_CC=0.1_UP=0.2_PR=(0.1,10)_RR=0.5","MLP Combined (HE=0, CC=0.1, UP=0.2, PR=(0.1,10), RR=0.5)",prior_years,2022,2022,False,1282431,297,0.8312063317007002,0.479656877345565,0.479656877345565,f1_score,0.479656877345565,0.3424342659724174,0.6114524636053609,0.46860317951499997,0.0747693522399695,2000,percentile,0.05
"mlp_combined_HE=0_CC=0.1_UP=0.2_PR=(0.1,10)_RR=0.5","MLP Combined (HE=0, CC=0.1, UP=0.2, PR=(0.1,10), RR=0.5)",prior_years,2022,2022,False,1282431,297,0.8312063317007002,0.479656877345565,0.479656877345565,pr_auc,0.47138426457551175,0.31918741702598935,0.6195738102277029,0.46054659356679944,0.0816496983736768,2000,percentile,0.05
"mlp_combined_HE=0_CC=0.2_UP=0.1_PR=(0.2,10)_RR=0.5","MLP Combined (HE=0, CC=0.2, UP=0.1, PR=(0.2,10), RR=0.5)",prior_years,2022,2022,False,1282431,297,0.8230294410532468,0.4601195972387108,0.4601195972387108,f1_score,0.4601195972387108,0.3285950073993546,0.585825821326766,0.45073294640866185,0.07036490415755274,2000,percentile,0.05
"mlp_combined_HE=0_CC=0.2_UP=0.1_PR=(0.2,10)_RR=0.5","MLP Combined (HE=0, CC=0.2, UP=0.1, PR=(0.2,10), RR=0.5)",prior_years,2022,2022,False,1282431,297,0.8230294410532468,0.4601195972387108,0.4601195972387108,pr_auc,0.45675819121284394,0.31688256308597745,0.5903950599879003,0.44809665282745015,0.07373657221663472,2000,percentile,0.05
"mlp_combined_HE=0_CC=0.2_UP=0.2_PR=(0.1,10)_RR=0.5","MLP Combined (HE=0, CC=0.2, UP=0.2, PR=(0.1,10), RR=0.5)",prior_years,2022,2022,False,1282431,297,0.8356157325237004,0.488956775600202,0.488956775600202,f1_score,0.488956775600202,0.3463952239336508,0.6187253885842673,0.4762525844406008,0.07593740937357747,2000,percentile,0.05
"mlp_combined_HE=0_CC=0.2_UP=0.2_PR=(0.1,10)_RR=0.5","MLP Combined (HE=0, CC=0.2, UP=0.2, PR=(0.1,10), RR=0.5)",prior_years,2022,2022,False,1282431,297,0.8356157325237004,0.488956775600202,0.488956775600202,pr_auc,0.47753692372738776,0.3203738145024459,0.6183177325236037,0.4648437181414254,0.08266496223857402,2000,percentile,0.05
mlp_prevyears_monthly_features_incremental_scaler,MLP Prevyears + Monthly (Incremental Scaler),prior_years,2022,2022,True,1282431,297,0.9035039502051037,0.4726893276081272,0.4726893276081272,f1_score,0.4726893276081272,0.3465847439283788,0.5835061113792074,0.46308464783285447,0.0642123569199167,2000,percentile,0.05
mlp_prevyears_monthly_features_incremental_scaler,MLP Prevyears + Monthly (Incremental Scaler),prior_years,2022,2022,True,1282431,297,0.9035039502051037,0.4726893276081272,0.4726893276081272,pr_auc,0.45468697714911044,0.31771537137638856,0.5808471715554865,0.4467785307124859,0.06966095280591598,2000,percentile,0.05
mlp_prevyears_monthly_features_incremental_scaler_experience_replay_RR_0.2,MLP Prevyears + Monthly (Incremental Scaler + Replay RR=0.2),prior_years,2022,2022,False,1282431,297,0.8931716179890571,0.4837099598556232,0.4837099598556232,f1_score,0.4837099598556232,0.3486827093326522,0.6060293697301341,0.47269595768518863,0.07047361396565507,2000,percentile,0.05
mlp_prevyears_monthly_features_incremental_scaler_experience_replay_RR_0.2,MLP Prevyears + Monthly (Incremental Scaler + Replay RR=0.2),prior_years,2022,2022,False,1282431,297,0.8931716179890571,0.4837099598556232,0.4837099598556232,pr_auc,0.4645399708384377,0.31914950095922706,0.600904131001369,0.45476480196580893,0.07650223941950718,2000,percentile,0.05
mlp_prevyears_monthly_features_incremental_scaler_experience_replay_RR_0.2_PR_0.10,"MLP Prevyears + Monthly (Incremental Scaler + Replay RR=0.2, PR=0.10)",prior_years,2022,2022,False,1282431,297,0.883652256065147,0.4924917471270074,0.4924917471270074,f1_score,0.4924917471270074,0.3611561957568346,0.6139172617888897,0.48181435946850887,0.06955105215271194,2000,percentile,0.05
mlp_prevyears_monthly_features_incremental_scaler_experience_replay_RR_0.2_PR_0.10,"MLP Prevyears + Monthly (Incremental Scaler + Replay RR=0.2, PR=0.10)",prior_years,2022,2022,False,1282431,297,0.883652256065147,0.4924917471270074,0.4924917471270074,pr_auc,0.46843002816225454,0.3263047514959828,0.6041099019783426,0.45926712548297405,0.07610023695096405,2000,percentile,0.05
mlp_prevyears_monthly_features_incremental_scaler_experience_replay_RR_0.2_PR_0.15,"MLP Prevyears + Monthly (Incremental Scaler + Replay RR=0.2, PR=0.15)",prior_years,2022,2022,False,1282431,297,0.8761036146493254,0.47594146148031574,0.47594146148031574,f1_score,0.47594146148031574,0.3458861360932527,0.5924615133384468,0.4660661003087934,0.06673974267121528,2000,percentile,0.05
mlp_prevyears_monthly_features_incremental_scaler_experience_replay_RR_0.2_PR_0.15,"MLP Prevyears + Monthly (Incremental Scaler + Replay RR=0.2, PR=0.15)",prior_years,2022,2022,False,1282431,297,0.8761036146493254,0.47594146148031574,0.47594146148031574,pr_auc,0.4544195716457176,0.3147589254772187,0.5879288282892438,0.44629909899910525,0.07328630648628699,2000,percentile,0.05
mlp_prevyears_monthly_features_incremental_scaler_experience_replay_RR_0.3,MLP Prevyears + Monthly (Incremental Scaler + Replay RR=0.3),prior_years,2022,2022,False,1282431,297,0.8852617399563433,0.44924887067969327,0.44924887067969327,f1_score,0.44924887067969327,0.33137106576126224,0.5637093079621287,0.44136773909862975,0.06312146444178132,2000,percentile,0.05
mlp_prevyears_monthly_features_incremental_scaler_experience_replay_RR_0.3,MLP Prevyears + Monthly (Incremental Scaler + Replay RR=0.3),prior_years,2022,2022,False,1282431,297,0.8852617399563433,0.44924887067969327,0.44924887067969327,pr_auc,0.4499677290974896,0.31575458084601743,0.575785533366251,0.44202696086586785,0.06952662740416528,2000,percentile,0.05
mlp_prevyears_monthly_features_incremental_scaler_experience_replay_RR_0.3_PR_0.10,"MLP Prevyears + Monthly (Incremental Scaler + Replay RR=0.3, PR=0.10)",prior_years,2022,2022,False,1282431,297,0.8782471353032385,0.47709257188799414,0.47709257188799414,f1_score,0.47709257188799414,0.35339001654958296,0.5900973786156316,0.46743235590109367,0.06410042113892518,2000,percentile,0.05
mlp_prevyears_monthly_features_incremental_scaler_experience_replay_RR_0.3_PR_0.10,"MLP Prevyears + Monthly (Incremental Scaler + Replay RR=0.3, PR=0.10)",prior_years,2022,2022,False,1282431,297,0.8782471353032385,0.47709257188799414,0.47709257188799414,pr_auc,0.4502954292432648,0.3180238961956091,0.5779455549592597,0.44278107270719846,0.06962802415396942,2000,percentile,0.05
mlp_prevyears_monthly_features_incremental_scaler_experience_replay_RR_0.3_PR_0.15,"MLP Prevyears + Monthly (Incremental Scaler + Replay RR=0.3, PR=0.15)",prior_years,2022,2022,False,1282431,297,0.8761514273102083,0.480986246994313,0.480986246994313,f1_score,0.480986246994313,0.35802414857148107,0.5900516864027967,0.47102283184566995,0.0635628749231459,2000,percentile,0.05
mlp_prevyears_monthly_features_incremental_scaler_experience_replay_RR_0.3_PR_0.15,"MLP Prevyears + Monthly (Incremental Scaler + Replay RR=0.3, PR=0.15)",prior_years,2022,2022,False,1282431,297,0.8761514273102083,0.480986246994313,0.480986246994313,pr_auc,0.4526649100736047,0.3209101941826447,0.5774875370375921,0.4451759758178242,0.06840665396747558,2000,percentile,0.05
mlp_prevyears_monthly_features_incremental_scaler_experience_replay_RR_0.4,MLP Prevyears + Monthly (Incremental Scaler + Replay RR=0.4),prior_years,2022,2022,False,1282431,297,0.9238796167940432,0.4797151987169362,0.4797151987169362,f1_score,0.4797151987169362,0.3426510831465383,0.6013209287063266,0.4686722240563379,0.07104928449050008,2000,percentile,0.05
mlp_prevyears_monthly_features_incremental_scaler_experience_replay_RR_0.4,MLP Prevyears + Monthly (Incremental Scaler + Replay RR=0.4),prior_years,2022,2022,False,1282431,297,0.9238796167940432,0.4797151987169362,0.4797151987169362,pr_auc,0.46740288606440605,0.31851198842996886,0.6046039495094229,0.4571348683046465,0.07798776297058767,2000,percentile,0.05
mlp_prevyears_monthly_features_incremental_scaler_experience_replay_RR_0.4_PR_0.10,"MLP Prevyears + Monthly (Incremental Scaler + Replay RR=0.4, PR=0.10)",prior_years,2022,2022,False,1282431,297,0.8663128561801915,0.4797190120099705,0.4797190120099705,f1_score,0.4797190120099705,0.35081918059287,0.6051292564456634,0.46978190420806143,0.0703049826035922,2000,percentile,0.05
mlp_prevyears_monthly_features_incremental_scaler_experience_replay_RR_0.4_PR_0.10,"MLP Prevyears + Monthly (Incremental Scaler + Replay RR=0.4, PR=0.10)",prior_years,2022,2022,False,1282431,297,0.8663128561801915,0.4797190120099705,0.4797190120099705,pr_auc,0.4759159792735474,0.32374907730549024,0.6147889675626779,0.4645988363843649,0.07998810087761979,2000,percentile,0.05
mlp_prevyears_monthly_features_incremental_scaler_experience_replay_RR_0.4_PR_0.15,"MLP Prevyears + Monthly (Incremental Scaler + Replay RR=0.4, PR=0.15)",prior_years,2022,2022,False,1282431,297,0.8697742204247577,0.48334564207838376,0.48334564207838376,f1_score,0.48334564207838376,0.3487947008790358,0.6043842908143772,0.47260377810280135,0.06965129231536593,2000,percentile,0.05
mlp_prevyears_monthly_features_incremental_scaler_experience_replay_RR_0.4_PR_0.15,"MLP Prevyears + Monthly (Incremental Scaler + Replay RR=0.4, PR=0.15)",prior_years,2022,2022,False,1282431,297,0.8697742204247577,0.48334564207838376,0.48334564207838376,pr_auc,0.46300470024278284,0.3141859045538853,0.5999560612416458,0.45322023281867424,0.0771720307124048,2000,percentile,0.05
mlp_prevyears_monthly_features_incremental_scaler_experience_replay_RR_0.5,MLP Prevyears + Monthly (Incremental Scaler + Replay RR=0.5),prior_years,2022,2022,False,1282431,297,0.9295029720219559,0.4596456692913386,0.4596456692913386,f1_score,0.4596456692913386,0.3493041008690659,0.5536123790903921,0.4514538335294361,0.05456799788766158,2000,percentile,0.05
mlp_prevyears_monthly_features_incremental_scaler_experience_replay_RR_0.5,MLP Prevyears + Monthly (Incremental Scaler + Replay RR=0.5),prior_years,2022,2022,False,1282431,297,0.9295029720219559,0.4596456692913386,0.4596456692913386,pr_auc,0.4385618234695984,0.3183352671753318,0.552440190892441,0.43246142851206787,0.06160866741859433,2000,percentile,0.05
mlp_prevyears_monthly_features_incremental_scaler_experience_replay_RR_0.5_PR_0.10,"MLP Prevyears + Monthly (Incremental Scaler + Replay RR=0.5, PR=0.10)",prior_years,2022,2022,False,1282431,297,0.8970089447853216,0.4779314553035696,0.4779314553035696,f1_score,0.4779314553035696,0.358694657678879,0.5809224773027598,0.46886978592313105,0.059880351734572,2000,percentile,0.05
mlp_prevyears_monthly_features_incremental_scaler_experience_replay_RR_0.5_PR_0.10,"MLP Prevyears + Monthly (Incremental Scaler + Replay RR=0.5, PR=0.10)",prior_years,2022,2022,False,1282431,297,0.8970089447853216,0.4779314553035696,0.4779314553035696,pr_auc,0.45262596220939594,0.3227458961661261,0.5739143639148826,0.44551663112695633,0.0665187288424278,2000,percentile,0.05
mlp_prevyears_monthly_features_incremental_scaler_experience_replay_RR_0.5_PR_0.15,"MLP Prevyears + Monthly (Incremental Scaler + Replay RR=0.5, PR=0.15)",prior_years,2022,2022,False,1282431,297,0.8702225660695554,0.4842431672315569,0.4842431672315569,f1_score,0.4842431672315569,0.3522987797362258,0.6040609359638882,0.4739374726635914,0.06819809444012605,2000,percentile,0.05
mlp_prevyears_monthly_features_incremental_scaler_experience_replay_RR_0.5_PR_0.15,"MLP Prevyears + Monthly (Incremental Scaler + Replay RR=0.5, PR=0.15)",prior_years,2022,2022,False,1282431,297,0.8702225660695554,0.4842431672315569,0.4842431672315569,pr_auc,0.46655481085305506,0.3232305620990548,0.5970448827249951,0.4572885099422524,0.07327785195164536,2000,percentile,0.05
mlp_prevyears_monthly_features_incremental_scaler_experience_replay_confidently_correct_memory_RR_0.2,MLP Prevyears + Monthly (Incremental Scaler + Replay Confidently Correct RR=0.2),prior_years,2022,2022,False,1282431,297,0.8590207654319847,0.49262873626710857,0.49262873626710857,f1_score,0.49262873626710857,0.348361494111444,0.6209214746715968,0.48007738529173705,0.0758298253506318,2000,percentile,0.05
mlp_prevyears_monthly_features_incremental_scaler_experience_replay_confidently_correct_memory_RR_0.2,MLP Prevyears + Monthly (Incremental Scaler + Replay Confidently Correct RR=0.2),prior_years,2022,2022,False,1282431,297,0.8590207654319847,0.49262873626710857,0.49262873626710857,pr_auc,0.47388056737594103,0.31687028325886263,0.6163029919308631,0.46210854749587316,0.08217361255407961,2000,percentile,0.05
mlp_prevyears_monthly_features_incremental_scaler_experience_replay_confidently_correct_memory_RR_0.3,MLP Prevyears + Monthly (Incremental Scaler + Replay Confidently Correct RR=0.3),prior_years,2022,2022,False,1282431,297,0.8930408509897299,0.48658349858179173,0.48658349858179173,f1_score,0.48658349858179173,0.35542471034197765,0.6047200848613593,0.47565524360851685,0.06834149080427737,2000,percentile,0.05
mlp_prevyears_monthly_features_incremental_scaler_experience_replay_confidently_correct_memory_RR_0.3,MLP Prevyears + Monthly (Incremental Scaler + Replay Confidently Correct RR=0.3),prior_years,2022,2022,False,1282431,297,0.8930408509897299,0.48658349858179173,0.48658349858179173,pr_auc,0.4591069639856676,0.3198311989812092,0.5908602574293195,0.45063082655323555,0.07273514739833595,2000,percentile,0.05
mlp_prevyears_monthly_features_incremental_scaler_experience_replay_confidently_correct_memory_RR_0.4,MLP Prevyears + Monthly (Incremental Scaler + Replay Confidently Correct RR=0.4),prior_years,2022,2022,False,1282431,297,0.8879268176748423,0.47341778225612974,0.47341778225612974,f1_score,0.47341778225612974,0.352626980726435,0.5842882032597794,0.46432175957307587,0.0629389783752955,2000,percentile,0.05
mlp_prevyears_monthly_features_incremental_scaler_experience_replay_confidently_correct_memory_RR_0.4,MLP Prevyears + Monthly (Incremental Scaler + Replay Confidently Correct RR=0.4),prior_years,2022,2022,False,1282431,297,0.8879268176748423,0.47341778225612974,0.47341778225612974,pr_auc,0.4562986976014972,0.3205719067769195,0.5862673680743496,0.44798024715903123,0.07161034849383982,2000,percentile,0.05
mlp_prevyears_monthly_features_incremental_scaler_experience_replay_confidently_correct_memory_RR_0.5,MLP Prevyears + Monthly (Incremental Scaler + Replay Confidently Correct RR=0.5),prior_years,2022,2022,False,1282431,297,0.8865287505047583,0.48515573623482994,0.48515573623482994,f1_score,0.48515573623482994,0.35154654968278637,0.609875253740849,0.4743573479939503,0.07129593628903914,2000,percentile,0.05
mlp_prevyears_monthly_features_incremental_scaler_experience_replay_confidently_correct_memory_RR_0.5,MLP Prevyears + Monthly (Incremental Scaler + Replay Confidently Correct RR=0.5),prior_years,2022,2022,False,1282431,297,0.8865287505047583,0.48515573623482994,0.48515573623482994,pr_auc,0.4611105082902656,0.32051466757899255,0.5949818217171534,0.45211153191974857,0.07477258515047898,2000,percentile,0.05
mlp_prevyears_monthly_features_incremental_scaler_experience_replay_hard_example_mining_RR_0.2,MLP Prevyears + Monthly (Incremental Scaler + Replay Hard Example Mining RR=0.2),prior_years,2022,2022,False,1282431,297,0.832391496319498,0.4607607178574176,0.4607607178574176,f1_score,0.4607607178574176,0.32355977759870524,0.5950791786785486,0.449483066451553,0.07664614242333768,2000,percentile,0.05
mlp_prevyears_monthly_features_incremental_scaler_experience_replay_hard_example_mining_RR_0.2,MLP Prevyears + Monthly (Incremental Scaler + Replay Hard Example Mining RR=0.2),prior_years,2022,2022,False,1282431,297,0.832391496319498,0.4607607178574176,0.4607607178574176,pr_auc,0.46564808893646115,0.28636644772608427,0.62494253360572,0.4485833850393649,0.09695400360094036,2000,percentile,0.05
mlp_prevyears_monthly_features_incremental_scaler_experience_replay_hard_example_mining_RR_0.3,MLP Prevyears + Monthly (Incremental Scaler + Replay Hard Example Mining RR=0.3),prior_years,2022,2022,False,1282431,297,0.8503852797634529,0.448063201962682,0.448063201962682,f1_score,0.448063201962682,0.3186168602549353,0.5724357009154631,0.4380136326434874,0.07057191073155278,2000,percentile,0.05
mlp_prevyears_monthly_features_incremental_scaler_experience_replay_hard_example_mining_RR_0.3,MLP Prevyears + Monthly (Incremental Scaler + Replay Hard Example Mining RR=0.3),prior_years,2022,2022,False,1282431,297,0.8503852797634529,0.448063201962682,0.448063201962682,pr_auc,0.42399159745898135,0.2786000025330388,0.5670678026738212,0.4143673307637153,0.07974533197701729,2000,percentile,0.05
mlp_prevyears_monthly_features_incremental_scaler_experience_replay_hard_example_mining_RR_0.4,MLP Prevyears + Monthly (Incremental Scaler + Replay Hard Example Mining RR=0.4),prior_years,2022,2022,False,1282431,297,0.8409121193556092,0.46385950637374557,0.46385950637374557,f1_score,0.46385950637374557,0.3276850124438358,0.5919243100020238,0.45280437824329617,0.07251963781220343,2000,percentile,0.05
mlp_prevyears_monthly_features_incremental_scaler_experience_replay_hard_example_mining_RR_0.4,MLP Prevyears + Monthly (Incremental Scaler + Replay Hard Example Mining RR=0.4),prior_years,2022,2022,False,1282431,297,0.8409121193556092,0.46385950637374557,0.46385950637374557,pr_auc,0.45327788767596905,0.2952423552759165,0.6004121999986584,0.4409583648944206,0.08467396310918804,2000,percentile,0.05
mlp_prevyears_monthly_features_incremental_scaler_experience_replay_hard_example_mining_RR_0.5,MLP Prevyears + Monthly (Incremental Scaler + Replay Hard Example Mining RR=0.5),prior_years,2022,2022,False,1282431,297,0.8594364680446981,0.46199578388877044,0.46199578388877044,f1_score,0.46199578388877044,0.32664269253010536,0.5839087821149122,0.4513771742327954,0.07148816841159066,2000,percentile,0.05
mlp_prevyears_monthly_features_incremental_scaler_experience_replay_hard_example_mining_RR_0.5,MLP Prevyears + Monthly (Incremental Scaler + Replay Hard Example Mining RR=0.5),prior_years,2022,2022,False,1282431,297,0.8594364680446981,0.46199578388877044,0.46199578388877044,pr_auc,0.4403239008253397,0.2935737847718434,0.5787593475232526,0.43017437677741976,0.07840312901803692,2000,percentile,0.05
mlp_prevyears_monthly_features_incremental_scaler_experience_replay_uncertainity_prioritization_RR_0.2,MLP Prevyears + Monthly (Incremental Scaler + Replay Uncertainty Prioritization RR=0.2),prior_years,2022,2022,False,1282431,297,0.9246191381855988,0.48549729127245395,0.48549729127245395,f1_score,0.48549729127245395,0.36694403797878394,0.5916584572087763,0.4760179443159949,0.06129753245612368,2000,percentile,0.05
mlp_prevyears_monthly_features_incremental_scaler_experience_replay_uncertainity_prioritization_RR_0.2,MLP Prevyears + Monthly (Incremental Scaler + Replay Uncertainty Prioritization RR=0.2),prior_years,2022,2022,False,1282431,297,0.9246191381855988,0.48549729127245395,0.48549729127245395,pr_auc,0.4544706912377023,0.3261479021566166,0.5797314136820139,0.44749448027853966,0.06752027408231617,2000,percentile,0.05
mlp_prevyears_monthly_features_incremental_scaler_experience_replay_uncertainity_prioritization_RR_0.3,MLP Prevyears + Monthly (Incremental Scaler + Replay Uncertainty Prioritization RR=0.3),prior_years,2022,2022,False,1282431,297,0.9076146067959733,0.4774413260142175,0.4774413260142175,f1_score,0.4774413260142175,0.35153125981202266,0.5959569949050217,0.46767759679320714,0.06684670438788778,2000,percentile,0.05
mlp_prevyears_monthly_features_incremental_scaler_experience_replay_uncertainity_prioritization_RR_0.3,MLP Prevyears + Monthly (Incremental Scaler + Replay Uncertainty Prioritization RR=0.3),prior_years,2022,2022,False,1282431,297,0.9076146067959733,0.4774413260142175,0.4774413260142175,pr_auc,0.4623918469852936,0.321111552867435,0.5951433897461474,0.45308152285055886,0.07435473240582684,2000,percentile,0.05
mlp_prevyears_monthly_features_incremental_scaler_experience_replay_uncertainity_prioritization_RR_0.4,MLP Prevyears + Monthly (Incremental Scaler + Replay Uncertainty Prioritization RR=0.4),prior_years,2022,2022,False,1282431,297,0.9269381734973817,0.48674396449566654,0.48674396449566654,f1_score,0.48674396449566654,0.348673818242939,0.6164852136125654,0.47489832983797603,0.07489831704139589,2000,percentile,0.05
mlp_prevyears_monthly_features_incremental_scaler_experience_replay_uncertainity_prioritization_RR_0.4,MLP Prevyears + Monthly (Incremental Scaler + Replay Uncertainty Prioritization RR=0.4),prior_years,2022,2022,False,1282431,297,0.9269381734973817,0.48674396449566654,0.48674396449566654,pr_auc,0.4777259712813154,0.31621863915052073,0.6238232373999273,0.46472310289857083,0.085764781638858,2000,percentile,0.05
mlp_prevyears_monthly_features_incremental_scaler_experience_replay_uncertainity_prioritization_RR_0.5,MLP Prevyears + Monthly (Incremental Scaler + Replay Uncertainty Prioritization RR=0.5),prior_years,2022,2022,False,1282431,297,0.9197217805239604,0.48006913423970593,0.48006913423970593,f1_score,0.48006913423970593,0.34548805654968373,0.6047903603598417,0.46872884381831276,0.07146469199437863,2000,percentile,0.05
mlp_prevyears_monthly_features_incremental_scaler_experience_replay_uncertainity_prioritization_RR_0.5,MLP Prevyears + Monthly (Incremental Scaler + Replay Uncertainty Prioritization RR=0.5),prior_years,2022,2022,False,1282431,297,0.9197217805239604,0.48006913423970593,0.48006913423970593,pr_auc,0.46480317821142014,0.3170551001818039,0.6053028095781655,0.45420044953745126,0.07908061114103124,2000,percentile,0.05
mlp_prevyears_monthly_features_incremental_scaler_missclassification_buffer_RR_0.3,MLP Prevyears + Monthly (Incremental Scaler + Misclassification Buffer RR=0.3),prior_years,2022,2022,False,1282431,297,0.8906137683028884,0.4914013364779874,0.4914013364779874,f1_score,0.4914013364779874,0.3571273821799641,0.6156199752835572,0.4796811221274668,0.07213772341368851,2000,percentile,0.05
mlp_prevyears_monthly_features_incremental_scaler_missclassification_buffer_RR_0.3,MLP Prevyears + Monthly (Incremental Scaler + Misclassification Buffer RR=0.3),prior_years,2022,2022,False,1282431,297,0.8906137683028884,0.4914013364779874,0.4914013364779874,pr_auc,0.4722354096754166,0.32395409518595286,0.6084058484386541,0.46136110863315377,0.07773125397942134,2000,percentile,0.05
